t_s,z_true_m,z_ekf_m,z_setpoint_m,vz_m_s
0.0,0.99,0.9887,1.0,-0.0008
0.005,0.9901,0.9885,1.0,-0.0007
0.01,0.9901,0.9886,1.0,0.0002
0.015,0.9902,0.9885,1.0,0.0002
0.02,0.9903,0.9886,1.0,0.0012
0.025,0.9903,0.9888,1.0,0.0023
0.03,0.9904,0.9891,1.0,0.0037
0.035,0.9905,0.9891,1.0,0.0042
0.04,0.9905,0.9891,1.0,0.0046
0.045,0.9906,0.9891,1.0,0.0051
0.05,0.9907,0.9892,1.0,0.0058
0.055,0.9907,0.9891,1.0,0.0056
0.06,0.9908,0.989,1.0,0.0056
0.065,0.9909,0.9889,1.0,0.0058
0.07,0.991,0.9891,1.0,0.0066
0.075,0.991,0.9895,1.0,0.0081
0.08,0.9911,0.9896,1.0,0.0086
0.085,0.9912,0.9897,1.0,0.009
0.09,0.9913,0.9893,1.0,0.0076
0.095,0.9913,0.9895,1.0,0.0085
0.1,0.9914,0.9896,1.0,0.0088
0.105,0.9915,0.9899,1.0,0.0096
0.11,0.9916,0.9898,1.0,0.0093
0.115,0.9916,0.9901,1.0,0.01
0.12,0.9917,0.99,1.0,0.0098
0.125,0.9917,0.9901,1.0,0.0098
0.13,0.9918,0.9903,1.0,0.0103
0.135,0.9919,0.9903,1.0,0.01
0.14,0.9919,0.9906,1.0,0.0107
0.145,0.992,0.9908,1.0,0.011
0.15,0.992,0.9908,1.0,0.0108
0.155,0.9921,0.9909,1.0,0.0107
0.16,0.9921,0.9911,1.0,0.0109
0.165,0.9921,0.9915,1.0,0.0117
0.17,0.9922,0.9917,1.0,0.0119
0.175,0.9922,0.9916,1.0,0.011
0.18,0.9922,0.9917,1.0,0.011
0.185,0.9923,0.9916,1.0,0.0099
0.19,0.9923,0.9914,1.0,0.009
0.195,0.9923,0.9914,1.0,0.0083
0.2,0.9923,0.9916,1.0,0.0083
0.205,0.9923,0.9917,1.0,0.0082
0.21,0.9923,0.9917,1.0,0.0079
0.215,0.9923,0.9917,1.0,0.0074
0.22,0.9923,0.9918,1.0,0.0071
0.225,0.9923,0.9919,1.0,0.007
0.23,0.9923,0.992,1.0,0.0065
0.235,0.9923,0.9917,1.0,0.005
0.24,0.9923,0.9918,1.0,0.0047
0.245,0.9922,0.9915,1.0,0.0031
0.25,0.9922,0.9913,1.0,0.0021
0.255,0.9922,0.9913,1.0,0.0018
0.26,0.9922,0.9912,1.0,0.0011
0.265,0.9921,0.9915,1.0,0.0012
0.27,0.9921,0.9916,1.0,0.0012
0.275,0.9921,0.9915,1.0,0.0002
0.28,0.992,0.9917,1.0,0.0006
0.285,0.992,0.9917,1.0,0.0002
0.29,0.992,0.9919,1.0,0.0003
0.295,0.9919,0.992,1.0,0.0005
0.3,0.9919,0.992,1.0,0.0002
0.305,0.9919,0.9918,1.0,-0.0005
0.31,0.9918,0.9918,1.0,-0.0008
0.315,0.9918,0.9919,1.0,-0.0006
0.32,0.9918,0.9921,1.0,-0.0002
0.325,0.9917,0.9921,1.0,-0.0004
0.33,0.9917,0.9921,1.0,-0.0004
0.335,0.9917,0.9919,1.0,-0.001
0.34,0.9916,0.9919,1.0,-0.0013
0.345,0.9916,0.9919,1.0,-0.0013
0.35,0.9916,0.9919,1.0,-0.0013
0.355,0.9915,0.992,1.0,-0.0006
0.36,0.9915,0.9923,1.0,0.0001
0.365,0.9915,0.9922,1.0,-0.0001
0.37,0.9914,0.992,1.0,-0.0005
0.375,0.9914,0.992,1.0,-0.0004
0.38,0.9914,0.9922,1.0,-0.0
0.385,0.9913,0.9921,1.0,-0.0002
0.39,0.9913,0.992,1.0,-0.0006
0.395,0.9913,0.9921,1.0,0.0001
0.4,0.9913,0.992,1.0,-0.0003
0.405,0.9912,0.9919,1.0,-0.0004
0.41,0.9912,0.992,1.0,0.0003
0.415,0.9912,0.9919,1.0,0.0002
0.42,0.9911,0.9919,1.0,0.0005
0.425,0.9911,0.9917,1.0,0.0
0.43,0.9911,0.9918,1.0,0.0005
0.435,0.9911,0.9917,1.0,0.0006
0.44,0.991,0.9919,1.0,0.0013
0.445,0.991,0.9922,1.0,0.0023
0.45,0.991,0.9924,1.0,0.0034
0.455,0.9909,0.9922,1.0,0.0029
0.46,0.9909,0.9925,1.0,0.0038
0.465,0.9909,0.9924,1.0,0.0037
0.47,0.9909,0.9924,1.0,0.0039
0.475,0.9908,0.9925,1.0,0.0044
0.48,0.9908,0.9926,1.0,0.0048
0.485,0.9908,0.9928,1.0,0.0054
0.49,0.9908,0.9926,1.0,0.005
0.495,0.9907,0.9924,1.0,0.0044
0.5,0.9907,0.9926,1.0,0.0052
0.505,0.9907,0.9925,1.0,0.0049
0.51,0.9906,0.9922,1.0,0.0037
0.515,0.9906,0.992,1.0,0.0033
0.52,0.9905,0.992,1.0,0.0032
0.525,0.9905,0.9919,1.0,0.0032
0.53,0.9905,0.992,1.0,0.0032
0.535,0.9904,0.9919,1.0,0.0033
0.54,0.9904,0.9918,1.0,0.0028
0.545,0.9903,0.9915,1.0,0.0022
0.55,0.9903,0.9914,1.0,0.0018
0.555,0.9903,0.9915,1.0,0.0023
0.56,0.9902,0.9916,1.0,0.0027
0.565,0.9902,0.9917,1.0,0.0031
0.57,0.9901,0.9915,1.0,0.0026
0.575,0.9901,0.9916,1.0,0.0029
0.58,0.99,0.9914,1.0,0.0026
0.585,0.99,0.9915,1.0,0.0027
0.59,0.99,0.9914,1.0,0.0022
0.595,0.9899,0.9912,1.0,0.0016
0.6,0.9899,0.9911,1.0,0.0011
0.605,0.9898,0.9909,1.0,0.0005
0.61,0.9898,0.9908,1.0,0.0001
0.615,0.9897,0.9908,1.0,0.0001
0.62,0.9897,0.9909,1.0,0.0004
0.625,0.9897,0.991,1.0,0.0008
0.63,0.9896,0.9909,1.0,0.0004
0.635,0.9896,0.9909,1.0,0.0006
0.64,0.9896,0.9911,1.0,0.0012
0.645,0.9895,0.991,1.0,0.001
0.65,0.9895,0.9913,1.0,0.0018
0.655,0.9895,0.9911,1.0,0.0012
0.66,0.9894,0.9911,1.0,0.0013
0.665,0.9894,0.9911,1.0,0.0011
0.67,0.9894,0.9913,1.0,0.0017
0.675,0.9893,0.9912,1.0,0.0014
0.68,0.9893,0.9912,1.0,0.0013
0.685,0.9893,0.991,1.0,0.0008
0.69,0.9893,0.9909,1.0,0.0008
0.695,0.9892,0.991,1.0,0.001
0.7,0.9892,0.9909,1.0,0.0009
0.705,0.9892,0.9907,1.0,0.0003
0.71,0.9892,0.9908,1.0,0.0007
0.715,0.9892,0.9906,1.0,0.0002
0.72,0.9891,0.9906,1.0,0.0002
0.725,0.9891,0.9904,1.0,-0.0001
0.73,0.9891,0.9906,1.0,0.0008
0.735,0.9891,0.9905,1.0,0.0007
0.74,0.9891,0.9904,1.0,0.0009
0.745,0.9891,0.9904,1.0,0.0013
0.75,0.9891,0.9904,1.0,0.0013
0.755,0.9891,0.9903,1.0,0.0015
0.76,0.9891,0.9903,1.0,0.0015
0.765,0.9891,0.9903,1.0,0.0017
0.77,0.9891,0.9904,1.0,0.0021
0.775,0.9891,0.9901,1.0,0.0011
0.78,0.9891,0.9902,1.0,0.0015
0.785,0.9891,0.9901,1.0,0.0011
0.79,0.9891,0.9901,1.0,0.0014
0.795,0.9891,0.9903,1.0,0.0023
0.8,0.9891,0.9903,1.0,0.0024
0.805,0.9892,0.9908,1.0,0.0043
0.81,0.9892,0.9908,1.0,0.0045
0.815,0.9892,0.9908,1.0,0.0048
0.82,0.9892,0.9908,1.0,0.0049
0.825,0.9893,0.9904,1.0,0.004
0.83,0.9893,0.9904,1.0,0.0042
0.835,0.9893,0.9902,1.0,0.0037
0.84,0.9893,0.9899,1.0,0.003
0.845,0.9894,0.9899,1.0,0.0033
0.85,0.9894,0.9898,1.0,0.003
0.855,0.9894,0.9896,1.0,0.0027
0.86,0.9894,0.9898,1.0,0.0034
0.865,0.9895,0.9897,1.0,0.0034
0.87,0.9895,0.9896,1.0,0.0033
0.875,0.9895,0.9895,1.0,0.0035
0.88,0.9896,0.9895,1.0,0.0036
0.885,0.9896,0.9893,1.0,0.0033
0.89,0.9897,0.9892,1.0,0.0034
0.895,0.9897,0.9895,1.0,0.0046
0.9,0.9898,0.9894,1.0,0.0048
0.905,0.9898,0.9889,1.0,0.0036
0.91,0.9898,0.9891,1.0,0.0043
0.915,0.9899,0.9889,1.0,0.0043
0.92,0.9899,0.9889,1.0,0.0044
0.925,0.99,0.9885,1.0,0.0035
0.93,0.9901,0.9885,1.0,0.0034
0.935,0.9901,0.9882,1.0,0.0027
0.94,0.9902,0.9884,1.0,0.0036
0.945,0.9902,0.9884,1.0,0.0036
0.95,0.9903,0.9883,1.0,0.0034
0.955,0.9904,0.9884,1.0,0.0038
0.96,0.9904,0.9883,1.0,0.0038
0.965,0.9905,0.9885,1.0,0.0044
0.97,0.9906,0.9887,1.0,0.0053
0.975,0.9907,0.9889,1.0,0.0062
0.98,0.9907,0.9891,1.0,0.007
0.985,0.9908,0.9894,1.0,0.0084
0.99,0.9909,0.9894,1.0,0.0084
0.995,0.991,0.9896,1.0,0.0093
1.0,0.9911,0.9897,1.0,0.0099
1.005,0.9912,0.9897,1.0,0.0102
1.01,0.9913,0.9895,1.0,0.0099
1.015,0.9913,0.9894,1.0,0.0096
1.02,0.9914,0.9895,1.0,0.01
1.025,0.9915,0.9897,1.0,0.0112
1.03,0.9916,0.99,1.0,0.0121
1.035,0.9917,0.9898,1.0,0.0113
1.04,0.9918,0.9897,1.0,0.0111
1.045,0.9919,0.9898,1.0,0.0116
1.05,0.992,0.9896,1.0,0.0115
1.055,0.992,0.9898,1.0,0.012
1.06,0.9921,0.9899,1.0,0.0127
1.065,0.9922,0.9899,1.0,0.0127
1.07,0.9923,0.9901,1.0,0.0135
1.075,0.9924,0.9904,1.0,0.0142
1.08,0.9924,0.9904,1.0,0.0141
1.085,0.9925,0.9904,1.0,0.0141
1.09,0.9926,0.9904,1.0,0.0142
1.095,0.9927,0.9906,1.0,0.0146
1.1,0.9927,0.9907,1.0,0.0148
1.105,0.9928,0.9912,1.0,0.0161
1.11,0.9928,0.9915,1.0,0.017
1.115,0.9929,0.9915,1.0,0.0168
1.12,0.993,0.9918,1.0,0.0173
1.125,0.993,0.992,1.0,0.0177
1.13,0.9931,0.9922,1.0,0.0181
1.135,0.9931,0.9924,1.0,0.0186
1.14,0.9931,0.9927,1.0,0.0189
1.145,0.9932,0.9927,1.0,0.0183
1.15,0.9932,0.9927,1.0,0.018
1.155,0.9932,0.9929,1.0,0.0179
1.16,0.9932,0.993,1.0,0.0177
1.165,0.9933,0.9932,1.0,0.0174
1.17,0.9933,0.9932,1.0,0.0168
1.175,0.9933,0.9932,1.0,0.0161
1.18,0.9933,0.9934,1.0,0.0158
1.185,0.9932,0.9932,1.0,0.0143
1.19,0.9932,0.9932,1.0,0.0134
1.195,0.9932,0.9933,1.0,0.0127
1.2,0.9932,0.9935,1.0,0.0125
1.205,0.9931,0.9936,1.0,0.012
1.21,0.9931,0.9937,1.0,0.0114
1.215,0.9931,0.9936,1.0,0.0103
1.22,0.993,0.9934,1.0,0.0088
1.225,0.993,0.9935,1.0,0.0084
1.23,0.9929,0.9936,1.0,0.0076
1.235,0.9928,0.9936,1.0,0.007
1.24,0.9928,0.9936,1.0,0.0061
1.245,0.9927,0.9933,1.0,0.0044
1.25,0.9926,0.9938,1.0,0.005
1.255,0.9926,0.9935,1.0,0.0032
1.26,0.9925,0.9933,1.0,0.0018
1.265,0.9924,0.993,1.0,0.0001
1.27,0.9923,0.9931,1.0,-0.0005
1.275,0.9922,0.9928,1.0,-0.0021
1.28,0.9922,0.9928,1.0,-0.0028
1.285,0.9921,0.9925,1.0,-0.0043
1.29,0.992,0.9924,1.0,-0.0052
1.295,0.9919,0.9923,1.0,-0.0056
1.3,0.9918,0.9922,1.0,-0.0063
1.305,0.9918,0.9919,1.0,-0.0077
1.31,0.9917,0.992,1.0,-0.0078
1.315,0.9916,0.992,1.0,-0.0082
1.32,0.9916,0.9918,1.0,-0.009
1.325,0.9915,0.9919,1.0,-0.0088
1.33,0.9915,0.992,1.0,-0.0089
1.335,0.9914,0.992,1.0,-0.009
1.34,0.9914,0.9925,1.0,-0.0074
1.345,0.9913,0.9924,1.0,-0.0078
1.35,0.9913,0.9923,1.0,-0.0079
1.355,0.9912,0.9921,1.0,-0.0082
1.36,0.9912,0.9922,1.0,-0.0079
1.365,0.9912,0.9922,1.0,-0.0076
1.37,0.9912,0.9923,1.0,-0.0068
1.375,0.9912,0.9924,1.0,-0.0063
1.38,0.9912,0.9921,1.0,-0.0068
1.385,0.9912,0.9922,1.0,-0.0062
1.39,0.9912,0.9922,1.0,-0.0055
1.395,0.9912,0.9921,1.0,-0.0055
1.4,0.9912,0.9919,1.0,-0.0057
1.405,0.9912,0.9916,1.0,-0.0057
1.41,0.9913,0.9918,1.0,-0.0045
1.415,0.9913,0.9917,1.0,-0.0041
1.42,0.9914,0.9917,1.0,-0.003
1.425,0.9914,0.9918,1.0,-0.0019
1.43,0.9915,0.9922,1.0,0.0001
1.435,0.9915,0.9922,1.0,0.0009
1.44,0.9916,0.9922,1.0,0.0019
1.445,0.9916,0.9921,1.0,0.0022
1.45,0.9917,0.9921,1.0,0.003
1.455,0.9918,0.9921,1.0,0.0037
1.46,0.9919,0.992,1.0,0.0041
1.465,0.9919,0.9921,1.0,0.0051
1.47,0.992,0.992,1.0,0.0054
1.475,0.9921,0.9921,1.0,0.0065
1.48,0.9922,0.9922,1.0,0.0073
1.485,0.9923,0.9923,1.0,0.0082
1.49,0.9924,0.9921,1.0,0.008
1.495,0.9924,0.9923,1.0,0.009
1.5,0.9925,0.9924,1.0,0.0099
1.505,0.9926,0.9925,1.0,0.0107
1.51,0.9927,0.9928,1.0,0.0118
1.515,0.9928,0.9926,1.0,0.0117
1.52,0.9929,0.9926,1.0,0.0118
1.525,0.9929,0.9929,1.0,0.013
1.53,0.993,0.993,1.0,0.0135
1.535,0.9931,0.9929,1.0,0.0135
1.54,0.9932,0.9928,1.0,0.0131
1.545,0.9932,0.9929,1.0,0.0136
1.55,0.9933,0.9929,1.0,0.0136
1.555,0.9934,0.9927,1.0,0.0128
1.56,0.9934,0.9927,1.0,0.0128
1.565,0.9935,0.9929,1.0,0.0133
1.57,0.9936,0.9932,1.0,0.0139
1.575,0.9936,0.9932,1.0,0.0138
1.58,0.9937,0.9933,1.0,0.0138
1.585,0.9937,0.9936,1.0,0.0145
1.59,0.9938,0.9935,1.0,0.0141
1.595,0.9938,0.9933,1.0,0.0133
1.6,0.9938,0.9935,1.0,0.0136
1.605,0.9939,0.9935,1.0,0.0131
1.61,0.9939,0.9935,1.0,0.013
1.615,0.9939,0.9933,1.0,0.0118
1.62,0.9939,0.9934,1.0,0.0117
1.625,0.9939,0.9935,1.0,0.012
1.63,0.994,0.9934,1.0,0.011
1.635,0.994,0.9935,1.0,0.0111
1.64,0.994,0.9932,1.0,0.0098
1.645,0.994,0.9934,1.0,0.0098
1.65,0.994,0.9934,1.0,0.0095
1.655,0.994,0.9934,1.0,0.009
1.66,0.994,0.9935,1.0,0.0088
1.665,0.994,0.9934,1.0,0.0081
1.67,0.994,0.9934,1.0,0.0077
1.675,0.9939,0.9934,1.0,0.0075
1.68,0.9939,0.9933,1.0,0.007
1.685,0.9939,0.9934,1.0,0.007
1.69,0.9939,0.9934,1.0,0.0068
1.695,0.9939,0.9933,1.0,0.0063
1.7,0.9938,0.9933,1.0,0.0061
1.705,0.9938,0.9934,1.0,0.0064
1.71,0.9938,0.9936,1.0,0.0068
1.715,0.9938,0.9938,1.0,0.0074
1.72,0.9937,0.994,1.0,0.0076
1.725,0.9937,0.9939,1.0,0.0075
1.73,0.9937,0.9942,1.0,0.0082
1.735,0.9937,0.9944,1.0,0.0087
1.74,0.9936,0.9946,1.0,0.0091
1.745,0.9936,0.9946,1.0,0.009
1.75,0.9936,0.9947,1.0,0.0091
1.755,0.9935,0.9945,1.0,0.0081
1.76,0.9935,0.9943,1.0,0.0069
1.765,0.9934,0.9943,1.0,0.0068
1.77,0.9934,0.9945,1.0,0.0069
1.775,0.9934,0.9945,1.0,0.0065
1.78,0.9933,0.9945,1.0,0.0061
1.785,0.9933,0.9941,1.0,0.0045
1.79,0.9932,0.994,1.0,0.0037
1.795,0.9932,0.9937,1.0,0.0026
1.8,0.9931,0.9935,1.0,0.0016
1.805,0.993,0.9935,1.0,0.0015
1.81,0.993,0.9936,1.0,0.0017
1.815,0.9929,0.9934,1.0,0.0008
1.82,0.9929,0.9933,1.0,0.0002
1.825,0.9928,0.9933,1.0,-0.0001
1.83,0.9928,0.9933,1.0,-0.0004
1.835,0.9927,0.9935,1.0,0.0004
1.84,0.9927,0.9937,1.0,0.0007
1.845,0.9926,0.9936,1.0,0.0002
1.85,0.9926,0.9936,1.0,0.0001
1.855,0.9925,0.9934,1.0,-0.0007
1.86,0.9925,0.9936,1.0,-0.0001
1.865,0.9925,0.9937,1.0,-0.0
1.87,0.9924,0.9935,1.0,-0.0005
1.875,0.9924,0.9936,1.0,-0.0003
1.88,0.9924,0.9937,1.0,-0.0001
1.885,0.9923,0.9938,1.0,0.0003
1.89,0.9923,0.9937,1.0,0.0001
1.895,0.9923,0.9941,1.0,0.0015
1.9,0.9922,0.9941,1.0,0.0015
1.905,0.9922,0.994,1.0,0.0011
1.91,0.9922,0.994,1.0,0.0014
1.915,0.9922,0.9941,1.0,0.0019
1.92,0.9922,0.994,1.0,0.0015
1.925,0.9922,0.994,1.0,0.0017
1.93,0.9921,0.9937,1.0,0.0011
1.935,0.9921,0.9937,1.0,0.0013
1.94,0.9921,0.9938,1.0,0.002
1.945,0.9921,0.9938,1.0,0.0022
1.95,0.9921,0.9939,1.0,0.003
1.955,0.9921,0.9939,1.0,0.0031
1.96,0.9921,0.9937,1.0,0.0025
1.965,0.9921,0.9936,1.0,0.0024
1.97,0.9921,0.9935,1.0,0.0021
1.975,0.9921,0.9935,1.0,0.0024
1.98,0.9921,0.9936,1.0,0.0026
1.985,0.9921,0.9937,1.0,0.0029
1.99,0.9921,0.9937,1.0,0.0029
1.995,0.9921,0.9936,1.0,0.0024
2.0,0.9921,0.9937,1.0,0.0028
2.005,0.9921,0.9935,1.0,0.0021
2.01,0.9921,0.9933,1.0,0.0017
2.015,0.9921,0.9935,1.0,0.0021
2.02,0.9921,0.9933,1.0,0.0017
2.025,0.9921,0.9931,1.0,0.0011
2.03,0.9922,0.993,1.0,0.0008
2.035,0.9922,0.9929,1.0,0.0003
2.04,0.9922,0.993,1.0,0.0008
2.045,0.9922,0.9931,1.0,0.0009
2.05,0.9922,0.993,1.0,0.0008
2.055,0.9923,0.9931,1.0,0.001
2.06,0.9923,0.9932,1.0,0.0011
2.065,0.9923,0.993,1.0,0.0006
2.07,0.9923,0.9931,1.0,0.0011
2.075,0.9924,0.9929,1.0,0.0004
2.08,0.9924,0.9932,1.0,0.0013
2.085,0.9924,0.993,1.0,0.0009
2.09,0.9925,0.9933,1.0,0.0015
2.095,0.9925,0.9934,1.0,0.0018
2.1,0.9926,0.9933,1.0,0.0014
2.105,0.9926,0.9932,1.0,0.0009
2.11,0.9927,0.9932,1.0,0.0007
2.115,0.9927,0.9934,1.0,0.0013
2.12,0.9928,0.9935,1.0,0.0014
2.125,0.9928,0.9936,1.0,0.0016
2.13,0.9929,0.9937,1.0,0.0019
2.135,0.9929,0.9939,1.0,0.0023
2.14,0.993,0.9939,1.0,0.0022
2.145,0.9931,0.9941,1.0,0.0027
2.15,0.9931,0.9941,1.0,0.0024
2.155,0.9932,0.9943,1.0,0.0029
2.16,0.9933,0.9942,1.0,0.0025
2.165,0.9933,0.9944,1.0,0.0031
2.17,0.9934,0.9943,1.0,0.0027
2.175,0.9935,0.9943,1.0,0.0026
2.18,0.9935,0.9942,1.0,0.0023
2.185,0.9936,0.9945,1.0,0.0033
2.19,0.9937,0.9945,1.0,0.0032
2.195,0.9938,0.9945,1.0,0.0034
2.2,0.9939,0.9944,1.0,0.0033
2.205,0.9939,0.9944,1.0,0.0033
2.21,0.994,0.9943,1.0,0.0032
2.215,0.9941,0.9944,1.0,0.0037
2.22,0.9942,0.9945,1.0,0.0039
2.225,0.9943,0.9944,1.0,0.0037
2.23,0.9943,0.9945,1.0,0.0038
2.235,0.9944,0.9946,1.0,0.0043
2.24,0.9945,0.9948,1.0,0.0049
2.245,0.9946,0.9949,1.0,0.0051
2.25,0.9947,0.9952,1.0,0.0061
2.255,0.9948,0.995,1.0,0.0058
2.26,0.9948,0.9949,1.0,0.0058
2.265,0.9949,0.9948,1.0,0.0055
2.27,0.995,0.9946,1.0,0.005
2.275,0.9951,0.9947,1.0,0.0058
2.28,0.9952,0.9951,1.0,0.0072
2.285,0.9953,0.9952,1.0,0.0077
2.29,0.9953,0.9951,1.0,0.0072
2.295,0.9954,0.9953,1.0,0.008
2.3,0.9955,0.9951,1.0,0.0075
2.305,0.9956,0.9951,1.0,0.0074
2.31,0.9957,0.995,1.0,0.007
2.315,0.9957,0.9952,1.0,0.0076
2.32,0.9958,0.9955,1.0,0.0084
2.325,0.9959,0.9955,1.0,0.0082
2.33,0.996,0.9954,1.0,0.0078
2.335,0.996,0.9953,1.0,0.0073
2.34,0.9961,0.9954,1.0,0.0074
2.345,0.9962,0.9952,1.0,0.0066
2.35,0.9962,0.9954,1.0,0.0069
2.355,0.9963,0.9952,1.0,0.0061
2.36,0.9964,0.9953,1.0,0.0063
2.365,0.9964,0.9955,1.0,0.0067
2.37,0.9965,0.9955,1.0,0.0067
2.375,0.9966,0.9957,1.0,0.0071
2.38,0.9966,0.996,1.0,0.0078
2.385,0.9967,0.9958,1.0,0.007
2.39,0.9967,0.9959,1.0,0.0071
2.395,0.9968,0.9961,1.0,0.0078
2.4,0.9968,0.9959,1.0,0.0069
2.405,0.9969,0.996,1.0,0.0072
2.41,0.997,0.996,1.0,0.0071
2.415,0.997,0.9959,1.0,0.0066
2.42,0.997,0.9958,1.0,0.0061
2.425,0.9971,0.996,1.0,0.0067
2.43,0.9971,0.9956,1.0,0.0055
2.435,0.9972,0.9959,1.0,0.0063
2.44,0.9972,0.9959,1.0,0.0059
2.445,0.9973,0.9959,1.0,0.0056
2.45,0.9973,0.9957,1.0,0.0049
2.455,0.9973,0.996,1.0,0.0053
2.46,0.9974,0.996,1.0,0.0052
2.465,0.9974,0.9961,1.0,0.005
2.47,0.9974,0.996,1.0,0.0045
2.475,0.9975,0.9963,1.0,0.005
2.48,0.9975,0.9965,1.0,0.0051
2.485,0.9975,0.9966,1.0,0.005
2.49,0.9976,0.9966,1.0,0.0044
2.495,0.9976,0.9967,1.0,0.0043
2.5,0.9976,0.9967,1.0,0.0037
2.505,0.9977,0.9967,1.0,0.0031
2.51,0.9977,0.9969,1.0,0.0032
2.515,0.9977,0.997,1.0,0.0032
2.52,0.9977,0.997,1.0,0.0027
2.525,0.9978,0.9972,1.0,0.003
2.53,0.9978,0.997,1.0,0.0022
2.535,0.9978,0.997,1.0,0.002
2.54,0.9978,0.9972,1.0,0.0023
2.545,0.9979,0.9973,1.0,0.0023
2.55,0.9979,0.9972,1.0,0.0021
2.555,0.9979,0.9974,1.0,0.0026
2.56,0.9979,0.9977,1.0,0.0033
2.565,0.998,0.9975,1.0,0.0027
2.57,0.998,0.9977,1.0,0.0032
2.575,0.998,0.9978,1.0,0.0032
2.58,0.998,0.9977,1.0,0.0029
2.585,0.998,0.9978,1.0,0.0031
2.59,0.998,0.998,1.0,0.0037
2.595,0.9981,0.998,1.0,0.0038
2.6,0.9981,0.9982,1.0,0.0042
2.605,0.9981,0.9981,1.0,0.004
2.61,0.9981,0.9982,1.0,0.004
2.615,0.9981,0.9983,1.0,0.0043
2.62,0.9981,0.9983,1.0,0.0043
2.625,0.9981,0.9983,1.0,0.0039
2.63,0.9981,0.9982,1.0,0.0037
2.635,0.9982,0.9984,1.0,0.0042
2.64,0.9982,0.9984,1.0,0.0038
2.645,0.9982,0.9983,1.0,0.0034
2.65,0.9982,0.9984,1.0,0.0036
2.655,0.9982,0.9987,1.0,0.0043
2.66,0.9982,0.9989,1.0,0.0046
2.665,0.9982,0.9987,1.0,0.0039
2.67,0.9981,0.9986,1.0,0.0033
2.675,0.9981,0.9986,1.0,0.0029
2.68,0.9981,0.9987,1.0,0.003
2.685,0.9981,0.9988,1.0,0.0028
2.69,0.9981,0.9986,1.0,0.0018
2.695,0.9981,0.9983,1.0,0.0003
2.7,0.998,0.9985,1.0,0.0007
2.705,0.998,0.9983,1.0,-0.0004
2.71,0.998,0.9983,1.0,-0.0008
2.715,0.998,0.9983,1.0,-0.0013
2.72,0.9979,0.9983,1.0,-0.0018
2.725,0.9979,0.9985,1.0,-0.0017
2.73,0.9979,0.9985,1.0,-0.0021
2.735,0.9979,0.9983,1.0,-0.0031
2.74,0.9978,0.998,1.0,-0.0043
2.745,0.9978,0.998,1.0,-0.0045
2.75,0.9978,0.9979,1.0,-0.0052
2.755,0.9978,0.9978,1.0,-0.0057
2.76,0.9977,0.9976,1.0,-0.0064
2.765,0.9977,0.9975,1.0,-0.0071
2.77,0.9977,0.9973,1.0,-0.0077
2.775,0.9977,0.9974,1.0,-0.0077
2.78,0.9976,0.9972,1.0,-0.0086
2.785,0.9976,0.9968,1.0,-0.0097
2.79,0.9976,0.9968,1.0,-0.01
2.795,0.9976,0.9967,1.0,-0.0103
2.8,0.9976,0.9968,1.0,-0.0097
2.805,0.9976,0.9966,1.0,-0.0104
2.81,0.9976,0.9966,1.0,-0.0101
2.815,0.9976,0.9966,1.0,-0.01
2.82,0.9976,0.9967,1.0,-0.0096
2.825,0.9976,0.9965,1.0,-0.01
2.83,0.9976,0.9965,1.0,-0.0099
2.835,0.9977,0.9963,1.0,-0.0104
2.84,0.9977,0.9961,1.0,-0.0106
2.845,0.9977,0.9961,1.0,-0.0102
2.85,0.9978,0.996,1.0,-0.0099
2.855,0.9978,0.996,1.0,-0.0096
2.86,0.9979,0.9958,1.0,-0.0093
2.865,0.9979,0.9959,1.0,-0.0084
2.87,0.998,0.996,1.0,-0.0077
2.875,0.998,0.996,1.0,-0.0073
2.88,0.9981,0.996,1.0,-0.0068
2.885,0.9982,0.9963,1.0,-0.0054
2.89,0.9983,0.9964,1.0,-0.0043
2.895,0.9983,0.9965,1.0,-0.0037
2.9,0.9984,0.9965,1.0,-0.003
2.905,0.9985,0.9965,1.0,-0.0023
2.91,0.9986,0.9965,1.0,-0.002
2.915,0.9987,0.9963,1.0,-0.0018
2.92,0.9988,0.9962,1.0,-0.0015
2.925,0.9989,0.9965,1.0,-0.0
2.93,0.9991,0.9971,1.0,0.0023
2.935,0.9992,0.9974,1.0,0.0038
2.94,0.9993,0.9973,1.0,0.0042
2.945,0.9994,0.9975,1.0,0.0053
2.95,0.9995,0.9975,1.0,0.0059
2.955,0.9996,0.9977,1.0,0.0068
2.96,0.9998,0.9976,1.0,0.0069
2.965,0.9999,0.9978,1.0,0.0078
2.97,1.0,0.998,1.0,0.0087
2.975,1.0001,0.9984,1.0,0.0101
2.98,1.0002,0.9984,1.0,0.0102
2.985,1.0003,0.9987,1.0,0.0112
2.99,1.0005,0.999,1.0,0.012
2.995,1.0006,0.9991,1.0,0.0125
3.0,1.0007,0.999,1.0,0.0121
3.005,1.0008,0.9994,1.0,0.0131
3.01,1.0009,0.9995,1.0,0.0134
3.015,1.0009,0.9994,1.0,0.0129
3.02,1.001,0.9995,1.0,0.0131
3.025,1.0011,0.9997,1.0,0.0133
3.03,1.0012,0.9998,1.0,0.0135
3.035,1.0012,0.9999,1.0,0.0136
3.04,1.0013,1.0001,1.0,0.0136
3.045,1.0014,1.0,1.0,0.0127
3.05,1.0014,0.9998,1.0,0.0116
3.055,1.0015,0.9999,1.0,0.0114
3.06,1.0015,0.9999,1.0,0.0108
3.065,1.0015,0.9998,1.0,0.0098
3.07,1.0015,1.0,1.0,0.0098
3.075,1.0016,1.0003,1.0,0.0097
3.08,1.0016,1.0005,1.0,0.0097
3.085,1.0016,1.0006,1.0,0.0091
3.09,1.0016,1.0009,1.0,0.0091
3.095,1.0016,1.0009,1.0,0.0081
3.1,1.0015,1.001,1.0,0.0074
3.105,1.0015,1.001,1.0,0.0066
3.11,1.0015,1.0011,1.0,0.0061
3.115,1.0015,1.0011,1.0,0.0052
3.12,1.0014,1.0011,1.0,0.0041
3.125,1.0014,1.0013,1.0,0.0036
3.13,1.0013,1.0014,1.0,0.0032
3.135,1.0013,1.0015,1.0,0.0024
3.14,1.0012,1.0014,1.0,0.0008
3.145,1.0012,1.0013,1.0,-0.0003
3.15,1.0011,1.0014,1.0,-0.0011
3.155,1.001,1.0013,1.0,-0.0024
3.16,1.001,1.0012,1.0,-0.0037
3.165,1.0009,1.0012,1.0,-0.0048
3.17,1.0008,1.0009,1.0,-0.0063
3.175,1.0007,1.0008,1.0,-0.0075
3.18,1.0006,1.0012,1.0,-0.007
3.185,1.0006,1.0012,1.0,-0.0078
3.19,1.0005,1.0012,1.0,-0.0083
3.195,1.0004,1.0013,1.0,-0.0084
3.2,1.0003,1.0013,1.0,-0.0092
3.205,1.0002,1.0011,1.0,-0.0102
3.21,1.0002,1.0007,1.0,-0.0118
3.215,1.0001,1.0009,1.0,-0.012
3.22,1.0,1.0007,1.0,-0.0129
3.225,0.9999,1.0006,1.0,-0.0138
3.23,0.9999,1.0003,1.0,-0.0151
3.235,0.9998,1.0002,1.0,-0.0156
3.24,0.9997,1.0002,1.0,-0.0158
3.245,0.9997,1.0002,1.0,-0.0159
3.25,0.9996,1.0,1.0,-0.0167
3.255,0.9995,0.9998,1.0,-0.0174
3.26,0.9995,0.9998,1.0,-0.0177
3.265,0.9994,0.9996,1.0,-0.0184
3.27,0.9994,0.9996,1.0,-0.0184
3.275,0.9994,0.9991,1.0,-0.02
3.28,0.9993,0.9989,1.0,-0.0204
3.285,0.9993,0.9991,1.0,-0.0197
3.29,0.9993,0.9989,1.0,-0.0201
3.295,0.9993,0.9988,1.0,-0.0201
3.3,0.9993,0.9987,1.0,-0.0198
3.305,0.9993,0.9985,1.0,-0.0202
3.31,0.9993,0.9985,1.0,-0.0195
3.315,0.9993,0.9986,1.0,-0.019
3.32,0.9994,0.9983,1.0,-0.0193
3.325,0.9994,0.9979,1.0,-0.02
3.33,0.9995,0.9979,1.0,-0.0192
3.335,0.9995,0.9978,1.0,-0.0185
3.34,0.9996,0.9982,1.0,-0.0167
3.345,0.9997,0.998,1.0,-0.0165
3.35,0.9997,0.9977,1.0,-0.0164
3.355,0.9998,0.9975,1.0,-0.016
3.36,0.9999,0.9975,1.0,-0.0149
3.365,1.0,0.9975,1.0,-0.0139
3.37,1.0001,0.9975,1.0,-0.013
3.375,1.0003,0.9975,1.0,-0.0117
3.38,1.0004,0.9975,1.0,-0.0106
3.385,1.0005,0.9974,1.0,-0.0096
3.39,1.0007,0.9975,1.0,-0.0081
3.395,1.0008,0.9975,1.0,-0.0068
3.4,1.001,0.9974,1.0,-0.0061
3.405,1.0011,0.9975,1.0,-0.0046
3.41,1.0013,0.9975,1.0,-0.0033
3.415,1.0015,0.9977,1.0,-0.0015
3.42,1.0016,0.9974,1.0,-0.0012
3.425,1.0018,0.9973,1.0,-0.0005
3.43,1.002,0.9974,1.0,0.0006
3.435,1.0022,0.9975,1.0,0.0018
3.44,1.0023,0.9976,1.0,0.0029
3.445,1.0025,0.9977,1.0,0.0042
3.45,1.0027,0.9978,1.0,0.0052
3.455,1.0029,0.9982,1.0,0.0072
3.46,1.0031,0.9983,1.0,0.0083
3.465,1.0033,0.9983,1.0,0.0089
3.47,1.0035,0.9987,1.0,0.0107
3.475,1.0037,0.9991,1.0,0.0123
3.48,1.0038,0.9992,1.0,0.013
3.485,1.004,0.9995,1.0,0.0143
3.49,1.0042,0.9996,1.0,0.0148
3.495,1.0044,0.9998,1.0,0.0157
3.5,1.0046,1.0001,1.0,0.0165
3.505,1.0047,1.0005,1.0,0.0178
3.51,1.0049,1.0006,1.0,0.018
3.515,1.005,1.0009,1.0,0.0187
3.52,1.0052,1.0011,1.0,0.0192
3.525,1.0053,1.0012,1.0,0.0188
3.53,1.0054,1.0016,1.0,0.0197
3.535,1.0056,1.0017,1.0,0.0195
3.54,1.0057,1.0018,1.0,0.0192
3.545,1.0058,1.0019,1.0,0.0185
3.55,1.0059,1.0022,1.0,0.0187
3.555,1.0059,1.0024,1.0,0.0182
3.56,1.006,1.0027,1.0,0.0183
3.565,1.0061,1.003,1.0,0.0181
3.57,1.0061,1.0032,1.0,0.0179
3.575,1.0062,1.0033,1.0,0.017
3.58,1.0062,1.0034,1.0,0.0162
3.585,1.0062,1.0037,1.0,0.0158
3.59,1.0063,1.004,1.0,0.0155
3.595,1.0063,1.0042,1.0,0.0149
3.6,1.0063,1.0044,1.0,0.0144
3.605,1.0062,1.0045,1.0,0.0132
3.61,1.0062,1.0043,1.0,0.0112
3.615,1.0062,1.0043,1.0,0.0099
3.62,1.0061,1.0043,1.0,0.0085
3.625,1.0061,1.0044,1.0,0.0071
3.63,1.006,1.0047,1.0,0.0066
3.635,1.0059,1.0045,1.0,0.0048
3.64,1.0058,1.0044,1.0,0.0027
3.645,1.0058,1.0045,1.0,0.0016
3.65,1.0057,1.0044,1.0,0.0
3.655,1.0055,1.0045,1.0,-0.001
3.66,1.0054,1.0044,1.0,-0.0027
3.665,1.0053,1.0044,1.0,-0.0038
3.67,1.0052,1.0043,1.0,-0.0054
3.675,1.0051,1.0043,1.0,-0.0068
3.68,1.0049,1.0044,1.0,-0.0077
3.685,1.0048,1.0044,1.0,-0.0088
3.69,1.0046,1.0043,1.0,-0.01
3.695,1.0045,1.0043,1.0,-0.011
3.7,1.0043,1.004,1.0,-0.0126
3.705,1.0042,1.0039,1.0,-0.0139
3.71,1.004,1.0034,1.0,-0.016
3.715,1.0039,1.0034,1.0,-0.0165
3.72,1.0037,1.0035,1.0,-0.0169
3.725,1.0036,1.0034,1.0,-0.0176
3.73,1.0034,1.0033,1.0,-0.0184
3.735,1.0033,1.0032,1.0,-0.0189
3.74,1.0031,1.0034,1.0,-0.0185
3.745,1.003,1.0034,1.0,-0.0189
3.75,1.0029,1.0032,1.0,-0.0195
3.755,1.0027,1.0033,1.0,-0.0193
3.76,1.0026,1.003,1.0,-0.0201
3.765,1.0025,1.003,1.0,-0.0198
3.77,1.0023,1.003,1.0,-0.0199
3.775,1.0022,1.0029,1.0,-0.02
3.78,1.0021,1.0028,1.0,-0.02
3.785,1.002,1.0026,1.0,-0.0203
3.79,1.0019,1.0026,1.0,-0.02
3.795,1.0018,1.0025,1.0,-0.0201
3.8,1.0017,1.0024,1.0,-0.0201
3.805,1.0016,1.0024,1.0,-0.0197
3.81,1.0015,1.0021,1.0,-0.0204
3.815,1.0015,1.0019,1.0,-0.0206
3.82,1.0014,1.0018,1.0,-0.0205
3.825,1.0013,1.0016,1.0,-0.0208
3.83,1.0013,1.0017,1.0,-0.0199
3.835,1.0012,1.0013,1.0,-0.0206
3.84,1.0012,1.0008,1.0,-0.0219
3.845,1.0011,1.0006,1.0,-0.0218
3.85,1.0011,1.0007,1.0,-0.0209
3.855,1.0011,1.0005,1.0,-0.0206
3.86,1.0011,1.0003,1.0,-0.0205
3.865,1.001,1.0004,1.0,-0.0194
3.87,1.001,1.0005,1.0,-0.0182
3.875,1.001,1.0002,1.0,-0.0183
3.88,1.001,1.0,1.0,-0.018
3.885,1.0011,0.9997,1.0,-0.0178
3.89,1.0011,0.9995,1.0,-0.0173
3.895,1.0011,0.9995,1.0,-0.016
3.9,1.0011,0.9992,1.0,-0.0156
3.905,1.0012,0.9993,1.0,-0.0142
3.91,1.0012,0.9994,1.0,-0.0127
3.915,1.0013,0.9991,1.0,-0.0122
3.92,1.0014,0.9992,1.0,-0.0108
3.925,1.0014,0.9992,1.0,-0.0096
3.93,1.0015,0.9991,1.0,-0.0087
3.935,1.0016,0.9994,1.0,-0.0065
3.94,1.0017,0.9995,1.0,-0.0052
3.945,1.0017,0.9995,1.0,-0.004
3.95,1.0018,0.9996,1.0,-0.0026
3.955,1.0019,0.9997,1.0,-0.0012
3.96,1.002,0.9996,1.0,-0.0004
3.965,1.0021,0.9999,1.0,0.0015
3.97,1.0022,1.0,1.0,0.0028
3.975,1.0023,1.0,1.0,0.0038
3.98,1.0024,1.0001,1.0,0.0046
3.985,1.0025,1.0,1.0,0.0051
3.99,1.0026,1.0002,1.0,0.0065
3.995,1.0027,1.0006,1.0,0.008
4.0,1.0028,1.0007,1.0,0.0088
4.005,1.0029,1.001,1.0,0.0102
4.01,1.003,1.0014,1.0,0.012
4.015,1.0031,1.0016,1.0,0.0128
4.02,1.0032,1.002,1.0,0.0143
4.025,1.0033,1.0026,1.0,0.0159
4.03,1.0033,1.0026,1.0,0.016
4.035,1.0034,1.0026,1.0,0.016
4.04,1.0034,1.0026,1.0,0.0157
4.045,1.0035,1.003,1.0,0.0167
4.05,1.0035,1.0031,1.0,0.0166
4.055,1.0036,1.003,1.0,0.0157
4.06,1.0036,1.0033,1.0,0.0162
4.065,1.0036,1.0033,1.0,0.0156
4.07,1.0036,1.0037,1.0,0.0164
4.075,1.0036,1.0039,1.0,0.0164
4.08,1.0036,1.004,1.0,0.0158
4.085,1.0036,1.0041,1.0,0.0153
4.09,1.0036,1.0044,1.0,0.0152
4.095,1.0035,1.0046,1.0,0.0149
4.1,1.0035,1.0045,1.0,0.0137
4.105,1.0034,1.0046,1.0,0.0131
4.11,1.0034,1.0046,1.0,0.012
4.115,1.0033,1.0048,1.0,0.0114
4.12,1.0032,1.0047,1.0,0.01
4.125,1.0031,1.0044,1.0,0.008
4.13,1.003,1.0046,1.0,0.0076
4.135,1.0029,1.0046,1.0,0.0062
4.14,1.0027,1.0042,1.0,0.0039
4.145,1.0026,1.0042,1.0,0.0026
4.15,1.0025,1.0039,1.0,0.0007
4.155,1.0023,1.004,1.0,-0.0003
4.16,1.0022,1.0038,1.0,-0.002
4.165,1.002,1.0036,1.0,-0.0036
4.17,1.0018,1.0034,1.0,-0.0051
4.175,1.0016,1.0032,1.0,-0.0065
4.18,1.0015,1.0032,1.0,-0.0075
4.185,1.0013,1.0034,1.0,-0.0079
4.19,1.0011,1.0032,1.0,-0.0095
4.195,1.0009,1.0031,1.0,-0.0106
4.2,1.0007,1.0031,1.0,-0.0114
4.205,1.0005,1.0032,1.0,-0.0122
4.21,1.0003,1.0025,1.0,-0.0151
4.215,1.0001,1.0021,1.0,-0.017
4.22,0.9999,1.0021,1.0,-0.0177
4.225,0.9997,1.0019,1.0,-0.0186
4.23,0.9995,1.0019,1.0,-0.0189
4.235,0.9993,1.0014,1.0,-0.0208
4.24,0.9991,1.0011,1.0,-0.0218
4.245,0.9989,1.0005,1.0,-0.0238
4.25,0.9988,1.0004,1.0,-0.0241
4.255,0.9986,1.0002,1.0,-0.0245
4.26,0.9984,1.0001,1.0,-0.0247
4.265,0.9982,0.9997,1.0,-0.0255
4.27,0.9981,0.9995,1.0,-0.0258
4.275,0.9979,0.9992,1.0,-0.0263
4.28,0.9978,0.999,1.0,-0.0262
4.285,0.9977,0.9987,1.0,-0.0263
4.29,0.9975,0.9983,1.0,-0.0268
4.295,0.9974,0.9981,1.0,-0.0263
4.3,0.9973,0.998,1.0,-0.0256
4.305,0.9972,0.9979,1.0,-0.0249
4.31,0.9971,0.9981,1.0,-0.0232
4.315,0.9971,0.9984,1.0,-0.0212
4.32,0.997,0.9982,1.0,-0.0208
4.325,0.9969,0.998,1.0,-0.02
4.33,0.9969,0.9977,1.0,-0.0197
4.335,0.9969,0.9973,1.0,-0.0195
4.34,0.9968,0.9974,1.0,-0.0179
4.345,0.9968,0.9971,1.0,-0.0175
4.35,0.9968,0.9972,1.0,-0.0157
4.355,0.9968,0.9968,1.0,-0.0154
4.36,0.9968,0.9969,1.0,-0.0137
4.365,0.9969,0.997,1.0,-0.012
4.37,0.9969,0.997,1.0,-0.0106
4.375,0.9969,0.997,1.0,-0.0092
4.38,0.997,0.9968,1.0,-0.0085
4.385,0.997,0.997,1.0,-0.0067
4.39,0.9971,0.9966,1.0,-0.0068
4.395,0.9971,0.9967,1.0,-0.0056
4.4,0.9972,0.9968,1.0,-0.0041
4.405,0.9973,0.9968,1.0,-0.0031
4.41,0.9974,0.9968,1.0,-0.0025
4.415,0.9974,0.9968,1.0,-0.0015
4.42,0.9975,0.9966,1.0,-0.0011
4.425,0.9976,0.9969,1.0,0.0006
4.43,0.9977,0.9967,1.0,0.0007
4.435,0.9978,0.9967,1.0,0.0015
4.44,0.9979,0.9971,1.0,0.0034
4.445,0.998,0.9971,1.0,0.0041
4.45,0.9981,0.9971,1.0,0.005
4.455,0.9982,0.9972,1.0,0.0059
4.46,0.9983,0.9971,1.0,0.006
4.465,0.9984,0.9972,1.0,0.0069
4.47,0.9985,0.9973,1.0,0.0077
4.475,0.9986,0.9975,1.0,0.009
4.48,0.9987,0.9974,1.0,0.0092
4.485,0.9988,0.9975,1.0,0.0098
4.49,0.9989,0.9976,1.0,0.0106
4.495,0.999,0.9974,1.0,0.01
4.5,0.9991,0.9973,1.0,0.01
4.505,0.9992,0.9976,1.0,0.0113
4.51,0.9993,0.9977,1.0,0.0118
4.515,0.9994,0.9978,1.0,0.0121
4.52,0.9994,0.998,1.0,0.0126
4.525,0.9995,0.9982,1.0,0.013
4.53,0.9996,0.9984,1.0,0.0133
4.535,0.9997,0.9983,1.0,0.013
4.54,0.9997,0.9984,1.0,0.0128
4.545,0.9998,0.9983,1.0,0.0122
4.55,0.9998,0.9984,1.0,0.0119
4.555,0.9999,0.9982,1.0,0.0111
4.56,0.9999,0.9986,1.0,0.012
4.565,0.9999,0.9986,1.0,0.0114
4.57,1.0,0.9986,1.0,0.0111
4.575,1.0,0.9986,1.0,0.0105
4.58,1.0,0.999,1.0,0.0112
4.585,1.0,0.9992,1.0,0.0111
4.59,1.0,0.9992,1.0,0.0105
4.595,1.0,0.999,1.0,0.0091
4.6,1.0,0.9991,1.0,0.0087
4.605,1.0,0.9992,1.0,0.0085
4.61,1.0,0.9993,1.0,0.0083
4.615,1.0,0.9995,1.0,0.0082
4.62,1.0,0.9997,1.0,0.008
4.625,0.9999,0.9999,1.0,0.0081
4.63,0.9999,0.9998,1.0,0.0069
4.635,0.9999,1.0,1.0,0.0068
4.64,0.9998,0.9999,1.0,0.0059
4.645,0.9998,1.0004,1.0,0.0068
4.65,0.9997,1.0006,1.0,0.0069
4.655,0.9997,1.0007,1.0,0.0064
4.66,0.9996,1.0007,1.0,0.0058
4.665,0.9995,1.0004,1.0,0.0043
4.67,0.9995,1.0006,1.0,0.0042
4.675,0.9994,1.0005,1.0,0.0031
4.68,0.9993,1.0005,1.0,0.0025
4.685,0.9992,1.0006,1.0,0.0022
4.69,0.9991,1.0004,1.0,0.0007
4.695,0.9991,1.0001,1.0,-0.0007
4.7,0.999,1.0001,1.0,-0.0016
4.705,0.9989,1.0001,1.0,-0.0024
4.71,0.9988,0.9997,1.0,-0.0043
4.715,0.9987,0.9998,1.0,-0.0046
4.72,0.9986,0.9996,1.0,-0.0054
4.725,0.9985,0.9996,1.0,-0.006
4.73,0.9984,0.9997,1.0,-0.0062
4.735,0.9983,0.9996,1.0,-0.0067
4.74,0.9982,0.9997,1.0,-0.0066
4.745,0.9981,0.9998,1.0,-0.0066
4.75,0.998,0.9994,1.0,-0.0079
4.755,0.9979,0.9992,1.0,-0.0089
4.76,0.9978,0.9991,1.0,-0.0091
4.765,0.9977,0.9992,1.0,-0.0092
4.77,0.9976,0.9992,1.0,-0.0093
4.775,0.9975,0.9992,1.0,-0.0091
4.78,0.9974,0.999,1.0,-0.0098
4.785,0.9973,0.9989,1.0,-0.0101
4.79,0.9972,0.9988,1.0,-0.0102
4.795,0.9971,0.9987,1.0,-0.0105
4.8,0.997,0.9986,1.0,-0.0105
4.805,0.997,0.9988,1.0,-0.0098
4.81,0.9969,0.9989,1.0,-0.0092
4.815,0.9968,0.9983,1.0,-0.0108
4.82,0.9968,0.9982,1.0,-0.011
4.825,0.9967,0.998,1.0,-0.0114
4.83,0.9967,0.9975,1.0,-0.0126
4.835,0.9966,0.9975,1.0,-0.0122
4.84,0.9966,0.9975,1.0,-0.0115
4.845,0.9965,0.9974,1.0,-0.0113
4.85,0.9965,0.9975,1.0,-0.0106
4.855,0.9964,0.9976,1.0,-0.0098
4.86,0.9964,0.9974,1.0,-0.0098
4.865,0.9964,0.997,1.0,-0.0106
4.87,0.9964,0.997,1.0,-0.01
4.875,0.9964,0.9968,1.0,-0.0101
4.88,0.9964,0.9968,1.0,-0.0094
4.885,0.9964,0.9968,1.0,-0.0088
4.89,0.9964,0.9967,1.0,-0.0082
4.895,0.9964,0.9967,1.0,-0.0074
4.9,0.9964,0.9965,1.0,-0.0072
4.905,0.9964,0.9964,1.0,-0.007
4.91,0.9964,0.9966,1.0,-0.0055
4.915,0.9964,0.9966,1.0,-0.0047
4.92,0.9965,0.9964,1.0,-0.0048
4.925,0.9965,0.9964,1.0,-0.0039
4.93,0.9965,0.9965,1.0,-0.0027
4.935,0.9966,0.9965,1.0,-0.0021
4.94,0.9966,0.9966,1.0,-0.0006
4.945,0.9967,0.9965,1.0,-0.0001
4.95,0.9967,0.9966,1.0,0.0008
4.955,0.9968,0.9965,1.0,0.0011
4.96,0.9968,0.9967,1.0,0.0026
4.965,0.9969,0.9965,1.0,0.0028
4.97,0.997,0.9964,1.0,0.0034
4.975,0.997,0.9964,1.0,0.0043
4.98,0.9971,0.9967,1.0,0.0058
4.985,0.9972,0.9967,1.0,0.0065
4.99,0.9972,0.9969,1.0,0.008
4.995,0.9973,0.9969,1.0,0.0084
5.0,0.9974,0.997,1.3,0.0094
5.005,0.9974,0.997,1.3,0.0099
5.01,0.9975,0.997,1.3,0.0107
5.015,0.9976,0.9972,1.3,0.0124
5.02,0.9978,0.9973,1.3,0.0143
5.025,0.9979,0.9977,1.3,0.0173
5.03,0.9982,0.9978,1.3,0.0196
5.035,0.9985,0.9977,1.3,0.0218
5.04,0.9988,0.9977,1.3,0.0248
5.045,0.9992,0.9977,1.3,0.0282
5.05,0.9997,0.998,1.3,0.0331
5.055,1.0003,0.9982,1.3,0.038
5.06,1.0009,0.9985,1.3,0.0438
5.065,1.0016,0.9987,1.3,0.0496
5.07,1.0024,0.9992,1.3,0.0567
5.075,1.0032,0.9994,1.3,0.0631
5.08,1.0041,0.9999,1.3,0.0707
5.085,1.0051,1.0005,1.3,0.0789
5.09,1.0062,1.0009,1.3,0.0865
5.095,1.0073,1.0015,1.3,0.0951
5.1,1.0085,1.0022,1.3,0.1038
5.105,1.0097,1.003,1.3,0.1131
5.11,1.011,1.0037,1.3,0.1222
5.115,1.0123,1.0046,1.3,0.1314
5.12,1.0137,1.0055,1.3,0.1407
5.125,1.0151,1.0063,1.3,0.1497
5.13,1.0166,1.0075,1.3,0.1593
5.135,1.0181,1.0087,1.3,0.169
5.14,1.0197,1.01,1.3,0.1786
5.145,1.0213,1.0114,1.3,0.1882
5.15,1.0229,1.0127,1.3,0.1972
5.155,1.0245,1.0141,1.3,0.2061
5.16,1.0261,1.0154,1.3,0.2144
5.165,1.0278,1.0168,1.3,0.2223
5.17,1.0295,1.0181,1.3,0.2294
5.175,1.0311,1.0198,1.3,0.2377
5.18,1.0328,1.0214,1.3,0.245
5.185,1.0345,1.0231,1.3,0.2518
5.19,1.0361,1.0245,1.3,0.2573
5.195,1.0378,1.0263,1.3,0.2637
5.2,1.0394,1.0278,1.3,0.2684
5.205,1.0411,1.0295,1.3,0.2734
5.21,1.0427,1.0315,1.3,0.279
5.215,1.0443,1.0333,1.3,0.2833
5.22,1.0458,1.035,1.3,0.2871
5.225,1.0474,1.0368,1.3,0.2902
5.23,1.0489,1.0385,1.3,0.293
5.235,1.0504,1.0405,1.3,0.2957
5.24,1.0518,1.042,1.3,0.2967
5.245,1.0532,1.0438,1.3,0.298
5.25,1.0546,1.0457,1.3,0.2992
5.255,1.0559,1.0473,1.3,0.2991
5.26,1.0572,1.0492,1.3,0.2992
5.265,1.0585,1.0508,1.3,0.2984
5.27,1.0597,1.0529,1.3,0.2985
5.275,1.0609,1.0546,1.3,0.2974
5.28,1.062,1.0562,1.3,0.2957
5.285,1.0631,1.0579,1.3,0.2936
5.29,1.0641,1.0591,1.3,0.2899
5.295,1.0651,1.0607,1.3,0.2872
5.3,1.0661,1.0621,1.3,0.2838
5.305,1.067,1.0636,1.3,0.2804
5.31,1.0679,1.0651,1.3,0.277
5.315,1.0687,1.0667,1.3,0.2735
5.32,1.0695,1.0681,1.3,0.2695
5.325,1.0703,1.069,1.3,0.2637
5.33,1.071,1.0702,1.3,0.2589
5.335,1.0717,1.0713,1.3,0.2538
5.34,1.0723,1.0726,1.3,0.2492
5.345,1.073,1.0738,1.3,0.2441
5.35,1.0736,1.0748,1.3,0.2385
5.355,1.0741,1.0757,1.3,0.2329
5.36,1.0747,1.0767,1.3,0.2274
5.365,1.0752,1.0779,1.3,0.2227
5.37,1.0756,1.0789,1.3,0.2175
5.375,1.0761,1.0793,1.3,0.2108
5.38,1.0766,1.0801,1.3,0.2053
5.385,1.077,1.0807,1.3,0.1993
5.39,1.0774,1.0814,1.3,0.1937
5.395,1.0778,1.0823,1.3,0.1891
5.4,1.0782,1.0833,1.3,0.1851
5.405,1.0786,1.084,1.3,0.1805
5.41,1.0789,1.0849,1.3,0.1766
5.415,1.0793,1.0854,1.3,0.172
5.42,1.0797,1.0862,1.3,0.1681
5.425,1.08,1.0868,1.3,0.1642
5.43,1.0804,1.0874,1.3,0.1604
5.435,1.0808,1.0879,1.3,0.1566
5.44,1.0812,1.0883,1.3,0.1532
5.445,1.0816,1.0891,1.3,0.1507
5.45,1.082,1.0893,1.3,0.1469
5.455,1.0824,1.0898,1.3,0.1444
5.46,1.0828,1.0901,1.3,0.1418
5.465,1.0833,1.0905,1.3,0.1397
5.47,1.0837,1.0908,1.3,0.1375
5.475,1.0842,1.0912,1.3,0.1357
5.48,1.0847,1.0916,1.3,0.1345
5.485,1.0852,1.0923,1.3,0.1344
5.49,1.0858,1.0926,1.3,0.1332
5.495,1.0864,1.0931,1.3,0.1331
5.5,1.0869,1.0933,1.3,0.132
5.505,1.0876,1.0936,1.3,0.1315
5.51,1.0882,1.0943,1.3,0.1327
5.515,1.0889,1.0951,1.3,0.1342
5.52,1.0896,1.0958,1.3,0.1356
5.525,1.0903,1.0964,1.3,0.1371
5.53,1.091,1.097,1.3,0.1383
5.535,1.0918,1.0978,1.3,0.1406
5.54,1.0926,1.0982,1.3,0.1418
5.545,1.0934,1.0987,1.3,0.1433
5.55,1.0943,1.099,1.3,0.1445
5.555,1.0952,1.0995,1.3,0.1462
5.56,1.0961,1.0999,1.3,0.1479
5.565,1.097,1.1004,1.3,0.1499
5.57,1.098,1.1012,1.3,0.1529
5.575,1.0989,1.102,1.3,0.1561
5.58,1.0999,1.1028,1.3,0.159
5.585,1.101,1.1039,1.3,0.1631
5.59,1.102,1.1047,1.3,0.1664
5.595,1.1031,1.1052,1.3,0.1688
5.6,1.1042,1.1061,1.3,0.172
5.605,1.1052,1.1068,1.3,0.1752
5.61,1.1064,1.1076,1.3,0.1783
5.615,1.1075,1.1084,1.3,0.1814
5.62,1.1086,1.1096,1.3,0.1855
5.625,1.1098,1.1103,1.3,0.1882
5.63,1.111,1.1113,1.3,0.1916
5.635,1.1121,1.1121,1.3,0.1941
5.64,1.1133,1.1134,1.3,0.1983
5.645,1.1145,1.1145,1.3,0.2015
5.65,1.1157,1.1152,1.3,0.2035
5.655,1.1169,1.1159,1.3,0.2054
5.66,1.1181,1.1171,1.3,0.2085
5.665,1.1193,1.1181,1.3,0.2111
5.67,1.1205,1.1193,1.3,0.2138
5.675,1.1217,1.1207,1.3,0.2174
5.68,1.1229,1.1221,1.3,0.2207
5.685,1.1241,1.1231,1.3,0.2225
5.69,1.1253,1.1243,1.3,0.2245
5.695,1.1264,1.1255,1.3,0.2266
5.7,1.1276,1.1266,1.3,0.2279
5.705,1.1288,1.1279,1.3,0.2295
5.71,1.1299,1.1292,1.3,0.231
5.715,1.1311,1.1302,1.3,0.2312
5.72,1.1322,1.1315,1.3,0.2323
5.725,1.1333,1.1328,1.3,0.2333
5.73,1.1344,1.134,1.3,0.2335
5.735,1.1355,1.1352,1.3,0.2338
5.74,1.1366,1.1364,1.3,0.2339
5.745,1.1377,1.1373,1.3,0.2331
5.75,1.1387,1.1386,1.3,0.2331
5.755,1.1398,1.1398,1.3,0.2324
5.76,1.1408,1.1408,1.3,0.2315
5.765,1.1418,1.1421,1.3,0.2311
5.77,1.1428,1.143,1.3,0.2297
5.775,1.1437,1.1441,1.3,0.2285
5.78,1.1447,1.1451,1.3,0.2269
5.785,1.1456,1.1462,1.3,0.2258
5.79,1.1465,1.147,1.3,0.2237
5.795,1.1474,1.148,1.3,0.2219
5.8,1.1483,1.1492,1.3,0.2212
5.805,1.1492,1.1504,1.3,0.2202
5.81,1.1501,1.1514,1.3,0.2183
5.815,1.1509,1.1525,1.3,0.2168
5.82,1.1518,1.1535,1.3,0.2149
5.825,1.1526,1.1546,1.3,0.2135
5.83,1.1534,1.1556,1.3,0.2118
5.835,1.1542,1.1565,1.3,0.2095
5.84,1.155,1.1574,1.3,0.2075
5.845,1.1558,1.1584,1.3,0.2059
5.85,1.1566,1.1594,1.3,0.2041
5.855,1.1573,1.1601,1.3,0.2016
5.86,1.1581,1.1614,1.3,0.2008
5.865,1.1589,1.1619,1.3,0.1979
5.87,1.1596,1.1626,1.3,0.1956
5.875,1.1604,1.1636,1.3,0.1941
5.88,1.1611,1.1647,1.3,0.193
5.885,1.1618,1.1657,1.3,0.1917
5.89,1.1626,1.1666,1.3,0.1904
5.895,1.1633,1.1675,1.3,0.1888
5.9,1.164,1.1686,1.3,0.1881
5.905,1.1648,1.1697,1.3,0.1871
5.91,1.1655,1.1704,1.3,0.1853
5.915,1.1662,1.1711,1.3,0.1833
5.92,1.167,1.1721,1.3,0.1824
5.925,1.1677,1.173,1.3,0.1814
5.93,1.1685,1.1735,1.3,0.1794
5.935,1.1692,1.1745,1.3,0.1786
5.94,1.1699,1.1749,1.3,0.1765
5.945,1.1707,1.1757,1.3,0.1755
5.95,1.1715,1.1766,1.3,0.1753
5.955,1.1722,1.1773,1.3,0.1743
5.96,1.173,1.1779,1.3,0.1732
5.965,1.1738,1.1785,1.3,0.1723
5.97,1.1746,1.1788,1.3,0.1707
5.975,1.1754,1.1796,1.3,0.1706
5.98,1.1762,1.1802,1.3,0.1698
5.985,1.177,1.1807,1.3,0.169
5.99,1.1778,1.1816,1.3,0.1694
5.995,1.1786,1.1824,1.3,0.1698
6.0,1.1794,1.1833,1.3,0.1703
6.005,1.1803,1.1838,1.3,0.1696
6.01,1.1811,1.1845,1.3,0.1697
6.015,1.182,1.1855,1.3,0.1709
6.02,1.1829,1.1864,1.3,0.1715
6.025,1.1837,1.1873,1.3,0.1725
6.03,1.1846,1.188,1.3,0.1724
6.035,1.1855,1.1888,1.3,0.1731
6.04,1.1864,1.1896,1.3,0.1734
6.045,1.1873,1.1902,1.3,0.1736
6.05,1.1882,1.1912,1.3,0.1746
6.055,1.1891,1.1918,1.3,0.1748
6.06,1.19,1.1925,1.3,0.1747
6.065,1.1909,1.1932,1.3,0.175
6.07,1.1918,1.1939,1.3,0.1754
6.075,1.1928,1.1948,1.3,0.1762
6.08,1.1937,1.1958,1.3,0.1774
6.085,1.1946,1.1963,1.3,0.1769
6.09,1.1955,1.197,1.3,0.1771
6.095,1.1964,1.1978,1.3,0.1776
6.1,1.1974,1.1986,1.3,0.1779
6.105,1.1983,1.1991,1.3,0.1777
6.11,1.1992,1.2,1.3,0.1781
6.115,1.2001,1.2007,1.3,0.1782
6.12,1.201,1.2017,1.3,0.1791
6.125,1.2019,1.2026,1.3,0.1796
6.13,1.2028,1.2035,1.3,0.1799
6.135,1.2037,1.2045,1.3,0.1806
6.14,1.2046,1.2055,1.3,0.1811
6.145,1.2055,1.2065,1.3,0.1813
6.15,1.2064,1.2074,1.3,0.1813
6.155,1.2073,1.2082,1.3,0.1808
6.16,1.2081,1.2089,1.3,0.1799
6.165,1.209,1.2099,1.3,0.1798
6.17,1.2098,1.2108,1.3,0.1795
6.175,1.2107,1.2114,1.3,0.1782
6.18,1.2115,1.2122,1.3,0.1771
6.185,1.2123,1.2135,1.3,0.1777
6.19,1.2131,1.2144,1.3,0.177
6.195,1.2139,1.2151,1.3,0.1756
6.2,1.2147,1.2159,1.3,0.1744
6.205,1.2155,1.2165,1.3,0.1727
6.21,1.2162,1.2174,1.3,0.1718
6.215,1.217,1.2184,1.3,0.171
6.22,1.2177,1.2191,1.3,0.1694
6.225,1.2184,1.2201,1.3,0.1687
6.23,1.2192,1.2208,1.3,0.1671
6.235,1.2199,1.2215,1.3,0.1651
6.24,1.2205,1.2222,1.3,0.1632
6.245,1.2212,1.2232,1.3,0.1623
6.25,1.2219,1.2237,1.3,0.1601
6.255,1.2225,1.2246,1.3,0.1589
6.26,1.2232,1.2253,1.3,0.1572
6.265,1.2238,1.226,1.3,0.1553
6.27,1.2244,1.2267,1.3,0.1534
6.275,1.225,1.2275,1.3,0.1517
6.28,1.2256,1.2283,1.3,0.1501
6.285,1.2262,1.2287,1.3,0.1475
6.29,1.2267,1.2295,1.3,0.1458
6.295,1.2273,1.2302,1.3,0.1443
6.3,1.2278,1.2308,1.3,0.1421
6.305,1.2284,1.2313,1.3,0.1397
6.31,1.2289,1.2319,1.3,0.1377
6.315,1.2294,1.2324,1.3,0.1355
6.32,1.2299,1.2328,1.3,0.1329
6.325,1.2305,1.2335,1.3,0.1311
6.33,1.231,1.2343,1.3,0.13
6.335,1.2314,1.2345,1.3,0.1267
6.34,1.2319,1.2348,1.3,0.1241
6.345,1.2324,1.2353,1.3,0.1221
6.35,1.2329,1.2358,1.3,0.1203
6.355,1.2334,1.2363,1.3,0.1181
6.36,1.2338,1.2367,1.3,0.1162
6.365,1.2343,1.2373,1.3,0.1151
6.37,1.2348,1.2379,1.3,0.1138
6.375,1.2352,1.2382,1.3,0.1116
6.38,1.2357,1.2384,1.3,0.1093
6.385,1.2361,1.2386,1.3,0.1071
6.39,1.2366,1.2391,1.3,0.1057
6.395,1.2371,1.2396,1.3,0.1044
6.4,1.2375,1.2399,1.3,0.103
6.405,1.238,1.2406,1.3,0.1025
6.41,1.2384,1.241,1.3,0.1015
6.415,1.2389,1.241,1.3,0.099
6.42,1.2394,1.2414,1.3,0.098
6.425,1.2399,1.2418,1.3,0.0971
6.43,1.2403,1.2423,1.3,0.0963
6.435,1.2408,1.2426,1.3,0.0954
6.44,1.2413,1.243,1.3,0.0945
6.445,1.2418,1.2434,1.3,0.0939
6.45,1.2423,1.2436,1.3,0.0927
6.455,1.2428,1.2442,1.3,0.0928
6.46,1.2433,1.2447,1.3,0.0927
6.465,1.2438,1.245,1.3,0.092
6.47,1.2444,1.2453,1.3,0.0913
6.475,1.2449,1.2458,1.3,0.0916
6.48,1.2454,1.246,1.3,0.0908
6.485,1.246,1.2466,1.3,0.0911
6.49,1.2465,1.2466,1.3,0.0902
6.495,1.2471,1.2472,1.3,0.0909
6.5,1.2477,1.2477,1.3,0.0915
6.505,1.2482,1.2483,1.3,0.0924
6.51,1.2488,1.2487,1.3,0.0928
6.515,1.2494,1.2494,1.3,0.0939
6.52,1.25,1.2499,1.3,0.0943
6.525,1.2506,1.2504,1.3,0.0951
6.53,1.2512,1.2509,1.3,0.0956
6.535,1.2518,1.2516,1.3,0.097
6.54,1.2524,1.2524,1.3,0.0985
6.545,1.253,1.2528,1.3,0.0989
6.55,1.2536,1.2534,1.3,0.0997
6.555,1.2543,1.2541,1.3,0.101
6.56,1.2549,1.2548,1.3,0.1022
6.565,1.2555,1.2553,1.3,0.1027
6.57,1.2561,1.2558,1.3,0.1031
6.575,1.2567,1.2561,1.3,0.1029
6.58,1.2574,1.2569,1.3,0.104
6.585,1.258,1.2575,1.3,0.1047
6.59,1.2586,1.2579,1.3,0.1049
6.595,1.2592,1.2584,1.3,0.1048
6.6,1.2598,1.2588,1.3,0.1047
6.605,1.2604,1.2591,1.3,0.1042
6.61,1.261,1.2595,1.3,0.1038
6.615,1.2616,1.26,1.3,0.1036
6.62,1.2622,1.2605,1.3,0.1033
6.625,1.2628,1.2611,1.3,0.1034
6.63,1.2634,1.2615,1.3,0.1029
6.635,1.264,1.2621,1.3,0.1028
6.64,1.2645,1.2627,1.3,0.1027
6.645,1.2651,1.2633,1.3,0.1025
6.65,1.2657,1.2642,1.3,0.1034
6.655,1.2662,1.2648,1.3,0.1031
6.66,1.2667,1.2654,1.3,0.1031
6.665,1.2673,1.2659,1.3,0.1023
6.67,1.2678,1.2665,1.3,0.1019
6.675,1.2683,1.267,1.3,0.101
6.68,1.2688,1.2673,1.3,0.0993
6.685,1.2693,1.2676,1.3,0.098
6.69,1.2698,1.2681,1.3,0.0971
6.695,1.2703,1.2689,1.3,0.0968
6.7,1.2708,1.2694,1.3,0.0958
6.705,1.2712,1.2701,1.3,0.0951
6.71,1.2717,1.2706,1.3,0.0939
6.715,1.2721,1.2708,1.3,0.092
6.72,1.2725,1.2711,1.3,0.0898
6.725,1.273,1.2716,1.3,0.0888
6.73,1.2734,1.272,1.3,0.0874
6.735,1.2738,1.2721,1.3,0.0851
6.74,1.2742,1.2724,1.3,0.0833
6.745,1.2746,1.2726,1.3,0.0814
6.75,1.2749,1.2731,1.3,0.0804
6.755,1.2753,1.2736,1.3,0.0793
6.76,1.2757,1.2739,1.3,0.0779
6.765,1.276,1.274,1.3,0.0759
6.77,1.2764,1.2745,1.3,0.075
6.775,1.2767,1.275,1.3,0.074
6.78,1.2771,1.2753,1.3,0.0727
6.785,1.2774,1.276,1.3,0.0725
6.79,1.2778,1.2764,1.3,0.0714
6.795,1.2781,1.2767,1.3,0.07
6.8,1.2784,1.2771,1.3,0.069
6.805,1.2788,1.2773,1.3,0.0673
6.81,1.2791,1.2776,1.3,0.0661
6.815,1.2794,1.2779,1.3,0.0646
6.82,1.2797,1.2783,1.3,0.0635
6.825,1.28,1.2787,1.3,0.0627
6.83,1.2803,1.2794,1.3,0.0627
6.835,1.2806,1.2795,1.3,0.0609
6.84,1.281,1.2798,1.3,0.0595
6.845,1.2813,1.2801,1.3,0.0583
6.85,1.2816,1.2806,1.3,0.058
6.855,1.2819,1.2808,1.3,0.0565
6.86,1.2822,1.2812,1.3,0.056
6.865,1.2825,1.2814,1.3,0.0547
6.87,1.2828,1.2818,1.3,0.0543
6.875,1.2831,1.2822,1.3,0.0537
6.88,1.2834,1.282,1.3,0.0519
6.885,1.2837,1.2822,1.3,0.0511
6.89,1.284,1.2826,1.3,0.0509
6.895,1.2843,1.283,1.3,0.0506
6.9,1.2846,1.2832,1.3,0.0501
6.905,1.2849,1.2836,1.3,0.0498
6.91,1.2852,1.2838,1.3,0.0493
6.915,1.2856,1.2845,1.3,0.0499
6.92,1.2859,1.2847,1.3,0.0495
6.925,1.2862,1.2851,1.3,0.0494
6.93,1.2865,1.2855,1.3,0.0497
6.935,1.2868,1.286,1.3,0.0501
6.94,1.2872,1.2864,1.3,0.0502
6.945,1.2875,1.2864,1.3,0.0493
6.95,1.2878,1.2864,1.3,0.0484
6.955,1.2881,1.2867,1.3,0.0483
6.96,1.2885,1.2869,1.3,0.0477
6.965,1.2888,1.2874,1.3,0.0483
6.97,1.2891,1.2878,1.3,0.0487
6.975,1.2895,1.2881,1.3,0.049
6.98,1.2898,1.288,1.3,0.0476
6.985,1.2901,1.2881,1.3,0.0469
6.99,1.2905,1.2882,1.3,0.0466
6.995,1.2908,1.2884,1.3,0.0462
7.0,1.2911,1.2887,1.3,0.0464
7.005,1.2915,1.2887,1.3,0.0459
7.01,1.2918,1.2892,1.3,0.0466
7.015,1.2921,1.2896,1.3,0.0472
7.02,1.2925,1.2901,1.3,0.0479
7.025,1.2928,1.2904,1.3,0.0482
7.03,1.2931,1.2908,1.3,0.0486
7.035,1.2935,1.2912,1.3,0.0493
7.04,1.2938,1.2914,1.3,0.0491
7.045,1.2941,1.2919,1.3,0.0501
7.05,1.2944,1.2924,1.3,0.0509
7.055,1.2948,1.2927,1.3,0.0511
7.06,1.2951,1.2929,1.3,0.0512
7.065,1.2954,1.2933,1.3,0.0516
7.07,1.2957,1.2938,1.3,0.0525
7.075,1.2961,1.2942,1.3,0.053
7.08,1.2964,1.2945,1.3,0.053
7.085,1.2967,1.2949,1.3,0.0534
7.09,1.297,1.295,1.3,0.0527
7.095,1.2973,1.2956,1.3,0.0535
7.1,1.2976,1.2958,1.3,0.0529
7.105,1.2979,1.2961,1.3,0.0528
7.11,1.2981,1.2963,1.3,0.0523
7.115,1.2984,1.2966,1.3,0.0519
7.12,1.2987,1.2974,1.3,0.0532
7.125,1.299,1.2976,1.3,0.0527
7.13,1.2992,1.298,1.3,0.0527
7.135,1.2995,1.2983,1.3,0.0521
7.14,1.2997,1.2986,1.3,0.0517
7.145,1.2999,1.2987,1.3,0.0506
7.15,1.3002,1.2991,1.3,0.0507
7.155,1.3004,1.2994,1.3,0.0503
7.16,1.3006,1.2999,1.3,0.0506
7.165,1.3008,1.3003,1.3,0.0503
7.17,1.301,1.3004,1.3,0.0493
7.175,1.3012,1.3006,1.3,0.0485
7.18,1.3014,1.3006,1.3,0.0472
7.185,1.3015,1.3008,1.3,0.0464
7.19,1.3017,1.3011,1.3,0.0457
7.195,1.3018,1.3014,1.3,0.0453
7.2,1.302,1.3013,1.3,0.0437
7.205,1.3021,1.3017,1.3,0.0435
7.21,1.3023,1.3018,1.3,0.0423
7.215,1.3024,1.3021,1.3,0.0417
7.22,1.3025,1.3023,1.3,0.0409
7.225,1.3026,1.3025,1.3,0.0401
7.23,1.3027,1.3024,1.3,0.0381
7.235,1.3028,1.3024,1.3,0.0365
7.24,1.3029,1.3026,1.3,0.0355
7.245,1.3029,1.3027,1.3,0.0342
7.25,1.303,1.3028,1.3,0.033
7.255,1.3031,1.3032,1.3,0.033
7.26,1.3031,1.3032,1.3,0.0314
7.265,1.3032,1.3033,1.3,0.0305
7.27,1.3032,1.3035,1.3,0.0297
7.275,1.3033,1.3037,1.3,0.0291
7.28,1.3033,1.3038,1.3,0.0279
7.285,1.3034,1.3037,1.3,0.0265
7.29,1.3034,1.3037,1.3,0.0251
7.295,1.3034,1.3038,1.3,0.0242
7.3,1.3035,1.3039,1.3,0.0234
7.305,1.3035,1.3043,1.3,0.0236
7.31,1.3035,1.3046,1.3,0.0235
7.315,1.3036,1.3044,1.3,0.0215
7.32,1.3036,1.3046,1.3,0.0212
7.325,1.3036,1.3048,1.3,0.0209
7.33,1.3036,1.305,1.3,0.0204
7.335,1.3037,1.3046,1.3,0.0182
7.34,1.3037,1.3045,1.3,0.0171
7.345,1.3037,1.3046,1.3,0.0166
7.35,1.3037,1.3048,1.3,0.0165
7.355,1.3038,1.3046,1.3,0.0149
7.36,1.3038,1.3046,1.3,0.0144
7.365,1.3038,1.3046,1.3,0.0135
7.37,1.3038,1.3048,1.3,0.0136
7.375,1.3039,1.3048,1.3,0.0132
7.38,1.3039,1.3049,1.3,0.0129
7.385,1.304,1.305,1.3,0.013
7.39,1.304,1.3052,1.3,0.0135
7.395,1.304,1.3054,1.3,0.0137
7.4,1.3041,1.3053,1.3,0.0133
7.405,1.3041,1.3051,1.3,0.0123
7.41,1.3042,1.3054,1.3,0.013
7.415,1.3043,1.3052,1.3,0.0123
7.42,1.3043,1.3052,1.3,0.0121
7.425,1.3044,1.3049,1.3,0.0111
7.43,1.3045,1.305,1.3,0.0115
7.435,1.3045,1.305,1.3,0.0113
7.44,1.3046,1.305,1.3,0.0113
7.445,1.3047,1.3048,1.3,0.0108
7.45,1.3048,1.3046,1.3,0.0101
7.455,1.3049,1.3044,1.3,0.0097
7.46,1.305,1.3046,1.3,0.0104
7.465,1.3051,1.3046,1.3,0.0104
7.47,1.3052,1.3045,1.3,0.0102
7.475,1.3053,1.3044,1.3,0.0103
7.48,1.3054,1.3046,1.3,0.0108
7.485,1.3055,1.3048,1.3,0.0117
7.49,1.3057,1.3049,1.3,0.0123
7.495,1.3058,1.3052,1.3,0.0138
7.5,1.3059,1.3057,1.3,0.0153
7.505,1.3061,1.3057,1.3,0.0157
7.51,1.3062,1.3058,1.3,0.0161
7.515,1.3064,1.3059,1.3,0.0165
7.52,1.3065,1.3057,1.3,0.0162
7.525,1.3067,1.306,1.3,0.0174
7.53,1.3068,1.3059,1.3,0.0175
7.535,1.307,1.3063,1.3,0.0188
7.54,1.3071,1.3063,1.3,0.0192
7.545,1.3073,1.3065,1.3,0.0199
7.55,1.3075,1.3068,1.3,0.0209
7.555,1.3076,1.3071,1.3,0.022
7.56,1.3078,1.3072,1.3,0.0226
7.565,1.308,1.3072,1.3,0.0226
7.57,1.3081,1.3073,1.3,0.0227
7.575,1.3083,1.3073,1.3,0.0227
7.58,1.3085,1.3077,1.3,0.0239
7.585,1.3086,1.3078,1.3,0.024
7.59,1.3088,1.3079,1.3,0.024
7.595,1.309,1.3079,1.3,0.024
7.6,1.3091,1.3082,1.3,0.0247
7.605,1.3093,1.3084,1.3,0.0251
7.61,1.3094,1.3086,1.3,0.0251
7.615,1.3096,1.3084,1.3,0.0244
7.62,1.3097,1.3083,1.3,0.0236
7.625,1.3099,1.3085,1.3,0.0239
7.63,1.31,1.3084,1.3,0.0229
7.635,1.3102,1.3086,1.3,0.0232
7.64,1.3103,1.309,1.3,0.0238
7.645,1.3104,1.3093,1.3,0.0241
7.65,1.3106,1.3093,1.3,0.0237
7.655,1.3107,1.3096,1.3,0.0239
7.66,1.3108,1.3097,1.3,0.0236
7.665,1.3109,1.31,1.3,0.0237
7.67,1.3111,1.3103,1.3,0.0239
7.675,1.3112,1.3102,1.3,0.0229
7.68,1.3113,1.3101,1.3,0.0219
7.685,1.3114,1.3103,1.3,0.0216
7.69,1.3115,1.3108,1.3,0.0222
7.695,1.3116,1.3108,1.3,0.0214
7.7,1.3117,1.3108,1.3,0.0206
7.705,1.3117,1.3107,1.3,0.0192
7.71,1.3118,1.3108,1.3,0.0185
7.715,1.3119,1.3112,1.3,0.0189
7.72,1.312,1.3114,1.3,0.0184
7.725,1.312,1.3117,1.3,0.0183
7.73,1.3121,1.3119,1.3,0.0179
7.735,1.3122,1.312,1.3,0.0171
7.74,1.3122,1.3119,1.3,0.0158
7.745,1.3123,1.312,1.3,0.0149
7.75,1.3123,1.3119,1.3,0.0135
7.755,1.3124,1.3121,1.3,0.0134
7.76,1.3124,1.3124,1.3,0.0132
7.765,1.3125,1.3124,1.3,0.0123
7.77,1.3125,1.3127,1.3,0.0122
7.775,1.3125,1.3129,1.3,0.012
7.78,1.3126,1.313,1.3,0.0112
7.785,1.3126,1.313,1.3,0.0104
7.79,1.3126,1.313,1.3,0.0094
7.795,1.3127,1.3129,1.3,0.0084
7.8,1.3127,1.3129,1.3,0.0074
7.805,1.3127,1.3128,1.3,0.0065
7.81,1.3127,1.3128,1.3,0.0057
7.815,1.3128,1.3127,1.3,0.005
7.82,1.3128,1.3128,1.3,0.0048
7.825,1.3128,1.3131,1.3,0.005
7.83,1.3128,1.3131,1.3,0.0046
7.835,1.3128,1.3133,1.3,0.0046
7.84,1.3129,1.3133,1.3,0.0041
7.845,1.3129,1.3132,1.3,0.0034
7.85,1.3129,1.3133,1.3,0.0035
7.855,1.3129,1.3133,1.3,0.0032
7.86,1.313,1.3131,1.3,0.0021
7.865,1.313,1.3131,1.3,0.002
7.87,1.313,1.313,1.3,0.0016
7.875,1.3131,1.313,1.3,0.0012
7.88,1.3131,1.313,1.3,0.0012
7.885,1.3131,1.3129,1.3,0.0008
7.89,1.3132,1.3127,1.3,0.0001
7.895,1.3132,1.3128,1.3,0.0001
7.9,1.3132,1.3131,1.3,0.0012
7.905,1.3133,1.3134,1.3,0.0021
7.91,1.3133,1.3136,1.3,0.0028
7.915,1.3134,1.3138,1.3,0.0033
7.92,1.3134,1.3138,1.3,0.0035
7.925,1.3135,1.3138,1.3,0.0036
7.93,1.3135,1.3138,1.3,0.0036
7.935,1.3136,1.314,1.3,0.0041
7.94,1.3136,1.314,1.3,0.0041
7.945,1.3137,1.3139,1.3,0.0037
7.95,1.3137,1.3143,1.3,0.0049
7.955,1.3138,1.3143,1.3,0.005
7.96,1.3138,1.3143,1.3,0.0049
7.965,1.3139,1.3142,1.3,0.0046
7.97,1.314,1.3145,1.3,0.0054
7.975,1.314,1.3143,1.3,0.0049
7.98,1.3141,1.3142,1.3,0.0046
7.985,1.3141,1.3141,1.3,0.0042
7.99,1.3142,1.314,1.3,0.0036
7.995,1.3143,1.3139,1.3,0.003
8.0,1.3143,1.3141,1.3,0.0035
8.005,1.3144,1.3141,1.3,0.0029
8.01,1.3144,1.3141,1.3,0.0027
8.015,1.3145,1.3143,1.3,0.003
8.02,1.3146,1.3144,1.3,0.0028
8.025,1.3146,1.3145,1.3,0.003
8.03,1.3147,1.3146,1.3,0.0028
8.035,1.3148,1.3144,1.3,0.0021
8.04,1.3148,1.3147,1.3,0.0029
8.045,1.3149,1.3146,1.3,0.0023
8.05,1.3149,1.3142,1.3,0.0011
8.055,1.315,1.3142,1.3,0.0008
8.06,1.3151,1.3142,1.3,0.0005
8.065,1.3151,1.3141,1.3,0.0002
8.07,1.3152,1.3143,1.3,0.0007
8.075,1.3153,1.3141,1.3,0.0003
8.08,1.3154,1.3144,1.3,0.0012
8.085,1.3154,1.3142,1.3,0.0006
8.09,1.3155,1.3144,1.3,0.0012
8.095,1.3156,1.3146,1.3,0.0018
8.1,1.3156,1.3145,1.3,0.0019
8.105,1.3157,1.3145,1.3,0.002
8.11,1.3158,1.3147,1.3,0.0027
8.115,1.3159,1.3151,1.3,0.004
8.12,1.3159,1.3154,1.3,0.005
8.125,1.316,1.3153,1.3,0.0049
8.13,1.3161,1.3151,1.3,0.0042
8.135,1.3162,1.3152,1.3,0.0048
8.14,1.3162,1.3152,1.3,0.005
8.145,1.3163,1.3154,1.3,0.0057
8.15,1.3164,1.3152,1.3,0.0049
8.155,1.3165,1.3151,1.3,0.0044
8.16,1.3165,1.3152,1.3,0.0045
8.165,1.3166,1.3152,1.3,0.0044
8.17,1.3167,1.3152,1.3,0.0042
8.175,1.3167,1.3152,1.3,0.0042
8.18,1.3168,1.3152,1.3,0.0038
8.185,1.3169,1.3153,1.3,0.0039
8.19,1.3169,1.3155,1.3,0.0044
8.195,1.317,1.3154,1.3,0.004
8.2,1.317,1.3157,1.3,0.0048
8.205,1.3171,1.3157,1.3,0.0049
8.21,1.3172,1.3153,1.3,0.0032
8.215,1.3172,1.3149,1.3,0.0021
8.22,1.3173,1.3149,1.3,0.0019
8.225,1.3173,1.315,1.3,0.0019
8.23,1.3174,1.3149,1.3,0.0014
8.235,1.3174,1.315,1.3,0.0012
8.24,1.3175,1.3153,1.3,0.0018
8.245,1.3175,1.3154,1.3,0.002
8.25,1.3176,1.3155,1.3,0.0021
8.255,1.3176,1.3155,1.3,0.002
8.26,1.3177,1.3155,1.3,0.0018
8.265,1.3177,1.3155,1.3,0.0013
8.27,1.3178,1.3157,1.3,0.0017
8.275,1.3178,1.3159,1.3,0.0019
8.28,1.3178,1.3162,1.3,0.0027
8.285,1.3179,1.3162,1.3,0.002
8.29,1.3179,1.3162,1.3,0.0017
8.295,1.318,1.3164,1.3,0.0021
8.3,1.318,1.3166,1.3,0.0022
8.305,1.3181,1.3168,1.3,0.0026
8.31,1.3181,1.317,1.3,0.0027
8.315,1.3181,1.3169,1.3,0.0022
8.32,1.3182,1.3173,1.3,0.0028
8.325,1.3182,1.3174,1.3,0.0028
8.33,1.3182,1.3174,1.3,0.0026
8.335,1.3183,1.3174,1.3,0.0022
8.34,1.3183,1.3174,1.3,0.0017
8.345,1.3183,1.3174,1.3,0.0012
8.35,1.3183,1.3178,1.3,0.0018
8.355,1.3184,1.3179,1.3,0.0016
8.36,1.3184,1.3178,1.3,0.0009
8.365,1.3184,1.3177,1.3,-0.0002
8.37,1.3184,1.318,1.3,0.0001
8.375,1.3184,1.3179,1.3,-0.0005
8.38,1.3184,1.3177,1.3,-0.0017
8.385,1.3184,1.3178,1.3,-0.0021
8.39,1.3184,1.318,1.3,-0.0018
8.395,1.3185,1.3179,1.3,-0.0028
8.4,1.3185,1.3178,1.3,-0.0036
8.405,1.3185,1.3178,1.3,-0.0042
8.41,1.3185,1.3179,1.3,-0.0041
8.415,1.3185,1.318,1.3,-0.0044
8.42,1.3185,1.3182,1.3,-0.0042
8.425,1.3184,1.3183,1.3,-0.0043
8.43,1.3184,1.3185,1.3,-0.0041
8.435,1.3184,1.3184,1.3,-0.0048
8.44,1.3184,1.3181,1.3,-0.006
8.445,1.3184,1.318,1.3,-0.0065
8.45,1.3184,1.318,1.3,-0.0067
8.455,1.3184,1.3179,1.3,-0.0072
8.46,1.3184,1.318,1.3,-0.0069
8.465,1.3184,1.318,1.3,-0.0071
8.47,1.3184,1.318,1.3,-0.0074
8.475,1.3184,1.3179,1.3,-0.0079
8.48,1.3184,1.3181,1.3,-0.0073
8.485,1.3184,1.3182,1.3,-0.0072
8.49,1.3184,1.3184,1.3,-0.0068
8.495,1.3184,1.3184,1.3,-0.0068
8.5,1.3184,1.3185,1.3,-0.0066
8.505,1.3184,1.3183,1.3,-0.0075
8.51,1.3183,1.3183,1.3,-0.0078
8.515,1.3183,1.3182,1.3,-0.0085
8.52,1.3183,1.3181,1.3,-0.0088
8.525,1.3183,1.3182,1.3,-0.0086
8.53,1.3183,1.3184,1.3,-0.0079
8.535,1.3183,1.3183,1.3,-0.0082
8.54,1.3183,1.3182,1.3,-0.0087
8.545,1.3183,1.3179,1.3,-0.0094
8.55,1.3184,1.3183,1.3,-0.0083
8.555,1.3184,1.3179,1.3,-0.0091
8.56,1.3184,1.3178,1.3,-0.0092
8.565,1.3184,1.3177,1.3,-0.0094
8.57,1.3184,1.3176,1.3,-0.0095
8.575,1.3184,1.3175,1.3,-0.0095
8.58,1.3184,1.3173,1.3,-0.0099
8.585,1.3184,1.3173,1.3,-0.0096
8.59,1.3184,1.3172,1.3,-0.0098
8.595,1.3184,1.3173,1.3,-0.0093
8.6,1.3184,1.3172,1.3,-0.0094
8.605,1.3184,1.3169,1.3,-0.0101
8.61,1.3185,1.317,1.3,-0.0098
8.615,1.3185,1.317,1.3,-0.0096
8.62,1.3185,1.317,1.3,-0.0095
8.625,1.3185,1.3171,1.3,-0.0091
8.63,1.3185,1.317,1.3,-0.0094
8.635,1.3186,1.3172,1.3,-0.0088
8.64,1.3186,1.3171,1.3,-0.0087
8.645,1.3186,1.3169,1.3,-0.0091
8.65,1.3186,1.3168,1.3,-0.0093
8.655,1.3187,1.3168,1.3,-0.0092
8.66,1.3187,1.3168,1.3,-0.0087
8.665,1.3187,1.317,1.3,-0.008
8.67,1.3188,1.317,1.3,-0.0075
8.675,1.3188,1.317,1.3,-0.0073
8.68,1.3188,1.3169,1.3,-0.0073
8.685,1.3189,1.3169,1.3,-0.0072
8.69,1.3189,1.317,1.3,-0.0064
8.695,1.319,1.3172,1.3,-0.0056
8.7,1.319,1.3171,1.3,-0.0057
8.705,1.319,1.3174,1.3,-0.0045
8.71,1.3191,1.3176,1.3,-0.004
8.715,1.3191,1.3178,1.3,-0.0034
8.72,1.3192,1.318,1.3,-0.0027
8.725,1.3192,1.318,1.3,-0.0027
8.73,1.3192,1.3182,1.3,-0.0023
8.735,1.3193,1.3182,1.3,-0.0024
8.74,1.3193,1.3181,1.3,-0.0029
8.745,1.3193,1.318,1.3,-0.0035
8.75,1.3194,1.3183,1.3,-0.0028
8.755,1.3194,1.3184,1.3,-0.0025
8.76,1.3194,1.3184,1.3,-0.0026
8.765,1.3195,1.3182,1.3,-0.0035
8.77,1.3195,1.3184,1.3,-0.0032
8.775,1.3195,1.3184,1.3,-0.0031
8.78,1.3196,1.3184,1.3,-0.0035
8.785,1.3196,1.3184,1.3,-0.0038
8.79,1.3196,1.3186,1.3,-0.0034
8.795,1.3196,1.319,1.3,-0.0028
8.8,1.3196,1.3188,1.3,-0.0036
8.805,1.3196,1.3186,1.3,-0.0047
8.81,1.3196,1.3189,1.3,-0.0044
8.815,1.3197,1.3186,1.3,-0.0056
8.82,1.3197,1.3188,1.3,-0.0056
8.825,1.3197,1.3189,1.3,-0.0056
8.83,1.3197,1.3187,1.3,-0.0066
8.835,1.3197,1.3183,1.3,-0.0082
8.84,1.3197,1.3184,1.3,-0.0084
8.845,1.3197,1.3183,1.3,-0.0087
8.85,1.3197,1.3184,1.3,-0.0089
8.855,1.3196,1.3184,1.3,-0.0091
8.86,1.3196,1.3184,1.3,-0.0093
8.865,1.3196,1.3185,1.3,-0.0093
8.87,1.3196,1.3184,1.3,-0.0094
8.875,1.3196,1.3184,1.3,-0.0099
8.88,1.3196,1.3181,1.3,-0.0108
8.885,1.3196,1.3183,1.3,-0.0104
8.89,1.3196,1.3182,1.3,-0.0109
8.895,1.3196,1.3184,1.3,-0.0106
8.9,1.3196,1.3182,1.3,-0.0115
8.905,1.3196,1.3185,1.3,-0.0108
8.91,1.3195,1.3184,1.3,-0.0112
8.915,1.3195,1.3183,1.3,-0.0115
8.92,1.3195,1.318,1.3,-0.0127
8.925,1.3195,1.318,1.3,-0.0131
8.93,1.3195,1.3177,1.3,-0.0143
8.935,1.3195,1.3177,1.3,-0.0146
8.94,1.3195,1.3177,1.3,-0.0147
8.945,1.3195,1.3178,1.3,-0.0148
8.95,1.3195,1.3178,1.3,-0.0149
8.955,1.3195,1.318,1.3,-0.0143
8.96,1.3195,1.3178,1.3,-0.0153
8.965,1.3195,1.3178,1.3,-0.0154
8.97,1.3195,1.3177,1.3,-0.0155
8.975,1.3195,1.3179,1.3,-0.0149
8.98,1.3195,1.3178,1.3,-0.0151
8.985,1.3195,1.3177,1.3,-0.0152
8.99,1.3195,1.3175,1.3,-0.0154
8.995,1.3195,1.3173,1.3,-0.0157
9.0,1.3196,1.3173,1.3,-0.0153
9.005,1.3196,1.3171,1.3,-0.0156
9.01,1.3196,1.3173,1.3,-0.0147
9.015,1.3196,1.3173,1.3,-0.0142
9.02,1.3196,1.3171,1.3,-0.0143
9.025,1.3197,1.317,1.3,-0.0141
9.03,1.3197,1.3169,1.3,-0.0139
9.035,1.3197,1.317,1.3,-0.013
9.04,1.3198,1.3168,1.3,-0.013
9.045,1.3198,1.317,1.3,-0.0119
9.05,1.3198,1.3171,1.3,-0.011
9.055,1.3199,1.3173,1.3,-0.01
9.06,1.3199,1.3173,1.3,-0.0094
9.065,1.32,1.3174,1.3,-0.0086
9.07,1.32,1.3175,1.3,-0.008
9.075,1.3201,1.3174,1.3,-0.0079
9.08,1.3201,1.3172,1.3,-0.0082
9.085,1.3202,1.3171,1.3,-0.0083
9.09,1.3202,1.3172,1.3,-0.0076
9.095,1.3203,1.3175,1.3,-0.0063
9.1,1.3203,1.3175,1.3,-0.0059
9.105,1.3203,1.3176,1.3,-0.0054
9.11,1.3204,1.3177,1.3,-0.0048
9.115,1.3204,1.3178,1.3,-0.004
9.12,1.3205,1.3177,1.3,-0.004
9.125,1.3205,1.3177,1.3,-0.004
9.13,1.3206,1.3178,1.3,-0.0035
9.135,1.3206,1.3179,1.3,-0.003
9.14,1.3206,1.3179,1.3,-0.0029
9.145,1.3207,1.3181,1.3,-0.002
9.15,1.3207,1.3181,1.3,-0.0021
9.155,1.3207,1.3181,1.3,-0.0021
9.16,1.3207,1.3181,1.3,-0.0019
9.165,1.3207,1.3179,1.3,-0.0028
9.17,1.3208,1.318,1.3,-0.0024
9.175,1.3208,1.318,1.3,-0.0029
9.18,1.3208,1.3181,1.3,-0.0028
9.185,1.3208,1.3182,1.3,-0.003
9.19,1.3208,1.3183,1.3,-0.003
9.195,1.3208,1.3181,1.3,-0.0038
9.2,1.3208,1.3182,1.3,-0.0039
9.205,1.3208,1.3182,1.3,-0.0042
9.21,1.3207,1.3183,1.3,-0.0041
9.215,1.3207,1.3184,1.3,-0.0043
9.22,1.3207,1.3182,1.3,-0.0053
9.225,1.3207,1.3183,1.3,-0.0054
9.23,1.3206,1.3184,1.3,-0.0057
9.235,1.3206,1.3185,1.3,-0.006
9.24,1.3205,1.3184,1.3,-0.0066
9.245,1.3205,1.3186,1.3,-0.0067
9.25,1.3205,1.3183,1.3,-0.0082
9.255,1.3204,1.3181,1.3,-0.0091
9.26,1.3204,1.3183,1.3,-0.0092
9.265,1.3203,1.3183,1.3,-0.0095
9.27,1.3202,1.318,1.3,-0.0112
9.275,1.3202,1.3179,1.3,-0.0119
9.28,1.3201,1.318,1.3,-0.0119
9.285,1.32,1.3178,1.3,-0.013
9.29,1.32,1.3177,1.3,-0.0136
9.295,1.3199,1.3176,1.3,-0.014
9.3,1.3198,1.3176,1.3,-0.0142
9.305,1.3198,1.3173,1.3,-0.0157
9.31,1.3197,1.3172,1.3,-0.0162
9.315,1.3196,1.3172,1.3,-0.0163
9.32,1.3196,1.3174,1.3,-0.0159
9.325,1.3195,1.3173,1.3,-0.0163
9.33,1.3194,1.3175,1.3,-0.0158
9.335,1.3194,1.3173,1.3,-0.0164
9.34,1.3193,1.3172,1.3,-0.0166
9.345,1.3192,1.3172,1.3,-0.0166
9.35,1.3192,1.3173,1.3,-0.0161
9.355,1.3191,1.3172,1.3,-0.0163
9.36,1.3191,1.3171,1.3,-0.0165
9.365,1.319,1.3172,1.3,-0.0161
9.37,1.3189,1.3171,1.3,-0.0161
9.375,1.3189,1.317,1.3,-0.0162
9.38,1.3188,1.3169,1.3,-0.0163
9.385,1.3188,1.3171,1.3,-0.0156
9.39,1.3187,1.317,1.3,-0.0158
9.395,1.3187,1.3171,1.3,-0.0152
9.4,1.3186,1.317,1.3,-0.0152
9.405,1.3186,1.3172,1.3,-0.0141
9.41,1.3185,1.3172,1.3,-0.014
9.415,1.3185,1.3177,1.3,-0.0122
9.42,1.3184,1.3177,1.3,-0.012
9.425,1.3184,1.3174,1.3,-0.0128
9.43,1.3183,1.3173,1.3,-0.0129
9.435,1.3183,1.317,1.3,-0.0137
9.44,1.3183,1.3169,1.3,-0.0139
9.445,1.3182,1.3166,1.3,-0.0145
9.45,1.3182,1.3166,1.3,-0.0143
9.455,1.3181,1.3166,1.3,-0.0142
9.46,1.3181,1.3164,1.3,-0.0145
9.465,1.318,1.3164,1.3,-0.0142
9.47,1.318,1.3163,1.3,-0.0141
9.475,1.318,1.3163,1.3,-0.014
9.48,1.3179,1.3161,1.3,-0.0143
9.485,1.3179,1.3158,1.3,-0.0149
9.49,1.3179,1.316,1.3,-0.014
9.495,1.3178,1.316,1.3,-0.0134
9.5,1.3178,1.3159,1.3,-0.0131
9.505,1.3177,1.3162,1.3,-0.0119
9.51,1.3177,1.3163,1.3,-0.0109
9.515,1.3177,1.3163,1.3,-0.0108
9.52,1.3176,1.3162,1.3,-0.0109
9.525,1.3176,1.316,1.3,-0.0111
9.53,1.3176,1.3161,1.3,-0.0103
9.535,1.3176,1.316,1.3,-0.0103
9.54,1.3175,1.316,1.3,-0.0102
9.545,1.3175,1.3161,1.3,-0.0097
9.55,1.3175,1.3161,1.3,-0.0092
9.555,1.3174,1.316,1.3,-0.0095
9.56,1.3174,1.316,1.3,-0.0093
9.565,1.3174,1.316,1.3,-0.0092
9.57,1.3173,1.3159,1.3,-0.0094
9.575,1.3173,1.3158,1.3,-0.0096
9.58,1.3173,1.3158,1.3,-0.0094
9.585,1.3172,1.3158,1.3,-0.0092
9.59,1.3172,1.3158,1.3,-0.0092
9.595,1.3171,1.3157,1.3,-0.0091
9.6,1.3171,1.3157,1.3,-0.0092
9.605,1.3171,1.3158,1.3,-0.0085
9.61,1.317,1.3157,1.3,-0.0085
9.615,1.317,1.3156,1.3,-0.0086
9.62,1.3169,1.3155,1.3,-0.0085
9.625,1.3169,1.3156,1.3,-0.0081
9.63,1.3168,1.3157,1.3,-0.0077
9.635,1.3168,1.3156,1.3,-0.0078
9.64,1.3167,1.3154,1.3,-0.0084
9.645,1.3167,1.3155,1.3,-0.008
9.65,1.3166,1.3153,1.3,-0.0087
9.655,1.3166,1.3155,1.3,-0.008
9.66,1.3165,1.3157,1.3,-0.0073
9.665,1.3164,1.3158,1.3,-0.007
9.67,1.3164,1.3157,1.3,-0.0074
9.675,1.3163,1.3157,1.3,-0.0072
9.68,1.3163,1.3156,1.3,-0.0075
9.685,1.3162,1.3154,1.3,-0.0083
9.69,1.3161,1.3154,1.3,-0.0083
9.695,1.316,1.3155,1.3,-0.008
9.7,1.316,1.3152,1.3,-0.0089
9.705,1.3159,1.3155,1.3,-0.0082
9.71,1.3158,1.3155,1.3,-0.0081
9.715,1.3157,1.3158,1.3,-0.0075
9.72,1.3157,1.3154,1.3,-0.0089
9.725,1.3156,1.3153,1.3,-0.0095
9.73,1.3155,1.3152,1.3,-0.0101
9.735,1.3154,1.3153,1.3,-0.0103
9.74,1.3153,1.3154,1.3,-0.0099
9.745,1.3152,1.3155,1.3,-0.0101
9.75,1.3151,1.3153,1.3,-0.0108
9.755,1.315,1.3154,1.3,-0.0106
9.76,1.3149,1.3152,1.3,-0.0115
9.765,1.3148,1.3149,1.3,-0.0124
9.77,1.3147,1.3149,1.3,-0.0127
9.775,1.3147,1.3149,1.3,-0.0129
9.78,1.3146,1.3146,1.3,-0.0139
9.785,1.3145,1.3146,1.3,-0.0141
9.79,1.3144,1.3145,1.3,-0.0144
9.795,1.3143,1.3144,1.3,-0.0149
9.8,1.3142,1.3144,1.3,-0.0151
9.805,1.3141,1.3142,1.3,-0.0159
9.81,1.314,1.3141,1.3,-0.0164
9.815,1.3139,1.314,1.3,-0.0168
9.82,1.3138,1.3138,1.3,-0.0175
9.825,1.3137,1.3138,1.3,-0.0178
9.83,1.3136,1.3136,1.3,-0.0182
9.835,1.3135,1.3138,1.3,-0.0177
9.84,1.3134,1.3138,1.3,-0.0175
9.845,1.3133,1.3139,1.3,-0.0169
9.85,1.3132,1.3138,1.3,-0.0169
9.855,1.3132,1.3135,1.3,-0.0176
9.86,1.3131,1.3134,1.3,-0.0178
9.865,1.313,1.3131,1.3,-0.0182
9.87,1.3129,1.313,1.3,-0.0182
9.875,1.3129,1.3131,1.3,-0.0173
9.88,1.3128,1.3128,1.3,-0.0177
9.885,1.3127,1.3126,1.3,-0.0177
9.89,1.3127,1.3127,1.3,-0.0169
9.895,1.3126,1.3125,1.3,-0.0169
9.9,1.3126,1.3124,1.3,-0.0166
9.905,1.3125,1.3122,1.3,-0.0166
9.91,1.3125,1.3124,1.3,-0.0155
9.915,1.3124,1.3121,1.3,-0.0159
9.92,1.3124,1.312,1.3,-0.0154
9.925,1.3124,1.3122,1.3,-0.0144
9.93,1.3123,1.3123,1.3,-0.0135
9.935,1.3123,1.3121,1.3,-0.0135
9.94,1.3123,1.3119,1.3,-0.0135
9.945,1.3123,1.312,1.3,-0.0128
9.95,1.3123,1.312,1.3,-0.0123
9.955,1.3122,1.3118,1.3,-0.0122
9.96,1.3122,1.3116,1.3,-0.0124
9.965,1.3122,1.3114,1.3,-0.0126
9.97,1.3122,1.3116,1.3,-0.0115
9.975,1.3122,1.3114,1.3,-0.0117
9.98,1.3122,1.3117,1.3,-0.0102
9.985,1.3122,1.3119,1.3,-0.0093
9.99,1.3122,1.3119,1.3,-0.0087
9.995,1.3122,1.3118,1.3,-0.0087
10.0,1.3122,1.3118,1.3,-0.0085
10.005,1.3122,1.3117,1.3,-0.0084
10.01,1.3122,1.3117,1.3,-0.0081
10.015,1.3122,1.3117,1.3,-0.0075
10.02,1.3122,1.3117,1.3,-0.0074
10.025,1.3122,1.312,1.3,-0.0059
10.03,1.3122,1.3121,1.3,-0.0053
10.035,1.3122,1.312,1.3,-0.0053
10.04,1.3122,1.3119,1.3,-0.0053
10.045,1.3122,1.3119,1.3,-0.005
10.05,1.3122,1.3118,1.3,-0.0049
10.055,1.3122,1.3119,1.3,-0.0045
10.06,1.3123,1.312,1.3,-0.0039
10.065,1.3123,1.312,1.3,-0.0038
10.07,1.3123,1.3121,1.3,-0.0033
10.075,1.3123,1.312,1.3,-0.0035
10.08,1.3122,1.3121,1.3,-0.0034
10.085,1.3122,1.3122,1.3,-0.003
10.09,1.3122,1.3123,1.3,-0.0028
10.095,1.3122,1.3123,1.3,-0.003
10.1,1.3122,1.3124,1.3,-0.0028
10.105,1.3122,1.3124,1.3,-0.003
10.11,1.3122,1.3125,1.3,-0.0029
10.115,1.3122,1.3124,1.3,-0.0034
10.12,1.3121,1.3123,1.3,-0.0039
10.125,1.3121,1.3124,1.3,-0.0039
10.13,1.3121,1.3122,1.3,-0.0051
10.135,1.3121,1.312,1.3,-0.0061
10.14,1.312,1.3121,1.3,-0.006
10.145,1.312,1.3121,1.3,-0.0063
10.15,1.312,1.3119,1.3,-0.0074
10.155,1.3119,1.3116,1.3,-0.0085
10.16,1.3119,1.3118,1.3,-0.0083
10.165,1.3118,1.3117,1.3,-0.0089
10.17,1.3118,1.3119,1.3,-0.0084
10.175,1.3117,1.3117,1.3,-0.0091
10.18,1.3117,1.3118,1.3,-0.009
10.185,1.3117,1.3118,1.3,-0.0091
10.19,1.3116,1.3115,1.3,-0.0102
10.195,1.3116,1.3117,1.3,-0.0099
10.2,1.3115,1.3114,1.3,-0.011
10.205,1.3115,1.3113,1.3,-0.0114
10.21,1.3114,1.3112,1.3,-0.0118
10.215,1.3114,1.311,1.3,-0.0124
10.22,1.3113,1.3112,1.3,-0.0121
10.225,1.3113,1.3109,1.3,-0.0131
10.23,1.3112,1.3106,1.3,-0.0143
10.235,1.3112,1.3107,1.3,-0.0142
10.24,1.3111,1.3108,1.3,-0.0139
10.245,1.3111,1.3109,1.3,-0.0135
10.25,1.311,1.3107,1.3,-0.0139
10.255,1.311,1.3107,1.3,-0.0139
10.26,1.3109,1.3108,1.3,-0.0136
10.265,1.3109,1.3107,1.3,-0.0139
10.27,1.3109,1.3105,1.3,-0.0142
10.275,1.3108,1.3106,1.3,-0.0139
10.28,1.3108,1.3103,1.3,-0.0148
10.285,1.3108,1.3101,1.3,-0.0156
10.29,1.3107,1.3103,1.3,-0.0151
10.295,1.3107,1.3101,1.3,-0.0155
10.3,1.3107,1.3103,1.3,-0.0148
10.305,1.3107,1.3101,1.3,-0.0153
10.31,1.3107,1.3098,1.3,-0.016
10.315,1.3106,1.3102,1.3,-0.0146
10.32,1.3106,1.3101,1.3,-0.0147
10.325,1.3106,1.3102,1.3,-0.014
10.33,1.3106,1.3102,1.3,-0.0138
10.335,1.3106,1.3101,1.3,-0.014
10.34,1.3106,1.3098,1.3,-0.0145
10.345,1.3106,1.3097,1.3,-0.0145
10.35,1.3106,1.3098,1.3,-0.0137
10.355,1.3106,1.31,1.3,-0.0127
10.36,1.3107,1.31,1.3,-0.0124
10.365,1.3107,1.3098,1.3,-0.0124
10.37,1.3107,1.3098,1.3,-0.012
10.375,1.3107,1.3097,1.3,-0.012
10.38,1.3107,1.3097,1.3,-0.0114
10.385,1.3108,1.3095,1.3,-0.0115
10.39,1.3108,1.3094,1.3,-0.0117
10.395,1.3108,1.3094,1.3,-0.0111
10.4,1.3108,1.3093,1.3,-0.011
10.405,1.3109,1.3092,1.3,-0.011
10.41,1.3109,1.3091,1.3,-0.0108
10.415,1.311,1.3091,1.3,-0.0103
10.42,1.311,1.3094,1.3,-0.0091
10.425,1.311,1.3092,1.3,-0.0092
10.43,1.3111,1.3091,1.3,-0.0091
10.435,1.3111,1.309,1.3,-0.0091
10.44,1.3112,1.3089,1.3,-0.0088
10.445,1.3112,1.3088,1.3,-0.0086
10.45,1.3112,1.3087,1.3,-0.0082
10.455,1.3113,1.3089,1.3,-0.0071
10.46,1.3113,1.309,1.3,-0.0062
10.465,1.3114,1.3087,1.3,-0.0066
10.47,1.3114,1.3087,1.3,-0.0063
10.475,1.3115,1.3086,1.3,-0.0061
10.48,1.3115,1.3086,1.3,-0.0057
10.485,1.3116,1.3087,1.3,-0.0051
10.49,1.3116,1.3088,1.3,-0.0042
10.495,1.3117,1.3087,1.3,-0.0042
10.5,1.3117,1.3088,1.3,-0.0036
10.505,1.3118,1.3088,1.3,-0.0033
10.51,1.3118,1.3089,1.3,-0.0027
10.515,1.3119,1.3089,1.3,-0.0022
10.52,1.3119,1.3088,1.3,-0.0022
10.525,1.312,1.3089,1.3,-0.0016
10.53,1.312,1.3089,1.3,-0.0015
10.535,1.3121,1.309,1.3,-0.0008
10.54,1.3121,1.309,1.3,-0.0005
10.545,1.3122,1.3092,1.3,-0.0
10.55,1.3122,1.3094,1.3,0.0007
10.555,1.3122,1.3095,1.3,0.0013
10.56,1.3123,1.3095,1.3,0.0011
10.565,1.3123,1.3097,1.3,0.0017
10.57,1.3123,1.3097,1.3,0.0015
10.575,1.3124,1.3101,1.3,0.0027
10.58,1.3124,1.3104,1.3,0.0035
10.585,1.3124,1.3104,1.3,0.0033
10.59,1.3124,1.3105,1.3,0.0032
10.595,1.3124,1.3108,1.3,0.0038
10.6,1.3124,1.3108,1.3,0.0033
10.605,1.3124,1.3108,1.3,0.0029
10.61,1.3124,1.3111,1.3,0.0035
10.615,1.3124,1.3113,1.3,0.0034
10.62,1.3124,1.3112,1.3,0.0026
10.625,1.3124,1.3116,1.3,0.0032
10.63,1.3124,1.3115,1.3,0.0022
10.635,1.3123,1.3117,1.3,0.0021
10.64,1.3123,1.3116,1.3,0.0012
10.645,1.3122,1.3115,1.3,0.0001
10.65,1.3122,1.3117,1.3,-0.0003
10.655,1.3121,1.3118,1.3,-0.0007
10.66,1.3121,1.3115,1.3,-0.0025
10.665,1.312,1.3115,1.3,-0.0034
10.67,1.3119,1.3113,1.3,-0.0046
10.675,1.3119,1.3113,1.3,-0.0053
10.68,1.3118,1.3115,1.3,-0.0056
10.685,1.3117,1.3112,1.3,-0.0073
10.69,1.3116,1.3111,1.3,-0.0083
10.695,1.3115,1.311,1.3,-0.0093
10.7,1.3114,1.311,1.3,-0.0101
10.705,1.3113,1.311,1.3,-0.0108
10.71,1.3112,1.3111,1.3,-0.0113
10.715,1.3111,1.3109,1.3,-0.0124
10.72,1.311,1.3111,1.3,-0.0125
10.725,1.3109,1.3111,1.3,-0.013
10.73,1.3108,1.3111,1.3,-0.0136
10.735,1.3107,1.311,1.3,-0.0145
10.74,1.3106,1.3108,1.3,-0.0154
10.745,1.3105,1.3107,1.3,-0.0162
10.75,1.3104,1.3106,1.3,-0.0167
10.755,1.3103,1.3104,1.3,-0.0174
10.76,1.3102,1.3103,1.3,-0.0178
10.765,1.3101,1.3103,1.3,-0.0179
10.77,1.31,1.3104,1.3,-0.0175
10.775,1.3099,1.3103,1.3,-0.0178
10.78,1.3098,1.3105,1.3,-0.0173
10.785,1.3097,1.3104,1.3,-0.0172
10.79,1.3096,1.3105,1.3,-0.0166
10.795,1.3095,1.3102,1.3,-0.0173
10.8,1.3095,1.3097,1.3,-0.0185
10.805,1.3094,1.3095,1.3,-0.0189
10.81,1.3093,1.3095,1.3,-0.0187
10.815,1.3092,1.3093,1.3,-0.019
10.82,1.3092,1.3095,1.3,-0.018
10.825,1.3091,1.3094,1.3,-0.0178
10.83,1.309,1.3093,1.3,-0.0177
10.835,1.309,1.309,1.3,-0.0182
10.84,1.3089,1.3091,1.3,-0.0174
10.845,1.3089,1.309,1.3,-0.0174
10.85,1.3088,1.3088,1.3,-0.0171
10.855,1.3088,1.3086,1.3,-0.0173
10.86,1.3087,1.3087,1.3,-0.0163
10.865,1.3087,1.3086,1.3,-0.0162
10.87,1.3086,1.3086,1.3,-0.0154
10.875,1.3086,1.3086,1.3,-0.0149
10.88,1.3086,1.3083,1.3,-0.0152
10.885,1.3086,1.3082,1.3,-0.0147
10.89,1.3085,1.3083,1.3,-0.0137
10.895,1.3085,1.3084,1.3,-0.0126
10.9,1.3085,1.3081,1.3,-0.0128
10.905,1.3085,1.308,1.3,-0.0125
10.91,1.3085,1.3078,1.3,-0.0121
10.915,1.3085,1.3078,1.3,-0.0116
10.92,1.3085,1.3076,1.3,-0.0114
10.925,1.3085,1.3075,1.3,-0.0109
10.93,1.3085,1.3076,1.3,-0.01
10.935,1.3085,1.3075,1.3,-0.0094
10.94,1.3085,1.3076,1.3,-0.0084
10.945,1.3085,1.3073,1.3,-0.0082
10.95,1.3085,1.3076,1.3,-0.0064
10.955,1.3085,1.3074,1.3,-0.0062
10.96,1.3085,1.3074,1.3,-0.0056
10.965,1.3085,1.3075,1.3,-0.0044
10.97,1.3085,1.3075,1.3,-0.0037
10.975,1.3086,1.3076,1.3,-0.0027
10.98,1.3086,1.3076,1.3,-0.0024
10.985,1.3086,1.3074,1.3,-0.0024
10.99,1.3086,1.3075,1.3,-0.0016
10.995,1.3086,1.3075,1.3,-0.001
11.0,1.3086,1.308,1.3,0.0007
11.005,1.3086,1.308,1.3,0.001
11.01,1.3086,1.3078,1.3,0.0009
11.015,1.3087,1.3081,1.3,0.002
11.02,1.3087,1.3081,1.3,0.0022
11.025,1.3087,1.3082,1.3,0.0029
11.03,1.3087,1.3083,1.3,0.0034
11.035,1.3086,1.308,1.3,0.0028
11.04,1.3086,1.3082,1.3,0.0034
11.045,1.3086,1.308,1.3,0.0029
11.05,1.3086,1.3079,1.3,0.0029
11.055,1.3086,1.308,1.3,0.0033
11.06,1.3086,1.3081,1.3,0.0036
11.065,1.3085,1.308,1.3,0.003
11.07,1.3085,1.3079,1.3,0.0029
11.075,1.3084,1.3078,1.3,0.0026
11.08,1.3084,1.3077,1.3,0.0021
11.085,1.3083,1.3075,1.3,0.0012
11.09,1.3083,1.3075,1.3,0.001
11.095,1.3082,1.3078,1.3,0.0016
11.1,1.3082,1.3079,1.3,0.0017
11.105,1.3081,1.3082,1.3,0.0022
11.11,1.308,1.308,1.3,0.0013
11.115,1.308,1.308,1.3,0.0009
11.12,1.3079,1.3078,1.3,-0.0001
11.125,1.3078,1.3076,1.3,-0.0011
11.13,1.3077,1.3077,1.3,-0.0015
11.135,1.3076,1.3076,1.3,-0.0021
11.14,1.3075,1.3077,1.3,-0.0022
11.145,1.3074,1.3075,1.3,-0.0031
11.15,1.3073,1.3074,1.3,-0.0039
11.155,1.3072,1.3072,1.3,-0.0051
11.16,1.3071,1.3073,1.3,-0.005
11.165,1.307,1.3075,1.3,-0.0049
11.17,1.3069,1.3075,1.3,-0.0051
11.175,1.3067,1.3075,1.3,-0.0057
11.18,1.3066,1.3074,1.3,-0.0065
11.185,1.3065,1.3073,1.3,-0.0073
11.19,1.3064,1.3072,1.3,-0.008
11.195,1.3063,1.307,1.3,-0.0089
11.2,1.3061,1.3068,1.3,-0.0096
11.205,1.306,1.3071,1.3,-0.0091
11.21,1.3059,1.3068,1.3,-0.01
11.215,1.3058,1.3066,1.3,-0.0109
11.22,1.3056,1.3067,1.3,-0.0106
11.225,1.3055,1.3066,1.3,-0.011
11.23,1.3054,1.3068,1.3,-0.0106
11.235,1.3053,1.3068,1.3,-0.0105
11.24,1.3052,1.3066,1.3,-0.0112
11.245,1.305,1.3067,1.3,-0.0108
11.25,1.3049,1.3064,1.3,-0.0121
11.255,1.3048,1.3062,1.3,-0.0126
11.26,1.3047,1.3062,1.3,-0.0128
11.265,1.3046,1.306,1.3,-0.0136
11.27,1.3045,1.3058,1.3,-0.0143
11.275,1.3044,1.3056,1.3,-0.015
11.28,1.3043,1.3053,1.3,-0.0158
11.285,1.3042,1.3054,1.3,-0.0155
11.29,1.3041,1.3053,1.3,-0.0157
11.295,1.304,1.3053,1.3,-0.0154
11.3,1.3039,1.3056,1.3,-0.0145
11.305,1.3038,1.3054,1.3,-0.015
11.31,1.3037,1.3052,1.3,-0.0154
11.315,1.3036,1.3053,1.3,-0.0147
11.32,1.3035,1.3051,1.3,-0.0151
11.325,1.3035,1.3051,1.3,-0.0147
11.33,1.3034,1.305,1.3,-0.0148
11.335,1.3033,1.3051,1.3,-0.0144
11.34,1.3033,1.3048,1.3,-0.0151
11.345,1.3032,1.3047,1.3,-0.0149
11.35,1.3032,1.3043,1.3,-0.0157
11.355,1.3031,1.3042,1.3,-0.0156
11.36,1.3031,1.3044,1.3,-0.0146
11.365,1.303,1.3042,1.3,-0.0146
11.37,1.303,1.304,1.3,-0.0146
11.375,1.303,1.3038,1.3,-0.0147
11.38,1.3029,1.3037,1.3,-0.0144
11.385,1.3029,1.3036,1.3,-0.014
11.39,1.3029,1.3035,1.3,-0.0137
11.395,1.3029,1.3032,1.3,-0.0143
11.4,1.3029,1.303,1.3,-0.0143
11.405,1.3029,1.303,1.3,-0.0138
11.41,1.3029,1.3032,1.3,-0.0127
11.415,1.3029,1.303,1.3,-0.0125
11.42,1.303,1.303,1.3,-0.0117
11.425,1.303,1.3029,1.3,-0.0114
11.43,1.303,1.3027,1.3,-0.0111
11.435,1.303,1.3027,1.3,-0.0104
11.44,1.3031,1.3027,1.3,-0.0096
11.445,1.3031,1.3027,1.3,-0.009
11.45,1.3032,1.3025,1.3,-0.0088
11.455,1.3032,1.3027,1.3,-0.0073
11.46,1.3033,1.3029,1.3,-0.0059
11.465,1.3034,1.3024,1.3,-0.0067
11.47,1.3034,1.3025,1.3,-0.0057
11.475,1.3035,1.3024,1.3,-0.0052
11.48,1.3036,1.3025,1.3,-0.0043
11.485,1.3036,1.3025,1.3,-0.0034
11.49,1.3037,1.3025,1.3,-0.0025
11.495,1.3038,1.3025,1.3,-0.0018
11.5,1.3039,1.3025,1.3,-0.0012
11.505,1.304,1.3027,1.3,0.0001
11.51,1.3041,1.3027,1.3,0.0009
11.515,1.3041,1.303,1.3,0.0022
11.52,1.3042,1.3032,1.3,0.0035
11.525,1.3043,1.3033,1.3,0.0042
11.53,1.3044,1.303,1.3,0.0037
11.535,1.3045,1.3031,1.3,0.0041
11.54,1.3046,1.3032,1.3,0.0047
11.545,1.3047,1.3033,1.3,0.0052
11.55,1.3048,1.3034,1.3,0.0056
11.555,1.3048,1.3034,1.3,0.0059
11.56,1.3049,1.3038,1.3,0.007
11.565,1.305,1.3037,1.3,0.0067
11.57,1.3051,1.3035,1.3,0.006
11.575,1.3052,1.3035,1.3,0.0058
11.58,1.3052,1.3037,1.3,0.0064
11.585,1.3053,1.3039,1.3,0.007
11.59,1.3054,1.304,1.3,0.0073
11.595,1.3054,1.3039,1.3,0.0067
11.6,1.3055,1.304,1.3,0.0064
11.605,1.3055,1.3041,1.3,0.0067
11.61,1.3056,1.3041,1.3,0.0062
11.615,1.3056,1.3041,1.3,0.0059
11.62,1.3057,1.3043,1.3,0.0061
11.625,1.3057,1.3047,1.3,0.0066
11.63,1.3058,1.3051,1.3,0.0074
11.635,1.3058,1.3049,1.3,0.0062
11.64,1.3058,1.3047,1.3,0.0048
11.645,1.3058,1.3047,1.3,0.0041
11.65,1.3059,1.3047,1.3,0.0034
11.655,1.3059,1.3044,1.3,0.002
11.66,1.3059,1.3042,1.3,0.0004
11.665,1.3059,1.3043,1.3,-0.0002
11.67,1.3059,1.3041,1.3,-0.0016
11.675,1.3059,1.3042,1.3,-0.0021
11.68,1.3059,1.3042,1.3,-0.0031
11.685,1.3059,1.3043,1.3,-0.0036
11.69,1.3058,1.3044,1.3,-0.0042
11.695,1.3058,1.3041,1.3,-0.0061
11.7,1.3058,1.3043,1.3,-0.0061
11.705,1.3058,1.3043,1.3,-0.0067
11.71,1.3058,1.3044,1.3,-0.007
11.715,1.3058,1.3044,1.3,-0.0078
11.72,1.3058,1.3044,1.3,-0.0085
11.725,1.3057,1.3041,1.3,-0.01
11.73,1.3057,1.3044,1.3,-0.0094
11.735,1.3057,1.3046,1.3,-0.0091
11.74,1.3057,1.3045,1.3,-0.0101
11.745,1.3057,1.3044,1.3,-0.0106
11.75,1.3057,1.3046,1.3,-0.01
11.755,1.3057,1.3046,1.3,-0.0102
11.76,1.3057,1.3048,1.3,-0.0099
11.765,1.3057,1.3047,1.3,-0.0102
11.77,1.3057,1.3047,1.3,-0.0103
11.775,1.3057,1.3049,1.3,-0.01
11.78,1.3057,1.3046,1.3,-0.0107
11.785,1.3057,1.3047,1.3,-0.0106
11.79,1.3057,1.3046,1.3,-0.0111
11.795,1.3057,1.3045,1.3,-0.0115
11.8,1.3057,1.3045,1.3,-0.0114
11.805,1.3057,1.3044,1.3,-0.0117
11.81,1.3057,1.3045,1.3,-0.0116
11.815,1.3058,1.3045,1.3,-0.0114
11.82,1.3058,1.3045,1.3,-0.0113
11.825,1.3058,1.3046,1.3,-0.011
11.83,1.3058,1.3047,1.3,-0.0104
11.835,1.3059,1.3045,1.3,-0.0111
11.84,1.3059,1.3046,1.3,-0.0105
11.845,1.3059,1.3045,1.3,-0.0104
11.85,1.306,1.3046,1.3,-0.0098
11.855,1.306,1.3046,1.3,-0.0093
11.86,1.3061,1.3048,1.3,-0.0082
11.865,1.3061,1.3047,1.3,-0.0079
11.87,1.3062,1.3044,1.3,-0.0085
11.875,1.3062,1.3045,1.3,-0.0078
11.88,1.3063,1.3047,1.3,-0.0066
11.885,1.3064,1.3048,1.3,-0.0058
11.89,1.3064,1.3051,1.3,-0.0045
11.895,1.3065,1.3053,1.3,-0.0035
11.9,1.3065,1.3052,1.3,-0.0034
11.905,1.3066,1.3052,1.3,-0.0033
11.91,1.3067,1.3049,1.3,-0.0037
11.915,1.3067,1.3049,1.3,-0.0034
11.92,1.3068,1.305,1.3,-0.0029
11.925,1.3069,1.3052,1.3,-0.002
11.93,1.3069,1.3051,1.3,-0.0022
11.935,1.307,1.3053,1.3,-0.0014
11.94,1.3071,1.3054,1.3,-0.001
11.945,1.3071,1.3055,1.3,-0.0007
11.95,1.3072,1.3056,1.3,-0.0003
11.955,1.3073,1.3058,1.3,0.0001
11.96,1.3073,1.3057,1.3,-0.0001
11.965,1.3074,1.3058,1.3,0.0001
11.97,1.3074,1.3058,1.3,0.0001
11.975,1.3075,1.3059,1.3,0.0003
11.98,1.3075,1.3061,1.3,0.0007
11.985,1.3076,1.3064,1.3,0.0017
11.99,1.3076,1.3064,1.3,0.0015
11.995,1.3077,1.3065,1.3,0.0015
12.0,1.3077,1.3068,1.3,0.0022
12.005,1.3077,1.3069,1.3,0.002
12.01,1.3078,1.307,1.3,0.0021
12.015,1.3078,1.3069,1.3,0.0016
12.02,1.3078,1.3071,1.3,0.0019
12.025,1.3078,1.3073,1.3,0.0021
12.03,1.3079,1.3073,1.3,0.0019
12.035,1.3079,1.3074,1.3,0.0021
12.04,1.3079,1.3076,1.3,0.0022
12.045,1.3079,1.3075,1.3,0.0017
12.05,1.3079,1.3075,1.3,0.0014
12.055,1.3079,1.3073,1.3,0.0001
12.06,1.3078,1.3071,1.3,-0.0007
12.065,1.3078,1.3071,1.3,-0.0011
12.07,1.3078,1.3073,1.3,-0.0011
12.075,1.3078,1.3071,1.3,-0.002
12.08,1.3077,1.3069,1.3,-0.0032
12.085,1.3077,1.3069,1.3,-0.0037
12.09,1.3077,1.3066,1.3,-0.0048
12.095,1.3076,1.3063,1.3,-0.0062
12.1,1.3076,1.3066,1.3,-0.0056
12.105,1.3075,1.3065,1.3,-0.0063
12.11,1.3075,1.3064,1.3,-0.0069
12.115,1.3074,1.3066,1.3,-0.0068
12.12,1.3074,1.3068,1.3,-0.0066
12.125,1.3073,1.3067,1.3,-0.0072
12.13,1.3073,1.3066,1.3,-0.008
12.135,1.3072,1.3066,1.3,-0.0082
12.14,1.3071,1.3067,1.3,-0.0084
12.145,1.3071,1.3066,1.3,-0.0091
12.15,1.307,1.3067,1.3,-0.0087
12.155,1.307,1.3072,1.3,-0.0073
12.16,1.3069,1.3072,1.3,-0.0075
12.165,1.3068,1.3072,1.3,-0.0076
12.17,1.3068,1.3073,1.3,-0.0072
12.175,1.3067,1.3075,1.3,-0.0069
12.18,1.3066,1.3074,1.3,-0.0074
12.185,1.3066,1.3074,1.3,-0.0073
12.19,1.3065,1.3075,1.3,-0.0072
12.195,1.3064,1.3073,1.3,-0.0079
12.2,1.3064,1.3073,1.3,-0.0081
12.205,1.3063,1.307,1.3,-0.0091
12.21,1.3062,1.3067,1.3,-0.01
12.215,1.3062,1.3067,1.3,-0.0098
12.22,1.3061,1.3066,1.3,-0.0101
12.225,1.306,1.3064,1.3,-0.0103
12.23,1.306,1.3062,1.3,-0.0108
12.235,1.3059,1.306,1.3,-0.0109
12.24,1.3058,1.306,1.3,-0.0108
12.245,1.3057,1.306,1.3,-0.0105
12.25,1.3057,1.3059,1.3,-0.0106
12.255,1.3056,1.3059,1.3,-0.0105
12.26,1.3055,1.306,1.3,-0.0101
12.265,1.3055,1.3057,1.3,-0.0109
12.27,1.3054,1.3057,1.3,-0.0108
12.275,1.3053,1.3055,1.3,-0.0112
12.28,1.3053,1.3054,1.3,-0.0114
12.285,1.3052,1.3053,1.3,-0.0115
12.29,1.3051,1.3053,1.3,-0.0109
12.295,1.3051,1.3052,1.3,-0.011
12.3,1.305,1.3052,1.3,-0.0105
12.305,1.3049,1.305,1.3,-0.0107
12.31,1.3049,1.305,1.3,-0.0104
12.315,1.3048,1.3047,1.3,-0.0111
12.32,1.3048,1.3047,1.3,-0.0106
12.325,1.3047,1.3045,1.3,-0.0108
12.33,1.3047,1.3046,1.3,-0.0101
12.335,1.3046,1.3045,1.3,-0.0102
12.34,1.3046,1.3045,1.3,-0.0097
12.345,1.3045,1.3046,1.3,-0.0088
12.35,1.3045,1.3045,1.3,-0.009
12.355,1.3044,1.3044,1.3,-0.0089
12.36,1.3044,1.3045,1.3,-0.0083
12.365,1.3043,1.3043,1.3,-0.0084
12.37,1.3043,1.3045,1.3,-0.0076
12.375,1.3043,1.3044,1.3,-0.0074
12.38,1.3042,1.3046,1.3,-0.0066
12.385,1.3042,1.3044,1.3,-0.0073
12.39,1.3042,1.3043,1.3,-0.0073
12.395,1.3041,1.3042,1.3,-0.0072
12.4,1.3041,1.3044,1.3,-0.0062
12.405,1.3041,1.3042,1.3,-0.0065
12.41,1.304,1.3042,1.3,-0.0061
12.415,1.304,1.3042,1.3,-0.006
12.42,1.304,1.3043,1.3,-0.0053
12.425,1.3039,1.3043,1.3,-0.0052
12.43,1.3039,1.304,1.3,-0.0059
12.435,1.3039,1.3039,1.3,-0.0059
12.44,1.3039,1.3038,1.3,-0.006
12.445,1.3038,1.3036,1.3,-0.0061
12.45,1.3038,1.3037,1.3,-0.0055
12.455,1.3038,1.3036,1.3,-0.0057
12.46,1.3037,1.3038,1.3,-0.0046
12.465,1.3037,1.3035,1.3,-0.0053
12.47,1.3037,1.3037,1.3,-0.0043
12.475,1.3037,1.3039,1.3,-0.0034
12.48,1.3036,1.3038,1.3,-0.0037
12.485,1.3036,1.3036,1.3,-0.0039
12.49,1.3036,1.3037,1.3,-0.0034
12.495,1.3036,1.3038,1.3,-0.0031
12.5,1.3035,1.3038,1.3,-0.003
12.505,1.3035,1.3037,1.3,-0.0032
12.51,1.3035,1.3035,1.3,-0.0036
12.515,1.3034,1.3037,1.3,-0.0028
12.52,1.3034,1.3039,1.3,-0.0018
12.525,1.3034,1.3041,1.3,-0.0012
12.53,1.3034,1.3042,1.3,-0.0004
12.535,1.3033,1.3041,1.3,-0.0005
12.54,1.3033,1.3039,1.3,-0.0006
12.545,1.3033,1.3037,1.3,-0.001
12.55,1.3032,1.3038,1.3,-0.0008
12.555,1.3032,1.3037,1.3,-0.0009
12.56,1.3032,1.3038,1.3,-0.0004
12.565,1.3031,1.3041,1.3,0.0004
12.57,1.3031,1.3041,1.3,0.0005
12.575,1.3031,1.3039,1.3,-0.0004
12.58,1.303,1.3039,1.3,-0.0004
12.585,1.303,1.304,1.3,-0.0004
12.59,1.3029,1.3039,1.3,-0.0006
12.595,1.3029,1.3038,1.3,-0.0012
12.6,1.3028,1.3039,1.3,-0.0009
12.605,1.3027,1.304,1.3,-0.001
12.61,1.3027,1.3039,1.3,-0.0016
12.615,1.3026,1.3038,1.3,-0.002
12.62,1.3026,1.3037,1.3,-0.0025
12.625,1.3025,1.3037,1.3,-0.0029
12.63,1.3024,1.3037,1.3,-0.003
12.635,1.3024,1.3036,1.3,-0.0036
12.64,1.3023,1.3035,1.3,-0.004
12.645,1.3022,1.3035,1.3,-0.0041
12.65,1.3021,1.3035,1.3,-0.0043
12.655,1.3021,1.3033,1.3,-0.005
12.66,1.302,1.3033,1.3,-0.0049
12.665,1.3019,1.3033,1.3,-0.005
12.67,1.3018,1.3032,1.3,-0.0051
12.675,1.3018,1.3032,1.3,-0.005
12.68,1.3017,1.3031,1.3,-0.0053
12.685,1.3016,1.3031,1.3,-0.0052
12.69,1.3015,1.3028,1.3,-0.0061
12.695,1.3015,1.3025,1.3,-0.0068
12.7,1.3014,1.3024,1.3,-0.0071
12.705,1.3013,1.3024,1.3,-0.0068
12.71,1.3012,1.3021,1.3,-0.0076
12.715,1.3012,1.302,1.3,-0.0074
12.72,1.3011,1.3019,1.3,-0.0075
12.725,1.301,1.3019,1.3,-0.0071
12.73,1.3009,1.3015,1.3,-0.0076
12.735,1.3009,1.3014,1.3,-0.0075
12.74,1.3008,1.3015,1.3,-0.0069
12.745,1.3007,1.3015,1.3,-0.0065
12.75,1.3007,1.3014,1.3,-0.0063
12.755,1.3006,1.3012,1.3,-0.0068
12.76,1.3006,1.301,1.3,-0.0071
12.765,1.3005,1.301,1.3,-0.0066
12.77,1.3004,1.3009,1.3,-0.0065
12.775,1.3004,1.3006,1.3,-0.0068
12.78,1.3003,1.3006,1.3,-0.0064
12.785,1.3003,1.3006,1.3,-0.006
12.79,1.3002,1.3006,1.3,-0.0054
12.795,1.3002,1.3006,1.3,-0.0049
12.8,1.3002,1.3007,1.3,-0.0039
12.805,1.3001,1.3005,1.3,-0.0038
12.81,1.3001,1.3005,1.3,-0.0031
12.815,1.3,1.3005,1.3,-0.0025
12.82,1.3,1.3008,1.3,-0.0013
12.825,1.3,1.3003,1.3,-0.0022
12.83,1.3,1.3001,1.3,-0.0025
12.835,1.2999,1.2998,1.3,-0.0028
12.84,1.2999,1.2998,1.3,-0.0022
12.845,1.2999,1.2997,1.3,-0.0021
12.85,1.2999,1.2995,1.3,-0.0023
12.855,1.2998,1.2997,1.3,-0.0013
12.86,1.2998,1.2996,1.3,-0.0012
12.865,1.2998,1.2996,1.3,-0.001
12.87,1.2998,1.2993,1.3,-0.0016
12.875,1.2998,1.2991,1.3,-0.0018
12.88,1.2997,1.2991,1.3,-0.0015
12.885,1.2997,1.2991,1.3,-0.0011
12.89,1.2997,1.2993,1.3,-0.0001
12.895,1.2997,1.2995,1.3,0.0009
12.9,1.2997,1.2996,1.3,0.0015
12.905,1.2997,1.2999,1.3,0.0027
12.91,1.2997,1.2996,1.3,0.0019
12.915,1.2997,1.2996,1.3,0.0023
12.92,1.2997,1.2998,1.3,0.0029
12.925,1.2996,1.2997,1.3,0.0028
12.93,1.2996,1.2997,1.3,0.0031
12.935,1.2996,1.2998,1.3,0.0036
12.94,1.2996,1.2994,1.3,0.0024
12.945,1.2996,1.2996,1.3,0.0032
12.95,1.2996,1.2995,1.3,0.003
12.955,1.2996,1.2996,1.3,0.0032
12.96,1.2996,1.2998,1.3,0.0038
12.965,1.2996,1.3,1.3,0.0044
12.97,1.2996,1.3002,1.3,0.0047
12.975,1.2995,1.3001,1.3,0.0043
12.98,1.2995,1.3003,1.3,0.0049
12.985,1.2995,1.3,1.3,0.0039
12.99,1.2995,1.3001,1.3,0.004
12.995,1.2995,1.3,1.3,0.0038
13.0,1.2995,1.3003,1.3,0.0046
13.005,1.2994,1.3003,1.3,0.0046
13.01,1.2994,1.3003,1.3,0.0042
13.015,1.2994,1.3006,1.3,0.0051
13.02,1.2994,1.3005,1.3,0.0046
13.025,1.2993,1.3005,1.3,0.0042
13.03,1.2993,1.3007,1.3,0.0047
13.035,1.2993,1.3008,1.3,0.0047
13.04,1.2993,1.3006,1.3,0.0039
13.045,1.2992,1.3004,1.3,0.003
13.05,1.2992,1.3005,1.3,0.003
13.055,1.2991,1.3006,1.3,0.0028
13.06,1.2991,1.3005,1.3,0.002
13.065,1.2991,1.3006,1.3,0.0018
13.07,1.299,1.3006,1.3,0.0014
13.075,1.299,1.3005,1.3,0.0007
13.08,1.2989,1.3007,1.3,0.0009
13.085,1.2989,1.3007,1.3,0.0007
13.09,1.2988,1.3006,1.3,0.0003
13.095,1.2988,1.3006,1.3,-0.0
13.1,1.2987,1.3007,1.3,-0.0002
13.105,1.2987,1.3007,1.3,-0.0003
13.11,1.2986,1.3008,1.3,-0.0001
13.115,1.2986,1.3006,1.3,-0.0009
13.12,1.2985,1.3002,1.3,-0.0022
13.125,1.2985,1.3002,1.3,-0.0024
13.13,1.2984,1.3001,1.3,-0.0027
13.135,1.2984,1.2999,1.3,-0.0036
13.14,1.2983,1.2996,1.3,-0.0044
13.145,1.2983,1.2997,1.3,-0.0042
13.15,1.2982,1.2996,1.3,-0.0045
13.155,1.2982,1.2995,1.3,-0.0047
13.16,1.2981,1.2993,1.3,-0.0052
13.165,1.2981,1.2994,1.3,-0.0049
13.17,1.298,1.2993,1.3,-0.0048
13.175,1.298,1.2992,1.3,-0.0051
13.18,1.2979,1.299,1.3,-0.0054
13.185,1.2979,1.299,1.3,-0.0054
13.19,1.2979,1.2992,1.3,-0.0045
13.195,1.2978,1.2993,1.3,-0.0038
13.2,1.2978,1.2993,1.3,-0.0036
13.205,1.2978,1.2993,1.3,-0.0035
13.21,1.2978,1.2991,1.3,-0.0037
13.215,1.2977,1.299,1.3,-0.0039
13.22,1.2977,1.2986,1.3,-0.0048
13.225,1.2977,1.2987,1.3,-0.0041
13.23,1.2977,1.2986,1.3,-0.004
13.235,1.2977,1.2986,1.3,-0.0038
13.24,1.2977,1.2987,1.3,-0.003
13.245,1.2977,1.2985,1.3,-0.0032
13.25,1.2977,1.2988,1.3,-0.002
13.255,1.2977,1.2986,1.3,-0.0022
13.26,1.2977,1.2986,1.3,-0.0016
13.265,1.2977,1.2985,1.3,-0.0015
13.27,1.2977,1.2985,1.3,-0.0012
13.275,1.2977,1.2984,1.3,-0.0013
13.28,1.2977,1.2982,1.3,-0.0013
13.285,1.2977,1.2981,1.3,-0.0014
13.29,1.2977,1.2982,1.3,-0.0008
13.295,1.2977,1.2986,1.3,0.0009
13.3,1.2978,1.2989,1.3,0.0021
13.305,1.2978,1.2988,1.3,0.0023
13.31,1.2978,1.299,1.3,0.0031
13.315,1.2978,1.299,1.3,0.0033
13.32,1.2979,1.2989,1.3,0.0033
13.325,1.2979,1.2992,1.3,0.0042
13.33,1.2979,1.299,1.3,0.0036
13.335,1.2979,1.2992,1.3,0.0044
13.34,1.298,1.2996,1.3,0.0058
13.345,1.298,1.2995,1.3,0.0055
13.35,1.298,1.2996,1.3,0.0059
13.355,1.298,1.2996,1.3,0.0058
13.36,1.2981,1.2995,1.3,0.0056
13.365,1.2981,1.2993,1.3,0.0051
13.37,1.2981,1.2991,1.3,0.0044
13.375,1.2981,1.2988,1.3,0.0035
13.38,1.2981,1.299,1.3,0.0042
13.385,1.2982,1.2991,1.3,0.0042
13.39,1.2982,1.299,1.3,0.0036
13.395,1.2982,1.2992,1.3,0.0041
13.4,1.2982,1.2995,1.3,0.005
13.405,1.2982,1.2993,1.3,0.0044
13.41,1.2982,1.2991,1.3,0.0035
13.415,1.2983,1.299,1.3,0.0031
13.42,1.2983,1.2989,1.3,0.0027
13.425,1.2983,1.2989,1.3,0.0025
13.43,1.2983,1.2992,1.3,0.0036
13.435,1.2983,1.2992,1.3,0.0035
13.44,1.2983,1.299,1.3,0.0028
13.445,1.2983,1.2992,1.3,0.0032
13.45,1.2983,1.2992,1.3,0.0031
13.455,1.2983,1.2992,1.3,0.0027
13.46,1.2983,1.2993,1.3,0.0029
13.465,1.2983,1.299,1.3,0.0018
13.47,1.2983,1.2992,1.3,0.0019
13.475,1.2983,1.2992,1.3,0.0017
13.48,1.2983,1.2992,1.3,0.0014
13.485,1.2983,1.2993,1.3,0.0017
13.49,1.2983,1.2992,1.3,0.0013
13.495,1.2983,1.2989,1.3,0.0004
13.5,1.2983,1.299,1.3,0.0006
13.505,1.2983,1.299,1.3,0.0007
13.51,1.2983,1.299,1.3,0.0007
13.515,1.2983,1.2989,1.3,0.0004
13.52,1.2983,1.2988,1.3,0.0002
13.525,1.2983,1.2989,1.3,0.0002
13.53,1.2983,1.2986,1.3,-0.0005
13.535,1.2983,1.2986,1.3,-0.0006
13.54,1.2983,1.2983,1.3,-0.0019
13.545,1.2984,1.2981,1.3,-0.0023
13.55,1.2984,1.2979,1.3,-0.0031
13.555,1.2984,1.2981,1.3,-0.0024
13.56,1.2984,1.2977,1.3,-0.0036
13.565,1.2984,1.2977,1.3,-0.0033
13.57,1.2984,1.2981,1.3,-0.002
13.575,1.2984,1.2984,1.3,-0.0011
13.58,1.2984,1.2986,1.3,-0.0004
13.585,1.2984,1.2987,1.3,0.0
13.59,1.2985,1.2987,1.3,0.0004
13.595,1.2985,1.2986,1.3,0.0
13.6,1.2985,1.2985,1.3,-0.0003
13.605,1.2985,1.2985,1.3,-0.0001
13.61,1.2985,1.2982,1.3,-0.0009
13.615,1.2986,1.2983,1.3,-0.0006
13.62,1.2986,1.2982,1.3,-0.0008
13.625,1.2986,1.2985,1.3,0.0003
13.63,1.2987,1.2987,1.3,0.0008
13.635,1.2987,1.2988,1.3,0.0011
13.64,1.2987,1.2986,1.3,0.0006
13.645,1.2988,1.2987,1.3,0.0009
13.65,1.2988,1.2987,1.3,0.001
13.655,1.2989,1.299,1.3,0.0017
13.66,1.2989,1.2992,1.3,0.0023
13.665,1.2989,1.2992,1.3,0.0022
13.67,1.299,1.299,1.3,0.0016
13.675,1.299,1.2991,1.3,0.0018
13.68,1.2991,1.2987,1.3,0.0005
13.685,1.2991,1.2987,1.3,0.0005
13.69,1.2992,1.2985,1.3,-0.0
13.695,1.2992,1.2987,1.3,0.0006
13.7,1.2993,1.2986,1.3,0.0003
13.705,1.2993,1.2988,1.3,0.0008
13.71,1.2993,1.2988,1.3,0.0009
13.715,1.2994,1.2987,1.3,0.0008
13.72,1.2994,1.2988,1.3,0.0012
13.725,1.2995,1.2988,1.3,0.0012
13.73,1.2995,1.2988,1.3,0.0011
13.735,1.2996,1.2985,1.3,0.0004
13.74,1.2996,1.2984,1.3,0.0002
13.745,1.2997,1.2985,1.3,0.0005
13.75,1.2997,1.299,1.3,0.0023
13.755,1.2998,1.2992,1.3,0.003
13.76,1.2998,1.2991,1.3,0.003
13.765,1.2999,1.2992,1.3,0.0034
13.77,1.2999,1.2992,1.3,0.0035
13.775,1.3,1.2991,1.3,0.0037
13.78,1.3,1.2992,1.3,0.0041
13.785,1.3001,1.2993,1.3,0.0047
13.79,1.3002,1.2992,1.3,0.0048
13.795,1.3002,1.2992,1.3,0.0048
13.8,1.3003,1.2993,1.3,0.0057
13.805,1.3003,1.2995,1.3,0.0065
13.81,1.3004,1.2995,1.3,0.0067
13.815,1.3004,1.2997,1.3,0.0073
13.82,1.3005,1.2996,1.3,0.0072
13.825,1.3005,1.2998,1.3,0.008
13.83,1.3005,1.2999,1.3,0.0083
13.835,1.3006,1.3,1.3,0.0087
13.84,1.3006,1.3002,1.3,0.0093
13.845,1.3007,1.3001,1.3,0.0088
13.85,1.3007,1.3004,1.3,0.0096
13.855,1.3007,1.3006,1.3,0.0099
13.86,1.3008,1.3007,1.3,0.0101
13.865,1.3008,1.3007,1.3,0.0097
13.87,1.3008,1.3007,1.3,0.0094
13.875,1.3008,1.3009,1.3,0.0094
13.88,1.3008,1.301,1.3,0.0094
13.885,1.3008,1.3009,1.3,0.0086
13.89,1.3009,1.301,1.3,0.0084
13.895,1.3009,1.3011,1.3,0.0081
13.9,1.3009,1.301,1.3,0.0074
13.905,1.3008,1.3008,1.3,0.0064
13.91,1.3008,1.3009,1.3,0.0062
13.915,1.3008,1.3005,1.3,0.0046
13.92,1.3008,1.3005,1.3,0.0043
13.925,1.3008,1.3005,1.3,0.0038
13.93,1.3008,1.3003,1.3,0.0028
13.935,1.3007,1.3005,1.3,0.003
13.94,1.3007,1.3005,1.3,0.0025
13.945,1.3007,1.3005,1.3,0.0021
13.95,1.3006,1.3007,1.3,0.0022
13.955,1.3006,1.3006,1.3,0.0011
13.96,1.3006,1.3004,1.3,0.0003
13.965,1.3005,1.3004,1.3,-0.0002
13.97,1.3005,1.3006,1.3,-0.0001
13.975,1.3005,1.3002,1.3,-0.0019
13.98,1.3004,1.3001,1.3,-0.0025
13.985,1.3004,1.3,1.3,-0.0032
13.99,1.3003,1.3,1.3,-0.0038
13.995,1.3003,1.2999,1.3,-0.0043
14.0,1.3003,1.3,1.6,-0.0043
14.005,1.3002,1.3001,1.6,-0.0044
14.01,1.3002,1.3,1.6,-0.0043
14.015,1.3002,1.2999,1.6,-0.004
14.02,1.3003,1.2998,1.6,-0.0034
14.025,1.3003,1.2999,1.6,-0.0017
14.03,1.3005,1.3,1.6,0.0005
14.035,1.3007,1.3,1.6,0.0029
14.04,1.301,1.3,1.6,0.006
14.045,1.3013,1.3,1.6,0.0094
14.05,1.3018,1.3003,1.6,0.0141
14.055,1.3023,1.3006,1.6,0.0194
14.06,1.3029,1.3009,1.6,0.0253
14.065,1.3035,1.3013,1.6,0.0319
14.07,1.3043,1.3014,1.6,0.0382
14.075,1.3051,1.3019,1.6,0.0458
14.08,1.306,1.3021,1.6,0.0532
14.085,1.307,1.3023,1.6,0.0605
14.09,1.308,1.3026,1.6,0.0686
14.095,1.3091,1.303,1.6,0.077
14.1,1.3103,1.3039,1.6,0.0871
14.105,1.3116,1.3047,1.6,0.0968
14.11,1.3129,1.3051,1.6,0.1054
14.115,1.3143,1.306,1.6,0.1158
14.12,1.3157,1.3066,1.6,0.1249
14.125,1.3172,1.3078,1.6,0.1357
14.13,1.3188,1.3086,1.6,0.1454
14.135,1.3204,1.31,1.6,0.1563
14.14,1.322,1.3111,1.6,0.1663
14.145,1.3237,1.3121,1.6,0.1757
14.15,1.3254,1.3135,1.6,0.1857
14.155,1.3271,1.3148,1.6,0.195
14.16,1.3289,1.3163,1.6,0.2049
14.165,1.3306,1.3177,1.6,0.214
14.17,1.3324,1.3194,1.6,0.2235
14.175,1.3342,1.3209,1.6,0.2321
14.18,1.336,1.3226,1.6,0.2407
14.185,1.3378,1.3244,1.6,0.2492
14.19,1.3396,1.326,1.6,0.2565
14.195,1.3414,1.3281,1.6,0.2649
14.2,1.3432,1.3299,1.6,0.2718
14.205,1.345,1.3318,1.6,0.2783
14.21,1.3468,1.3336,1.6,0.2839
14.215,1.3485,1.3353,1.6,0.2887
14.22,1.3502,1.3371,1.6,0.2934
14.225,1.3519,1.3388,1.6,0.2971
14.23,1.3536,1.3406,1.6,0.3007
14.235,1.3552,1.3426,1.6,0.3045
14.24,1.3568,1.3448,1.6,0.3084
14.245,1.3584,1.3467,1.6,0.3109
14.25,1.3599,1.3489,1.6,0.3138
14.255,1.3614,1.3509,1.6,0.3157
14.26,1.3628,1.353,1.6,0.3171
14.265,1.3642,1.3547,1.6,0.3171
14.27,1.3655,1.3564,1.6,0.3165
14.275,1.3668,1.3584,1.6,0.3165
14.28,1.3681,1.3603,1.6,0.3156
14.285,1.3693,1.362,1.6,0.3137
14.29,1.3705,1.3637,1.6,0.3114
14.295,1.3716,1.3654,1.6,0.3089
14.3,1.3726,1.3669,1.6,0.3055
14.305,1.3737,1.3684,1.6,0.3019
14.31,1.3746,1.3704,1.6,0.2994
14.315,1.3755,1.372,1.6,0.2956
14.32,1.3764,1.3734,1.6,0.291
14.325,1.3772,1.375,1.6,0.287
14.33,1.378,1.3764,1.6,0.2821
14.335,1.3788,1.378,1.6,0.278
14.34,1.3795,1.3797,1.6,0.2738
14.345,1.3801,1.3811,1.6,0.2685
14.35,1.3807,1.3823,1.6,0.2626
14.355,1.3813,1.3835,1.6,0.2566
14.36,1.3818,1.3846,1.6,0.2503
14.365,1.3823,1.3856,1.6,0.2437
14.37,1.3828,1.3864,1.6,0.2366
14.375,1.3832,1.3874,1.6,0.2302
14.38,1.3836,1.3881,1.6,0.2233
14.385,1.384,1.389,1.6,0.2169
14.39,1.3844,1.3899,1.6,0.2109
14.395,1.3847,1.3908,1.6,0.2049
14.4,1.385,1.3916,1.6,0.1988
14.405,1.3854,1.3924,1.6,0.1933
14.41,1.3856,1.393,1.6,0.187
14.415,1.3859,1.3937,1.6,0.1812
14.42,1.3862,1.3943,1.6,0.1756
14.425,1.3865,1.395,1.6,0.1707
14.43,1.3867,1.3957,1.6,0.1659
14.435,1.387,1.3961,1.6,0.1605
14.44,1.3873,1.3968,1.6,0.1566
14.445,1.3875,1.3974,1.6,0.1523
14.45,1.3878,1.3978,1.6,0.1481
14.455,1.3881,1.3982,1.6,0.1439
14.46,1.3884,1.3987,1.6,0.1401
14.465,1.3887,1.399,1.6,0.1365
14.47,1.389,1.3998,1.6,0.1346
14.475,1.3894,1.3999,1.6,0.1309
14.48,1.3897,1.4003,1.6,0.1285
14.485,1.3901,1.4008,1.6,0.127
14.49,1.3905,1.4013,1.6,0.1256
14.495,1.3909,1.4014,1.6,0.1234
14.5,1.3914,1.4019,1.6,0.1225
14.505,1.3919,1.4023,1.6,0.1219
14.51,1.3924,1.4028,1.6,0.1216
14.515,1.3929,1.403,1.6,0.121
14.52,1.3935,1.403,1.6,0.1199
14.525,1.3941,1.4035,1.6,0.1206
14.53,1.3947,1.4035,1.6,0.12
14.535,1.3954,1.4037,1.6,0.1199
14.54,1.3961,1.4042,1.6,0.1214
14.545,1.3968,1.4047,1.6,0.1231
14.55,1.3975,1.405,1.6,0.1245
14.555,1.3983,1.4056,1.6,0.1268
14.56,1.3992,1.406,1.6,0.1291
14.565,1.4,1.4066,1.6,0.1318
14.57,1.4009,1.4069,1.6,0.1339
14.575,1.4018,1.4074,1.6,0.1367
14.58,1.4028,1.4081,1.6,0.14
14.585,1.4037,1.4087,1.6,0.1434
14.59,1.4048,1.4094,1.6,0.1471
14.595,1.4058,1.4099,1.6,0.1499
14.6,1.4069,1.4105,1.6,0.1534
14.605,1.4079,1.4113,1.6,0.1573
14.61,1.4091,1.4121,1.6,0.1615
14.615,1.4102,1.4127,1.6,0.1649
14.62,1.4114,1.4134,1.6,0.1688
14.625,1.4125,1.4142,1.6,0.1725
14.63,1.4137,1.4146,1.6,0.175
14.635,1.4149,1.4156,1.6,0.1791
14.64,1.4162,1.4166,1.6,0.1833
14.645,1.4174,1.4175,1.6,0.1869
14.65,1.4187,1.4184,1.6,0.1907
14.655,1.4199,1.4194,1.6,0.1945
14.66,1.4212,1.4204,1.6,0.1981
14.665,1.4225,1.4216,1.6,0.202
14.67,1.4238,1.4226,1.6,0.2056
14.675,1.4251,1.4235,1.6,0.2082
14.68,1.4264,1.4246,1.6,0.2115
14.685,1.4277,1.4258,1.6,0.2149
14.69,1.429,1.427,1.6,0.2181
14.695,1.4303,1.4282,1.6,0.221
14.7,1.4316,1.4293,1.6,0.2234
14.705,1.4329,1.4307,1.6,0.2266
14.71,1.4341,1.4317,1.6,0.2282
14.715,1.4354,1.4328,1.6,0.2299
14.72,1.4367,1.4338,1.6,0.2313
14.725,1.4379,1.4353,1.6,0.2338
14.73,1.4392,1.4365,1.6,0.2353
14.735,1.4404,1.4377,1.6,0.2363
14.74,1.4416,1.4388,1.6,0.2372
14.745,1.4428,1.4402,1.6,0.2385
14.75,1.444,1.4416,1.6,0.2397
14.755,1.4452,1.443,1.6,0.2405
14.76,1.4464,1.4447,1.6,0.2421
14.765,1.4475,1.4459,1.6,0.242
14.77,1.4486,1.4471,1.6,0.2417
14.775,1.4497,1.4487,1.6,0.2425
14.78,1.4508,1.4498,1.6,0.2413
14.785,1.4519,1.4508,1.6,0.2403
14.79,1.453,1.4523,1.6,0.2403
14.795,1.454,1.4536,1.6,0.2395
14.8,1.455,1.4547,1.6,0.2383
14.805,1.456,1.4557,1.6,0.2362
14.81,1.457,1.4565,1.6,0.2338
14.815,1.4579,1.4581,1.6,0.2338
14.82,1.4589,1.4592,1.6,0.2319
14.825,1.4598,1.4604,1.6,0.2305
14.83,1.4607,1.4613,1.6,0.2279
14.835,1.4616,1.4624,1.6,0.226
14.84,1.4624,1.4637,1.6,0.2245
14.845,1.4633,1.4648,1.6,0.2225
14.85,1.4641,1.4659,1.6,0.2205
14.855,1.4649,1.467,1.6,0.2182
14.86,1.4657,1.468,1.6,0.216
14.865,1.4665,1.4689,1.6,0.2135
14.87,1.4673,1.4697,1.6,0.2105
14.875,1.4681,1.4708,1.6,0.2087
14.88,1.4688,1.4719,1.6,0.2066
14.885,1.4696,1.473,1.6,0.2048
14.89,1.4703,1.474,1.6,0.2027
14.895,1.4711,1.4748,1.6,0.1999
14.9,1.4718,1.4757,1.6,0.1975
14.905,1.4725,1.4767,1.6,0.1956
14.91,1.4732,1.4774,1.6,0.1931
14.915,1.4739,1.4781,1.6,0.1903
14.92,1.4746,1.4788,1.6,0.1881
14.925,1.4753,1.4797,1.6,0.1862
14.93,1.476,1.4805,1.6,0.1843
14.935,1.4767,1.4813,1.6,0.1824
14.94,1.4774,1.4822,1.6,0.1812
14.945,1.4781,1.4831,1.6,0.1798
14.95,1.4788,1.4839,1.6,0.1782
14.955,1.4795,1.4844,1.6,0.1758
14.96,1.4802,1.485,1.6,0.1741
14.965,1.4809,1.4856,1.6,0.1721
14.97,1.4816,1.4863,1.6,0.1704
14.975,1.4823,1.4873,1.6,0.1699
14.98,1.483,1.4877,1.6,0.1677
14.985,1.4837,1.4882,1.6,0.1661
14.99,1.4845,1.489,1.6,0.1652
14.995,1.4852,1.4896,1.6,0.1641
15.0,1.4859,1.4902,1.6,0.163
15.005,1.4866,1.4905,1.6,0.1611
15.01,1.4874,1.4911,1.6,0.1601
15.015,1.4881,1.4918,1.6,0.1595
15.02,1.4889,1.4924,1.6,0.1589
15.025,1.4896,1.4931,1.6,0.1582
15.03,1.4904,1.4938,1.6,0.158
15.035,1.4911,1.4943,1.6,0.157
15.04,1.4919,1.4952,1.6,0.1573
15.045,1.4927,1.4955,1.6,0.1561
15.05,1.4935,1.4963,1.6,0.1563
15.055,1.4943,1.497,1.6,0.1561
15.06,1.4951,1.4977,1.6,0.1561
15.065,1.4959,1.4983,1.6,0.1556
15.07,1.4967,1.4986,1.6,0.1541
15.075,1.4975,1.4991,1.6,0.1535
15.08,1.4983,1.4998,1.6,0.1538
15.085,1.4992,1.5006,1.6,0.1543
15.09,1.5,1.5013,1.6,0.1546
15.095,1.5008,1.5021,1.6,0.155
15.1,1.5017,1.5029,1.6,0.1555
15.105,1.5025,1.5032,1.6,0.1547
15.11,1.5034,1.504,1.6,0.1554
15.115,1.5042,1.5049,1.6,0.1563
15.12,1.5051,1.5056,1.6,0.1566
15.125,1.506,1.5064,1.6,0.1574
15.13,1.5068,1.5073,1.6,0.1583
15.135,1.5077,1.5081,1.6,0.1587
15.14,1.5086,1.509,1.6,0.1598
15.145,1.5095,1.51,1.6,0.1611
15.15,1.5104,1.511,1.6,0.162
15.155,1.5112,1.5115,1.6,0.1616
15.16,1.5121,1.5123,1.6,0.1618
15.165,1.513,1.5132,1.6,0.1624
15.17,1.5139,1.5142,1.6,0.1633
15.175,1.5147,1.5148,1.6,0.1627
15.18,1.5156,1.5157,1.6,0.1631
15.185,1.5165,1.5163,1.6,0.1625
15.19,1.5173,1.5172,1.6,0.1626
15.195,1.5182,1.5182,1.6,0.1631
15.2,1.5191,1.5187,1.6,0.1621
15.205,1.5199,1.5192,1.6,0.1609
15.21,1.5207,1.52,1.6,0.1605
15.215,1.5216,1.5212,1.6,0.1615
15.22,1.5224,1.5219,1.6,0.1606
15.225,1.5232,1.5226,1.6,0.1599
15.23,1.524,1.5233,1.6,0.1592
15.235,1.5248,1.5241,1.6,0.1585
15.24,1.5256,1.5249,1.6,0.1576
15.245,1.5264,1.5257,1.6,0.1571
15.25,1.5272,1.5266,1.6,0.1566
15.255,1.5279,1.5272,1.6,0.1551
15.26,1.5287,1.5282,1.6,0.1546
15.265,1.5294,1.5288,1.6,0.1532
15.27,1.5302,1.5295,1.6,0.1517
15.275,1.5309,1.5305,1.6,0.1513
15.28,1.5316,1.5309,1.6,0.1489
15.285,1.5323,1.5315,1.6,0.1473
15.29,1.533,1.5321,1.6,0.1457
15.295,1.5337,1.5329,1.6,0.1446
15.3,1.5344,1.5338,1.6,0.1436
15.305,1.535,1.5346,1.6,0.1427
15.31,1.5357,1.5356,1.6,0.1419
15.315,1.5363,1.5362,1.6,0.1403
15.32,1.537,1.537,1.6,0.1388
15.325,1.5376,1.5375,1.6,0.1368
15.33,1.5382,1.5382,1.6,0.1351
15.335,1.5388,1.5389,1.6,0.1337
15.34,1.5394,1.5395,1.6,0.1319
15.345,1.54,1.54,1.6,0.1299
15.35,1.5406,1.5406,1.6,0.1281
15.355,1.5412,1.5414,1.6,0.1272
15.36,1.5417,1.5422,1.6,0.1261
15.365,1.5423,1.5428,1.6,0.1244
15.37,1.5428,1.5433,1.6,0.1227
15.375,1.5434,1.5439,1.6,0.1211
15.38,1.5439,1.5447,1.6,0.1202
15.385,1.5444,1.5449,1.6,0.1176
15.39,1.5449,1.5453,1.6,0.1155
15.395,1.5455,1.5458,1.6,0.1139
15.4,1.546,1.5463,1.6,0.1125
15.405,1.5465,1.547,1.6,0.1115
15.41,1.547,1.5477,1.6,0.1106
15.415,1.5475,1.5484,1.6,0.1099
15.42,1.5479,1.549,1.6,0.1088
15.425,1.5484,1.5496,1.6,0.1075
15.43,1.5489,1.5498,1.6,0.1052
15.435,1.5494,1.5501,1.6,0.1033
15.44,1.5499,1.5507,1.6,0.1021
15.445,1.5503,1.5511,1.6,0.1005
15.45,1.5508,1.5514,1.6,0.099
15.455,1.5513,1.5521,1.6,0.0985
15.46,1.5517,1.5526,1.6,0.0975
15.465,1.5522,1.5531,1.6,0.0968
15.47,1.5527,1.5536,1.6,0.0959
15.475,1.5531,1.5542,1.6,0.0954
15.48,1.5536,1.5545,1.6,0.0944
15.485,1.554,1.5549,1.6,0.0936
15.49,1.5545,1.5553,1.6,0.0926
15.495,1.555,1.5557,1.6,0.0918
15.5,1.5554,1.5561,1.6,0.0912
15.505,1.5559,1.5565,1.6,0.0905
15.51,1.5563,1.5569,1.6,0.09
15.515,1.5568,1.5572,1.6,0.0894
15.52,1.5572,1.5574,1.6,0.0884
15.525,1.5577,1.5577,1.6,0.0875
15.53,1.5582,1.5582,1.6,0.0874
15.535,1.5586,1.5585,1.6,0.0869
15.54,1.5591,1.559,1.6,0.0866
15.545,1.5596,1.5595,1.6,0.0868
15.55,1.56,1.5598,1.6,0.0861
15.555,1.5605,1.5601,1.6,0.0851
15.56,1.5609,1.5607,1.6,0.0854
15.565,1.5614,1.5613,1.6,0.0856
15.57,1.5619,1.5616,1.6,0.0849
15.575,1.5623,1.5623,1.6,0.0854
15.58,1.5628,1.5626,1.6,0.0847
15.585,1.5633,1.5631,1.6,0.0848
15.59,1.5637,1.5636,1.6,0.0846
15.595,1.5642,1.564,1.6,0.0841
15.6,1.5647,1.5645,1.6,0.0841
15.605,1.5651,1.5648,1.6,0.0834
15.61,1.5656,1.5654,1.6,0.0834
15.615,1.5661,1.5657,1.6,0.0829
15.62,1.5665,1.5661,1.6,0.0826
15.625,1.567,1.5664,1.6,0.0823
15.63,1.5675,1.5669,1.6,0.0823
15.635,1.5679,1.5676,1.6,0.083
15.64,1.5684,1.5679,1.6,0.0821
15.645,1.5688,1.5682,1.6,0.0817
15.65,1.5693,1.5685,1.6,0.081
15.655,1.5697,1.569,1.6,0.0812
15.66,1.5702,1.5693,1.6,0.0808
15.665,1.5706,1.57,1.6,0.0814
15.67,1.5711,1.5707,1.6,0.0819
15.675,1.5715,1.5714,1.6,0.0824
15.68,1.572,1.5717,1.6,0.0819
15.685,1.5724,1.572,1.6,0.0812
15.69,1.5729,1.5725,1.6,0.0809
15.695,1.5733,1.573,1.6,0.0811
15.7,1.5737,1.5732,1.6,0.0801
15.705,1.5741,1.5738,1.6,0.0801
15.71,1.5746,1.5741,1.6,0.0797
15.715,1.575,1.5746,1.6,0.0797
15.72,1.5754,1.575,1.6,0.0794
15.725,1.5758,1.5753,1.6,0.0788
15.73,1.5762,1.5758,1.6,0.0788
15.735,1.5766,1.5762,1.6,0.0785
15.74,1.577,1.5766,1.6,0.078
15.745,1.5774,1.5772,1.6,0.0781
15.75,1.5778,1.5775,1.6,0.0773
15.755,1.5781,1.5776,1.6,0.0762
15.76,1.5785,1.5779,1.6,0.0753
15.765,1.5789,1.5782,1.6,0.0746
15.77,1.5792,1.5786,1.6,0.074
15.775,1.5796,1.5789,1.6,0.0733
15.78,1.5799,1.5793,1.6,0.0729
15.785,1.5803,1.5798,1.6,0.0726
15.79,1.5806,1.58,1.6,0.0714
15.795,1.5809,1.5806,1.6,0.0715
15.8,1.5813,1.5806,1.6,0.0697
15.805,1.5816,1.5814,1.6,0.0703
15.81,1.5819,1.5817,1.6,0.0697
15.815,1.5822,1.5821,1.6,0.0691
15.82,1.5825,1.5826,1.6,0.069
15.825,1.5828,1.583,1.6,0.0685
15.83,1.5831,1.5835,1.6,0.0681
15.835,1.5834,1.5839,1.6,0.0672
15.84,1.5837,1.5842,1.6,0.0665
15.845,1.584,1.5846,1.6,0.0657
15.85,1.5843,1.585,1.6,0.0652
15.855,1.5845,1.5852,1.6,0.0641
15.86,1.5848,1.5857,1.6,0.0638
15.865,1.585,1.5861,1.6,0.0633
15.87,1.5853,1.5864,1.6,0.0626
15.875,1.5855,1.5864,1.6,0.061
15.88,1.5858,1.5865,1.6,0.06
15.885,1.586,1.5865,1.6,0.0583
15.89,1.5863,1.5867,1.6,0.0575
15.895,1.5865,1.5871,1.6,0.0572
15.9,1.5867,1.5871,1.6,0.0557
15.905,1.5869,1.5872,1.6,0.0542
15.91,1.5871,1.5873,1.6,0.0531
15.915,1.5873,1.5877,1.6,0.0525
15.92,1.5875,1.5878,1.6,0.0514
15.925,1.5878,1.588,1.6,0.0503
15.93,1.588,1.5882,1.6,0.0494
15.935,1.5882,1.5884,1.6,0.0486
15.94,1.5883,1.5889,1.6,0.0488
15.945,1.5885,1.5889,1.6,0.0473
15.95,1.5887,1.5892,1.6,0.0467
15.955,1.5889,1.5894,1.6,0.0462
15.96,1.5891,1.5895,1.6,0.045
15.965,1.5893,1.5898,1.6,0.0447
15.97,1.5895,1.5897,1.6,0.043
15.975,1.5897,1.5898,1.6,0.042
15.98,1.5899,1.5902,1.6,0.0422
15.985,1.5901,1.5905,1.6,0.0418
15.99,1.5903,1.5907,1.6,0.0414
15.995,1.5905,1.591,1.6,0.0413
16.0,1.5906,1.5914,1.6,0.0413
16.005,1.5908,1.5916,1.6,0.0411
16.01,1.591,1.5918,1.6,0.0403
16.015,1.5912,1.592,1.6,0.0399
16.02,1.5914,1.5921,1.6,0.0391
16.025,1.5916,1.5922,1.6,0.0384
16.03,1.5918,1.5922,1.6,0.0377
16.035,1.592,1.5926,1.6,0.0379
16.04,1.5922,1.5927,1.6,0.0376
16.045,1.5924,1.593,1.6,0.0377
16.05,1.5926,1.5932,1.6,0.0378
16.055,1.5928,1.5934,1.6,0.0378
16.06,1.593,1.5937,1.6,0.0382
16.065,1.5932,1.5941,1.6,0.0388
16.07,1.5934,1.5943,1.6,0.0389
16.075,1.5936,1.5945,1.6,0.0391
16.08,1.5938,1.5946,1.6,0.0388
16.085,1.5941,1.5947,1.6,0.0387
16.09,1.5943,1.5951,1.6,0.0392
16.095,1.5945,1.5954,1.6,0.0398
16.1,1.5947,1.5954,1.6,0.039
16.105,1.5949,1.5954,1.6,0.0385
16.11,1.5951,1.5954,1.6,0.0377
16.115,1.5953,1.5957,1.6,0.0378
16.12,1.5955,1.5961,1.6,0.0386
16.125,1.5957,1.5962,1.6,0.0381
16.13,1.5959,1.5962,1.6,0.037
16.135,1.5961,1.5962,1.6,0.0363
16.14,1.5963,1.5964,1.6,0.0358
16.145,1.5966,1.5966,1.6,0.0357
16.15,1.5968,1.5967,1.6,0.0353
16.155,1.597,1.5971,1.6,0.0354
16.16,1.5972,1.5974,1.6,0.0356
16.165,1.5974,1.5975,1.6,0.0353
16.17,1.5976,1.5976,1.6,0.0346
16.175,1.5978,1.5979,1.6,0.0347
16.18,1.598,1.5981,1.6,0.0348
16.185,1.5982,1.5982,1.6,0.0342
16.19,1.5984,1.5984,1.6,0.0341
16.195,1.5986,1.5986,1.6,0.034
16.2,1.5988,1.5991,1.6,0.0349
16.205,1.599,1.5995,1.6,0.0354
16.21,1.5992,1.5997,1.6,0.0352
16.215,1.5994,1.6001,1.6,0.0357
16.22,1.5996,1.6003,1.6,0.0356
16.225,1.5998,1.6003,1.6,0.0348
16.23,1.6,1.6005,1.6,0.0346
16.235,1.6002,1.6008,1.6,0.0347
16.24,1.6004,1.6011,1.6,0.035
16.245,1.6005,1.6012,1.6,0.0345
16.25,1.6007,1.6011,1.6,0.0335
16.255,1.6009,1.6013,1.6,0.0335
16.26,1.6011,1.6018,1.6,0.0342
16.265,1.6013,1.6021,1.6,0.0346
16.27,1.6015,1.6025,1.6,0.0352
16.275,1.6016,1.6025,1.6,0.0347
16.28,1.6018,1.6025,1.6,0.034
16.285,1.602,1.6028,1.6,0.0342
16.29,1.6022,1.6031,1.6,0.0345
16.295,1.6023,1.6031,1.6,0.0335
16.3,1.6025,1.6033,1.6,0.0332
16.305,1.6027,1.6036,1.6,0.0332
16.31,1.6028,1.6038,1.6,0.033
16.315,1.603,1.6042,1.6,0.0331
16.32,1.6031,1.6043,1.6,0.0326
16.325,1.6033,1.6046,1.6,0.0326
16.33,1.6034,1.6049,1.6,0.0326
16.335,1.6036,1.6051,1.6,0.0324
16.34,1.6037,1.6053,1.6,0.032
16.345,1.6038,1.6055,1.6,0.032
16.35,1.604,1.6058,1.6,0.0318
16.355,1.6041,1.6059,1.6,0.0311
16.36,1.6042,1.6061,1.6,0.0308
16.365,1.6043,1.6059,1.6,0.029
16.37,1.6044,1.6059,1.6,0.028
16.375,1.6046,1.6061,1.6,0.0274
16.38,1.6047,1.6059,1.6,0.0259
16.385,1.6048,1.6059,1.6,0.0246
16.39,1.6049,1.6061,1.6,0.0241
16.395,1.605,1.6063,1.6,0.0236
16.4,1.605,1.6063,1.6,0.0226
16.405,1.6051,1.6062,1.6,0.0215
16.41,1.6052,1.6059,1.6,0.0196
16.415,1.6053,1.606,1.6,0.0191
16.42,1.6054,1.606,1.6,0.018
16.425,1.6055,1.6062,1.6,0.0179
16.43,1.6055,1.6062,1.6,0.0174
16.435,1.6056,1.6063,1.6,0.017
16.44,1.6057,1.6066,1.6,0.0172
16.445,1.6058,1.6064,1.6,0.016
16.45,1.6059,1.6063,1.6,0.0149
16.455,1.6059,1.6062,1.6,0.0141
16.46,1.606,1.6061,1.6,0.0134
16.465,1.6061,1.6062,1.6,0.0131
16.47,1.6062,1.6062,1.6,0.0126
16.475,1.6063,1.6063,1.6,0.0124
16.48,1.6063,1.6064,1.6,0.0124
16.485,1.6064,1.6064,1.6,0.0121
16.49,1.6065,1.6067,1.6,0.0127
16.495,1.6066,1.6068,1.6,0.0125
16.5,1.6067,1.6071,1.6,0.0131
16.505,1.6068,1.6071,1.6,0.0125
16.51,1.6069,1.6068,1.6,0.0113
16.515,1.607,1.6068,1.6,0.011
16.52,1.6071,1.6071,1.6,0.0114
16.525,1.6072,1.6074,1.6,0.0121
16.53,1.6073,1.6077,1.6,0.0128
16.535,1.6075,1.6077,1.6,0.0126
16.54,1.6076,1.6079,1.6,0.0129
16.545,1.6077,1.6079,1.6,0.0125
16.55,1.6078,1.608,1.6,0.0123
16.555,1.6079,1.6084,1.6,0.0133
16.56,1.6081,1.6085,1.6,0.0133
16.565,1.6082,1.6088,1.6,0.0142
16.57,1.6083,1.6089,1.6,0.014
16.575,1.6085,1.6089,1.6,0.0138
16.58,1.6086,1.6092,1.6,0.0142
16.585,1.6087,1.6092,1.6,0.014
16.59,1.6089,1.6095,1.6,0.0146
16.595,1.609,1.6096,1.6,0.0148
16.6,1.6091,1.6099,1.6,0.0153
16.605,1.6093,1.6099,1.6,0.0151
16.61,1.6094,1.61,1.6,0.0152
16.615,1.6096,1.6101,1.6,0.0151
16.62,1.6097,1.6101,1.6,0.0148
16.625,1.6098,1.6105,1.6,0.0157
16.63,1.61,1.6108,1.6,0.0161
16.635,1.6101,1.6107,1.6,0.0155
16.64,1.6102,1.6105,1.6,0.0145
16.645,1.6104,1.6106,1.6,0.0144
16.65,1.6105,1.6107,1.6,0.0145
16.655,1.6107,1.6107,1.6,0.014
16.66,1.6108,1.6109,1.6,0.0142
16.665,1.6109,1.6108,1.6,0.0136
16.67,1.6111,1.6112,1.6,0.0141
16.675,1.6112,1.6111,1.6,0.0133
16.68,1.6113,1.6112,1.6,0.0129
16.685,1.6114,1.6113,1.6,0.0128
16.69,1.6116,1.6114,1.6,0.0127
16.695,1.6117,1.6116,1.6,0.013
16.7,1.6118,1.6118,1.6,0.0131
16.705,1.6119,1.6118,1.6,0.0126
16.71,1.6121,1.6118,1.6,0.0118
16.715,1.6122,1.6117,1.6,0.011
16.72,1.6123,1.6117,1.6,0.0105
16.725,1.6124,1.6118,1.6,0.0104
16.73,1.6125,1.612,1.6,0.0104
16.735,1.6127,1.612,1.6,0.0099
16.74,1.6128,1.6122,1.6,0.0099
16.745,1.6129,1.6119,1.6,0.0086
16.75,1.613,1.6119,1.6,0.0078
16.755,1.6131,1.6121,1.6,0.008
16.76,1.6132,1.6122,1.6,0.0081
16.765,1.6133,1.6121,1.6,0.0075
16.77,1.6134,1.6124,1.6,0.0079
16.775,1.6136,1.6125,1.6,0.008
16.78,1.6137,1.6121,1.6,0.0063
16.785,1.6138,1.6123,1.6,0.0065
16.79,1.6139,1.6124,1.6,0.0068
16.795,1.614,1.6126,1.6,0.0072
16.8,1.6141,1.6126,1.6,0.0069
16.805,1.6142,1.6127,1.6,0.0069
16.81,1.6144,1.6127,1.6,0.0066
16.815,1.6145,1.6127,1.6,0.0066
16.82,1.6146,1.613,1.6,0.0075
16.825,1.6147,1.613,1.6,0.0073
16.83,1.6148,1.6134,1.6,0.0083
16.835,1.6149,1.6134,1.6,0.0081
16.84,1.6151,1.6134,1.6,0.0077
16.845,1.6152,1.613,1.6,0.0063
16.85,1.6153,1.6133,1.6,0.0069
16.855,1.6154,1.6136,1.6,0.0075
16.86,1.6155,1.6134,1.6,0.0066
16.865,1.6157,1.6137,1.6,0.007
16.87,1.6158,1.6138,1.6,0.0067
16.875,1.6159,1.6136,1.6,0.0059
16.88,1.616,1.6138,1.6,0.0062
16.885,1.6161,1.6138,1.6,0.0057
16.89,1.6162,1.6141,1.6,0.0065
16.895,1.6164,1.6141,1.6,0.0061
16.9,1.6165,1.6141,1.6,0.0057
16.905,1.6166,1.6144,1.6,0.0062
16.91,1.6167,1.6143,1.6,0.0056
16.915,1.6168,1.6142,1.6,0.0052
16.92,1.6169,1.6143,1.6,0.0049
16.925,1.617,1.6143,1.6,0.0046
16.93,1.6172,1.6144,1.6,0.0045
16.935,1.6173,1.6145,1.6,0.0044
16.94,1.6174,1.6149,1.6,0.005
16.945,1.6175,1.6151,1.6,0.0053
16.95,1.6176,1.6151,1.6,0.0047
16.955,1.6177,1.6151,1.6,0.0044
16.96,1.6178,1.6152,1.6,0.0042
16.965,1.6179,1.6152,1.6,0.0038
16.97,1.618,1.6153,1.6,0.0038
16.975,1.6181,1.6155,1.6,0.0039
16.98,1.6182,1.6156,1.6,0.0037
16.985,1.6183,1.6155,1.6,0.0032
16.99,1.6184,1.6156,1.6,0.0029
16.995,1.6186,1.6157,1.6,0.0028
17.0,1.6187,1.6159,1.6,0.003
17.005,1.6188,1.6158,1.6,0.0025
17.01,1.6188,1.616,1.6,0.0025
17.015,1.6189,1.6163,1.6,0.0027
17.02,1.619,1.6164,1.6,0.0027
17.025,1.6191,1.6164,1.6,0.0023
17.03,1.6192,1.6165,1.6,0.0019
17.035,1.6193,1.6166,1.6,0.0016
17.04,1.6194,1.6169,1.6,0.002
17.045,1.6195,1.6167,1.6,0.001
17.05,1.6196,1.6167,1.6,0.0007
17.055,1.6197,1.6167,1.6,0.0003
17.06,1.6198,1.6167,1.6,-0.0001
17.065,1.6199,1.6167,1.6,-0.0006
17.07,1.62,1.6167,1.6,-0.0008
17.075,1.62,1.617,1.6,-0.0003
17.08,1.6201,1.6173,1.6,0.0002
17.085,1.6202,1.6173,1.6,-0.0001
17.09,1.6203,1.6175,1.6,0.0003
17.095,1.6204,1.6179,1.6,0.0011
17.1,1.6205,1.6178,1.6,0.0006
17.105,1.6206,1.6179,1.6,0.0006
17.11,1.6206,1.6179,1.6,0.0
17.115,1.6207,1.6181,1.6,0.0006
17.12,1.6208,1.618,1.6,-0.0002
17.125,1.6209,1.6182,1.6,0.0
17.13,1.621,1.6182,1.6,-0.0005
17.135,1.621,1.6185,1.6,0.0002
17.14,1.6211,1.6187,1.6,0.0006
17.145,1.6212,1.6188,1.6,0.0005
17.15,1.6213,1.619,1.6,0.0007
17.155,1.6213,1.6189,1.6,0.0
17.16,1.6214,1.619,1.6,0.0001
17.165,1.6215,1.619,1.6,0.0001
17.17,1.6215,1.6193,1.6,0.0005
17.175,1.6216,1.6193,1.6,0.0002
17.18,1.6217,1.6192,1.6,-0.0002
17.185,1.6217,1.6194,1.6,0.0002
17.19,1.6218,1.6195,1.6,0.0005
17.195,1.6218,1.6193,1.6,0.0
17.2,1.6219,1.6195,1.6,0.0007
17.205,1.6219,1.6195,1.6,0.0006
17.21,1.622,1.6193,1.6,-0.0002
17.215,1.622,1.6192,1.6,-0.0005
17.22,1.6221,1.6194,1.6,0.0001
17.225,1.6221,1.6197,1.6,0.0008
17.23,1.6222,1.6198,1.6,0.0008
17.235,1.6222,1.6198,1.6,0.0006
17.24,1.6222,1.6197,1.6,0.0001
17.245,1.6223,1.6198,1.6,0.0005
17.25,1.6223,1.6202,1.6,0.0013
17.255,1.6223,1.6201,1.6,0.0005
17.26,1.6224,1.62,1.6,-0.0002
17.265,1.6224,1.6198,1.6,-0.0011
17.27,1.6224,1.6199,1.6,-0.0012
17.275,1.6224,1.6196,1.6,-0.0028
17.28,1.6224,1.6195,1.6,-0.0031
17.285,1.6224,1.6199,1.6,-0.0021
17.29,1.6224,1.62,1.6,-0.0021
17.295,1.6224,1.6201,1.6,-0.0022
17.3,1.6224,1.6203,1.6,-0.0018
17.305,1.6224,1.6202,1.6,-0.0023
17.31,1.6224,1.6203,1.6,-0.0025
17.315,1.6224,1.6203,1.6,-0.0031
17.32,1.6224,1.6207,1.6,-0.0023
17.325,1.6224,1.6207,1.6,-0.0025
17.33,1.6224,1.6207,1.6,-0.003
17.335,1.6224,1.6206,1.6,-0.0038
17.34,1.6224,1.6209,1.6,-0.0034
17.345,1.6223,1.621,1.6,-0.0036
17.35,1.6223,1.6211,1.6,-0.0037
17.355,1.6223,1.6213,1.6,-0.0036
17.36,1.6223,1.6213,1.6,-0.004
17.365,1.6222,1.6214,1.6,-0.0043
17.37,1.6222,1.6214,1.6,-0.0045
17.375,1.6222,1.6216,1.6,-0.0045
17.38,1.6221,1.6216,1.6,-0.0051
17.385,1.6221,1.6217,1.6,-0.0055
17.39,1.622,1.6216,1.6,-0.0064
17.395,1.622,1.6217,1.6,-0.0067
17.4,1.6219,1.6218,1.6,-0.0069
17.405,1.6219,1.6218,1.6,-0.0073
17.41,1.6218,1.6218,1.6,-0.0079
17.415,1.6218,1.6219,1.6,-0.008
17.42,1.6217,1.6219,1.6,-0.0083
17.425,1.6217,1.6217,1.6,-0.0092
17.43,1.6216,1.6217,1.6,-0.0094
17.435,1.6215,1.6218,1.6,-0.0095
17.44,1.6215,1.6216,1.6,-0.0102
17.445,1.6214,1.6216,1.6,-0.0104
17.45,1.6213,1.6216,1.6,-0.0108
17.455,1.6213,1.6217,1.6,-0.0106
17.46,1.6212,1.6214,1.6,-0.0117
17.465,1.6211,1.6213,1.6,-0.0122
17.47,1.6211,1.6211,1.6,-0.0128
17.475,1.621,1.6212,1.6,-0.0126
17.48,1.6209,1.621,1.6,-0.0134
17.485,1.6209,1.621,1.6,-0.0133
17.49,1.6208,1.6211,1.6,-0.0131
17.495,1.6207,1.6212,1.6,-0.0132
17.5,1.6206,1.6213,1.6,-0.0127
17.505,1.6206,1.6213,1.6,-0.0125
17.51,1.6205,1.6213,1.6,-0.0127
17.515,1.6204,1.6212,1.6,-0.013
17.52,1.6204,1.6211,1.6,-0.0132
17.525,1.6203,1.621,1.6,-0.0134
17.53,1.6202,1.6211,1.6,-0.013
17.535,1.6202,1.6209,1.6,-0.0136
17.54,1.6201,1.621,1.6,-0.0131
17.545,1.62,1.6208,1.6,-0.0136
17.55,1.62,1.6209,1.6,-0.0132
17.555,1.6199,1.6209,1.6,-0.0132
17.56,1.6198,1.6208,1.6,-0.0135
17.565,1.6198,1.6208,1.6,-0.0134
17.57,1.6197,1.6209,1.6,-0.0128
17.575,1.6197,1.6208,1.6,-0.0129
17.58,1.6196,1.6207,1.6,-0.013
17.585,1.6195,1.6205,1.6,-0.0132
17.59,1.6195,1.6202,1.6,-0.0138
17.595,1.6194,1.6201,1.6,-0.014
17.6,1.6194,1.62,1.6,-0.0138
17.605,1.6193,1.6201,1.6,-0.0131
17.61,1.6193,1.6201,1.6,-0.0127
17.615,1.6192,1.6203,1.6,-0.0117
17.62,1.6192,1.6203,1.6,-0.0114
17.625,1.6191,1.6202,1.6,-0.0111
17.63,1.6191,1.62,1.6,-0.0113
17.635,1.619,1.6198,1.6,-0.0116
17.64,1.619,1.6198,1.6,-0.0113
17.645,1.6189,1.6196,1.6,-0.0115
17.65,1.6189,1.6195,1.6,-0.0117
17.655,1.6189,1.6197,1.6,-0.0107
17.66,1.6188,1.6198,1.6,-0.01
17.665,1.6188,1.6196,1.6,-0.0101
17.67,1.6187,1.6198,1.6,-0.0094
17.675,1.6187,1.6195,1.6,-0.0097
17.68,1.6186,1.6193,1.6,-0.0101
17.685,1.6186,1.619,1.6,-0.0106
17.69,1.6185,1.6188,1.6,-0.0112
17.695,1.6185,1.6185,1.6,-0.0116
17.7,1.6185,1.6183,1.6,-0.0119
17.705,1.6184,1.6185,1.6,-0.0111
17.71,1.6184,1.6185,1.6,-0.0106
17.715,1.6183,1.6186,1.6,-0.0102
17.72,1.6183,1.6185,1.6,-0.0103
17.725,1.6182,1.6186,1.6,-0.0096
17.73,1.6182,1.6185,1.6,-0.0097
17.735,1.6182,1.6184,1.6,-0.0097
17.74,1.6181,1.6185,1.6,-0.0088
17.745,1.6181,1.6185,1.6,-0.0084
17.75,1.618,1.6181,1.6,-0.0094
17.755,1.618,1.6182,1.6,-0.009
17.76,1.6179,1.6182,1.6,-0.0085
17.765,1.6179,1.6182,1.6,-0.0083
17.77,1.6179,1.6181,1.6,-0.0081
17.775,1.6178,1.6179,1.6,-0.0087
17.78,1.6178,1.6183,1.6,-0.0069
17.785,1.6177,1.6184,1.6,-0.0063
17.79,1.6177,1.6184,1.6,-0.006
17.795,1.6176,1.6182,1.6,-0.0063
17.8,1.6176,1.6183,1.6,-0.0057
17.805,1.6175,1.6181,1.6,-0.006
17.81,1.6175,1.6181,1.6,-0.0057
17.815,1.6174,1.6181,1.6,-0.0053
17.82,1.6174,1.6182,1.6,-0.0048
17.825,1.6173,1.618,1.6,-0.005
17.83,1.6173,1.6178,1.6,-0.0055
17.835,1.6172,1.6179,1.6,-0.0049
17.84,1.6172,1.6178,1.6,-0.005
17.845,1.6171,1.6179,1.6,-0.0041
17.85,1.6171,1.6179,1.6,-0.0039
17.855,1.617,1.6179,1.6,-0.0035
17.86,1.6169,1.618,1.6,-0.003
17.865,1.6169,1.618,1.6,-0.0029
17.87,1.6168,1.6176,1.6,-0.0039
17.875,1.6167,1.6178,1.6,-0.0033
17.88,1.6167,1.6173,1.6,-0.0049
17.885,1.6166,1.6171,1.6,-0.0054
17.89,1.6165,1.6169,1.6,-0.0063
17.895,1.6164,1.6166,1.6,-0.0074
17.9,1.6164,1.6166,1.6,-0.0075
17.905,1.6163,1.6168,1.6,-0.0069
17.91,1.6162,1.6167,1.6,-0.0074
17.915,1.6161,1.6166,1.6,-0.0075
17.92,1.616,1.6166,1.6,-0.0076
17.925,1.6159,1.6166,1.6,-0.0079
17.93,1.6159,1.6165,1.6,-0.0082
17.935,1.6158,1.6162,1.6,-0.009
17.94,1.6157,1.6161,1.6,-0.0094
17.945,1.6156,1.616,1.6,-0.0095
17.95,1.6155,1.6162,1.6,-0.0088
17.955,1.6154,1.6161,1.6,-0.0091
17.96,1.6153,1.6162,1.6,-0.0087
17.965,1.6152,1.6163,1.6,-0.0084
17.97,1.6151,1.6161,1.6,-0.0092
17.975,1.615,1.6162,1.6,-0.0091
17.98,1.6149,1.616,1.6,-0.0097
17.985,1.6149,1.6161,1.6,-0.0094
17.99,1.6148,1.6163,1.6,-0.0089
17.995,1.6147,1.616,1.6,-0.0096
18.0,1.6146,1.6159,1.6,-0.01
18.005,1.6145,1.6155,1.6,-0.0111
18.01,1.6144,1.6153,1.6,-0.0114
18.015,1.6143,1.6151,1.6,-0.0119
18.02,1.6142,1.6151,1.6,-0.0118
18.025,1.6141,1.6149,1.6,-0.0121
18.03,1.6141,1.6149,1.6,-0.0119
18.035,1.614,1.6147,1.6,-0.0122
18.04,1.6139,1.6146,1.6,-0.0121
18.045,1.6138,1.6145,1.6,-0.0122
18.05,1.6137,1.6144,1.6,-0.0123
18.055,1.6137,1.6144,1.6,-0.0118
18.06,1.6136,1.6143,1.6,-0.0119
18.065,1.6135,1.614,1.6,-0.0127
18.07,1.6134,1.6138,1.6,-0.0127
18.075,1.6134,1.6139,1.6,-0.012
18.08,1.6133,1.6139,1.6,-0.0115
18.085,1.6132,1.6138,1.6,-0.0112
18.09,1.6132,1.6137,1.6,-0.011
18.095,1.6131,1.6137,1.6,-0.0104
18.1,1.6131,1.6136,1.6,-0.0101
18.105,1.613,1.6134,1.6,-0.0102
18.11,1.6129,1.6137,1.6,-0.0088
18.115,1.6129,1.6136,1.6,-0.0086
18.12,1.6128,1.6138,1.6,-0.0075
18.125,1.6128,1.6134,1.6,-0.008
18.13,1.6128,1.6131,1.6,-0.0083
18.135,1.6127,1.6128,1.6,-0.0086
18.14,1.6127,1.6125,1.6,-0.0089
18.145,1.6126,1.6123,1.6,-0.0088
18.15,1.6126,1.6123,1.6,-0.0082
18.155,1.6126,1.6123,1.6,-0.0075
18.16,1.6125,1.6123,1.6,-0.0069
18.165,1.6125,1.6123,1.6,-0.0063
18.17,1.6125,1.6124,1.6,-0.0054
18.175,1.6124,1.6124,1.6,-0.0047
18.18,1.6124,1.6125,1.6,-0.0039
18.185,1.6124,1.6128,1.6,-0.0026
18.19,1.6124,1.6129,1.6,-0.0019
18.195,1.6123,1.6128,1.6,-0.0017
18.2,1.6123,1.6129,1.6,-0.001
18.205,1.6123,1.6127,1.6,-0.0014
18.21,1.6123,1.6127,1.6,-0.0008
18.215,1.6122,1.6126,1.6,-0.0007
18.22,1.6122,1.6128,1.6,0.0003
18.225,1.6122,1.6129,1.6,0.0008
18.23,1.6122,1.6128,1.6,0.0007
18.235,1.6121,1.6127,1.6,0.0006
18.24,1.6121,1.6126,1.6,0.0006
18.245,1.6121,1.6125,1.6,0.0006
18.25,1.612,1.6124,1.6,0.0005
18.255,1.612,1.6124,1.6,0.0009
18.26,1.612,1.6124,1.6,0.0011
18.265,1.6119,1.6123,1.6,0.0011
18.27,1.6119,1.6124,1.6,0.0015
18.275,1.6119,1.6123,1.6,0.0014
18.28,1.6118,1.6125,1.6,0.0021
18.285,1.6118,1.6128,1.6,0.0031
18.29,1.6117,1.6123,1.6,0.0017
18.295,1.6117,1.6126,1.6,0.0028
18.3,1.6116,1.6126,1.6,0.0027
18.305,1.6116,1.6125,1.6,0.0025
18.31,1.6115,1.6126,1.6,0.0027
18.315,1.6115,1.6123,1.6,0.0019
18.32,1.6114,1.6122,1.6,0.0016
18.325,1.6113,1.612,1.6,0.001
18.33,1.6113,1.6122,1.6,0.0014
18.335,1.6112,1.6123,1.6,0.0017
18.34,1.6111,1.6121,1.6,0.0013
18.345,1.6111,1.6122,1.6,0.0015
18.35,1.611,1.6121,1.6,0.0012
18.355,1.6109,1.6121,1.6,0.001
18.36,1.6108,1.6119,1.6,0.0005
18.365,1.6107,1.6119,1.6,0.0002
18.37,1.6107,1.6117,1.6,-0.0006
18.375,1.6106,1.6114,1.6,-0.0016
18.38,1.6105,1.6111,1.6,-0.0029
18.385,1.6104,1.6111,1.6,-0.0031
18.39,1.6103,1.6109,1.6,-0.0035
18.395,1.6102,1.611,1.6,-0.0034
18.4,1.6101,1.611,1.6,-0.0034
18.405,1.61,1.6109,1.6,-0.0038
18.41,1.6099,1.6109,1.6,-0.0039
18.415,1.6098,1.6105,1.6,-0.0051
18.42,1.6097,1.6105,1.6,-0.0049
18.425,1.6096,1.6108,1.6,-0.0039
18.43,1.6095,1.6109,1.6,-0.0036
18.435,1.6095,1.6108,1.6,-0.0038
18.44,1.6094,1.6107,1.6,-0.0044
18.445,1.6093,1.6106,1.6,-0.0046
18.45,1.6092,1.6105,1.6,-0.0049
18.455,1.6091,1.6104,1.6,-0.0051
18.46,1.609,1.6105,1.6,-0.0049
18.465,1.6089,1.6103,1.6,-0.0054
18.47,1.6088,1.6101,1.6,-0.0061
18.475,1.6087,1.6099,1.6,-0.0066
18.48,1.6086,1.6099,1.6,-0.0063
18.485,1.6085,1.6098,1.6,-0.0065
18.49,1.6085,1.6097,1.6,-0.0064
18.495,1.6084,1.6097,1.6,-0.0062
18.5,1.6083,1.6096,1.6,-0.0064
18.505,1.6082,1.6095,1.6,-0.0065
18.51,1.6081,1.6094,1.6,-0.0066
18.515,1.608,1.6095,1.6,-0.006
18.52,1.608,1.6093,1.6,-0.0059
18.525,1.6079,1.6095,1.6,-0.0052
18.53,1.6078,1.6094,1.6,-0.005
18.535,1.6078,1.6094,1.6,-0.0046
18.54,1.6077,1.6092,1.6,-0.0051
18.545,1.6076,1.6092,1.6,-0.0047
18.55,1.6076,1.6088,1.6,-0.0057
18.555,1.6075,1.6086,1.6,-0.0059
18.56,1.6074,1.6084,1.6,-0.0066
18.565,1.6074,1.6083,1.6,-0.0064
18.57,1.6073,1.6083,1.6,-0.0064
18.575,1.6073,1.6082,1.6,-0.0064
18.58,1.6072,1.6084,1.6,-0.0057
18.585,1.6072,1.6082,1.6,-0.0061
18.59,1.6071,1.608,1.6,-0.0065
18.595,1.6071,1.608,1.6,-0.0063
18.6,1.6071,1.6078,1.6,-0.0066
18.605,1.607,1.6077,1.6,-0.0067
18.61,1.607,1.6075,1.6,-0.0069
18.615,1.607,1.6076,1.6,-0.0064
18.62,1.6069,1.6075,1.6,-0.0064
18.625,1.6069,1.6075,1.6,-0.006
18.63,1.6069,1.6075,1.6,-0.0056
18.635,1.6069,1.6076,1.6,-0.0049
18.64,1.6069,1.6075,1.6,-0.0049
18.645,1.6069,1.6077,1.6,-0.0039
18.65,1.6069,1.6075,1.6,-0.0044
18.655,1.6068,1.6076,1.6,-0.0037
18.66,1.6068,1.6075,1.6,-0.0038
18.665,1.6069,1.6074,1.6,-0.0039
18.67,1.6069,1.6072,1.6,-0.0041
18.675,1.6069,1.6072,1.6,-0.0039
18.68,1.6069,1.607,1.6,-0.0043
18.685,1.6069,1.6068,1.6,-0.0043
18.69,1.6069,1.6068,1.6,-0.0041
18.695,1.6069,1.6067,1.6,-0.0039
18.7,1.6069,1.6066,1.6,-0.0038
18.705,1.607,1.6067,1.6,-0.0031
18.71,1.607,1.6071,1.6,-0.0016
18.715,1.607,1.607,1.6,-0.0013
18.72,1.607,1.6068,1.6,-0.0016
18.725,1.6071,1.6067,1.6,-0.0012
18.73,1.6071,1.6069,1.6,-0.0001
18.735,1.6071,1.6068,1.6,0.0001
18.74,1.6072,1.607,1.6,0.001
18.745,1.6072,1.6072,1.6,0.0021
18.75,1.6072,1.6074,1.6,0.003
18.755,1.6073,1.6073,1.6,0.0028
18.76,1.6073,1.6074,1.6,0.0033
18.765,1.6074,1.6076,1.6,0.0043
18.77,1.6074,1.6078,1.6,0.0049
18.775,1.6075,1.6077,1.6,0.0047
18.78,1.6075,1.6077,1.6,0.005
18.785,1.6075,1.6079,1.6,0.0055
18.79,1.6076,1.608,1.6,0.0057
18.795,1.6076,1.6082,1.6,0.0063
18.8,1.6077,1.6082,1.6,0.0061
18.805,1.6077,1.6084,1.6,0.0067
18.81,1.6077,1.6084,1.6,0.0065
18.815,1.6078,1.6084,1.6,0.0061
18.82,1.6078,1.6085,1.6,0.0061
18.825,1.6078,1.6085,1.6,0.0061
18.83,1.6078,1.6086,1.6,0.006
18.835,1.6079,1.6086,1.6,0.0059
18.84,1.6079,1.6086,1.6,0.0054
18.845,1.6079,1.6084,1.6,0.0043
18.85,1.6079,1.6082,1.6,0.0033
18.855,1.6079,1.6079,1.6,0.0021
18.86,1.6079,1.6078,1.6,0.0015
18.865,1.6079,1.6076,1.6,0.0006
18.87,1.6079,1.6077,1.6,0.0003
18.875,1.6079,1.6077,1.6,-0.0
18.88,1.608,1.6076,1.6,-0.0008
18.885,1.608,1.6079,1.6,-0.0001
18.89,1.608,1.6077,1.6,-0.0008
18.895,1.608,1.6076,1.6,-0.0016
18.9,1.608,1.6078,1.6,-0.001
18.905,1.608,1.6077,1.6,-0.0013
18.91,1.608,1.6076,1.6,-0.0018
18.915,1.608,1.6076,1.6,-0.002
18.92,1.608,1.6075,1.6,-0.0025
18.925,1.608,1.6073,1.6,-0.0031
18.93,1.608,1.6074,1.6,-0.0031
18.935,1.608,1.6074,1.6,-0.0033
18.94,1.608,1.6073,1.6,-0.0037
18.945,1.608,1.6071,1.6,-0.0045
18.95,1.608,1.6071,1.6,-0.0047
18.955,1.608,1.6072,1.6,-0.0044
18.96,1.608,1.6071,1.6,-0.0047
18.965,1.608,1.6072,1.6,-0.0045
18.97,1.608,1.6072,1.6,-0.0047
18.975,1.608,1.6073,1.6,-0.0044
18.98,1.608,1.6074,1.6,-0.0042
18.985,1.608,1.6076,1.6,-0.0035
18.99,1.6081,1.6076,1.6,-0.0037
18.995,1.6081,1.6076,1.6,-0.0038
19.0,1.6081,1.6076,1.6,-0.0039
19.005,1.6081,1.6074,1.6,-0.0045
19.01,1.6081,1.6075,1.6,-0.0043
19.015,1.6082,1.6073,1.6,-0.0049
19.02,1.6082,1.6073,1.6,-0.0048
19.025,1.6082,1.6071,1.6,-0.0051
19.03,1.6082,1.6073,1.6,-0.0045
19.035,1.6083,1.6074,1.6,-0.0039
19.04,1.6083,1.6074,1.6,-0.0038
19.045,1.6083,1.6074,1.6,-0.0036
19.05,1.6084,1.6074,1.6,-0.0031
19.055,1.6084,1.6076,1.6,-0.0022
19.06,1.6084,1.6076,1.6,-0.002
19.065,1.6085,1.6075,1.6,-0.0021
19.07,1.6085,1.6075,1.6,-0.002
19.075,1.6086,1.6074,1.6,-0.0023
19.08,1.6086,1.6075,1.6,-0.0017
19.085,1.6087,1.6075,1.6,-0.0016
19.09,1.6087,1.6076,1.6,-0.0011
19.095,1.6087,1.6077,1.6,-0.0006
19.1,1.6088,1.6077,1.6,-0.0006
19.105,1.6088,1.6075,1.6,-0.0012
19.11,1.6089,1.6071,1.6,-0.0025
19.115,1.6089,1.607,1.6,-0.0028
19.12,1.609,1.6071,1.6,-0.0021
19.125,1.609,1.6072,1.6,-0.0019
19.13,1.6091,1.6071,1.6,-0.002
19.135,1.6091,1.6071,1.6,-0.0017
19.14,1.6092,1.6071,1.6,-0.0017
19.145,1.6092,1.6073,1.6,-0.0011
19.15,1.6093,1.6071,1.6,-0.0016
19.155,1.6094,1.6074,1.6,-0.0008
19.16,1.6094,1.6072,1.6,-0.0013
19.165,1.6095,1.6071,1.6,-0.0015
19.17,1.6095,1.6071,1.6,-0.0014
19.175,1.6096,1.6072,1.6,-0.0008
19.18,1.6096,1.6073,1.6,-0.0003
19.185,1.6097,1.6072,1.6,-0.0006
19.19,1.6098,1.607,1.6,-0.0012
19.195,1.6098,1.6071,1.6,-0.0003
19.2,1.6099,1.6072,1.6,0.0001
19.205,1.6099,1.6072,1.6,0.0005
19.21,1.61,1.6074,1.6,0.0013
19.215,1.6101,1.6074,1.6,0.0016
19.22,1.6101,1.6077,1.6,0.0027
19.225,1.6102,1.6079,1.6,0.0033
19.23,1.6103,1.6079,1.6,0.0036
19.235,1.6103,1.6083,1.6,0.0046
19.24,1.6104,1.6085,1.6,0.0055
19.245,1.6104,1.6086,1.6,0.0058
19.25,1.6105,1.6086,1.6,0.0058
19.255,1.6105,1.6086,1.6,0.0057
19.26,1.6106,1.6087,1.6,0.0058
19.265,1.6106,1.6089,1.6,0.0062
19.27,1.6107,1.6088,1.6,0.0059
19.275,1.6107,1.6092,1.6,0.0067
19.28,1.6108,1.6095,1.6,0.0073
19.285,1.6108,1.6093,1.6,0.0061
19.29,1.6108,1.6093,1.6,0.0059
19.295,1.6109,1.6093,1.6,0.0053
19.3,1.6109,1.6094,1.6,0.0052
19.305,1.6109,1.6094,1.6,0.0045
19.31,1.6109,1.6094,1.6,0.004
19.315,1.6109,1.6096,1.6,0.0043
19.32,1.6109,1.6097,1.6,0.0041
19.325,1.6109,1.61,1.6,0.0043
19.33,1.6109,1.6098,1.6,0.0033
19.335,1.6109,1.6096,1.6,0.0019
19.34,1.6109,1.6097,1.6,0.0014
19.345,1.6109,1.6096,1.6,0.0006
19.35,1.6109,1.6094,1.6,-0.0005
19.355,1.6109,1.6095,1.6,-0.0009
19.36,1.6109,1.6096,1.6,-0.0008
19.365,1.6108,1.6097,1.6,-0.0007
19.37,1.6108,1.6097,1.6,-0.0012
19.375,1.6108,1.6096,1.6,-0.0016
19.38,1.6107,1.6099,1.6,-0.0009
19.385,1.6107,1.6099,1.6,-0.0011
19.39,1.6107,1.6098,1.6,-0.0017
19.395,1.6106,1.61,1.6,-0.0013
19.4,1.6106,1.6099,1.6,-0.0019
19.405,1.6106,1.61,1.6,-0.0021
19.41,1.6105,1.6097,1.6,-0.0032
19.415,1.6105,1.6097,1.6,-0.0035
19.42,1.6104,1.6097,1.6,-0.0037
19.425,1.6104,1.6099,1.6,-0.0035
19.43,1.6103,1.6098,1.6,-0.0038
19.435,1.6103,1.6096,1.6,-0.005
19.44,1.6102,1.6095,1.6,-0.0053
19.445,1.6102,1.6095,1.6,-0.0058
19.45,1.6101,1.6096,1.6,-0.0057
19.455,1.6101,1.6096,1.6,-0.0061
19.46,1.61,1.6095,1.6,-0.0067
19.465,1.61,1.6097,1.6,-0.0066
19.47,1.6099,1.6093,1.6,-0.0079
19.475,1.6098,1.609,1.6,-0.0092
19.48,1.6098,1.6088,1.6,-0.0099
19.485,1.6097,1.6085,1.6,-0.0111
19.49,1.6097,1.6084,1.6,-0.0116
19.495,1.6096,1.6086,1.6,-0.0113
19.5,1.6096,1.6086,1.6,-0.0114
19.505,1.6095,1.6086,1.6,-0.0114
19.51,1.6095,1.6086,1.6,-0.0117
19.515,1.6094,1.6085,1.6,-0.0119
19.52,1.6094,1.6082,1.6,-0.0131
19.525,1.6094,1.6082,1.6,-0.0128
19.53,1.6093,1.6081,1.6,-0.0133
19.535,1.6093,1.6081,1.6,-0.0132
19.54,1.6093,1.6082,1.6,-0.0129
19.545,1.6092,1.6081,1.6,-0.0133
19.55,1.6092,1.608,1.6,-0.0136
19.555,1.6092,1.6081,1.6,-0.013
19.56,1.6092,1.6079,1.6,-0.0136
19.565,1.6092,1.608,1.6,-0.0132
19.57,1.6092,1.608,1.6,-0.013
19.575,1.6092,1.6081,1.6,-0.0123
19.58,1.6092,1.608,1.6,-0.0124
19.585,1.6092,1.6077,1.6,-0.0131
19.59,1.6092,1.6076,1.6,-0.0131
19.595,1.6092,1.6071,1.6,-0.0146
19.6,1.6093,1.6071,1.6,-0.0141
19.605,1.6093,1.6073,1.6,-0.0131
19.61,1.6093,1.6074,1.6,-0.0125
19.615,1.6093,1.6073,1.6,-0.0126
19.62,1.6094,1.6075,1.6,-0.0118
19.625,1.6094,1.6074,1.6,-0.0115
19.63,1.6095,1.6077,1.6,-0.0103
19.635,1.6095,1.6079,1.6,-0.0096
19.64,1.6096,1.6079,1.6,-0.0092
19.645,1.6096,1.608,1.6,-0.0086
19.65,1.6097,1.608,1.6,-0.0085
19.655,1.6098,1.6078,1.6,-0.0089
19.66,1.6098,1.6077,1.6,-0.0088
19.665,1.6099,1.608,1.6,-0.0075
19.67,1.61,1.608,1.6,-0.0072
19.675,1.6101,1.6078,1.6,-0.0078
19.68,1.6101,1.6077,1.6,-0.008
19.685,1.6102,1.608,1.6,-0.0066
19.69,1.6103,1.6081,1.6,-0.0059
19.695,1.6104,1.6081,1.6,-0.0058
19.7,1.6105,1.6081,1.6,-0.0054
19.705,1.6106,1.6082,1.6,-0.0045
19.71,1.6106,1.6082,1.6,-0.0043
19.715,1.6107,1.6084,1.6,-0.0033
19.72,1.6108,1.6084,1.6,-0.003
19.725,1.6109,1.6086,1.6,-0.002
19.73,1.611,1.6086,1.6,-0.0018
19.735,1.6111,1.6087,1.6,-0.0015
19.74,1.6112,1.6087,1.6,-0.0012
19.745,1.6113,1.6088,1.6,-0.0006
19.75,1.6114,1.6089,1.6,-0.0004
19.755,1.6115,1.6086,1.6,-0.0011
19.76,1.6115,1.6085,1.6,-0.0013
19.765,1.6116,1.6088,1.6,-0.0004
19.77,1.6117,1.609,1.6,0.0003
19.775,1.6118,1.6092,1.6,0.0011
19.78,1.6119,1.6093,1.6,0.0016
19.785,1.612,1.6095,1.6,0.0023
19.79,1.612,1.6096,1.6,0.0029
19.795,1.6121,1.6096,1.6,0.0029
19.8,1.6122,1.6098,1.6,0.0036
19.805,1.6122,1.6101,1.6,0.0044
19.81,1.6123,1.6101,1.6,0.0043
19.815,1.6124,1.61,1.6,0.0039
19.82,1.6124,1.61,1.6,0.0039
19.825,1.6125,1.61,1.6,0.0038
19.83,1.6125,1.61,1.6,0.0037
19.835,1.6126,1.6101,1.6,0.0037
19.84,1.6126,1.6099,1.6,0.0028
19.845,1.6126,1.61,1.6,0.0028
19.85,1.6127,1.61,1.6,0.0024
19.855,1.6127,1.6099,1.6,0.0014
19.86,1.6127,1.6098,1.6,0.0006
19.865,1.6127,1.61,1.6,0.0007
19.87,1.6127,1.6103,1.6,0.001
19.875,1.6127,1.6104,1.6,0.0009
19.88,1.6128,1.6104,1.6,0.0005
19.885,1.6128,1.6105,1.6,0.0002
19.89,1.6127,1.6108,1.6,0.0004
19.895,1.6127,1.6106,1.6,-0.0006
19.9,1.6127,1.6108,1.6,-0.0008
19.905,1.6127,1.6107,1.6,-0.0017
19.91,1.6127,1.6108,1.6,-0.0021
19.915,1.6127,1.6109,1.6,-0.0024
19.92,1.6126,1.6109,1.6,-0.0033
19.925,1.6126,1.6108,1.6,-0.004
19.93,1.6126,1.6109,1.6,-0.0043
19.935,1.6125,1.6108,1.6,-0.0054
19.94,1.6125,1.6108,1.6,-0.0064
19.945,1.6124,1.6108,1.6,-0.007
19.95,1.6124,1.6109,1.6,-0.0076
19.955,1.6123,1.6106,1.6,-0.0092
19.96,1.6123,1.6107,1.6,-0.0097
19.965,1.6122,1.6108,1.6,-0.0102
19.97,1.6122,1.6107,1.6,-0.0111
19.975,1.6121,1.6107,1.6,-0.0115
19.98,1.612,1.6103,1.6,-0.0135
19.985,1.612,1.6103,1.6,-0.014
19.99,1.6119,1.6105,1.6,-0.014
19.995,1.6119,1.6104,1.6,-0.0146
20.0,1.6118,1.6108,1.6,-0.0139
20.005,1.6118,1.6108,1.6,-0.0141
20.01,1.6117,1.611,1.6,-0.0138
20.015,1.6117,1.6111,1.6,-0.0138
20.02,1.6116,1.6108,1.6,-0.0149
20.025,1.6116,1.6106,1.6,-0.0158
20.03,1.6115,1.6105,1.6,-0.0164
20.035,1.6115,1.6105,1.6,-0.0164
20.04,1.6114,1.6102,1.6,-0.0174
20.045,1.6114,1.6104,1.6,-0.0169
20.05,1.6113,1.6104,1.6,-0.0169
20.055,1.6113,1.6106,1.6,-0.0164
20.06,1.6113,1.6107,1.6,-0.0163
20.065,1.6112,1.6107,1.6,-0.0164
20.07,1.6112,1.6107,1.6,-0.0163
20.075,1.6112,1.6105,1.6,-0.0169
20.08,1.6112,1.6105,1.6,-0.0165
20.085,1.6111,1.6106,1.6,-0.016
20.09,1.6111,1.6103,1.6,-0.0167
20.095,1.6111,1.6102,1.6,-0.0167
20.1,1.6111,1.6099,1.6,-0.0176
20.105,1.6111,1.6097,1.6,-0.0177
20.11,1.6111,1.6096,1.6,-0.0179
20.115,1.6111,1.6099,1.6,-0.0165
20.12,1.6111,1.6098,1.6,-0.0165
20.125,1.6111,1.6098,1.6,-0.0158
20.13,1.6111,1.61,1.6,-0.0151
20.135,1.6111,1.6097,1.6,-0.0155
20.14,1.6111,1.6096,1.6,-0.0151
20.145,1.6112,1.6097,1.6,-0.0145
20.15,1.6112,1.6096,1.6,-0.014
20.155,1.6112,1.6097,1.6,-0.0132
20.16,1.6112,1.6101,1.6,-0.0113
20.165,1.6113,1.6102,1.6,-0.0105
20.17,1.6113,1.6103,1.6,-0.0095
20.175,1.6113,1.6106,1.6,-0.0083
20.18,1.6114,1.6103,1.6,-0.0085
20.185,1.6114,1.6104,1.6,-0.0078
20.19,1.6115,1.6103,1.6,-0.0076
20.195,1.6115,1.6107,1.6,-0.0061
20.2,1.6115,1.6108,1.6,-0.0054
20.205,1.6116,1.6109,1.6,-0.0048
20.21,1.6116,1.611,1.6,-0.0043
20.215,1.6117,1.6106,1.6,-0.005
20.22,1.6117,1.611,1.6,-0.0037
20.225,1.6117,1.6111,1.6,-0.0035
20.23,1.6118,1.6109,1.6,-0.0039
20.235,1.6118,1.611,1.6,-0.0037
20.24,1.6119,1.6111,1.6,-0.0035
20.245,1.6119,1.6111,1.6,-0.0036
20.25,1.6119,1.6113,1.6,-0.0032
20.255,1.6119,1.611,1.6,-0.0043
20.26,1.612,1.6111,1.6,-0.0044
20.265,1.612,1.6111,1.6,-0.0046
20.27,1.612,1.6112,1.6,-0.0046
20.275,1.612,1.6112,1.6,-0.0052
20.28,1.612,1.6112,1.6,-0.0053
20.285,1.612,1.6112,1.6,-0.0057
20.29,1.612,1.6117,1.6,-0.0047
20.295,1.612,1.6119,1.6,-0.0044
20.3,1.612,1.6123,1.6,-0.0036
20.305,1.612,1.6124,1.6,-0.0041
20.31,1.612,1.6123,1.6,-0.0047
20.315,1.612,1.6122,1.6,-0.0054
20.32,1.612,1.6124,1.6,-0.0053
20.325,1.612,1.6122,1.6,-0.006
20.33,1.6119,1.6124,1.6,-0.0059
20.335,1.6119,1.6125,1.6,-0.006
20.34,1.6119,1.6121,1.6,-0.0076
20.345,1.6118,1.6121,1.6,-0.008
20.35,1.6118,1.612,1.6,-0.0086
20.355,1.6118,1.6119,1.6,-0.0092
20.36,1.6117,1.6118,1.6,-0.0099
20.365,1.6117,1.6114,1.6,-0.0114
20.37,1.6116,1.6111,1.6,-0.0129
20.375,1.6116,1.6112,1.6,-0.0127
20.38,1.6115,1.6113,1.6,-0.0127
20.385,1.6115,1.6112,1.6,-0.0132
20.39,1.6114,1.6113,1.6,-0.0133
20.395,1.6113,1.6112,1.6,-0.0138
20.4,1.6113,1.6111,1.6,-0.0144
20.405,1.6112,1.6109,1.6,-0.0152
20.41,1.6112,1.6107,1.6,-0.0158
20.415,1.6111,1.6109,1.6,-0.0153
20.42,1.611,1.6111,1.6,-0.0147
20.425,1.611,1.6111,1.6,-0.0147
20.43,1.6109,1.6111,1.6,-0.0149
20.435,1.6109,1.6109,1.6,-0.0153
20.44,1.6108,1.6111,1.6,-0.0146
20.445,1.6108,1.6112,1.6,-0.014
20.45,1.6107,1.6107,1.6,-0.0152
20.455,1.6107,1.6106,1.6,-0.0154
20.46,1.6106,1.6103,1.6,-0.016
20.465,1.6106,1.6101,1.6,-0.0162
20.47,1.6105,1.6101,1.6,-0.0157
20.475,1.6105,1.6101,1.6,-0.0153
20.48,1.6104,1.61,1.6,-0.0151
20.485,1.6104,1.6101,1.6,-0.0147
20.49,1.6103,1.6102,1.6,-0.014
20.495,1.6103,1.61,1.6,-0.014
20.5,1.6102,1.61,1.6,-0.0136
20.505,1.6102,1.6097,1.6,-0.0142
20.51,1.6102,1.6098,1.6,-0.0132
20.515,1.6101,1.6099,1.6,-0.0127
20.52,1.6101,1.6099,1.6,-0.0121
20.525,1.6101,1.6099,1.6,-0.0116
20.53,1.61,1.6097,1.6,-0.0116
20.535,1.61,1.6095,1.6,-0.0118
20.54,1.61,1.6093,1.6,-0.0119
20.545,1.6099,1.6092,1.6,-0.0118
20.55,1.6099,1.609,1.6,-0.0121
20.555,1.6099,1.6089,1.6,-0.0118
20.56,1.6098,1.6088,1.6,-0.0113
20.565,1.6098,1.609,1.6,-0.0105
20.57,1.6098,1.609,1.6,-0.0097
20.575,1.6098,1.609,1.6,-0.0093
20.58,1.6097,1.609,1.6,-0.0089
20.585,1.6097,1.6092,1.6,-0.0077
20.59,1.6097,1.6095,1.6,-0.0062
20.595,1.6097,1.6093,1.6,-0.0062
20.6,1.6096,1.6093,1.6,-0.0059
20.605,1.6096,1.6092,1.6,-0.0057
20.61,1.6096,1.6092,1.6,-0.0052
20.615,1.6096,1.6093,1.6,-0.0047
20.62,1.6095,1.6092,1.6,-0.0045
20.625,1.6095,1.6091,1.6,-0.0047
20.63,1.6095,1.6091,1.6,-0.0045
20.635,1.6095,1.6091,1.6,-0.004
20.64,1.6094,1.6091,1.6,-0.0038
20.645,1.6094,1.6092,1.6,-0.0034
20.65,1.6093,1.6092,1.6,-0.0032
20.655,1.6093,1.6092,1.6,-0.0031
20.66,1.6093,1.609,1.6,-0.0036
20.665,1.6092,1.6092,1.6,-0.0029
20.67,1.6092,1.6092,1.6,-0.0026
20.675,1.6091,1.6092,1.6,-0.0025
20.68,1.6091,1.6089,1.6,-0.0034
20.685,1.609,1.6089,1.6,-0.0035
20.69,1.609,1.6086,1.6,-0.0045
20.695,1.6089,1.6085,1.6,-0.0049
20.7,1.6088,1.6088,1.6,-0.0041
20.705,1.6088,1.6087,1.6,-0.0042
20.71,1.6087,1.6089,1.6,-0.0037
20.715,1.6086,1.6087,1.6,-0.0041
20.72,1.6086,1.6084,1.6,-0.0053
20.725,1.6085,1.6082,1.6,-0.0058
20.73,1.6084,1.6082,1.6,-0.0056
20.735,1.6083,1.6081,1.6,-0.0059
20.74,1.6082,1.6082,1.6,-0.0054
20.745,1.6082,1.6081,1.6,-0.0058
20.75,1.6081,1.6082,1.6,-0.0056
20.755,1.608,1.6083,1.6,-0.0053
20.76,1.6079,1.6082,1.6,-0.0056
20.765,1.6078,1.6083,1.6,-0.0051
20.77,1.6077,1.6082,1.6,-0.0055
20.775,1.6076,1.6083,1.6,-0.0052
20.78,1.6075,1.6083,1.6,-0.0052
20.785,1.6074,1.6082,1.6,-0.0055
20.79,1.6073,1.6083,1.6,-0.0053
20.795,1.6072,1.6083,1.6,-0.0054
20.8,1.6071,1.6082,1.6,-0.006
20.805,1.607,1.6085,1.6,-0.0053
20.81,1.6069,1.6085,1.6,-0.0054
20.815,1.6068,1.6086,1.6,-0.0056
20.82,1.6067,1.6087,1.6,-0.0053
20.825,1.6066,1.6087,1.6,-0.0057
20.83,1.6064,1.6085,1.6,-0.0066
20.835,1.6063,1.6083,1.6,-0.0076
20.84,1.6062,1.6085,1.6,-0.0073
20.845,1.6061,1.6084,1.6,-0.0078
20.85,1.606,1.6084,1.6,-0.0079
20.855,1.6058,1.6085,1.6,-0.008
20.86,1.6057,1.6084,1.6,-0.0082
20.865,1.6056,1.6083,1.6,-0.0088
20.87,1.6055,1.6081,1.6,-0.0095
20.875,1.6053,1.6079,1.6,-0.0104
20.88,1.6052,1.6081,1.6,-0.01
20.885,1.6051,1.6076,1.6,-0.0117
20.89,1.6049,1.6074,1.6,-0.0123
20.895,1.6048,1.6073,1.6,-0.0128
20.9,1.6047,1.6071,1.6,-0.0134
20.905,1.6045,1.607,1.6,-0.0136
20.91,1.6044,1.607,1.6,-0.0134
20.915,1.6043,1.6069,1.6,-0.0135
20.92,1.6042,1.607,1.6,-0.013
20.925,1.604,1.6068,1.6,-0.0134
20.93,1.6039,1.6068,1.6,-0.013
20.935,1.6038,1.6068,1.6,-0.0127
20.94,1.6037,1.6069,1.6,-0.0121
20.945,1.6035,1.6068,1.6,-0.0122
20.95,1.6034,1.6066,1.6,-0.0124
20.955,1.6033,1.6063,1.6,-0.0129
20.96,1.6032,1.6059,1.6,-0.0141
20.965,1.6031,1.6057,1.6,-0.0142
20.97,1.603,1.6055,1.6,-0.0143
20.975,1.6028,1.6054,1.6,-0.0141
20.98,1.6027,1.6052,1.6,-0.0142
20.985,1.6026,1.6048,1.6,-0.015
20.99,1.6025,1.6046,1.6,-0.015
20.995,1.6024,1.6044,1.6,-0.015
21.0,1.6023,1.6042,1.6,-0.015
21.005,1.6023,1.604,1.6,-0.0148
21.01,1.6022,1.6037,1.6,-0.0149
21.015,1.6021,1.6036,1.6,-0.0145
21.02,1.602,1.6038,1.6,-0.0132
21.025,1.6019,1.6038,1.6,-0.0123
21.03,1.6019,1.6036,1.6,-0.0121
21.035,1.6018,1.6032,1.6,-0.0126
21.04,1.6017,1.6033,1.6,-0.0117
21.045,1.6017,1.6031,1.6,-0.0117
21.05,1.6016,1.6029,1.6,-0.0118
21.055,1.6016,1.6031,1.6,-0.0105
21.06,1.6015,1.6028,1.6,-0.0103
21.065,1.6015,1.6027,1.6,-0.0102
21.07,1.6014,1.6024,1.6,-0.0104
21.075,1.6014,1.6021,1.6,-0.0106
21.08,1.6014,1.602,1.6,-0.0102
21.085,1.6013,1.602,1.6,-0.0093
21.09,1.6013,1.6019,1.6,-0.0088
21.095,1.6013,1.6022,1.6,-0.007
21.1,1.6013,1.6022,1.6,-0.0062
21.105,1.6013,1.6021,1.6,-0.0056
21.11,1.6013,1.6024,1.6,-0.0041
21.115,1.6013,1.6026,1.6,-0.0028
21.12,1.6013,1.6025,1.6,-0.0022
21.125,1.6013,1.6022,1.6,-0.0026
21.13,1.6013,1.602,1.6,-0.0025
21.135,1.6013,1.6021,1.6,-0.0017
21.14,1.6013,1.6019,1.6,-0.0016
21.145,1.6013,1.6019,1.6,-0.001
21.15,1.6013,1.6017,1.6,-0.0009
21.155,1.6013,1.6015,1.6,-0.0008
21.16,1.6013,1.6016,1.6,0.0001
21.165,1.6013,1.6015,1.6,0.0006
21.17,1.6013,1.6015,1.6,0.0012
21.175,1.6013,1.6014,1.6,0.0014
21.18,1.6014,1.6014,1.6,0.0017
21.185,1.6014,1.6014,1.6,0.0022
21.19,1.6014,1.6014,1.6,0.0027
21.195,1.6014,1.6014,1.6,0.0032
21.2,1.6014,1.6015,1.6,0.0037
21.205,1.6014,1.6015,1.6,0.0041
21.21,1.6014,1.6017,1.6,0.005
21.215,1.6015,1.6017,1.6,0.0052
21.22,1.6015,1.602,1.6,0.006
21.225,1.6015,1.6021,1.6,0.0063
21.23,1.6015,1.6018,1.6,0.0056
21.235,1.6015,1.6017,1.6,0.0052
21.24,1.6015,1.6014,1.6,0.0044
21.245,1.6015,1.6014,1.6,0.0044
21.25,1.6015,1.6014,1.6,0.0042
21.255,1.6015,1.6015,1.6,0.0047
21.26,1.6015,1.6014,1.6,0.0042
21.265,1.6015,1.6012,1.6,0.0034
21.27,1.6015,1.6011,1.6,0.0027
21.275,1.6015,1.6013,1.6,0.0031
21.28,1.6014,1.6015,1.6,0.0037
21.285,1.6014,1.6017,1.6,0.004
21.29,1.6014,1.6018,1.6,0.0042
21.295,1.6014,1.602,1.6,0.0044
21.3,1.6014,1.6021,1.6,0.0045
21.305,1.6013,1.6022,1.6,0.0044
21.31,1.6013,1.6022,1.6,0.004
21.315,1.6013,1.6021,1.6,0.0037
21.32,1.6013,1.6021,1.6,0.0033
21.325,1.6012,1.6023,1.6,0.0037
21.33,1.6012,1.6023,1.6,0.0036
21.335,1.6012,1.6022,1.6,0.0031
21.34,1.6011,1.602,1.6,0.0022
21.345,1.6011,1.6018,1.6,0.0015
21.35,1.601,1.6014,1.6,0.0003
21.355,1.601,1.6011,1.6,-0.0007
21.36,1.6009,1.6009,1.6,-0.0013
21.365,1.6009,1.6009,1.6,-0.0011
21.37,1.6009,1.6008,1.6,-0.0016
21.375,1.6008,1.6008,1.6,-0.0018
21.38,1.6008,1.6009,1.6,-0.0014
21.385,1.6007,1.6008,1.6,-0.002
21.39,1.6007,1.601,1.6,-0.0013
21.395,1.6006,1.6009,1.6,-0.0016
21.4,1.6006,1.6009,1.6,-0.0017
21.405,1.6005,1.6011,1.6,-0.0012
21.41,1.6005,1.6011,1.6,-0.0013
21.415,1.6004,1.6008,1.6,-0.0022
21.42,1.6004,1.6007,1.6,-0.0024
21.425,1.6003,1.6005,1.6,-0.0028
21.43,1.6003,1.6004,1.6,-0.0029
21.435,1.6003,1.6005,1.6,-0.0024
21.44,1.6002,1.6003,1.6,-0.0025
21.445,1.6002,1.6005,1.6,-0.0016
21.45,1.6001,1.6005,1.6,-0.0014
21.455,1.6001,1.6004,1.6,-0.0013
21.46,1.6001,1.6003,1.6,-0.0011
21.465,1.6,1.6006,1.6,0.0
21.47,1.6,1.6007,1.6,0.0007
21.475,1.6,1.6006,1.6,0.0005
21.48,1.5999,1.6006,1.6,0.0009
21.485,1.5999,1.6009,1.6,0.002
21.49,1.5999,1.6011,1.6,0.0032
21.495,1.5998,1.6011,1.6,0.0033
21.5,1.5998,1.6011,1.6,0.0038
21.505,1.5998,1.6011,1.6,0.004
21.51,1.5997,1.6012,1.6,0.0046
21.515,1.5997,1.6009,1.6,0.004
21.52,1.5997,1.6009,1.6,0.0041
21.525,1.5996,1.6009,1.6,0.0043
21.53,1.5996,1.6009,1.6,0.0045
21.535,1.5996,1.6006,1.6,0.0038
21.54,1.5995,1.6005,1.6,0.0039
21.545,1.5995,1.6007,1.6,0.0046
21.55,1.5995,1.6008,1.6,0.0047
21.555,1.5994,1.6007,1.6,0.0043
21.56,1.5994,1.6006,1.6,0.0041
21.565,1.5993,1.6002,1.6,0.0027
21.57,1.5993,1.6,1.6,0.0019
21.575,1.5992,1.6,1.6,0.0019
21.58,1.5992,1.5999,1.6,0.0017
21.585,1.5991,1.6002,1.6,0.0023
21.59,1.5991,1.6001,1.6,0.0021
21.595,1.599,1.6001,1.6,0.0018
21.6,1.599,1.5999,1.6,0.0011
21.605,1.5989,1.5999,1.6,0.001
21.61,1.5989,1.5999,1.6,0.0006
21.615,1.5989,1.5997,1.6,-0.0001
21.62,1.5988,1.5994,1.6,-0.0013
21.625,1.5988,1.5991,1.6,-0.0025
21.63,1.5987,1.5989,1.6,-0.0033
21.635,1.5987,1.5988,1.6,-0.0039
21.64,1.5986,1.5986,1.6,-0.0047
21.645,1.5986,1.5987,1.6,-0.0046
21.65,1.5985,1.5987,1.6,-0.0046
21.655,1.5985,1.5989,1.6,-0.0043
21.66,1.5985,1.5989,1.6,-0.0042
21.665,1.5984,1.5988,1.6,-0.0048
21.67,1.5984,1.5988,1.6,-0.0049
21.675,1.5984,1.5986,1.6,-0.0057
21.68,1.5983,1.5984,1.6,-0.0062
21.685,1.5983,1.5985,1.6,-0.0054
21.69,1.5983,1.5987,1.6,-0.0048
21.695,1.5983,1.5985,1.6,-0.0051
21.7,1.5983,1.5985,1.6,-0.0049
21.705,1.5983,1.5984,1.6,-0.005
21.71,1.5983,1.5985,1.6,-0.0044
21.715,1.5983,1.5988,1.6,-0.0033
21.72,1.5983,1.5986,1.6,-0.0035
21.725,1.5983,1.5987,1.6,-0.0029
21.73,1.5983,1.5987,1.6,-0.0027
21.735,1.5983,1.5988,1.6,-0.0019
21.74,1.5983,1.5987,1.6,-0.002
21.745,1.5984,1.5988,1.6,-0.0011
21.75,1.5984,1.5987,1.6,-0.0013
21.755,1.5984,1.5987,1.6,-0.0009
21.76,1.5985,1.5988,1.6,-0.0003
21.765,1.5985,1.5987,1.6,-0.0004
21.77,1.5985,1.5987,1.6,-0.0001
21.775,1.5986,1.5986,1.6,-0.0003
21.78,1.5986,1.5991,1.6,0.0016
21.785,1.5987,1.5992,1.6,0.0022
21.79,1.5987,1.5993,1.6,0.0027
21.795,1.5988,1.5991,1.6,0.0026
21.8,1.5988,1.5991,1.6,0.0029
21.805,1.5989,1.5994,1.6,0.0043
21.81,1.5989,1.5997,1.6,0.0055
21.815,1.599,1.5998,1.6,0.0062
21.82,1.599,1.5996,1.6,0.0059
21.825,1.5991,1.5997,1.6,0.0063
21.83,1.5992,1.5997,1.6,0.0064
21.835,1.5992,1.5996,1.6,0.0063
21.84,1.5993,1.5995,1.6,0.006
21.845,1.5993,1.5996,1.6,0.0065
21.85,1.5994,1.5996,1.6,0.0062
21.855,1.5994,1.5996,1.6,0.006
21.86,1.5995,1.5991,1.6,0.0043
21.865,1.5995,1.5992,1.6,0.0047
21.87,1.5996,1.599,1.6,0.0039
21.875,1.5996,1.5991,1.6,0.004
21.88,1.5997,1.5992,1.6,0.0041
21.885,1.5997,1.5991,1.6,0.0034
21.89,1.5998,1.599,1.6,0.0028
21.895,1.5998,1.5991,1.6,0.0028
21.9,1.5998,1.5993,1.6,0.0031
21.905,1.5999,1.5996,1.6,0.0037
21.91,1.5999,1.5995,1.6,0.0032
21.915,1.6,1.5998,1.6,0.0037
21.92,1.6,1.5998,1.6,0.0035
21.925,1.6001,1.5997,1.6,0.0032
21.93,1.6001,1.5997,1.6,0.003
21.935,1.6002,1.5997,1.6,0.0029
21.94,1.6002,1.5998,1.6,0.003
21.945,1.6002,1.5997,1.6,0.0024
21.95,1.6003,1.5996,1.6,0.002
21.955,1.6003,1.5996,1.6,0.0017
21.96,1.6004,1.5997,1.6,0.002
21.965,1.6004,1.5998,1.6,0.002
21.97,1.6005,1.5999,1.6,0.0021
21.975,1.6005,1.6,1.6,0.0023
21.98,1.6005,1.6001,1.6,0.0023
21.985,1.6006,1.6001,1.6,0.0019
21.99,1.6006,1.6003,1.6,0.0023
21.995,1.6007,1.6003,1.6,0.0019
22.0,1.6007,1.6002,1.6,0.0014
22.005,1.6008,1.6001,1.6,0.0008
22.01,1.6008,1.6002,1.6,0.0008
22.015,1.6009,1.6002,1.6,0.0006
22.02,1.6009,1.6003,1.6,0.001
22.025,1.6009,1.6006,1.6,0.0017
22.03,1.601,1.6004,1.6,0.001
22.035,1.601,1.6004,1.6,0.0009
22.04,1.6011,1.6003,1.6,0.0006
22.045,1.6011,1.6004,1.6,0.0008
22.05,1.6012,1.6004,1.6,0.0007
22.055,1.6012,1.6004,1.6,0.0007
22.06,1.6013,1.6006,1.6,0.0012
22.065,1.6013,1.6007,1.6,0.0015
22.07,1.6014,1.6005,1.6,0.0005
22.075,1.6014,1.6005,1.6,0.0007
22.08,1.6015,1.6005,1.6,0.0004
22.085,1.6015,1.6002,1.6,-0.0005
22.09,1.6016,1.6004,1.6,0.0001
22.095,1.6016,1.6007,1.6,0.0011
22.1,1.6017,1.6009,1.6,0.0016
22.105,1.6017,1.6012,1.6,0.0023
22.11,1.6018,1.6013,1.6,0.0025
22.115,1.6018,1.6012,1.6,0.0021
22.12,1.6019,1.6011,1.6,0.0019
22.125,1.6019,1.6013,1.6,0.0025
22.13,1.602,1.6012,1.6,0.0022
22.135,1.602,1.6014,1.6,0.0028
22.14,1.6021,1.6014,1.6,0.0028
22.145,1.6021,1.6015,1.6,0.0032
22.15,1.6021,1.6015,1.6,0.003
22.155,1.6022,1.6015,1.6,0.0029
22.16,1.6022,1.6014,1.6,0.0026
22.165,1.6023,1.6016,1.6,0.0033
22.17,1.6023,1.6017,1.6,0.0033
22.175,1.6024,1.6016,1.6,0.0028
22.18,1.6024,1.6014,1.6,0.002
22.185,1.6025,1.6013,1.6,0.0017
22.19,1.6025,1.6013,1.6,0.0013
22.195,1.6025,1.601,1.6,0.0002
22.2,1.6026,1.601,1.6,-0.0003
22.205,1.6026,1.6011,1.6,-0.0
22.21,1.6027,1.6013,1.6,0.0004
22.215,1.6027,1.6013,1.6,0.0001
22.22,1.6027,1.6012,1.6,-0.0004
22.225,1.6028,1.6013,1.6,-0.0001
22.23,1.6028,1.6016,1.6,0.0004
22.235,1.6028,1.6015,1.6,-0.0
22.24,1.6029,1.6015,1.6,-0.0003
22.245,1.6029,1.6018,1.6,0.0007
22.25,1.6029,1.6017,1.6,0.0003
22.255,1.603,1.602,1.6,0.0009
22.26,1.603,1.6021,1.6,0.0011
22.265,1.603,1.6026,1.6,0.0024
22.27,1.6031,1.6023,1.6,0.0013
22.275,1.6031,1.6024,1.6,0.0013
22.28,1.6031,1.6024,1.6,0.0013
22.285,1.6032,1.6027,1.6,0.0019
22.29,1.6032,1.6029,1.6,0.0023
22.295,1.6032,1.6029,1.6,0.0019
22.3,1.6032,1.6031,1.6,0.002
22.305,1.6033,1.6031,1.6,0.0019
22.31,1.6033,1.6031,1.6,0.0018
22.315,1.6033,1.6031,1.6,0.0013
22.32,1.6033,1.6034,1.6,0.0018
22.325,1.6033,1.6036,1.6,0.0022
22.33,1.6033,1.6037,1.6,0.0021
22.335,1.6034,1.6038,1.6,0.0022
22.34,1.6034,1.604,1.6,0.0026
22.345,1.6034,1.6039,1.6,0.002
22.35,1.6034,1.6037,1.6,0.0009
22.355,1.6034,1.6034,1.6,-0.0004
22.36,1.6034,1.6031,1.6,-0.0013
22.365,1.6034,1.6033,1.6,-0.001
22.37,1.6034,1.6034,1.6,-0.001
22.375,1.6034,1.6033,1.6,-0.0016
22.38,1.6034,1.6034,1.6,-0.0014
22.385,1.6033,1.6033,1.6,-0.0022
22.39,1.6033,1.6032,1.6,-0.0025
22.395,1.6033,1.6033,1.6,-0.0025
22.4,1.6033,1.6035,1.6,-0.002
22.405,1.6033,1.6036,1.6,-0.002
22.41,1.6033,1.6034,1.6,-0.0029
22.415,1.6033,1.6034,1.6,-0.0032
22.42,1.6032,1.6033,1.6,-0.0038
22.425,1.6032,1.6034,1.6,-0.0037
22.43,1.6032,1.603,1.6,-0.0053
22.435,1.6032,1.6028,1.6,-0.0059
22.44,1.6032,1.6026,1.6,-0.0066
22.445,1.6032,1.6024,1.6,-0.0072
22.45,1.6031,1.6022,1.6,-0.0079
22.455,1.6031,1.6021,1.6,-0.0082
22.46,1.6031,1.602,1.6,-0.0088
22.465,1.6031,1.6022,1.6,-0.0083
22.47,1.6031,1.6023,1.6,-0.0081
22.475,1.6031,1.6024,1.6,-0.0075
22.48,1.6031,1.6024,1.6,-0.0076
22.485,1.6031,1.6024,1.6,-0.0075
22.49,1.6031,1.6025,1.6,-0.0071
22.495,1.6031,1.6025,1.6,-0.0072
22.5,1.6031,1.6024,1.6,-0.0071
22.505,1.6031,1.6022,1.6,-0.0074
22.51,1.6031,1.6025,1.6,-0.0063
22.515,1.6031,1.6025,1.6,-0.0062
22.52,1.6031,1.6024,1.6,-0.0064
22.525,1.6031,1.6025,1.6,-0.006
22.53,1.6031,1.6026,1.6,-0.0055
22.535,1.6031,1.6029,1.6,-0.0042
22.54,1.6032,1.603,1.6,-0.0039
22.545,1.6032,1.6029,1.6,-0.0038
22.55,1.6032,1.6027,1.6,-0.0044
22.555,1.6032,1.6028,1.6,-0.0038
22.56,1.6033,1.6032,1.6,-0.0022
22.565,1.6033,1.6033,1.6,-0.0017
22.57,1.6033,1.6032,1.6,-0.0017
22.575,1.6033,1.603,1.6,-0.0021
22.58,1.6034,1.603,1.6,-0.0022
22.585,1.6034,1.6031,1.6,-0.0017
22.59,1.6034,1.6032,1.6,-0.0013
22.595,1.6034,1.6033,1.6,-0.0007
22.6,1.6035,1.603,1.6,-0.0015
22.605,1.6035,1.603,1.6,-0.0013
22.61,1.6035,1.6031,1.6,-0.001
22.615,1.6035,1.6033,1.6,0.0001
22.62,1.6036,1.6033,1.6,0.0001
22.625,1.6036,1.6036,1.6,0.0012
22.63,1.6036,1.6037,1.6,0.0019
22.635,1.6036,1.6037,1.6,0.002
22.64,1.6037,1.6038,1.6,0.0024
22.645,1.6037,1.6039,1.6,0.0029
22.65,1.6037,1.6038,1.6,0.0025
22.655,1.6037,1.6037,1.6,0.0021
22.66,1.6037,1.6039,1.6,0.0028
22.665,1.6037,1.6041,1.6,0.0033
22.67,1.6037,1.6043,1.6,0.0036
22.675,1.6037,1.6045,1.6,0.0039
22.68,1.6037,1.6044,1.6,0.0034
22.685,1.6037,1.6045,1.6,0.0033
22.69,1.6037,1.6046,1.6,0.0034
22.695,1.6037,1.6044,1.6,0.0027
22.7,1.6037,1.6045,1.6,0.0024
22.705,1.6037,1.6047,1.6,0.0026
22.71,1.6037,1.6046,1.6,0.0019
22.715,1.6037,1.6044,1.6,0.0012
22.72,1.6036,1.6046,1.6,0.0014
22.725,1.6036,1.6047,1.6,0.0012
22.73,1.6036,1.6046,1.6,0.0005
22.735,1.6035,1.6047,1.6,0.0003
22.74,1.6035,1.6048,1.6,0.0001
22.745,1.6034,1.6046,1.6,-0.0011
22.75,1.6034,1.6045,1.6,-0.0015
22.755,1.6033,1.6046,1.6,-0.0016
22.76,1.6033,1.6047,1.6,-0.0019
22.765,1.6032,1.6048,1.6,-0.0017
22.77,1.6032,1.6047,1.6,-0.0025
22.775,1.6031,1.6044,1.6,-0.0038
22.78,1.6031,1.6045,1.6,-0.0037
22.785,1.603,1.6046,1.6,-0.004
22.79,1.6029,1.6043,1.6,-0.0052
22.795,1.6029,1.6046,1.6,-0.0048
22.8,1.6028,1.6043,1.6,-0.0061
22.805,1.6027,1.6046,1.6,-0.0059
22.81,1.6027,1.6045,1.6,-0.0066
22.815,1.6026,1.6048,1.6,-0.0062
22.82,1.6025,1.6046,1.6,-0.0073
22.825,1.6024,1.6046,1.6,-0.0076
22.83,1.6024,1.6047,1.6,-0.0079
22.835,1.6023,1.6044,1.6,-0.0088
22.84,1.6022,1.6043,1.6,-0.0096
22.845,1.6022,1.6042,1.6,-0.0099
22.85,1.6021,1.604,1.6,-0.0107
22.855,1.602,1.6039,1.6,-0.0112
22.86,1.6019,1.6037,1.6,-0.012
22.865,1.6019,1.6036,1.6,-0.0124
22.87,1.6018,1.6035,1.6,-0.0128
22.875,1.6017,1.6035,1.6,-0.0128
22.88,1.6017,1.6035,1.6,-0.0129
22.885,1.6016,1.6036,1.6,-0.0127
22.89,1.6016,1.6033,1.6,-0.0135
22.895,1.6015,1.6031,1.6,-0.0139
22.9,1.6015,1.603,1.6,-0.0141
22.905,1.6014,1.6029,1.6,-0.0142
22.91,1.6014,1.6029,1.6,-0.0139
22.915,1.6013,1.6028,1.6,-0.014
22.92,1.6013,1.6026,1.6,-0.0143
22.925,1.6013,1.6025,1.6,-0.0142
22.93,1.6012,1.6021,1.6,-0.0148
22.935,1.6012,1.602,1.6,-0.0148
22.94,1.6012,1.602,1.6,-0.0142
22.945,1.6012,1.6019,1.6,-0.0139
22.95,1.6012,1.6016,1.6,-0.0145
22.955,1.6012,1.6014,1.6,-0.0146
22.96,1.6012,1.6013,1.6,-0.0141
22.965,1.6012,1.6013,1.6,-0.0134
22.97,1.6012,1.6014,1.6,-0.0123
22.975,1.6012,1.6015,1.6,-0.0114
22.98,1.6012,1.6016,1.6,-0.0105
22.985,1.6012,1.6015,1.6,-0.0102
22.99,1.6013,1.6017,1.6,-0.009
22.995,1.6013,1.6013,1.6,-0.0095
23.0,1.6013,1.6013,1.6,-0.0089
23.005,1.6014,1.6014,1.6,-0.008
23.01,1.6014,1.6013,1.6,-0.0078
23.015,1.6015,1.6015,1.6,-0.0067
23.02,1.6015,1.6014,1.6,-0.0063
23.025,1.6016,1.6018,1.6,-0.0044
23.03,1.6017,1.6016,1.6,-0.0047
23.035,1.6017,1.6013,1.6,-0.0049
23.04,1.6018,1.6013,1.6,-0.0043
23.045,1.6019,1.6014,1.6,-0.0036
23.05,1.6019,1.6015,1.6,-0.0029
23.055,1.602,1.6015,1.6,-0.0024
23.06,1.6021,1.6015,1.6,-0.002
23.065,1.6022,1.6016,1.6,-0.0016
23.07,1.6022,1.6015,1.6,-0.0016
23.075,1.6023,1.6015,1.6,-0.0013
23.08,1.6024,1.6013,1.6,-0.0019
23.085,1.6025,1.6016,1.6,-0.0008
23.09,1.6025,1.6016,1.6,-0.0007
23.095,1.6026,1.6018,1.6,0.0003
23.1,1.6027,1.6018,1.6,0.0002
23.105,1.6028,1.6016,1.6,-0.0005
23.11,1.6029,1.6019,1.6,0.0007
23.115,1.603,1.602,1.6,0.0012
23.12,1.603,1.6021,1.6,0.0013
23.125,1.6031,1.602,1.6,0.0012
23.13,1.6032,1.6017,1.6,0.0002
23.135,1.6033,1.6017,1.6,0.0001
23.14,1.6033,1.6017,1.6,0.0004
23.145,1.6034,1.602,1.6,0.0011
23.15,1.6035,1.6022,1.6,0.002
23.155,1.6036,1.6022,1.6,0.002
23.16,1.6036,1.6025,1.6,0.003
23.165,1.6037,1.6028,1.6,0.0039
23.17,1.6038,1.6029,1.6,0.0043
23.175,1.6038,1.6028,1.6,0.0039
23.18,1.6039,1.6028,1.6,0.0036
23.185,1.6039,1.6028,1.6,0.0036
23.19,1.604,1.6032,1.6,0.0048
23.195,1.604,1.6033,1.6,0.0054
23.2,1.6041,1.6032,1.6,0.0049
23.205,1.6041,1.6032,1.6,0.0046
23.21,1.6042,1.6034,1.6,0.0049
23.215,1.6042,1.6035,1.6,0.005
23.22,1.6043,1.6036,1.6,0.005
23.225,1.6043,1.6034,1.6,0.004
23.23,1.6043,1.6037,1.6,0.0042
23.235,1.6043,1.6035,1.6,0.0033
23.24,1.6044,1.6036,1.6,0.0032
23.245,1.6044,1.6036,1.6,0.0025
23.25,1.6044,1.6035,1.6,0.0018
23.255,1.6044,1.6036,1.6,0.0014
23.26,1.6044,1.6039,1.6,0.0019
23.265,1.6044,1.6037,1.6,0.0004
23.27,1.6044,1.6035,1.6,-0.0007
23.275,1.6044,1.6035,1.6,-0.0013
23.28,1.6044,1.6036,1.6,-0.0017
23.285,1.6044,1.6037,1.6,-0.002
23.29,1.6044,1.6034,1.6,-0.0035
23.295,1.6043,1.6034,1.6,-0.0041
23.3,1.6043,1.6035,1.6,-0.0044
23.305,1.6043,1.6034,1.6,-0.0051
23.31,1.6043,1.6034,1.6,-0.0057
23.315,1.6042,1.6035,1.6,-0.0059
23.32,1.6042,1.6033,1.6,-0.0067
23.325,1.6042,1.6035,1.6,-0.0065
23.33,1.6042,1.6037,1.6,-0.0065
23.335,1.6041,1.6037,1.6,-0.0067
23.34,1.6041,1.6037,1.6,-0.007
23.345,1.6041,1.6037,1.6,-0.0071
23.35,1.6041,1.6036,1.6,-0.0081
23.355,1.604,1.6038,1.6,-0.0076
23.36,1.604,1.6037,1.6,-0.008
23.365,1.604,1.604,1.6,-0.0076
23.37,1.604,1.6042,1.6,-0.0073
23.375,1.6039,1.6038,1.6,-0.0085
23.38,1.6039,1.6037,1.6,-0.0091
23.385,1.6039,1.6037,1.6,-0.0091
23.39,1.6039,1.6037,1.6,-0.0094
23.395,1.6038,1.6036,1.6,-0.0099
23.4,1.6038,1.6037,1.6,-0.0099
23.405,1.6038,1.6036,1.6,-0.01
23.41,1.6038,1.6034,1.6,-0.0107
23.415,1.6038,1.6036,1.6,-0.0103
23.42,1.6037,1.6037,1.6,-0.0099
23.425,1.6037,1.6039,1.6,-0.0095
23.43,1.6037,1.6039,1.6,-0.0095
23.435,1.6037,1.604,1.6,-0.0091
23.44,1.6037,1.6039,1.6,-0.0094
23.445,1.6037,1.604,1.6,-0.0091
23.45,1.6037,1.6041,1.6,-0.009
23.455,1.6037,1.6038,1.6,-0.0102
23.46,1.6037,1.6036,1.6,-0.0108
23.465,1.6037,1.6037,1.6,-0.0106
23.47,1.6037,1.6035,1.6,-0.0111
23.475,1.6037,1.6035,1.6,-0.0112
23.48,1.6037,1.6035,1.6,-0.0108
23.485,1.6037,1.6035,1.6,-0.0107
23.49,1.6037,1.6035,1.6,-0.0102
23.495,1.6037,1.6033,1.6,-0.0106
23.5,1.6037,1.6033,1.6,-0.0103
23.505,1.6037,1.6033,1.6,-0.0099
23.51,1.6038,1.6033,1.6,-0.0099
23.515,1.6038,1.6032,1.6,-0.01
23.52,1.6038,1.6032,1.6,-0.0097
23.525,1.6038,1.6028,1.6,-0.0105
23.53,1.6039,1.6029,1.6,-0.0101
23.535,1.6039,1.6031,1.6,-0.0092
23.54,1.6039,1.603,1.6,-0.0093
23.545,1.6039,1.603,1.6,-0.009
23.55,1.604,1.6029,1.6,-0.0089
23.555,1.604,1.603,1.6,-0.0084
23.56,1.6041,1.603,1.6,-0.0079
23.565,1.6041,1.6029,1.6,-0.008
23.57,1.6042,1.6028,1.6,-0.0076
23.575,1.6042,1.6026,1.6,-0.0079
23.58,1.6043,1.6026,1.6,-0.0075
23.585,1.6043,1.6027,1.6,-0.0069
23.59,1.6044,1.6029,1.6,-0.006
23.595,1.6044,1.603,1.6,-0.0054
23.6,1.6045,1.603,1.6,-0.0051
23.605,1.6045,1.603,1.6,-0.0052
23.61,1.6046,1.6029,1.6,-0.0052
23.615,1.6047,1.6028,1.6,-0.0054
23.62,1.6047,1.603,1.6,-0.0045
23.625,1.6048,1.6031,1.6,-0.0039
23.63,1.6048,1.6031,1.6,-0.0037
23.635,1.6049,1.6032,1.6,-0.0032
23.64,1.605,1.6034,1.6,-0.0025
23.645,1.605,1.6032,1.6,-0.0034
23.65,1.6051,1.6034,1.6,-0.0027
23.655,1.6051,1.6036,1.6,-0.0025
23.66,1.6052,1.6034,1.6,-0.003
23.665,1.6053,1.6034,1.6,-0.0031
23.67,1.6053,1.6032,1.6,-0.0037
23.675,1.6054,1.6033,1.6,-0.0036
23.68,1.6054,1.6033,1.6,-0.0035
23.685,1.6055,1.6033,1.6,-0.0035
23.69,1.6056,1.6037,1.6,-0.0021
23.695,1.6056,1.604,1.6,-0.0012
23.7,1.6057,1.6039,1.6,-0.0014
23.705,1.6057,1.604,1.6,-0.0013
23.71,1.6058,1.6039,1.6,-0.0015
23.715,1.6058,1.6039,1.6,-0.0015
23.72,1.6059,1.604,1.6,-0.0012
23.725,1.6059,1.6039,1.6,-0.0015
23.73,1.606,1.604,1.6,-0.0014
23.735,1.606,1.604,1.6,-0.0015
23.74,1.6061,1.6041,1.6,-0.0012
23.745,1.6061,1.604,1.6,-0.0014
23.75,1.6061,1.6043,1.6,-0.0005
23.755,1.6062,1.6045,1.6,-0.0002
23.76,1.6062,1.6045,1.6,-0.0004
23.765,1.6062,1.6045,1.6,-0.0007
23.77,1.6063,1.6043,1.6,-0.0015
23.775,1.6063,1.6042,1.6,-0.002
23.78,1.6063,1.6044,1.6,-0.0018
23.785,1.6063,1.6044,1.6,-0.0022
23.79,1.6064,1.6046,1.6,-0.0021
23.795,1.6064,1.6047,1.6,-0.0021
23.8,1.6064,1.6047,1.6,-0.0025
23.805,1.6064,1.6047,1.6,-0.003
23.81,1.6064,1.6045,1.6,-0.004
23.815,1.6064,1.6044,1.6,-0.0046
23.82,1.6064,1.6045,1.6,-0.0048
23.825,1.6064,1.6046,1.6,-0.0047
23.83,1.6064,1.6045,1.6,-0.0054
23.835,1.6064,1.6044,1.6,-0.0064
23.84,1.6064,1.6045,1.6,-0.0065
23.845,1.6064,1.6045,1.6,-0.0066
23.85,1.6064,1.6046,1.6,-0.0066
23.855,1.6064,1.6046,1.6,-0.0069
23.86,1.6063,1.6045,1.6,-0.0076
23.865,1.6063,1.6045,1.6,-0.008
23.87,1.6063,1.6042,1.6,-0.009
23.875,1.6063,1.6044,1.6,-0.0089
23.88,1.6063,1.6046,1.6,-0.0084
23.885,1.6063,1.6045,1.6,-0.0089
23.89,1.6063,1.6046,1.6,-0.0088
23.895,1.6062,1.6044,1.6,-0.0097
23.9,1.6062,1.6045,1.6,-0.0094
23.905,1.6062,1.6046,1.6,-0.0093
23.91,1.6062,1.6047,1.6,-0.0093
23.915,1.6062,1.6046,1.6,-0.0096
23.92,1.6062,1.6046,1.6,-0.0095
23.925,1.6062,1.6045,1.6,-0.0098
23.93,1.6061,1.6046,1.6,-0.0095
23.935,1.6061,1.6048,1.6,-0.0088
23.94,1.6061,1.6049,1.6,-0.0085
23.945,1.6061,1.6049,1.6,-0.0082
23.95,1.6061,1.6048,1.6,-0.0086
23.955,1.6061,1.6049,1.6,-0.0083
23.96,1.6061,1.605,1.6,-0.0077
23.965,1.606,1.6048,1.6,-0.0084
23.97,1.606,1.6049,1.6,-0.0079
23.975,1.606,1.6051,1.6,-0.0072
23.98,1.606,1.6052,1.6,-0.0067
23.985,1.606,1.6053,1.6,-0.0065
23.99,1.606,1.6053,1.6,-0.0064
23.995,1.606,1.6053,1.6,-0.0062
24.0,1.606,1.6049,1.6,-0.0075
24.005,1.6059,1.6048,1.6,-0.0079
24.01,1.6059,1.6048,1.6,-0.0076
24.015,1.6059,1.605,1.6,-0.0069
24.02,1.6059,1.6049,1.6,-0.0074
24.025,1.6059,1.6049,1.6,-0.0076
24.03,1.6059,1.6049,1.6,-0.0077
24.035,1.6059,1.6047,1.6,-0.0083
24.04,1.6058,1.6044,1.6,-0.0094
24.045,1.6058,1.6043,1.6,-0.01
24.05,1.6058,1.6039,1.6,-0.0113
24.055,1.6058,1.6041,1.6,-0.0106
24.06,1.6058,1.6041,1.6,-0.0106
24.065,1.6058,1.6041,1.6,-0.0103
24.07,1.6057,1.6042,1.6,-0.0099
24.075,1.6057,1.6039,1.6,-0.0109
24.08,1.6057,1.604,1.6,-0.0103
24.085,1.6057,1.6043,1.6,-0.0093
24.09,1.6057,1.6043,1.6,-0.0094
24.095,1.6057,1.6043,1.6,-0.009
24.1,1.6057,1.6042,1.6,-0.0094
24.105,1.6057,1.6044,1.6,-0.0085
24.11,1.6056,1.6045,1.6,-0.0079
24.115,1.6056,1.6045,1.6,-0.0079
24.12,1.6056,1.6045,1.6,-0.0076
24.125,1.6056,1.6046,1.6,-0.0069
24.13,1.6056,1.6048,1.6,-0.006
24.135,1.6056,1.6045,1.6,-0.0067
24.14,1.6056,1.6045,1.6,-0.0061
24.145,1.6056,1.6047,1.6,-0.0052
24.15,1.6056,1.6047,1.6,-0.005
24.155,1.6056,1.6047,1.6,-0.0045
24.16,1.6056,1.6047,1.6,-0.0045
24.165,1.6056,1.6048,1.6,-0.0039
24.17,1.6055,1.6047,1.6,-0.004
24.175,1.6055,1.6046,1.6,-0.0042
24.18,1.6055,1.6045,1.6,-0.0041
24.185,1.6055,1.6045,1.6,-0.0041
24.19,1.6055,1.6044,1.6,-0.0043
24.195,1.6055,1.6045,1.6,-0.0039
24.2,1.6054,1.6046,1.6,-0.0039
24.205,1.6054,1.6045,1.6,-0.004
24.21,1.6054,1.6046,1.6,-0.0042
24.215,1.6054,1.6044,1.6,-0.0049
24.22,1.6053,1.6045,1.6,-0.005
24.225,1.6053,1.6045,1.6,-0.0052
24.23,1.6053,1.6043,1.6,-0.0062
24.235,1.6053,1.6041,1.6,-0.007
24.24,1.6052,1.6042,1.6,-0.007
24.245,1.6052,1.6042,1.6,-0.0074
24.25,1.6051,1.6043,1.6,-0.007
24.255,1.6051,1.6043,1.6,-0.0073
24.26,1.6051,1.6041,1.6,-0.0081
24.265,1.605,1.6037,1.6,-0.0094
24.27,1.605,1.6039,1.6,-0.0089
24.275,1.6049,1.6039,1.6,-0.0088
24.28,1.6049,1.6041,1.6,-0.0084
24.285,1.6049,1.6041,1.6,-0.0085
24.29,1.6048,1.6043,1.6,-0.0079
24.295,1.6048,1.6044,1.6,-0.0076
24.3,1.6047,1.6047,1.6,-0.0066
24.305,1.6047,1.6046,1.6,-0.0068
24.31,1.6047,1.6046,1.6,-0.0068
24.315,1.6046,1.6046,1.6,-0.0067
24.32,1.6046,1.6045,1.6,-0.0069
24.325,1.6045,1.6046,1.6,-0.0064
24.33,1.6045,1.6046,1.6,-0.0061
24.335,1.6044,1.6048,1.6,-0.0052
24.34,1.6044,1.6051,1.6,-0.0039
24.345,1.6043,1.6051,1.6,-0.0037
24.35,1.6043,1.6053,1.6,-0.003
24.355,1.6043,1.6054,1.6,-0.0025
24.36,1.6042,1.6052,1.6,-0.0027
24.365,1.6042,1.6051,1.6,-0.0029
24.37,1.6041,1.605,1.6,-0.0031
24.375,1.604,1.6048,1.6,-0.0036
24.38,1.604,1.605,1.6,-0.003
24.385,1.6039,1.6051,1.6,-0.0026
24.39,1.6039,1.6049,1.6,-0.0032
24.395,1.6038,1.6048,1.6,-0.0035
24.4,1.6037,1.6047,1.6,-0.0038
24.405,1.6037,1.6047,1.6,-0.0038
24.41,1.6036,1.6048,1.6,-0.0034
24.415,1.6035,1.605,1.6,-0.0028
24.42,1.6034,1.6049,1.6,-0.0032
24.425,1.6034,1.6045,1.6,-0.0043
24.43,1.6033,1.6045,1.6,-0.0045
24.435,1.6032,1.6045,1.6,-0.0045
24.44,1.6031,1.6045,1.6,-0.0047
24.445,1.603,1.6045,1.6,-0.0048
24.45,1.6029,1.6043,1.6,-0.0054
24.455,1.6028,1.6044,1.6,-0.0055
24.46,1.6027,1.6042,1.6,-0.0063
24.465,1.6026,1.6045,1.6,-0.0056
24.47,1.6025,1.6047,1.6,-0.0051
24.475,1.6024,1.6046,1.6,-0.0055
24.48,1.6023,1.6046,1.6,-0.0056
24.485,1.6022,1.6045,1.6,-0.0065
24.49,1.6021,1.6043,1.6,-0.0073
24.495,1.602,1.6044,1.6,-0.0072
24.5,1.6019,1.6046,1.6,-0.0065
24.505,1.6018,1.6043,1.6,-0.0076
24.51,1.6017,1.6042,1.6,-0.0081
24.515,1.6016,1.6043,1.6,-0.0081
24.52,1.6015,1.6042,1.6,-0.0085
24.525,1.6013,1.604,1.6,-0.009
24.53,1.6012,1.6039,1.6,-0.0093
24.535,1.6011,1.6037,1.6,-0.01
24.54,1.601,1.6034,1.6,-0.0111
24.545,1.6009,1.6033,1.6,-0.0113
24.55,1.6008,1.6031,1.6,-0.0117
24.555,1.6006,1.6028,1.6,-0.0127
24.56,1.6005,1.6027,1.6,-0.0129
24.565,1.6004,1.6025,1.6,-0.0134
24.57,1.6003,1.6023,1.6,-0.0136
24.575,1.6002,1.6022,1.6,-0.0137
24.58,1.6001,1.6021,1.6,-0.0137
24.585,1.6,1.602,1.6,-0.014
24.59,1.5999,1.6018,1.6,-0.0144
24.595,1.5998,1.6018,1.6,-0.0141
24.6,1.5997,1.6019,1.6,-0.0136
24.605,1.5996,1.6022,1.6,-0.0124
24.61,1.5995,1.6021,1.6,-0.0124
24.615,1.5994,1.602,1.6,-0.0124
24.62,1.5993,1.6017,1.6,-0.013
24.625,1.5992,1.6018,1.6,-0.0124
24.63,1.5992,1.6018,1.6,-0.0118
24.635,1.5991,1.6019,1.6,-0.0113
24.64,1.599,1.6017,1.6,-0.0116
24.645,1.599,1.6015,1.6,-0.0117
24.65,1.5989,1.6013,1.6,-0.0121
24.655,1.5988,1.6012,1.6,-0.0122
24.66,1.5988,1.6009,1.6,-0.0125
24.665,1.5987,1.6009,1.6,-0.0122
24.67,1.5987,1.6009,1.6,-0.0119
24.675,1.5986,1.6009,1.6,-0.0113
24.68,1.5986,1.601,1.6,-0.0107
24.685,1.5985,1.6007,1.6,-0.0112
24.69,1.5985,1.6007,1.6,-0.0109
24.695,1.5984,1.6008,1.6,-0.0098
24.7,1.5984,1.6007,1.6,-0.0098
24.705,1.5984,1.6006,1.6,-0.0095
24.71,1.5983,1.6004,1.6,-0.0097
24.715,1.5983,1.6002,1.6,-0.0097
24.72,1.5983,1.5999,1.6,-0.0101
24.725,1.5983,1.5996,1.6,-0.0105
24.73,1.5983,1.5995,1.6,-0.0103
24.735,1.5983,1.5992,1.6,-0.0105
24.74,1.5983,1.5994,1.6,-0.0093
24.745,1.5982,1.5992,1.6,-0.0091
24.75,1.5982,1.5992,1.6,-0.0083
24.755,1.5982,1.5991,1.6,-0.0081
24.76,1.5982,1.5992,1.6,-0.0068
24.765,1.5983,1.5992,1.6,-0.0061
24.77,1.5983,1.5991,1.6,-0.0055
24.775,1.5983,1.599,1.6,-0.0051
24.78,1.5983,1.5991,1.6,-0.0042
24.785,1.5983,1.5995,1.6,-0.0021
24.79,1.5983,1.5996,1.6,-0.0013
24.795,1.5984,1.5997,1.6,-0.0004
24.8,1.5984,1.5995,1.6,-0.0002
24.805,1.5984,1.5995,1.6,0.0005
24.81,1.5984,1.5994,1.6,0.0009
24.815,1.5985,1.5993,1.6,0.0012
24.82,1.5985,1.5992,1.6,0.0013
24.825,1.5985,1.5993,1.6,0.0023
24.83,1.5985,1.5994,1.6,0.003
24.835,1.5986,1.5995,1.6,0.0036
24.84,1.5986,1.5995,1.6,0.0039
24.845,1.5986,1.5993,1.6,0.0038
24.85,1.5986,1.599,1.6,0.0033
24.855,1.5987,1.599,1.6,0.0035
24.86,1.5987,1.5988,1.6,0.0035
24.865,1.5987,1.5988,1.6,0.0038
24.87,1.5987,1.5988,1.6,0.0041
24.875,1.5988,1.5986,1.6,0.0038
24.88,1.5988,1.5986,1.6,0.004
24.885,1.5988,1.5985,1.6,0.004
24.89,1.5988,1.5987,1.6,0.0049
24.895,1.5988,1.5986,1.6,0.0049
24.9,1.5988,1.5988,1.6,0.0056
24.905,1.5988,1.5989,1.6,0.0059
24.91,1.5988,1.5989,1.6,0.006
24.915,1.5988,1.5989,1.6,0.0058
24.92,1.5988,1.599,1.6,0.0061
24.925,1.5988,1.599,1.6,0.0061
24.93,1.5988,1.5989,1.6,0.0058
24.935,1.5988,1.5991,1.6,0.0063
24.94,1.5988,1.5992,1.6,0.0063
24.945,1.5988,1.599,1.6,0.0057
24.95,1.5988,1.5991,1.6,0.0059
24.955,1.5988,1.5991,1.6,0.0056
24.96,1.5988,1.5991,1.6,0.0054
24.965,1.5987,1.599,1.6,0.005
24.97,1.5987,1.599,1.6,0.0045
24.975,1.5987,1.5988,1.6,0.0034
24.98,1.5987,1.5985,1.6,0.0023
24.985,1.5986,1.5985,1.6,0.0021
24.99,1.5986,1.5985,1.6,0.0016
24.995,1.5986,1.5985,1.6,0.0014
