t_s,x_true_m,y_true_m,z_true_m,x_ekf_m,y_ekf_m,z_ekf_m,xy_error_m
0.0,-0.1403,-0.3166,1.0003,-0.2035,-0.34,1.001,0.0
0.005,-0.1403,-0.3165,1.0003,-0.2035,-0.34,1.0009,0.0001
0.01,-0.1403,-0.3164,1.0002,-0.2036,-0.3398,1.0008,0.0002
0.015,-0.1403,-0.3163,1.0002,-0.2036,-0.3398,1.0007,0.0003
0.02,-0.1403,-0.3162,1.0001,-0.2036,-0.34,1.0005,0.0004
0.025,-0.1403,-0.3161,1.0001,-0.2036,-0.3399,1.0004,0.0005
0.03,-0.1403,-0.316,1.0001,-0.2037,-0.3399,1.0004,0.0006
0.035,-0.1403,-0.3159,1.0,-0.2038,-0.3397,1.0006,0.0007
0.04,-0.1403,-0.3158,1.0,-0.2039,-0.3396,1.0004,0.0008
0.045,-0.1403,-0.3157,0.9999,-0.204,-0.3394,1.0002,0.0009
0.05,-0.1403,-0.3156,0.9999,-0.204,-0.3395,1.0002,0.001
0.055,-0.1404,-0.3155,0.9999,-0.2039,-0.3394,1.0001,0.0011
0.06,-0.1404,-0.3154,0.9998,-0.2036,-0.3392,1.0002,0.0012
0.065,-0.1404,-0.3153,0.9998,-0.2036,-0.3391,1.0,0.0013
0.07,-0.1404,-0.3152,0.9998,-0.2036,-0.3391,1.0,0.0014
0.075,-0.1404,-0.3151,0.9997,-0.2037,-0.3391,1.0001,0.0015
0.08,-0.1404,-0.315,0.9997,-0.2036,-0.339,1.0001,0.0016
0.085,-0.1404,-0.3149,0.9997,-0.2036,-0.3388,0.9999,0.0017
0.09,-0.1404,-0.3148,0.9997,-0.2036,-0.3386,0.9998,0.0018
0.095,-0.1404,-0.3147,0.9997,-0.2035,-0.3386,0.9997,0.0019
0.1,-0.1404,-0.3146,0.9997,-0.2034,-0.3386,0.9995,0.002
0.105,-0.1404,-0.3145,0.9997,-0.2035,-0.3387,0.9993,0.0021
0.11,-0.1404,-0.3144,0.9997,-0.2036,-0.3389,0.9991,0.0022
0.115,-0.1404,-0.3143,0.9997,-0.2037,-0.3388,0.9989,0.0023
0.12,-0.1405,-0.3142,0.9997,-0.2037,-0.3389,0.9985,0.0024
0.125,-0.1405,-0.3141,0.9997,-0.2038,-0.3389,0.9983,0.0025
0.13,-0.1405,-0.314,0.9998,-0.2039,-0.3388,0.9984,0.0026
0.135,-0.1405,-0.3139,0.9998,-0.2037,-0.3389,0.9986,0.0027
0.14,-0.1405,-0.3138,0.9998,-0.2036,-0.3388,0.9987,0.0028
0.145,-0.1405,-0.3137,0.9999,-0.2036,-0.3387,0.999,0.0029
0.15,-0.1405,-0.3136,0.9999,-0.2035,-0.3389,0.9988,0.003
0.155,-0.1405,-0.3135,0.9999,-0.2033,-0.339,0.9988,0.0031
0.16,-0.1406,-0.3134,1.0,-0.2032,-0.339,0.9987,0.0033
0.165,-0.1406,-0.3133,1.0001,-0.2031,-0.339,0.9987,0.0034
0.17,-0.1406,-0.3132,1.0001,-0.203,-0.3389,0.9986,0.0035
0.175,-0.1406,-0.3131,1.0002,-0.2033,-0.3388,0.9987,0.0036
0.18,-0.1406,-0.313,1.0003,-0.2033,-0.3385,0.9985,0.0037
0.185,-0.1406,-0.3128,1.0003,-0.2035,-0.3385,0.9984,0.0038
0.19,-0.1407,-0.3127,1.0004,-0.2035,-0.3387,0.9984,0.0039
0.195,-0.1407,-0.3126,1.0005,-0.2035,-0.3386,0.9983,0.004
0.2,-0.1407,-0.3125,1.0006,-0.2036,-0.3385,0.9987,0.0041
0.205,-0.1407,-0.3124,1.0007,-0.2037,-0.3384,0.9988,0.0042
0.21,-0.1407,-0.3123,1.0008,-0.2036,-0.3383,0.9987,0.0043
0.215,-0.1407,-0.3122,1.0009,-0.2034,-0.3381,0.9986,0.0044
0.22,-0.1408,-0.3121,1.001,-0.2034,-0.338,0.9985,0.0045
0.225,-0.1408,-0.312,1.001,-0.2033,-0.3381,0.9984,0.0046
0.23,-0.1408,-0.3119,1.0011,-0.2033,-0.3381,0.9985,0.0047
0.235,-0.1408,-0.3118,1.0012,-0.203,-0.3379,0.9985,0.0048
0.24,-0.1408,-0.3117,1.0014,-0.203,-0.3379,0.9984,0.0049
0.245,-0.1409,-0.3116,1.0015,-0.2027,-0.3378,0.9986,0.005
0.25,-0.1409,-0.3115,1.0016,-0.2029,-0.3378,0.9986,0.0051
0.255,-0.1409,-0.3114,1.0017,-0.203,-0.3378,0.999,0.0052
0.26,-0.1409,-0.3113,1.0018,-0.2031,-0.3379,0.9992,0.0053
0.265,-0.1409,-0.3112,1.0019,-0.2032,-0.3378,0.9992,0.0054
0.27,-0.141,-0.3111,1.002,-0.2032,-0.3379,0.9995,0.0055
0.275,-0.141,-0.311,1.0021,-0.2031,-0.3377,0.9997,0.0056
0.28,-0.141,-0.3109,1.0022,-0.203,-0.3375,0.9997,0.0057
0.285,-0.141,-0.3108,1.0023,-0.2029,-0.3374,0.9997,0.0058
0.29,-0.1411,-0.3107,1.0024,-0.2027,-0.3372,0.9999,0.0059
0.295,-0.1411,-0.3106,1.0025,-0.2025,-0.3371,1.0002,0.006
0.3,-0.1411,-0.3105,1.0026,-0.2023,-0.3369,1.0004,0.0061
0.305,-0.1411,-0.3105,1.0027,-0.2021,-0.3368,1.0002,0.0062
0.31,-0.1412,-0.3104,1.0028,-0.202,-0.3367,1.0003,0.0063
0.315,-0.1412,-0.3103,1.0028,-0.2018,-0.3365,1.0006,0.0064
0.32,-0.1412,-0.3102,1.0029,-0.2019,-0.3365,1.0008,0.0065
0.325,-0.1412,-0.3101,1.003,-0.2019,-0.3363,1.0011,0.0066
0.33,-0.1412,-0.31,1.0031,-0.2022,-0.3363,1.001,0.0067
0.335,-0.1413,-0.3099,1.0031,-0.2022,-0.3362,1.001,0.0068
0.34,-0.1413,-0.3098,1.0032,-0.2023,-0.3361,1.0011,0.0069
0.345,-0.1413,-0.3097,1.0032,-0.2023,-0.3363,1.0011,0.007
0.35,-0.1413,-0.3096,1.0033,-0.2023,-0.3363,1.0013,0.0071
0.355,-0.1414,-0.3095,1.0033,-0.2023,-0.3364,1.0016,0.0072
0.36,-0.1414,-0.3094,1.0034,-0.2023,-0.3361,1.0017,0.0073
0.365,-0.1414,-0.3093,1.0034,-0.2022,-0.336,1.0018,0.0074
0.37,-0.1414,-0.3092,1.0034,-0.2021,-0.3358,1.0021,0.0075
0.375,-0.1415,-0.3091,1.0035,-0.202,-0.3356,1.0022,0.0076
0.38,-0.1415,-0.309,1.0035,-0.202,-0.3356,1.0025,0.0077
0.385,-0.1415,-0.3089,1.0035,-0.2018,-0.3354,1.0026,0.0078
0.39,-0.1415,-0.3089,1.0035,-0.2018,-0.3352,1.0025,0.0078
0.395,-0.1416,-0.3088,1.0035,-0.2018,-0.3353,1.0027,0.0079
0.4,-0.1416,-0.3087,1.0035,-0.2018,-0.3351,1.0027,0.008
0.405,-0.1416,-0.3086,1.0035,-0.2019,-0.3349,1.0026,0.0081
0.41,-0.1416,-0.3085,1.0035,-0.2019,-0.3349,1.0027,0.0082
0.415,-0.1417,-0.3084,1.0034,-0.202,-0.3349,1.0029,0.0083
0.42,-0.1417,-0.3083,1.0034,-0.202,-0.335,1.0029,0.0084
0.425,-0.1417,-0.3082,1.0034,-0.2022,-0.3351,1.0031,0.0085
0.43,-0.1417,-0.3081,1.0033,-0.2022,-0.3351,1.0032,0.0086
0.435,-0.1417,-0.308,1.0033,-0.2022,-0.3352,1.0035,0.0087
0.44,-0.1418,-0.308,1.0032,-0.2021,-0.3354,1.0038,0.0088
0.445,-0.1418,-0.3079,1.0032,-0.2022,-0.3357,1.0037,0.0089
0.45,-0.1418,-0.3078,1.0031,-0.2021,-0.3358,1.0036,0.009
0.455,-0.1418,-0.3077,1.0031,-0.2019,-0.3359,1.0036,0.009
0.46,-0.1418,-0.3076,1.003,-0.2019,-0.336,1.0035,0.0091
0.465,-0.1419,-0.3075,1.0029,-0.2019,-0.336,1.0036,0.0092
0.47,-0.1419,-0.3074,1.0029,-0.2018,-0.3359,1.0035,0.0093
0.475,-0.1419,-0.3073,1.0028,-0.2019,-0.336,1.0033,0.0094
0.48,-0.1419,-0.3073,1.0027,-0.2018,-0.3357,1.0034,0.0095
0.485,-0.1419,-0.3072,1.0026,-0.2018,-0.3355,1.0034,0.0096
0.49,-0.142,-0.3071,1.0026,-0.2018,-0.3354,1.0032,0.0096
0.495,-0.142,-0.307,1.0025,-0.2018,-0.3351,1.0032,0.0097
0.5,-0.142,-0.3069,1.0024,-0.2019,-0.3352,1.0028,0.0098
0.505,-0.142,-0.3069,1.0023,-0.202,-0.3351,1.0026,0.0099
0.51,-0.142,-0.3068,1.0022,-0.2021,-0.3352,1.0028,0.01
0.515,-0.142,-0.3067,1.0022,-0.2023,-0.3352,1.0027,0.01
0.52,-0.1421,-0.3066,1.0021,-0.2023,-0.3353,1.0029,0.0101
0.525,-0.1421,-0.3066,1.002,-0.2024,-0.3353,1.0029,0.0102
0.53,-0.1421,-0.3065,1.0019,-0.2024,-0.3355,1.003,0.0103
0.535,-0.1421,-0.3064,1.0018,-0.2025,-0.3354,1.0029,0.0104
0.54,-0.1421,-0.3063,1.0018,-0.2025,-0.3354,1.003,0.0104
0.545,-0.1422,-0.3063,1.0017,-0.2026,-0.3355,1.0029,0.0105
0.55,-0.1422,-0.3062,1.0016,-0.2027,-0.3356,1.0028,0.0106
0.555,-0.1422,-0.3061,1.0015,-0.2028,-0.3353,1.0025,0.0107
0.56,-0.1422,-0.306,1.0015,-0.2027,-0.3353,1.0025,0.0107
0.565,-0.1422,-0.306,1.0014,-0.2028,-0.3353,1.0025,0.0108
0.57,-0.1422,-0.3059,1.0013,-0.2028,-0.3352,1.0025,0.0109
0.575,-0.1422,-0.3058,1.0013,-0.2027,-0.3352,1.0023,0.0109
0.58,-0.1423,-0.3058,1.0012,-0.2026,-0.3352,1.0024,0.011
0.585,-0.1423,-0.3057,1.0012,-0.2026,-0.335,1.0022,0.0111
0.59,-0.1423,-0.3056,1.0011,-0.2027,-0.3349,1.002,0.0111
0.595,-0.1423,-0.3056,1.0011,-0.203,-0.3348,1.0018,0.0112
0.6,-0.1423,-0.3055,1.001,-0.2029,-0.3347,1.0017,0.0113
0.605,-0.1423,-0.3054,1.001,-0.203,-0.3348,1.0014,0.0113
0.61,-0.1424,-0.3054,1.001,-0.2032,-0.3347,1.0014,0.0114
0.615,-0.1424,-0.3053,1.0009,-0.2032,-0.3346,1.0013,0.0115
0.62,-0.1424,-0.3053,1.0009,-0.2031,-0.3348,1.0013,0.0115
0.625,-0.1424,-0.3052,1.0009,-0.2031,-0.3347,1.0009,0.0116
0.63,-0.1424,-0.3051,1.0008,-0.2032,-0.3343,1.0007,0.0117
0.635,-0.1424,-0.3051,1.0008,-0.2032,-0.3342,1.0006,0.0117
0.64,-0.1424,-0.305,1.0008,-0.2033,-0.3341,1.0007,0.0118
0.645,-0.1425,-0.305,1.0008,-0.2033,-0.3338,1.0007,0.0118
0.65,-0.1425,-0.3049,1.0008,-0.2033,-0.3338,1.0007,0.0119
0.655,-0.1425,-0.3049,1.0008,-0.2032,-0.3337,1.0009,0.0119
0.66,-0.1425,-0.3048,1.0008,-0.2031,-0.3339,1.0008,0.012
0.665,-0.1425,-0.3048,1.0008,-0.2032,-0.3338,1.0008,0.0121
0.67,-0.1425,-0.3047,1.0008,-0.2033,-0.3338,1.0008,0.0121
0.675,-0.1426,-0.3047,1.0008,-0.2033,-0.3337,1.0007,0.0122
0.68,-0.1426,-0.3046,1.0009,-0.2033,-0.3337,1.0008,0.0122
0.685,-0.1426,-0.3046,1.0009,-0.2033,-0.3338,1.0009,0.0123
0.69,-0.1426,-0.3045,1.0009,-0.2034,-0.3337,1.0009,0.0123
0.695,-0.1426,-0.3045,1.0009,-0.2034,-0.3337,1.0009,0.0124
0.7,-0.1426,-0.3044,1.001,-0.2034,-0.3336,1.0008,0.0124
0.705,-0.1426,-0.3044,1.001,-0.2035,-0.3337,1.0009,0.0125
0.71,-0.1426,-0.3043,1.001,-0.2036,-0.3336,1.001,0.0125
0.715,-0.1427,-0.3043,1.0011,-0.2038,-0.3335,1.0011,0.0126
0.72,-0.1427,-0.3042,1.0011,-0.2041,-0.3335,1.0011,0.0126
0.725,-0.1427,-0.3042,1.0011,-0.2042,-0.3334,1.0011,0.0126
0.73,-0.1427,-0.3041,1.0012,-0.2042,-0.3334,1.0011,0.0127
0.735,-0.1427,-0.3041,1.0012,-0.2043,-0.3334,1.0009,0.0127
0.74,-0.1427,-0.3041,1.0013,-0.2045,-0.3335,1.0008,0.0128
0.745,-0.1427,-0.304,1.0013,-0.2047,-0.3335,1.0007,0.0128
0.75,-0.1428,-0.304,1.0013,-0.205,-0.3337,1.0008,0.0129
0.755,-0.1428,-0.3039,1.0014,-0.2052,-0.3337,1.0009,0.0129
0.76,-0.1428,-0.3039,1.0014,-0.2053,-0.3338,1.0007,0.0129
0.765,-0.1428,-0.3039,1.0015,-0.2052,-0.3338,1.0006,0.013
0.77,-0.1428,-0.3038,1.0015,-0.2052,-0.3338,1.0006,0.013
0.775,-0.1428,-0.3038,1.0015,-0.2051,-0.3338,1.0006,0.0131
0.78,-0.1429,-0.3038,1.0016,-0.2053,-0.3339,1.0006,0.0131
0.785,-0.1429,-0.3037,1.0016,-0.2053,-0.3337,1.0007,0.0131
0.79,-0.1429,-0.3037,1.0017,-0.205,-0.3335,1.0009,0.0132
0.795,-0.1429,-0.3037,1.0017,-0.2051,-0.3333,1.0012,0.0132
0.8,-0.1429,-0.3036,1.0017,-0.2052,-0.3331,1.0013,0.0132
0.805,-0.1429,-0.3036,1.0017,-0.2054,-0.333,1.0012,0.0133
0.81,-0.143,-0.3036,1.0018,-0.2054,-0.3328,1.0014,0.0133
0.815,-0.143,-0.3036,1.0018,-0.2055,-0.3327,1.0013,0.0133
0.82,-0.143,-0.3035,1.0018,-0.2055,-0.3328,1.0011,0.0133
0.825,-0.143,-0.3035,1.0018,-0.2055,-0.3326,1.0011,0.0134
0.83,-0.143,-0.3035,1.0019,-0.2057,-0.3325,1.0012,0.0134
0.835,-0.143,-0.3035,1.0019,-0.2058,-0.3324,1.0013,0.0134
0.84,-0.1431,-0.3034,1.0019,-0.2061,-0.3325,1.0013,0.0135
0.845,-0.1431,-0.3034,1.0019,-0.2062,-0.3323,1.0016,0.0135
0.85,-0.1431,-0.3034,1.0019,-0.2063,-0.3324,1.0016,0.0135
0.855,-0.1431,-0.3034,1.0019,-0.2064,-0.3325,1.0018,0.0135
0.86,-0.1431,-0.3033,1.0019,-0.2063,-0.3326,1.0019,0.0136
0.865,-0.1432,-0.3033,1.0019,-0.2065,-0.3325,1.0019,0.0136
0.87,-0.1432,-0.3033,1.0018,-0.2065,-0.3325,1.0019,0.0136
0.875,-0.1432,-0.3033,1.0018,-0.2065,-0.3325,1.0024,0.0136
0.88,-0.1432,-0.3033,1.0018,-0.2065,-0.3325,1.0024,0.0137
0.885,-0.1433,-0.3032,1.0018,-0.2067,-0.3328,1.0022,0.0137
0.89,-0.1433,-0.3032,1.0017,-0.2067,-0.3329,1.0021,0.0137
0.895,-0.1433,-0.3032,1.0017,-0.2067,-0.3329,1.0019,0.0137
0.9,-0.1433,-0.3032,1.0017,-0.2067,-0.3329,1.0016,0.0137
0.905,-0.1434,-0.3032,1.0016,-0.2067,-0.333,1.0015,0.0138
0.91,-0.1434,-0.3032,1.0016,-0.2067,-0.3333,1.0015,0.0138
0.915,-0.1434,-0.3031,1.0015,-0.2065,-0.3332,1.0016,0.0138
0.92,-0.1434,-0.3031,1.0015,-0.2066,-0.3331,1.0018,0.0138
0.925,-0.1435,-0.3031,1.0014,-0.2067,-0.3329,1.0019,0.0138
0.93,-0.1435,-0.3031,1.0013,-0.2069,-0.3327,1.0018,0.0139
0.935,-0.1435,-0.3031,1.0013,-0.2069,-0.3328,1.0017,0.0139
0.94,-0.1436,-0.3031,1.0012,-0.2069,-0.3327,1.0015,0.0139
0.945,-0.1436,-0.3031,1.0011,-0.2069,-0.3327,1.0015,0.0139
0.95,-0.1436,-0.3031,1.0011,-0.2071,-0.3327,1.0013,0.0139
0.955,-0.1436,-0.3031,1.001,-0.2072,-0.3328,1.0012,0.0139
0.96,-0.1437,-0.3031,1.0009,-0.2072,-0.3328,1.0011,0.014
0.965,-0.1437,-0.303,1.0008,-0.2071,-0.3326,1.0009,0.014
0.97,-0.1437,-0.303,1.0008,-0.207,-0.3327,1.0007,0.014
0.975,-0.1438,-0.303,1.0007,-0.2069,-0.3328,1.0007,0.014
0.98,-0.1438,-0.303,1.0006,-0.207,-0.3326,1.0008,0.014
0.985,-0.1438,-0.303,1.0005,-0.2071,-0.3326,1.0006,0.014
0.99,-0.1439,-0.303,1.0005,-0.2072,-0.3326,1.0005,0.014
0.995,-0.1439,-0.303,1.0004,-0.2071,-0.3324,1.0005,0.014
1.0,-0.1439,-0.303,1.0003,-0.2072,-0.3327,1.0004,0.0141
1.005,-0.144,-0.303,1.0002,-0.2072,-0.3327,1.0004,0.0141
1.01,-0.144,-0.303,1.0002,-0.2071,-0.3327,1.0006,0.0141
1.015,-0.144,-0.303,1.0001,-0.2071,-0.3329,1.0006,0.0141
1.02,-0.1441,-0.303,1.0001,-0.2071,-0.3328,1.0004,0.0141
1.025,-0.1441,-0.303,1.0,-0.2073,-0.3329,1.0003,0.0141
1.03,-0.1442,-0.303,1.0,-0.2073,-0.3328,1.0002,0.0141
1.035,-0.1442,-0.303,0.9999,-0.2074,-0.3327,0.9999,0.0141
1.04,-0.1442,-0.303,0.9999,-0.2075,-0.3327,1.0,0.0141
1.045,-0.1443,-0.303,0.9998,-0.2075,-0.3325,0.9998,0.0141
1.05,-0.1443,-0.303,0.9998,-0.2074,-0.3327,0.9998,0.0142
1.055,-0.1444,-0.303,0.9998,-0.2073,-0.3329,0.9995,0.0142
1.06,-0.1444,-0.303,0.9997,-0.2073,-0.3327,0.9998,0.0142
1.065,-0.1444,-0.303,0.9997,-0.2072,-0.3326,0.9996,0.0142
1.07,-0.1445,-0.3031,0.9997,-0.2072,-0.3328,0.9995,0.0142
1.075,-0.1445,-0.3031,0.9997,-0.2072,-0.3327,0.9997,0.0142
1.08,-0.1446,-0.3031,0.9997,-0.2072,-0.3327,0.9993,0.0142
1.085,-0.1446,-0.3031,0.9997,-0.2072,-0.3329,0.9993,0.0142
1.09,-0.1447,-0.3031,0.9997,-0.2071,-0.333,0.9993,0.0142
1.095,-0.1447,-0.3031,0.9997,-0.2071,-0.3332,0.9992,0.0142
1.1,-0.1448,-0.3031,0.9997,-0.2071,-0.3333,0.9992,0.0142
1.105,-0.1448,-0.3031,0.9997,-0.2075,-0.3332,0.9991,0.0142
1.11,-0.1449,-0.3031,0.9997,-0.2075,-0.3333,0.9988,0.0142
1.115,-0.1449,-0.3031,0.9997,-0.2076,-0.3334,0.9987,0.0142
1.12,-0.1449,-0.3032,0.9997,-0.2075,-0.3335,0.999,0.0142
1.125,-0.145,-0.3032,0.9997,-0.2075,-0.3337,0.9992,0.0142
1.13,-0.145,-0.3032,0.9998,-0.2076,-0.3336,0.9991,0.0142
1.135,-0.1451,-0.3032,0.9998,-0.2073,-0.3337,0.9991,0.0142
1.14,-0.1451,-0.3032,0.9998,-0.2076,-0.3338,0.999,0.0142
1.145,-0.1452,-0.3032,0.9999,-0.2076,-0.3337,0.999,0.0142
1.15,-0.1452,-0.3032,0.9999,-0.2076,-0.3335,0.9992,0.0142
1.155,-0.1453,-0.3033,1.0,-0.2074,-0.3335,0.9991,0.0142
1.16,-0.1453,-0.3033,1.0,-0.2074,-0.3335,0.999,0.0142
1.165,-0.1454,-0.3033,1.0,-0.2074,-0.3334,0.9989,0.0142
1.17,-0.1454,-0.3033,1.0001,-0.2075,-0.3332,0.9991,0.0142
1.175,-0.1455,-0.3033,1.0001,-0.2076,-0.3334,0.9992,0.0142
1.18,-0.1455,-0.3034,1.0002,-0.2076,-0.3334,0.9989,0.0142
1.185,-0.1456,-0.3034,1.0002,-0.2077,-0.3335,0.999,0.0142
1.19,-0.1456,-0.3034,1.0003,-0.2078,-0.3335,0.9988,0.0142
1.195,-0.1457,-0.3034,1.0003,-0.2077,-0.3336,0.9989,0.0142
1.2,-0.1457,-0.3035,1.0004,-0.2079,-0.3337,0.9987,0.0142
1.205,-0.1458,-0.3035,1.0004,-0.2079,-0.3336,0.9989,0.0142
1.21,-0.1458,-0.3035,1.0005,-0.208,-0.3334,0.999,0.0142
1.215,-0.1459,-0.3035,1.0005,-0.2082,-0.3333,0.9991,0.0142
1.22,-0.1459,-0.3036,1.0006,-0.2083,-0.3331,0.9991,0.0142
1.225,-0.146,-0.3036,1.0007,-0.2084,-0.333,0.9992,0.0142
1.23,-0.1461,-0.3036,1.0007,-0.2084,-0.3329,0.999,0.0142
1.235,-0.1461,-0.3036,1.0008,-0.2085,-0.3328,0.9992,0.0142
1.24,-0.1462,-0.3037,1.0008,-0.2085,-0.3326,0.9991,0.0142
1.245,-0.1462,-0.3037,1.0009,-0.2085,-0.3325,0.9994,0.0142
1.25,-0.1463,-0.3037,1.0009,-0.2084,-0.3324,0.9994,0.0142
1.255,-0.1463,-0.3038,1.001,-0.2085,-0.3324,0.9996,0.0142
1.26,-0.1464,-0.3038,1.001,-0.2084,-0.3323,0.9998,0.0142
1.265,-0.1464,-0.3038,1.0011,-0.2084,-0.3324,0.9999,0.0142
1.27,-0.1465,-0.3038,1.0011,-0.2082,-0.3326,1.0001,0.0142
1.275,-0.1465,-0.3039,1.0011,-0.2081,-0.3328,0.9998,0.0142
1.28,-0.1466,-0.3039,1.0012,-0.2082,-0.3329,1.0,0.0142
1.285,-0.1466,-0.3039,1.0012,-0.2084,-0.3333,1.0002,0.0141
1.29,-0.1467,-0.304,1.0013,-0.2085,-0.3333,1.0002,0.0141
1.295,-0.1467,-0.304,1.0013,-0.2084,-0.3334,1.0002,0.0141
1.3,-0.1468,-0.304,1.0013,-0.2085,-0.3336,1.0005,0.0141
1.305,-0.1468,-0.3041,1.0013,-0.2086,-0.3338,1.0006,0.0141
1.31,-0.1469,-0.3041,1.0014,-0.2086,-0.3338,1.001,0.0141
1.315,-0.1469,-0.3041,1.0014,-0.2087,-0.3337,1.0011,0.0141
1.32,-0.147,-0.3042,1.0014,-0.2088,-0.3338,1.0012,0.0141
1.325,-0.1471,-0.3042,1.0014,-0.2089,-0.3337,1.0013,0.0141
1.33,-0.1471,-0.3042,1.0014,-0.209,-0.3336,1.0014,0.0141
1.335,-0.1472,-0.3043,1.0014,-0.209,-0.3337,1.0014,0.0141
1.34,-0.1472,-0.3043,1.0014,-0.209,-0.3335,1.0016,0.0141
1.345,-0.1473,-0.3043,1.0014,-0.209,-0.3335,1.0015,0.0141
1.35,-0.1473,-0.3044,1.0014,-0.2089,-0.3336,1.0016,0.0141
1.355,-0.1474,-0.3044,1.0014,-0.209,-0.3335,1.0014,0.0141
1.36,-0.1474,-0.3045,1.0014,-0.209,-0.3336,1.0013,0.0141
1.365,-0.1475,-0.3045,1.0014,-0.2089,-0.3337,1.0013,0.0141
1.37,-0.1475,-0.3045,1.0014,-0.2089,-0.3337,1.0012,0.014
1.375,-0.1476,-0.3046,1.0013,-0.2087,-0.3338,1.001,0.014
1.38,-0.1476,-0.3046,1.0013,-0.2088,-0.3339,1.0009,0.014
1.385,-0.1477,-0.3047,1.0012,-0.2089,-0.3339,1.0009,0.014
1.39,-0.1477,-0.3047,1.0012,-0.209,-0.3341,1.001,0.014
1.395,-0.1478,-0.3047,1.0012,-0.209,-0.3341,1.001,0.014
1.4,-0.1478,-0.3048,1.0011,-0.2091,-0.3342,1.0009,0.014
1.405,-0.1479,-0.3048,1.001,-0.209,-0.3341,1.0012,0.014
1.41,-0.1479,-0.3049,1.001,-0.2091,-0.3341,1.0012,0.014
1.415,-0.148,-0.3049,1.0009,-0.2091,-0.3341,1.0012,0.014
1.42,-0.1481,-0.3049,1.0009,-0.209,-0.3341,1.0012,0.014
1.425,-0.1481,-0.305,1.0008,-0.2091,-0.334,1.0015,0.014
1.43,-0.1482,-0.305,1.0007,-0.2093,-0.334,1.0015,0.014
1.435,-0.1482,-0.3051,1.0006,-0.2093,-0.3339,1.0015,0.014
1.44,-0.1483,-0.3051,1.0006,-0.2094,-0.3341,1.0015,0.014
1.445,-0.1483,-0.3051,1.0005,-0.2097,-0.3342,1.0018,0.014
1.45,-0.1484,-0.3052,1.0004,-0.2097,-0.3342,1.0018,0.014
1.455,-0.1484,-0.3052,1.0003,-0.2099,-0.3341,1.0018,0.0139
1.46,-0.1485,-0.3053,1.0002,-0.21,-0.3343,1.0019,0.0139
1.465,-0.1485,-0.3053,1.0001,-0.2102,-0.3345,1.0021,0.0139
1.47,-0.1486,-0.3054,1.0,-0.2105,-0.3346,1.0022,0.0139
1.475,-0.1486,-0.3054,0.9999,-0.2107,-0.3347,1.0019,0.0139
1.48,-0.1487,-0.3055,0.9998,-0.2109,-0.3346,1.0016,0.0139
1.485,-0.1487,-0.3055,0.9997,-0.2111,-0.3345,1.0016,0.0139
1.49,-0.1488,-0.3055,0.9996,-0.211,-0.3345,1.0016,0.0139
1.495,-0.1488,-0.3056,0.9995,-0.2111,-0.3344,1.0015,0.0139
1.5,-0.1489,-0.3056,0.9994,-0.2113,-0.3345,1.0012,0.0139
1.505,-0.1489,-0.3057,0.9993,-0.2113,-0.3346,1.0009,0.0139
1.51,-0.149,-0.3057,0.9992,-0.2113,-0.3348,1.0008,0.0139
1.515,-0.149,-0.3058,0.9991,-0.2113,-0.3347,1.0009,0.0139
1.52,-0.1491,-0.3058,0.999,-0.2114,-0.3349,1.0007,0.0139
1.525,-0.1491,-0.3059,0.9988,-0.2116,-0.3349,1.0007,0.0139
1.53,-0.1492,-0.3059,0.9987,-0.2117,-0.3346,1.0006,0.0139
1.535,-0.1493,-0.306,0.9986,-0.2116,-0.3345,1.0006,0.0139
1.54,-0.1493,-0.306,0.9985,-0.2117,-0.3344,1.0006,0.0139
1.545,-0.1494,-0.3061,0.9984,-0.2117,-0.3343,1.0005,0.0139
1.55,-0.1494,-0.3061,0.9982,-0.2118,-0.3343,1.0006,0.0139
1.555,-0.1495,-0.3062,0.9981,-0.2118,-0.3343,1.0005,0.0139
1.56,-0.1495,-0.3062,0.998,-0.2119,-0.3343,1.0005,0.0139
1.565,-0.1496,-0.3062,0.9979,-0.2119,-0.3345,1.0006,0.0139
1.57,-0.1496,-0.3063,0.9978,-0.2121,-0.3347,1.0002,0.0139
1.575,-0.1497,-0.3063,0.9977,-0.2121,-0.3348,1.0,0.0139
1.58,-0.1497,-0.3064,0.9975,-0.2121,-0.335,0.9997,0.0139
1.585,-0.1498,-0.3064,0.9974,-0.2119,-0.3351,0.9997,0.0139
1.59,-0.1498,-0.3065,0.9973,-0.212,-0.3353,0.9995,0.0139
1.595,-0.1499,-0.3065,0.9972,-0.2121,-0.3353,0.9991,0.0139
1.6,-0.1499,-0.3066,0.9971,-0.2123,-0.3352,0.9991,0.0139
1.605,-0.15,-0.3066,0.997,-0.2121,-0.3352,0.9991,0.0139
1.61,-0.1501,-0.3067,0.9969,-0.2123,-0.3354,0.9989,0.0139
1.615,-0.1501,-0.3067,0.9968,-0.2123,-0.3355,0.9988,0.0139
1.62,-0.1502,-0.3068,0.9967,-0.2124,-0.3353,0.9986,0.0139
1.625,-0.1502,-0.3068,0.9966,-0.2125,-0.3354,0.9984,0.0139
1.63,-0.1503,-0.3069,0.9965,-0.2127,-0.3353,0.9983,0.0139
1.635,-0.1503,-0.3069,0.9964,-0.2128,-0.3352,0.9981,0.0139
1.64,-0.1504,-0.307,0.9963,-0.213,-0.3352,0.9979,0.0139
1.645,-0.1504,-0.307,0.9962,-0.2131,-0.3354,0.9979,0.0139
1.65,-0.1505,-0.3071,0.9961,-0.2132,-0.3355,0.9977,0.0139
1.655,-0.1505,-0.3071,0.9961,-0.2133,-0.3355,0.9974,0.0139
1.66,-0.1506,-0.3072,0.996,-0.2134,-0.3356,0.9974,0.0139
1.665,-0.1507,-0.3072,0.9959,-0.2135,-0.3357,0.9974,0.0139
1.67,-0.1507,-0.3073,0.9959,-0.2136,-0.3358,0.9974,0.0139
1.675,-0.1508,-0.3073,0.9958,-0.2137,-0.336,0.9975,0.0139
1.68,-0.1508,-0.3074,0.9957,-0.2139,-0.3361,0.9972,0.0139
1.685,-0.1509,-0.3074,0.9957,-0.2139,-0.3362,0.9971,0.014
1.69,-0.1509,-0.3075,0.9956,-0.214,-0.3362,0.9969,0.014
1.695,-0.151,-0.3076,0.9956,-0.2138,-0.3363,0.9968,0.014
1.7,-0.151,-0.3076,0.9955,-0.2138,-0.3363,0.9966,0.014
1.705,-0.1511,-0.3077,0.9955,-0.2138,-0.3362,0.9965,0.014
1.71,-0.1512,-0.3077,0.9955,-0.2138,-0.3363,0.9963,0.014
1.715,-0.1512,-0.3078,0.9955,-0.2137,-0.3363,0.9963,0.014
1.72,-0.1513,-0.3078,0.9954,-0.2137,-0.3363,0.9963,0.014
1.725,-0.1513,-0.3079,0.9954,-0.2137,-0.3364,0.9963,0.014
1.73,-0.1514,-0.3079,0.9954,-0.2137,-0.3363,0.9962,0.014
1.735,-0.1514,-0.308,0.9954,-0.2136,-0.3364,0.9961,0.0141
1.74,-0.1515,-0.308,0.9954,-0.2137,-0.3363,0.996,0.0141
1.745,-0.1515,-0.3081,0.9954,-0.2139,-0.3363,0.9963,0.0141
1.75,-0.1516,-0.3081,0.9954,-0.214,-0.3363,0.9962,0.0141
1.755,-0.1517,-0.3082,0.9954,-0.2143,-0.3364,0.9963,0.0141
1.76,-0.1517,-0.3082,0.9954,-0.2145,-0.3362,0.9962,0.0141
1.765,-0.1518,-0.3083,0.9954,-0.2148,-0.3363,0.9961,0.0141
1.77,-0.1518,-0.3083,0.9954,-0.215,-0.3366,0.9963,0.0142
1.775,-0.1519,-0.3084,0.9954,-0.215,-0.3366,0.9964,0.0142
1.78,-0.1519,-0.3085,0.9954,-0.2151,-0.3368,0.9966,0.0142
1.785,-0.152,-0.3085,0.9954,-0.215,-0.3371,0.9965,0.0142
1.79,-0.1521,-0.3086,0.9955,-0.215,-0.3373,0.9966,0.0142
1.795,-0.1521,-0.3086,0.9955,-0.2151,-0.3374,0.9966,0.0142
1.8,-0.1522,-0.3087,0.9955,-0.2151,-0.3375,0.9965,0.0143
1.805,-0.1522,-0.3087,0.9955,-0.215,-0.3374,0.9965,0.0143
1.81,-0.1523,-0.3088,0.9955,-0.2148,-0.3373,0.9965,0.0143
1.815,-0.1524,-0.3088,0.9955,-0.2147,-0.3372,0.9964,0.0143
1.82,-0.1524,-0.3089,0.9956,-0.2145,-0.3372,0.9967,0.0143
1.825,-0.1525,-0.3089,0.9956,-0.2145,-0.3371,0.9967,0.0144
1.83,-0.1525,-0.309,0.9956,-0.2144,-0.3372,0.997,0.0144
1.835,-0.1526,-0.309,0.9956,-0.2144,-0.3372,0.9972,0.0144
1.84,-0.1527,-0.3091,0.9956,-0.2145,-0.3374,0.9972,0.0144
1.845,-0.1527,-0.3092,0.9956,-0.2145,-0.3375,0.9973,0.0144
1.85,-0.1528,-0.3092,0.9956,-0.2147,-0.3376,0.9973,0.0145
1.855,-0.1528,-0.3093,0.9957,-0.2149,-0.3375,0.9975,0.0145
1.86,-0.1529,-0.3093,0.9957,-0.215,-0.3375,0.9976,0.0145
1.865,-0.153,-0.3094,0.9957,-0.2151,-0.3375,0.9979,0.0145
1.87,-0.153,-0.3094,0.9957,-0.2153,-0.3375,0.9979,0.0146
1.875,-0.1531,-0.3095,0.9957,-0.2153,-0.3372,0.9978,0.0146
1.88,-0.1531,-0.3095,0.9957,-0.2153,-0.3374,0.9979,0.0146
1.885,-0.1532,-0.3096,0.9957,-0.2153,-0.3374,0.9978,0.0146
1.89,-0.1533,-0.3097,0.9957,-0.2153,-0.3375,0.998,0.0147
1.895,-0.1533,-0.3097,0.9956,-0.2152,-0.3377,0.998,0.0147
1.9,-0.1534,-0.3098,0.9956,-0.2152,-0.3378,0.9979,0.0147
1.905,-0.1534,-0.3098,0.9956,-0.2149,-0.338,0.9979,0.0148
1.91,-0.1535,-0.3099,0.9956,-0.2148,-0.3379,0.9979,0.0148
1.915,-0.1536,-0.3099,0.9956,-0.2147,-0.338,0.9976,0.0148
1.92,-0.1536,-0.31,0.9955,-0.2148,-0.3379,0.9974,0.0148
1.925,-0.1537,-0.31,0.9955,-0.2148,-0.338,0.9974,0.0149
1.93,-0.1537,-0.3101,0.9955,-0.215,-0.3379,0.9971,0.0149
1.935,-0.1538,-0.3101,0.9954,-0.2152,-0.3379,0.9971,0.0149
1.94,-0.1539,-0.3102,0.9954,-0.2153,-0.3381,0.9971,0.015
1.945,-0.1539,-0.3103,0.9953,-0.2155,-0.3381,0.9972,0.015
1.95,-0.154,-0.3103,0.9953,-0.2156,-0.338,0.9968,0.015
1.955,-0.154,-0.3104,0.9952,-0.2158,-0.3381,0.9966,0.0151
1.96,-0.1541,-0.3104,0.9952,-0.2158,-0.3382,0.9966,0.0151
1.965,-0.1542,-0.3105,0.9951,-0.2159,-0.3382,0.9966,0.0151
1.97,-0.1542,-0.3105,0.9951,-0.2159,-0.3383,0.9965,0.0151
1.975,-0.1543,-0.3106,0.995,-0.216,-0.3385,0.9966,0.0152
1.98,-0.1543,-0.3106,0.995,-0.2159,-0.3386,0.9966,0.0152
1.985,-0.1544,-0.3107,0.9949,-0.2158,-0.3387,0.9968,0.0152
1.99,-0.1544,-0.3107,0.9949,-0.216,-0.3386,0.9964,0.0153
1.995,-0.1545,-0.3108,0.9948,-0.2161,-0.3388,0.9962,0.0153
2.0,-0.1546,-0.3108,0.9948,-0.216,-0.3388,0.9964,0.0154
2.005,-0.1546,-0.3109,0.9947,-0.2162,-0.3389,0.9964,0.0154
2.01,-0.1547,-0.3109,0.9947,-0.2164,-0.3389,0.9959,0.0154
2.015,-0.1547,-0.311,0.9946,-0.2165,-0.3389,0.9959,0.0155
2.02,-0.1548,-0.311,0.9946,-0.2167,-0.3389,0.9956,0.0155
2.025,-0.1549,-0.3111,0.9946,-0.2167,-0.3387,0.9957,0.0155
2.03,-0.1549,-0.3111,0.9945,-0.2167,-0.3385,0.9957,0.0156
2.035,-0.155,-0.3112,0.9945,-0.2168,-0.3384,0.9958,0.0156
2.04,-0.155,-0.3112,0.9945,-0.217,-0.3381,0.9959,0.0156
2.045,-0.1551,-0.3113,0.9945,-0.217,-0.338,0.9958,0.0157
2.05,-0.1551,-0.3113,0.9944,-0.2172,-0.3379,0.9954,0.0157
2.055,-0.1552,-0.3114,0.9944,-0.2171,-0.3377,0.9952,0.0158
2.06,-0.1553,-0.3114,0.9944,-0.2173,-0.3378,0.9951,0.0158
2.065,-0.1553,-0.3115,0.9944,-0.2172,-0.3376,0.995,0.0158
2.07,-0.1554,-0.3115,0.9944,-0.2172,-0.3377,0.9954,0.0159
2.075,-0.1554,-0.3115,0.9944,-0.2173,-0.3379,0.9952,0.0159
2.08,-0.1555,-0.3116,0.9944,-0.2171,-0.3381,0.9954,0.016
2.085,-0.1556,-0.3116,0.9944,-0.217,-0.3383,0.9954,0.016
2.09,-0.1556,-0.3117,0.9944,-0.2171,-0.3385,0.9952,0.016
2.095,-0.1557,-0.3117,0.9944,-0.2172,-0.3384,0.9952,0.0161
2.1,-0.1557,-0.3118,0.9945,-0.2173,-0.3383,0.9953,0.0161
2.105,-0.1558,-0.3118,0.9945,-0.2174,-0.3385,0.9953,0.0162
2.11,-0.1558,-0.3118,0.9945,-0.2173,-0.3386,0.9954,0.0162
2.115,-0.1559,-0.3119,0.9945,-0.2173,-0.3386,0.9956,0.0163
2.12,-0.156,-0.3119,0.9946,-0.2173,-0.3385,0.996,0.0163
2.125,-0.156,-0.312,0.9946,-0.2172,-0.3386,0.996,0.0163
2.13,-0.1561,-0.312,0.9947,-0.2173,-0.3385,0.9962,0.0164
2.135,-0.1561,-0.3121,0.9947,-0.2175,-0.3385,0.9964,0.0164
2.14,-0.1562,-0.3121,0.9948,-0.2175,-0.3385,0.9965,0.0165
2.145,-0.1562,-0.3121,0.9948,-0.2174,-0.3384,0.9962,0.0165
2.15,-0.1563,-0.3122,0.9949,-0.2175,-0.3384,0.9961,0.0166
2.155,-0.1564,-0.3122,0.9949,-0.2174,-0.3385,0.9959,0.0166
2.16,-0.1564,-0.3122,0.995,-0.2174,-0.3387,0.9958,0.0167
2.165,-0.1565,-0.3123,0.995,-0.2173,-0.3388,0.9956,0.0167
2.17,-0.1565,-0.3123,0.9951,-0.2174,-0.3387,0.9956,0.0167
2.175,-0.1566,-0.3123,0.9952,-0.2173,-0.3388,0.9956,0.0168
2.18,-0.1566,-0.3124,0.9952,-0.2177,-0.3388,0.9955,0.0168
2.185,-0.1567,-0.3124,0.9953,-0.2177,-0.3389,0.9956,0.0169
2.19,-0.1568,-0.3125,0.9953,-0.2178,-0.339,0.9955,0.0169
2.195,-0.1568,-0.3125,0.9954,-0.218,-0.3392,0.9956,0.017
2.2,-0.1569,-0.3125,0.9954,-0.2182,-0.3393,0.9957,0.017
2.205,-0.1569,-0.3126,0.9955,-0.2184,-0.3394,0.9957,0.0171
2.21,-0.157,-0.3126,0.9955,-0.2183,-0.3395,0.996,0.0171
2.215,-0.157,-0.3126,0.9956,-0.2184,-0.3395,0.9964,0.0172
2.22,-0.1571,-0.3126,0.9957,-0.2182,-0.3395,0.9962,0.0172
2.225,-0.1571,-0.3127,0.9957,-0.2181,-0.3395,0.9964,0.0172
2.23,-0.1572,-0.3127,0.9958,-0.2181,-0.3397,0.9964,0.0173
2.235,-0.1572,-0.3127,0.9958,-0.218,-0.3396,0.9964,0.0173
2.24,-0.1573,-0.3128,0.9959,-0.2178,-0.3395,0.9965,0.0174
2.245,-0.1573,-0.3128,0.9959,-0.2177,-0.3395,0.9964,0.0174
2.25,-0.1574,-0.3128,0.996,-0.2176,-0.3397,0.9964,0.0175
2.255,-0.1575,-0.3128,0.996,-0.2177,-0.3396,0.9963,0.0175
2.26,-0.1575,-0.3129,0.9961,-0.2178,-0.3396,0.9963,0.0176
2.265,-0.1576,-0.3129,0.9961,-0.2179,-0.3395,0.9962,0.0176
2.27,-0.1576,-0.3129,0.9961,-0.2178,-0.3396,0.9963,0.0177
2.275,-0.1577,-0.3129,0.9962,-0.2179,-0.3397,0.9963,0.0177
2.28,-0.1577,-0.313,0.9962,-0.2179,-0.3398,0.9964,0.0178
2.285,-0.1578,-0.313,0.9963,-0.2179,-0.3398,0.9963,0.0178
2.29,-0.1578,-0.313,0.9963,-0.2179,-0.34,0.9963,0.0178
2.295,-0.1579,-0.313,0.9963,-0.2179,-0.3402,0.9963,0.0179
2.3,-0.1579,-0.3131,0.9964,-0.2179,-0.3403,0.9964,0.0179
2.305,-0.158,-0.3131,0.9964,-0.218,-0.3405,0.9966,0.018
2.31,-0.158,-0.3131,0.9964,-0.2181,-0.3406,0.9965,0.018
2.315,-0.1581,-0.3131,0.9965,-0.2181,-0.3407,0.9965,0.0181
2.32,-0.1581,-0.3131,0.9965,-0.2182,-0.3409,0.9964,0.0181
2.325,-0.1582,-0.3132,0.9965,-0.2181,-0.3411,0.9966,0.0182
2.33,-0.1582,-0.3132,0.9965,-0.218,-0.341,0.9965,0.0182
2.335,-0.1583,-0.3132,0.9966,-0.218,-0.341,0.9967,0.0182
2.34,-0.1583,-0.3132,0.9966,-0.2182,-0.341,0.9967,0.0183
2.345,-0.1584,-0.3132,0.9966,-0.2182,-0.3411,0.9968,0.0183
2.35,-0.1584,-0.3133,0.9966,-0.2182,-0.3412,0.9969,0.0184
2.355,-0.1585,-0.3133,0.9966,-0.2182,-0.3413,0.9972,0.0184
2.36,-0.1585,-0.3133,0.9967,-0.2183,-0.3414,0.9974,0.0185
2.365,-0.1585,-0.3133,0.9967,-0.2183,-0.3416,0.9977,0.0185
2.37,-0.1586,-0.3133,0.9967,-0.2183,-0.3417,0.9977,0.0185
2.375,-0.1586,-0.3133,0.9967,-0.2184,-0.3418,0.9979,0.0186
2.38,-0.1587,-0.3134,0.9967,-0.2185,-0.3418,0.9981,0.0186
2.385,-0.1587,-0.3134,0.9967,-0.2186,-0.3418,0.9984,0.0187
2.39,-0.1588,-0.3134,0.9967,-0.2189,-0.3418,0.9983,0.0187
2.395,-0.1588,-0.3134,0.9967,-0.2189,-0.3419,0.9982,0.0188
2.4,-0.1589,-0.3134,0.9967,-0.219,-0.3416,0.9979,0.0188
2.405,-0.1589,-0.3134,0.9967,-0.2188,-0.3416,0.9977,0.0188
2.41,-0.1589,-0.3134,0.9967,-0.2188,-0.3415,0.9974,0.0189
2.415,-0.159,-0.3134,0.9967,-0.2187,-0.3414,0.9975,0.0189
2.42,-0.159,-0.3135,0.9967,-0.2186,-0.341,0.9974,0.019
2.425,-0.1591,-0.3135,0.9967,-0.2185,-0.341,0.9972,0.019
2.43,-0.1591,-0.3135,0.9967,-0.2184,-0.3408,0.997,0.019
2.435,-0.1592,-0.3135,0.9967,-0.2184,-0.3407,0.997,0.0191
2.44,-0.1592,-0.3135,0.9967,-0.2184,-0.3406,0.997,0.0191
2.445,-0.1592,-0.3135,0.9967,-0.2184,-0.3404,0.997,0.0191
2.45,-0.1593,-0.3135,0.9967,-0.2184,-0.3402,0.9969,0.0192
2.455,-0.1593,-0.3135,0.9967,-0.2184,-0.3403,0.9967,0.0192
2.46,-0.1594,-0.3135,0.9966,-0.2187,-0.3403,0.9969,0.0193
2.465,-0.1594,-0.3135,0.9966,-0.2189,-0.3404,0.9968,0.0193
2.47,-0.1594,-0.3135,0.9966,-0.2189,-0.3405,0.9969,0.0193
2.475,-0.1595,-0.3135,0.9966,-0.2191,-0.3408,0.9969,0.0194
2.48,-0.1595,-0.3135,0.9966,-0.2192,-0.3409,0.9968,0.0194
2.485,-0.1595,-0.3136,0.9966,-0.2194,-0.3409,0.9967,0.0194
2.49,-0.1596,-0.3136,0.9966,-0.2195,-0.3409,0.9968,0.0195
2.495,-0.1596,-0.3136,0.9966,-0.2198,-0.341,0.9968,0.0195
2.5,-0.1597,-0.3136,0.9966,-0.2198,-0.341,0.997,0.0195
2.505,-0.1597,-0.3136,0.9966,-0.2197,-0.3409,0.9969,0.0196
2.51,-0.1597,-0.3136,0.9966,-0.2194,-0.3408,0.9971,0.0196
2.515,-0.1598,-0.3136,0.9966,-0.2194,-0.3405,0.9972,0.0197
2.52,-0.1598,-0.3136,0.9966,-0.2193,-0.3402,0.9971,0.0197
2.525,-0.1598,-0.3136,0.9966,-0.2193,-0.3401,0.9971,0.0197
2.53,-0.1599,-0.3136,0.9966,-0.2191,-0.3402,0.997,0.0198
2.535,-0.1599,-0.3135,0.9966,-0.2192,-0.3401,0.9972,0.0198
2.54,-0.1599,-0.3135,0.9966,-0.219,-0.34,0.9973,0.0198
2.545,-0.16,-0.3135,0.9966,-0.2192,-0.3402,0.9973,0.0199
2.55,-0.16,-0.3135,0.9966,-0.2194,-0.3404,0.9972,0.0199
2.555,-0.16,-0.3135,0.9966,-0.2193,-0.3406,0.9972,0.0199
2.56,-0.1601,-0.3135,0.9966,-0.2194,-0.3409,0.9973,0.02
2.565,-0.1601,-0.3135,0.9966,-0.2193,-0.3408,0.9971,0.02
2.57,-0.1601,-0.3135,0.9966,-0.2192,-0.3409,0.9972,0.02
2.575,-0.1602,-0.3135,0.9966,-0.2192,-0.3409,0.997,0.0201
2.58,-0.1602,-0.3135,0.9966,-0.2192,-0.3408,0.9969,0.0201
2.585,-0.1602,-0.3135,0.9966,-0.2193,-0.341,0.9968,0.0201
2.59,-0.1602,-0.3135,0.9966,-0.2194,-0.341,0.9968,0.0202
2.595,-0.1603,-0.3135,0.9967,-0.2195,-0.3412,0.9969,0.0202
2.6,-0.1603,-0.3134,0.9967,-0.2197,-0.3412,0.9966,0.0202
2.605,-0.1603,-0.3134,0.9967,-0.2197,-0.3412,0.9965,0.0202
2.61,-0.1604,-0.3134,0.9967,-0.2195,-0.3411,0.9965,0.0203
2.615,-0.1604,-0.3134,0.9967,-0.2196,-0.3411,0.9966,0.0203
2.62,-0.1604,-0.3134,0.9967,-0.2197,-0.3412,0.9965,0.0203
2.625,-0.1604,-0.3134,0.9967,-0.2198,-0.3411,0.9964,0.0204
2.63,-0.1605,-0.3134,0.9968,-0.2198,-0.3411,0.9964,0.0204
2.635,-0.1605,-0.3133,0.9968,-0.2198,-0.3412,0.9963,0.0204
2.64,-0.1605,-0.3133,0.9968,-0.2199,-0.3413,0.9964,0.0204
2.645,-0.1605,-0.3133,0.9968,-0.2197,-0.3412,0.9964,0.0205
2.65,-0.1606,-0.3133,0.9968,-0.2195,-0.3412,0.9964,0.0205
2.655,-0.1606,-0.3133,0.9969,-0.2195,-0.3411,0.9963,0.0205
2.66,-0.1606,-0.3133,0.9969,-0.2194,-0.3411,0.9962,0.0206
2.665,-0.1606,-0.3132,0.9969,-0.2193,-0.3411,0.9964,0.0206
2.67,-0.1607,-0.3132,0.9969,-0.2193,-0.3413,0.9966,0.0206
2.675,-0.1607,-0.3132,0.997,-0.2194,-0.3412,0.9969,0.0206
2.68,-0.1607,-0.3132,0.997,-0.2193,-0.3411,0.997,0.0207
2.685,-0.1607,-0.3132,0.997,-0.2194,-0.3413,0.9969,0.0207
2.69,-0.1607,-0.3131,0.9971,-0.2194,-0.3413,0.997,0.0207
2.695,-0.1608,-0.3131,0.9971,-0.2193,-0.3416,0.9971,0.0207
2.7,-0.1608,-0.3131,0.9972,-0.2193,-0.3418,0.9971,0.0207
2.705,-0.1608,-0.3131,0.9972,-0.2194,-0.3419,0.9973,0.0208
2.71,-0.1608,-0.313,0.9972,-0.2194,-0.3419,0.9973,0.0208
2.715,-0.1608,-0.313,0.9973,-0.2195,-0.3421,0.9974,0.0208
2.72,-0.1609,-0.313,0.9973,-0.2194,-0.3421,0.9976,0.0208
2.725,-0.1609,-0.313,0.9973,-0.2196,-0.3422,0.9975,0.0208
2.73,-0.1609,-0.3129,0.9974,-0.2196,-0.3421,0.9973,0.0209
2.735,-0.1609,-0.3129,0.9974,-0.2198,-0.342,0.9972,0.0209
2.74,-0.1609,-0.3129,0.9975,-0.22,-0.3419,0.9972,0.0209
2.745,-0.1609,-0.3129,0.9975,-0.2199,-0.3417,0.9972,0.0209
2.75,-0.1609,-0.3128,0.9975,-0.22,-0.3418,0.9973,0.0209
2.755,-0.1609,-0.3128,0.9976,-0.22,-0.3417,0.9973,0.021
2.76,-0.161,-0.3128,0.9976,-0.2202,-0.3417,0.997,0.021
2.765,-0.161,-0.3128,0.9976,-0.22,-0.3418,0.9971,0.021
2.77,-0.161,-0.3127,0.9977,-0.2199,-0.3417,0.9972,0.021
2.775,-0.161,-0.3127,0.9977,-0.22,-0.3417,0.9969,0.021
2.78,-0.161,-0.3127,0.9977,-0.2198,-0.3418,0.9968,0.021
2.785,-0.161,-0.3126,0.9978,-0.22,-0.3418,0.9968,0.0211
2.79,-0.161,-0.3126,0.9978,-0.2201,-0.3417,0.9967,0.0211
2.795,-0.161,-0.3126,0.9978,-0.2201,-0.3419,0.9969,0.0211
2.8,-0.161,-0.3125,0.9979,-0.2201,-0.3419,0.9966,0.0211
2.805,-0.1611,-0.3125,0.9979,-0.2201,-0.3418,0.9966,0.0211
2.81,-0.1611,-0.3125,0.9979,-0.22,-0.3421,0.9965,0.0211
2.815,-0.1611,-0.3124,0.998,-0.2198,-0.3419,0.997,0.0211
2.82,-0.1611,-0.3124,0.998,-0.2197,-0.3418,0.9968,0.0211
2.825,-0.1611,-0.3124,0.998,-0.2197,-0.3418,0.997,0.0212
2.83,-0.1611,-0.3123,0.9981,-0.2197,-0.3417,0.9972,0.0212
2.835,-0.1611,-0.3123,0.9981,-0.2198,-0.3417,0.9974,0.0212
2.84,-0.1611,-0.3123,0.9981,-0.2199,-0.3416,0.9974,0.0212
2.845,-0.1611,-0.3122,0.9982,-0.22,-0.3415,0.9974,0.0212
2.85,-0.1611,-0.3122,0.9982,-0.2201,-0.3414,0.9976,0.0212
2.855,-0.1611,-0.3122,0.9982,-0.2201,-0.3412,0.9976,0.0212
2.86,-0.1611,-0.3121,0.9983,-0.2202,-0.3411,0.9979,0.0212
2.865,-0.1611,-0.3121,0.9983,-0.2203,-0.3411,0.9979,0.0213
2.87,-0.1611,-0.3121,0.9983,-0.2206,-0.3411,0.9979,0.0213
2.875,-0.1611,-0.312,0.9984,-0.2205,-0.341,0.9978,0.0213
2.88,-0.1611,-0.312,0.9984,-0.2206,-0.3408,0.998,0.0213
2.885,-0.1611,-0.312,0.9985,-0.2204,-0.3407,0.998,0.0213
2.89,-0.1611,-0.3119,0.9985,-0.2202,-0.3407,0.9981,0.0213
2.895,-0.1611,-0.3119,0.9985,-0.2202,-0.3408,0.998,0.0213
2.9,-0.1611,-0.3118,0.9986,-0.2201,-0.3408,0.9979,0.0213
2.905,-0.1611,-0.3118,0.9986,-0.2202,-0.341,0.9978,0.0213
2.91,-0.1611,-0.3118,0.9986,-0.2201,-0.3413,0.998,0.0214
2.915,-0.1611,-0.3117,0.9987,-0.2202,-0.3413,0.998,0.0214
2.92,-0.1611,-0.3117,0.9987,-0.2202,-0.3413,0.9982,0.0214
2.925,-0.1611,-0.3116,0.9987,-0.2203,-0.3412,0.9983,0.0214
2.93,-0.1611,-0.3116,0.9987,-0.2203,-0.3413,0.9983,0.0214
2.935,-0.1611,-0.3116,0.9988,-0.2202,-0.341,0.9983,0.0214
2.94,-0.1611,-0.3115,0.9988,-0.2202,-0.341,0.9982,0.0214
2.945,-0.1611,-0.3115,0.9988,-0.2203,-0.341,0.9984,0.0214
2.95,-0.1611,-0.3114,0.9989,-0.2203,-0.3408,0.9984,0.0214
2.955,-0.1611,-0.3114,0.9989,-0.2201,-0.3408,0.9983,0.0214
2.96,-0.1611,-0.3113,0.9989,-0.22,-0.3407,0.9983,0.0215
2.965,-0.1611,-0.3113,0.9989,-0.22,-0.3407,0.9984,0.0215
2.97,-0.1611,-0.3113,0.999,-0.2202,-0.3406,0.9983,0.0215
2.975,-0.1611,-0.3112,0.999,-0.2202,-0.3405,0.9986,0.0215
2.98,-0.1611,-0.3112,0.999,-0.2202,-0.3405,0.9985,0.0215
2.985,-0.1611,-0.3111,0.9991,-0.2202,-0.3407,0.9985,0.0215
2.99,-0.1611,-0.3111,0.9991,-0.2201,-0.3407,0.9982,0.0215
2.995,-0.1611,-0.311,0.9991,-0.22,-0.3407,0.998,0.0215
3.0,-0.1611,-0.311,0.9991,-0.22,-0.3408,0.998,0.0215
3.005,-0.1611,-0.3109,0.9992,-0.2201,-0.3408,0.998,0.0215
3.01,-0.1611,-0.3109,0.9992,-0.2201,-0.3409,0.9979,0.0216
3.015,-0.1611,-0.3108,0.9992,-0.22,-0.3408,0.9978,0.0216
3.02,-0.1611,-0.3108,0.9992,-0.22,-0.3406,0.9981,0.0216
3.025,-0.1611,-0.3107,0.9993,-0.2201,-0.3406,0.9982,0.0216
3.03,-0.1611,-0.3107,0.9993,-0.2202,-0.3405,0.9983,0.0216
3.035,-0.1611,-0.3106,0.9993,-0.2202,-0.3404,0.9985,0.0216
3.04,-0.1611,-0.3106,0.9993,-0.2201,-0.3403,0.9983,0.0216
3.045,-0.1611,-0.3106,0.9994,-0.2201,-0.3403,0.9984,0.0216
3.05,-0.1611,-0.3105,0.9994,-0.22,-0.3403,0.9984,0.0216
3.055,-0.1611,-0.3105,0.9994,-0.22,-0.3403,0.9983,0.0216
3.06,-0.1611,-0.3104,0.9995,-0.2198,-0.3403,0.9983,0.0216
3.065,-0.1611,-0.3104,0.9995,-0.2197,-0.3403,0.9985,0.0216
3.07,-0.1611,-0.3103,0.9995,-0.2198,-0.3402,0.9987,0.0217
3.075,-0.1611,-0.3103,0.9996,-0.2196,-0.34,0.9988,0.0217
3.08,-0.161,-0.3102,0.9996,-0.2196,-0.34,0.9989,0.0217
3.085,-0.161,-0.3102,0.9996,-0.2195,-0.3399,0.999,0.0217
3.09,-0.161,-0.3101,0.9997,-0.2195,-0.3396,0.999,0.0217
3.095,-0.161,-0.3101,0.9997,-0.2195,-0.3395,0.999,0.0217
3.1,-0.161,-0.31,0.9998,-0.2196,-0.3394,0.9991,0.0217
3.105,-0.161,-0.31,0.9998,-0.2196,-0.3393,0.9992,0.0217
3.11,-0.161,-0.3099,0.9998,-0.2194,-0.3392,0.9994,0.0217
3.115,-0.161,-0.3099,0.9999,-0.2194,-0.3392,0.9994,0.0217
3.12,-0.161,-0.3098,0.9999,-0.2195,-0.339,0.9993,0.0217
3.125,-0.161,-0.3098,0.9999,-0.2194,-0.3389,0.9994,0.0217
3.13,-0.1609,-0.3097,0.9999,-0.2194,-0.339,0.9996,0.0217
3.135,-0.1609,-0.3097,1.0,-0.2194,-0.339,0.9993,0.0217
3.14,-0.1609,-0.3096,1.0,-0.2193,-0.3388,0.9997,0.0217
3.145,-0.1609,-0.3096,1.0,-0.2193,-0.3385,0.9997,0.0217
3.15,-0.1609,-0.3095,1.0,-0.2193,-0.3384,1.0,0.0217
3.155,-0.1609,-0.3095,1.0001,-0.2194,-0.3384,1.0001,0.0217
3.16,-0.1609,-0.3094,1.0001,-0.2194,-0.3382,1.0003,0.0218
3.165,-0.1609,-0.3093,1.0001,-0.2193,-0.3382,1.0003,0.0218
3.17,-0.1608,-0.3093,1.0001,-0.2195,-0.3382,1.0005,0.0218
3.175,-0.1608,-0.3092,1.0001,-0.2195,-0.3382,1.0006,0.0218
3.18,-0.1608,-0.3092,1.0001,-0.2195,-0.3383,1.0003,0.0218
3.185,-0.1608,-0.3091,1.0001,-0.2196,-0.3382,1.0006,0.0218
3.19,-0.1608,-0.3091,1.0001,-0.2197,-0.3383,1.0003,0.0218
3.195,-0.1608,-0.309,1.0001,-0.2196,-0.3382,1.0006,0.0218
3.2,-0.1607,-0.309,1.0001,-0.2195,-0.3382,1.0005,0.0218
3.205,-0.1607,-0.3089,1.0001,-0.2195,-0.3381,1.0005,0.0218
3.21,-0.1607,-0.3089,1.0001,-0.2196,-0.338,1.0006,0.0218
3.215,-0.1607,-0.3088,1.0001,-0.2196,-0.3379,1.0007,0.0218
3.22,-0.1607,-0.3088,1.0001,-0.2196,-0.3379,1.0008,0.0218
3.225,-0.1606,-0.3087,1.0,-0.2197,-0.3378,1.0008,0.0218
3.23,-0.1606,-0.3086,1.0,-0.2196,-0.3376,1.0008,0.0218
3.235,-0.1606,-0.3086,1.0,-0.2193,-0.3374,1.0007,0.0218
3.24,-0.1606,-0.3085,0.9999,-0.2192,-0.3376,1.0005,0.0218
3.245,-0.1606,-0.3085,0.9999,-0.2191,-0.3376,1.0007,0.0218
3.25,-0.1605,-0.3084,0.9998,-0.2191,-0.3375,1.0007,0.0218
3.255,-0.1605,-0.3084,0.9998,-0.2191,-0.3374,1.0006,0.0218
3.26,-0.1605,-0.3083,0.9997,-0.2193,-0.3373,1.0006,0.0218
3.265,-0.1605,-0.3082,0.9997,-0.2192,-0.3371,1.0005,0.0218
3.27,-0.1604,-0.3082,0.9996,-0.2191,-0.3371,1.0004,0.0218
3.275,-0.1604,-0.3081,0.9996,-0.2191,-0.3369,1.0003,0.0218
3.28,-0.1604,-0.3081,0.9995,-0.2191,-0.3367,1.0002,0.0218
3.285,-0.1604,-0.308,0.9995,-0.2191,-0.3366,1.0002,0.0218
3.29,-0.1604,-0.308,0.9994,-0.2191,-0.3368,1.0003,0.0218
3.295,-0.1603,-0.3079,0.9993,-0.219,-0.3368,1.0003,0.0218
3.3,-0.1603,-0.3078,0.9993,-0.2189,-0.3367,1.0003,0.0218
3.305,-0.1603,-0.3078,0.9992,-0.2188,-0.3368,1.0001,0.0218
3.31,-0.1603,-0.3077,0.9991,-0.2187,-0.3369,1.0002,0.0218
3.315,-0.1602,-0.3077,0.9991,-0.2187,-0.3368,1.0002,0.0218
3.32,-0.1602,-0.3076,0.999,-0.2186,-0.337,1.0002,0.0218
3.325,-0.1602,-0.3075,0.9989,-0.2185,-0.3371,1.0003,0.0218
3.33,-0.1601,-0.3075,0.9989,-0.2184,-0.3369,1.0001,0.0218
3.335,-0.1601,-0.3074,0.9988,-0.2184,-0.337,1.0005,0.0218
3.34,-0.1601,-0.3074,0.9987,-0.2183,-0.3369,1.0003,0.0218
3.345,-0.1601,-0.3073,0.9987,-0.2183,-0.337,0.9998,0.0218
3.35,-0.16,-0.3072,0.9986,-0.2182,-0.3369,0.9998,0.0218
3.355,-0.16,-0.3072,0.9986,-0.2182,-0.3368,0.9996,0.0218
3.36,-0.16,-0.3071,0.9985,-0.2182,-0.3366,0.9993,0.0218
3.365,-0.1599,-0.307,0.9985,-0.2182,-0.3365,0.9991,0.0218
3.37,-0.1599,-0.307,0.9984,-0.2181,-0.3366,0.999,0.0218
3.375,-0.1599,-0.3069,0.9984,-0.2181,-0.3364,0.9989,0.0218
3.38,-0.1598,-0.3069,0.9983,-0.2182,-0.3363,0.9988,0.0218
3.385,-0.1598,-0.3068,0.9983,-0.2182,-0.3362,0.9988,0.0218
3.39,-0.1598,-0.3067,0.9982,-0.2182,-0.3362,0.9989,0.0218
3.395,-0.1597,-0.3067,0.9982,-0.2183,-0.3361,0.9987,0.0218
3.4,-0.1597,-0.3066,0.9982,-0.2183,-0.336,0.9987,0.0218
3.405,-0.1597,-0.3066,0.9981,-0.2183,-0.3359,0.9986,0.0218
3.41,-0.1596,-0.3065,0.9981,-0.2182,-0.3359,0.9987,0.0218
3.415,-0.1596,-0.3064,0.9981,-0.2182,-0.3357,0.9987,0.0218
3.42,-0.1596,-0.3064,0.9981,-0.2183,-0.3357,0.9988,0.0218
3.425,-0.1595,-0.3063,0.9981,-0.2184,-0.3357,0.9988,0.0218
3.43,-0.1595,-0.3062,0.9981,-0.2184,-0.3357,0.9987,0.0218
3.435,-0.1595,-0.3062,0.9981,-0.2185,-0.3355,0.9988,0.0218
3.44,-0.1594,-0.3061,0.9981,-0.2185,-0.3355,0.9987,0.0218
3.445,-0.1594,-0.3061,0.9981,-0.2185,-0.3354,0.9983,0.0218
3.45,-0.1593,-0.306,0.9981,-0.2185,-0.3354,0.9983,0.0218
3.455,-0.1593,-0.3059,0.9981,-0.2185,-0.3354,0.9983,0.0218
3.46,-0.1593,-0.3059,0.9981,-0.2185,-0.3353,0.9982,0.0218
3.465,-0.1592,-0.3058,0.9981,-0.2186,-0.3353,0.9984,0.0218
3.47,-0.1592,-0.3057,0.9981,-0.2185,-0.3352,0.998,0.0218
3.475,-0.1591,-0.3057,0.9982,-0.2182,-0.3351,0.9979,0.0218
3.48,-0.1591,-0.3056,0.9982,-0.2182,-0.3351,0.9981,0.0218
3.485,-0.1591,-0.3055,0.9983,-0.2183,-0.3351,0.9981,0.0218
3.49,-0.159,-0.3055,0.9983,-0.2181,-0.335,0.9983,0.0218
3.495,-0.159,-0.3054,0.9983,-0.2182,-0.3353,0.9984,0.0218
3.5,-0.1589,-0.3053,0.9984,-0.2182,-0.3352,0.9982,0.0218
3.505,-0.1589,-0.3053,0.9984,-0.218,-0.335,0.9983,0.0217
3.51,-0.1589,-0.3052,0.9985,-0.2181,-0.3352,0.9985,0.0217
3.515,-0.1588,-0.3051,0.9986,-0.2181,-0.3352,0.9984,0.0217
3.52,-0.1588,-0.3051,0.9986,-0.2183,-0.3354,0.9986,0.0217
3.525,-0.1587,-0.305,0.9987,-0.2182,-0.3355,0.9986,0.0217
3.53,-0.1587,-0.3049,0.9988,-0.2183,-0.3357,0.9987,0.0217
3.535,-0.1586,-0.3049,0.9988,-0.2183,-0.3356,0.9986,0.0217
3.54,-0.1586,-0.3048,0.9989,-0.2183,-0.3356,0.9989,0.0217
3.545,-0.1586,-0.3047,0.999,-0.2183,-0.3355,0.999,0.0217
3.55,-0.1585,-0.3047,0.999,-0.2183,-0.3354,0.9991,0.0217
3.555,-0.1585,-0.3046,0.9991,-0.2181,-0.3353,0.999,0.0217
3.56,-0.1584,-0.3045,0.9992,-0.2182,-0.3351,0.999,0.0217
3.565,-0.1584,-0.3045,0.9993,-0.2179,-0.3349,0.999,0.0217
3.57,-0.1583,-0.3044,0.9993,-0.2178,-0.3347,0.9989,0.0217
3.575,-0.1583,-0.3044,0.9994,-0.2179,-0.3345,0.9991,0.0217
3.58,-0.1582,-0.3043,0.9995,-0.2177,-0.3344,0.9993,0.0217
3.585,-0.1582,-0.3042,0.9996,-0.2176,-0.3343,0.9996,0.0217
3.59,-0.1582,-0.3042,0.9996,-0.2175,-0.3343,0.9995,0.0217
3.595,-0.1581,-0.3041,0.9997,-0.2172,-0.3342,0.9995,0.0217
3.6,-0.1581,-0.304,0.9998,-0.2173,-0.3343,0.9996,0.0217
3.605,-0.158,-0.304,0.9998,-0.2172,-0.3343,0.9998,0.0217
3.61,-0.158,-0.3039,0.9999,-0.2171,-0.3343,0.9996,0.0217
3.615,-0.1579,-0.3038,0.9999,-0.2171,-0.3345,0.9999,0.0217
3.62,-0.1579,-0.3038,1.0,-0.2171,-0.3348,1.0,0.0217
3.625,-0.1578,-0.3037,1.0,-0.2173,-0.335,1.0003,0.0217
3.63,-0.1578,-0.3036,1.0001,-0.2172,-0.3351,1.0004,0.0217
3.635,-0.1577,-0.3036,1.0001,-0.2172,-0.3349,1.0007,0.0217
3.64,-0.1577,-0.3035,1.0001,-0.2171,-0.3348,1.0009,0.0217
3.645,-0.1576,-0.3035,1.0002,-0.2171,-0.3347,1.0007,0.0217
3.65,-0.1576,-0.3034,1.0002,-0.217,-0.3345,1.0007,0.0217
3.655,-0.1576,-0.3033,1.0002,-0.2168,-0.3344,1.0007,0.0217
3.66,-0.1575,-0.3033,1.0002,-0.2167,-0.3342,1.0008,0.0217
3.665,-0.1575,-0.3032,1.0002,-0.2169,-0.334,1.001,0.0217
3.67,-0.1574,-0.3031,1.0002,-0.2168,-0.3338,1.001,0.0217
3.675,-0.1574,-0.3031,1.0002,-0.2167,-0.3335,1.0007,0.0217
3.68,-0.1573,-0.303,1.0002,-0.2164,-0.3335,1.0008,0.0217
3.685,-0.1573,-0.303,1.0002,-0.2162,-0.3336,1.0008,0.0217
3.69,-0.1572,-0.3029,1.0002,-0.2162,-0.3335,1.0009,0.0217
3.695,-0.1572,-0.3028,1.0001,-0.216,-0.3335,1.0012,0.0217
3.7,-0.1571,-0.3028,1.0001,-0.216,-0.3336,1.0013,0.0217
3.705,-0.1571,-0.3027,1.0001,-0.216,-0.3335,1.0013,0.0217
3.71,-0.157,-0.3027,1.0,-0.2161,-0.3336,1.0012,0.0217
3.715,-0.157,-0.3026,1.0,-0.2161,-0.3338,1.0011,0.0217
3.72,-0.1569,-0.3025,0.9999,-0.216,-0.3339,1.0009,0.0217
3.725,-0.1569,-0.3025,0.9998,-0.2161,-0.3341,1.0009,0.0217
3.73,-0.1568,-0.3024,0.9998,-0.2163,-0.3341,1.0011,0.0217
3.735,-0.1568,-0.3023,0.9997,-0.2165,-0.3341,1.0009,0.0217
3.74,-0.1567,-0.3023,0.9996,-0.2164,-0.3343,1.0008,0.0217
3.745,-0.1567,-0.3022,0.9995,-0.2162,-0.3343,1.0011,0.0217
3.75,-0.1566,-0.3022,0.9994,-0.216,-0.3343,1.0009,0.0217
3.755,-0.1566,-0.3021,0.9993,-0.2158,-0.3342,1.0012,0.0217
3.76,-0.1565,-0.3021,0.9992,-0.2156,-0.3342,1.0013,0.0217
3.765,-0.1565,-0.302,0.9991,-0.2154,-0.334,1.0012,0.0217
3.77,-0.1564,-0.3019,0.999,-0.2153,-0.3339,1.001,0.0218
3.775,-0.1563,-0.3019,0.9989,-0.2152,-0.3339,1.0009,0.0218
3.78,-0.1563,-0.3018,0.9988,-0.2153,-0.3338,1.0005,0.0218
3.785,-0.1562,-0.3018,0.9987,-0.2151,-0.3338,1.0005,0.0218
3.79,-0.1562,-0.3017,0.9986,-0.2151,-0.3337,1.0004,0.0218
3.795,-0.1561,-0.3016,0.9985,-0.2152,-0.3337,1.0001,0.0218
3.8,-0.1561,-0.3016,0.9984,-0.2152,-0.3337,1.0,0.0218
3.805,-0.156,-0.3015,0.9982,-0.2152,-0.3337,1.0001,0.0218
3.81,-0.156,-0.3015,0.9981,-0.2151,-0.3336,0.9999,0.0218
3.815,-0.1559,-0.3014,0.998,-0.2149,-0.3335,0.9998,0.0218
3.82,-0.1559,-0.3014,0.9979,-0.2149,-0.3336,0.9995,0.0218
3.825,-0.1558,-0.3013,0.9978,-0.2148,-0.3334,0.9994,0.0218
3.83,-0.1558,-0.3013,0.9977,-0.2147,-0.3335,0.9992,0.0218
3.835,-0.1557,-0.3012,0.9976,-0.2147,-0.3335,0.999,0.0218
3.84,-0.1556,-0.3011,0.9975,-0.2145,-0.3336,0.9989,0.0218
3.845,-0.1556,-0.3011,0.9974,-0.2145,-0.3335,0.999,0.0218
3.85,-0.1555,-0.301,0.9973,-0.2144,-0.3334,0.9988,0.0218
3.855,-0.1555,-0.301,0.9972,-0.2144,-0.3334,0.999,0.0218
3.86,-0.1554,-0.3009,0.9972,-0.2143,-0.3332,0.9988,0.0218
3.865,-0.1554,-0.3009,0.9971,-0.2141,-0.3331,0.9984,0.0218
3.87,-0.1553,-0.3008,0.997,-0.2141,-0.3329,0.9983,0.0218
3.875,-0.1553,-0.3008,0.9969,-0.2141,-0.3327,0.9982,0.0218
3.88,-0.1552,-0.3007,0.9969,-0.214,-0.3326,0.9982,0.0218
3.885,-0.1551,-0.3007,0.9968,-0.2141,-0.3322,0.9981,0.0218
3.89,-0.1551,-0.3006,0.9968,-0.2139,-0.3321,0.9978,0.0218
3.895,-0.155,-0.3006,0.9968,-0.214,-0.332,0.9978,0.0218
3.9,-0.155,-0.3005,0.9967,-0.2139,-0.3317,0.9979,0.0218
3.905,-0.1549,-0.3005,0.9967,-0.2138,-0.3317,0.9977,0.0218
3.91,-0.1549,-0.3004,0.9967,-0.2137,-0.3317,0.9975,0.0218
3.915,-0.1548,-0.3004,0.9967,-0.2134,-0.3316,0.9975,0.0218
3.92,-0.1548,-0.3003,0.9967,-0.2134,-0.3316,0.9975,0.0218
3.925,-0.1547,-0.3002,0.9967,-0.2135,-0.3316,0.9972,0.0218
3.93,-0.1546,-0.3002,0.9967,-0.2136,-0.3318,0.997,0.0218
3.935,-0.1546,-0.3001,0.9967,-0.2136,-0.3319,0.9969,0.0218
3.94,-0.1545,-0.3001,0.9967,-0.2135,-0.3321,0.9968,0.0218
3.945,-0.1545,-0.3,0.9968,-0.2135,-0.3321,0.9967,0.0218
3.95,-0.1544,-0.3,0.9968,-0.2135,-0.3321,0.9967,0.0218
3.955,-0.1544,-0.2999,0.9968,-0.2134,-0.3321,0.9966,0.0218
3.96,-0.1543,-0.2999,0.9969,-0.2133,-0.332,0.9969,0.0218
3.965,-0.1542,-0.2998,0.997,-0.2132,-0.332,0.9967,0.0218
3.97,-0.1542,-0.2998,0.997,-0.213,-0.332,0.9967,0.0218
3.975,-0.1541,-0.2997,0.9971,-0.2131,-0.3318,0.9968,0.0218
3.98,-0.1541,-0.2997,0.9971,-0.2131,-0.3317,0.9965,0.0218
3.985,-0.154,-0.2996,0.9972,-0.2131,-0.3319,0.9966,0.0218
3.99,-0.154,-0.2996,0.9973,-0.213,-0.3318,0.9966,0.0218
3.995,-0.1539,-0.2995,0.9974,-0.2129,-0.3317,0.9967,0.0218
4.0,-0.1538,-0.2995,0.9975,-0.2129,-0.3317,0.9968,0.0218
4.005,-0.1538,-0.2994,0.9975,-0.2128,-0.3317,0.997,0.0218
4.01,-0.1537,-0.2994,0.9976,-0.2127,-0.3316,0.9966,0.0218
4.015,-0.1537,-0.2993,0.9977,-0.2126,-0.3315,0.9966,0.0218
4.02,-0.1536,-0.2993,0.9978,-0.2127,-0.3312,0.9966,0.0218
4.025,-0.1535,-0.2993,0.9979,-0.2126,-0.3311,0.9967,0.0218
4.03,-0.1535,-0.2992,0.998,-0.2126,-0.331,0.9968,0.0218
4.035,-0.1534,-0.2992,0.9981,-0.2126,-0.3309,0.9971,0.0218
4.04,-0.1534,-0.2991,0.9982,-0.2124,-0.3309,0.9971,0.0218
4.045,-0.1533,-0.2991,0.9982,-0.2123,-0.3309,0.9972,0.0218
4.05,-0.1533,-0.299,0.9983,-0.2123,-0.3309,0.9971,0.0218
4.055,-0.1532,-0.299,0.9984,-0.2124,-0.3309,0.997,0.0218
4.06,-0.1531,-0.2989,0.9985,-0.2123,-0.331,0.9969,0.0218
4.065,-0.1531,-0.2989,0.9986,-0.2123,-0.3311,0.997,0.0218
4.07,-0.153,-0.2988,0.9987,-0.2123,-0.3312,0.9973,0.0218
4.075,-0.153,-0.2988,0.9987,-0.2122,-0.331,0.9976,0.0218
4.08,-0.1529,-0.2987,0.9988,-0.2121,-0.3307,0.9979,0.0218
4.085,-0.1528,-0.2987,0.9989,-0.2119,-0.3305,0.998,0.0218
4.09,-0.1528,-0.2986,0.999,-0.212,-0.3303,0.9982,0.0218
4.095,-0.1527,-0.2986,0.999,-0.2117,-0.3301,0.9983,0.0219
4.1,-0.1527,-0.2986,0.9991,-0.2116,-0.33,0.9984,0.0219
4.105,-0.1526,-0.2985,0.9991,-0.2114,-0.3298,0.9985,0.0219
4.11,-0.1525,-0.2985,0.9992,-0.2115,-0.3298,0.9987,0.0219
4.115,-0.1525,-0.2984,0.9992,-0.2114,-0.3296,0.9989,0.0219
4.12,-0.1524,-0.2984,0.9992,-0.2112,-0.3297,0.9991,0.0219
4.125,-0.1524,-0.2983,0.9993,-0.2111,-0.3297,0.9993,0.0219
4.13,-0.1523,-0.2983,0.9993,-0.211,-0.3298,0.9995,0.0219
4.135,-0.1523,-0.2982,0.9993,-0.2109,-0.3297,0.9994,0.0219
4.14,-0.1522,-0.2982,0.9993,-0.2108,-0.3298,0.9995,0.0219
4.145,-0.1521,-0.2982,0.9993,-0.2108,-0.3296,0.9993,0.0219
4.15,-0.1521,-0.2981,0.9993,-0.2107,-0.3295,0.9993,0.0219
4.155,-0.152,-0.2981,0.9992,-0.2108,-0.3294,0.9997,0.0219
4.16,-0.152,-0.298,0.9992,-0.2108,-0.3291,1.0,0.0219
4.165,-0.1519,-0.298,0.9992,-0.2108,-0.329,1.0001,0.0219
4.17,-0.1518,-0.2979,0.9991,-0.2107,-0.329,1.0002,0.0219
4.175,-0.1518,-0.2979,0.9991,-0.2108,-0.3289,1.0,0.0219
4.18,-0.1517,-0.2979,0.999,-0.2108,-0.3289,1.0001,0.0219
4.185,-0.1517,-0.2978,0.999,-0.2109,-0.3288,1.0002,0.0219
4.19,-0.1516,-0.2978,0.9989,-0.2109,-0.3287,0.9998,0.0219
4.195,-0.1515,-0.2977,0.9988,-0.2107,-0.3287,0.9999,0.0219
4.2,-0.1515,-0.2977,0.9987,-0.2106,-0.3287,0.9999,0.022
4.205,-0.1514,-0.2976,0.9986,-0.2107,-0.3284,1.0,0.022
4.21,-0.1514,-0.2976,0.9985,-0.2103,-0.3283,0.9997,0.022
4.215,-0.1513,-0.2976,0.9984,-0.2101,-0.328,0.9998,0.022
4.22,-0.1512,-0.2975,0.9983,-0.2101,-0.3281,0.9999,0.022
4.225,-0.1512,-0.2975,0.9982,-0.2101,-0.3279,1.0,0.022
4.23,-0.1511,-0.2974,0.9981,-0.2101,-0.3279,0.9998,0.022
4.235,-0.1511,-0.2974,0.998,-0.2101,-0.3279,0.9997,0.022
4.24,-0.151,-0.2974,0.9979,-0.2103,-0.3277,0.9993,0.022
4.245,-0.1509,-0.2973,0.9977,-0.2103,-0.3276,0.999,0.022
4.25,-0.1509,-0.2973,0.9976,-0.2104,-0.3275,0.999,0.022
4.255,-0.1508,-0.2972,0.9975,-0.2104,-0.3275,0.9988,0.022
4.26,-0.1508,-0.2972,0.9974,-0.2105,-0.3274,0.9988,0.022
4.265,-0.1507,-0.2972,0.9972,-0.2106,-0.3273,0.9986,0.022
4.27,-0.1506,-0.2971,0.9971,-0.2106,-0.3273,0.9986,0.022
4.275,-0.1506,-0.2971,0.997,-0.2106,-0.3272,0.9983,0.0221
4.28,-0.1505,-0.297,0.9968,-0.2108,-0.3274,0.998,0.0221
4.285,-0.1505,-0.297,0.9967,-0.2106,-0.3274,0.9979,0.0221
4.29,-0.1504,-0.2969,0.9966,-0.2108,-0.3274,0.9975,0.0221
4.295,-0.1503,-0.2969,0.9965,-0.2108,-0.3275,0.9975,0.0221
4.3,-0.1503,-0.2969,0.9963,-0.2108,-0.3274,0.9972,0.0221
4.305,-0.1502,-0.2968,0.9962,-0.2109,-0.3273,0.9972,0.0221
4.31,-0.1502,-0.2968,0.9961,-0.211,-0.3272,0.9971,0.0221
4.315,-0.1501,-0.2967,0.996,-0.211,-0.3272,0.9971,0.0221
4.32,-0.1501,-0.2967,0.9959,-0.2108,-0.327,0.997,0.0221
4.325,-0.15,-0.2967,0.9958,-0.2107,-0.327,0.9969,0.0222
4.33,-0.1499,-0.2966,0.9957,-0.2107,-0.3268,0.9971,0.0222
4.335,-0.1499,-0.2966,0.9957,-0.2105,-0.3264,0.9971,0.0222
4.34,-0.1498,-0.2965,0.9956,-0.2103,-0.3263,0.9971,0.0222
4.345,-0.1498,-0.2965,0.9955,-0.2102,-0.3261,0.9972,0.0222
4.35,-0.1497,-0.2965,0.9955,-0.2101,-0.3261,0.9973,0.0222
4.355,-0.1497,-0.2964,0.9954,-0.2101,-0.326,0.9971,0.0222
4.36,-0.1496,-0.2964,0.9954,-0.2101,-0.3262,0.9969,0.0222
4.365,-0.1495,-0.2963,0.9953,-0.21,-0.3262,0.997,0.0223
4.37,-0.1495,-0.2963,0.9953,-0.21,-0.3264,0.9971,0.0223
4.375,-0.1494,-0.2963,0.9952,-0.2099,-0.3264,0.9971,0.0223
4.38,-0.1494,-0.2962,0.9952,-0.2101,-0.3264,0.997,0.0223
4.385,-0.1493,-0.2962,0.9952,-0.2102,-0.3264,0.9967,0.0223
4.39,-0.1493,-0.2961,0.9952,-0.2103,-0.3264,0.9967,0.0223
4.395,-0.1492,-0.2961,0.9952,-0.2103,-0.3265,0.9967,0.0223
4.4,-0.1491,-0.2961,0.9952,-0.2105,-0.3264,0.9968,0.0224
4.405,-0.1491,-0.296,0.9952,-0.2105,-0.3265,0.9966,0.0224
4.41,-0.149,-0.296,0.9952,-0.2106,-0.3264,0.9966,0.0224
4.415,-0.149,-0.2959,0.9952,-0.2103,-0.3262,0.9964,0.0224
4.42,-0.1489,-0.2959,0.9952,-0.2101,-0.3259,0.9961,0.0224
4.425,-0.1489,-0.2959,0.9952,-0.2099,-0.3259,0.9962,0.0224
4.43,-0.1488,-0.2958,0.9952,-0.2096,-0.3259,0.9961,0.0225
4.435,-0.1488,-0.2958,0.9952,-0.2095,-0.3258,0.9961,0.0225
4.44,-0.1487,-0.2957,0.9952,-0.2094,-0.3256,0.9961,0.0225
4.445,-0.1487,-0.2957,0.9952,-0.2096,-0.3255,0.9961,0.0225
4.45,-0.1486,-0.2957,0.9953,-0.2095,-0.3255,0.996,0.0225
4.455,-0.1485,-0.2956,0.9953,-0.2096,-0.3256,0.9958,0.0225
4.46,-0.1485,-0.2956,0.9953,-0.2099,-0.3254,0.996,0.0226
4.465,-0.1484,-0.2955,0.9954,-0.2099,-0.3255,0.9962,0.0226
4.47,-0.1484,-0.2955,0.9954,-0.2099,-0.3253,0.9963,0.0226
4.475,-0.1483,-0.2955,0.9954,-0.2099,-0.3253,0.9962,0.0226
4.48,-0.1483,-0.2954,0.9955,-0.2099,-0.3254,0.9966,0.0226
4.485,-0.1482,-0.2954,0.9955,-0.21,-0.3252,0.9968,0.0226
4.49,-0.1482,-0.2953,0.9955,-0.2099,-0.3252,0.9968,0.0227
4.495,-0.1481,-0.2953,0.9956,-0.2099,-0.3254,0.9969,0.0227
4.5,-0.1481,-0.2953,0.9956,-0.2098,-0.3254,0.9969,0.0227
4.505,-0.148,-0.2952,0.9956,-0.2098,-0.3255,0.997,0.0227
4.51,-0.148,-0.2952,0.9957,-0.2098,-0.3256,0.9969,0.0227
4.515,-0.1479,-0.2951,0.9957,-0.2096,-0.3258,0.9969,0.0228
4.52,-0.1479,-0.2951,0.9958,-0.2097,-0.3259,0.997,0.0228
4.525,-0.1478,-0.2951,0.9958,-0.2096,-0.3258,0.9971,0.0228
4.53,-0.1478,-0.295,0.9958,-0.2096,-0.3257,0.9974,0.0228
4.535,-0.1477,-0.295,0.9959,-0.2094,-0.3257,0.9974,0.0229
4.54,-0.1477,-0.2949,0.9959,-0.2094,-0.3258,0.9975,0.0229
4.545,-0.1476,-0.2949,0.9959,-0.2093,-0.3257,0.9975,0.0229
4.55,-0.1476,-0.2949,0.996,-0.2094,-0.3257,0.9973,0.0229
4.555,-0.1475,-0.2948,0.996,-0.2094,-0.3255,0.9973,0.0229
4.56,-0.1475,-0.2948,0.996,-0.2093,-0.3255,0.9976,0.023
4.565,-0.1474,-0.2947,0.996,-0.2091,-0.3255,0.9975,0.023
4.57,-0.1474,-0.2947,0.996,-0.209,-0.3254,0.9976,0.023
4.575,-0.1473,-0.2947,0.9961,-0.2088,-0.3252,0.9975,0.023
4.58,-0.1473,-0.2946,0.9961,-0.2086,-0.3251,0.9975,0.023
4.585,-0.1472,-0.2946,0.9961,-0.2084,-0.3251,0.9975,0.0231
4.59,-0.1472,-0.2946,0.9961,-0.2083,-0.325,0.9975,0.0231
4.595,-0.1471,-0.2945,0.9961,-0.2082,-0.3248,0.9975,0.0231
4.6,-0.1471,-0.2945,0.9961,-0.2081,-0.3247,0.9975,0.0231
4.605,-0.147,-0.2944,0.9961,-0.2079,-0.3247,0.9973,0.0232
4.61,-0.147,-0.2944,0.9961,-0.2079,-0.3248,0.9971,0.0232
4.615,-0.1469,-0.2944,0.9961,-0.2078,-0.3249,0.9969,0.0232
4.62,-0.1469,-0.2943,0.9961,-0.2078,-0.3248,0.9971,0.0232
4.625,-0.1468,-0.2943,0.9961,-0.2078,-0.3248,0.9969,0.0232
4.63,-0.1468,-0.2943,0.9962,-0.2078,-0.3249,0.9967,0.0233
4.635,-0.1467,-0.2942,0.9962,-0.2079,-0.3249,0.9964,0.0233
4.64,-0.1467,-0.2942,0.9962,-0.2082,-0.325,0.9962,0.0233
4.645,-0.1466,-0.2942,0.9962,-0.2082,-0.325,0.9961,0.0233
4.65,-0.1466,-0.2941,0.9962,-0.2083,-0.3249,0.9961,0.0233
4.655,-0.1465,-0.2941,0.9962,-0.2082,-0.3246,0.996,0.0234
4.66,-0.1465,-0.294,0.9962,-0.2084,-0.3243,0.996,0.0234
4.665,-0.1464,-0.294,0.9962,-0.2082,-0.3243,0.996,0.0234
4.67,-0.1464,-0.294,0.9962,-0.208,-0.3242,0.996,0.0234
4.675,-0.1464,-0.2939,0.9962,-0.208,-0.324,0.996,0.0235
4.68,-0.1463,-0.2939,0.9962,-0.208,-0.3241,0.9961,0.0235
4.685,-0.1463,-0.2939,0.9963,-0.208,-0.3243,0.9959,0.0235
4.69,-0.1462,-0.2938,0.9963,-0.208,-0.3245,0.9957,0.0235
4.695,-0.1462,-0.2938,0.9963,-0.208,-0.3247,0.9955,0.0235
4.7,-0.1461,-0.2938,0.9964,-0.2078,-0.3249,0.9957,0.0236
4.705,-0.1461,-0.2937,0.9964,-0.2076,-0.325,0.9957,0.0236
4.71,-0.146,-0.2937,0.9965,-0.2076,-0.3251,0.9957,0.0236
4.715,-0.146,-0.2937,0.9965,-0.2076,-0.3251,0.9954,0.0236
4.72,-0.1459,-0.2936,0.9966,-0.2074,-0.3251,0.9955,0.0236
4.725,-0.1459,-0.2936,0.9966,-0.2074,-0.3251,0.9952,0.0237
4.73,-0.1458,-0.2936,0.9967,-0.2075,-0.3251,0.9954,0.0237
4.735,-0.1458,-0.2935,0.9968,-0.2075,-0.325,0.9952,0.0237
4.74,-0.1457,-0.2935,0.9968,-0.2074,-0.3249,0.9951,0.0237
4.745,-0.1457,-0.2935,0.9969,-0.2075,-0.3249,0.9952,0.0237
4.75,-0.1456,-0.2935,0.997,-0.2074,-0.3247,0.9949,0.0238
4.755,-0.1456,-0.2934,0.9971,-0.2074,-0.3247,0.995,0.0238
4.76,-0.1456,-0.2934,0.9972,-0.2073,-0.3247,0.995,0.0238
4.765,-0.1455,-0.2934,0.9973,-0.2074,-0.3247,0.9951,0.0238
4.77,-0.1455,-0.2933,0.9974,-0.2071,-0.3247,0.995,0.0238
4.775,-0.1454,-0.2933,0.9975,-0.2071,-0.325,0.9952,0.0238
4.78,-0.1454,-0.2933,0.9976,-0.2071,-0.3252,0.9952,0.0239
4.785,-0.1453,-0.2933,0.9978,-0.207,-0.3253,0.9955,0.0239
4.79,-0.1453,-0.2932,0.9979,-0.2069,-0.3253,0.9956,0.0239
4.795,-0.1452,-0.2932,0.998,-0.2067,-0.3254,0.9956,0.0239
4.8,-0.1452,-0.2932,0.9981,-0.2066,-0.3255,0.9956,0.0239
4.805,-0.1451,-0.2931,0.9983,-0.2065,-0.3254,0.9958,0.0239
4.81,-0.1451,-0.2931,0.9984,-0.2063,-0.3255,0.9959,0.024
4.815,-0.145,-0.2931,0.9986,-0.2064,-0.3253,0.9959,0.024
4.82,-0.145,-0.2931,0.9987,-0.2062,-0.3252,0.996,0.024
4.825,-0.145,-0.293,0.9989,-0.2062,-0.325,0.996,0.024
4.83,-0.1449,-0.293,0.999,-0.2061,-0.3248,0.9962,0.024
4.835,-0.1449,-0.293,0.9991,-0.2059,-0.3246,0.9964,0.024
4.84,-0.1448,-0.293,0.9993,-0.206,-0.3245,0.9965,0.0241
4.845,-0.1448,-0.293,0.9994,-0.206,-0.3246,0.9962,0.0241
4.85,-0.1447,-0.2929,0.9996,-0.2062,-0.3246,0.9965,0.0241
4.855,-0.1447,-0.2929,0.9997,-0.2065,-0.3245,0.9966,0.0241
4.86,-0.1446,-0.2929,0.9999,-0.2066,-0.3244,0.9967,0.0241
4.865,-0.1446,-0.2929,1.0,-0.2066,-0.3243,0.9967,0.0241
4.87,-0.1445,-0.2928,1.0002,-0.2067,-0.3243,0.9968,0.0241
4.875,-0.1445,-0.2928,1.0003,-0.2067,-0.3244,0.9967,0.0242
4.88,-0.1445,-0.2928,1.0005,-0.2065,-0.3245,0.9965,0.0242
4.885,-0.1444,-0.2928,1.0006,-0.2065,-0.3246,0.9967,0.0242
4.89,-0.1444,-0.2927,1.0007,-0.2064,-0.3247,0.997,0.0242
4.895,-0.1443,-0.2927,1.0009,-0.2063,-0.3246,0.9974,0.0242
4.9,-0.1443,-0.2927,1.001,-0.2062,-0.3245,0.9976,0.0242
4.905,-0.1442,-0.2927,1.0011,-0.2062,-0.3244,0.9979,0.0242
4.91,-0.1442,-0.2927,1.0012,-0.206,-0.3244,0.9981,0.0242
4.915,-0.1441,-0.2926,1.0014,-0.2058,-0.3243,0.9983,0.0243
4.92,-0.1441,-0.2926,1.0015,-0.2057,-0.3243,0.9982,0.0243
4.925,-0.1441,-0.2926,1.0016,-0.2055,-0.324,0.9985,0.0243
4.93,-0.144,-0.2926,1.0017,-0.2053,-0.324,0.9987,0.0243
4.935,-0.144,-0.2926,1.0018,-0.2054,-0.324,0.9987,0.0243
4.94,-0.1439,-0.2925,1.0019,-0.2052,-0.3239,0.9987,0.0243
4.945,-0.1439,-0.2925,1.002,-0.2053,-0.3239,0.9988,0.0243
4.95,-0.1438,-0.2925,1.0021,-0.2053,-0.3239,0.9991,0.0243
4.955,-0.1438,-0.2925,1.0022,-0.2053,-0.3239,0.9993,0.0244
4.96,-0.1438,-0.2925,1.0022,-0.2054,-0.324,0.9996,0.0244
4.965,-0.1437,-0.2925,1.0023,-0.2054,-0.3239,0.9997,0.0244
4.97,-0.1437,-0.2924,1.0024,-0.2055,-0.3241,0.9997,0.0244
4.975,-0.1436,-0.2924,1.0024,-0.2056,-0.324,1.0001,0.0244
4.98,-0.1436,-0.2924,1.0025,-0.2053,-0.3239,1.0004,0.0244
4.985,-0.1435,-0.2924,1.0025,-0.2053,-0.324,1.0006,0.0244
4.99,-0.1435,-0.2924,1.0026,-0.2054,-0.324,1.0005,0.0244
4.995,-0.1434,-0.2924,1.0026,-0.2053,-0.3239,1.0008,0.0245
5.0,-0.1434,-0.2923,1.0026,-0.2054,-0.3238,1.0009,0.0245
5.005,-0.1434,-0.2923,1.0026,-0.2055,-0.3238,1.0011,0.0245
5.01,-0.1433,-0.2923,1.0027,-0.2055,-0.3237,1.0014,0.0245
5.015,-0.1432,-0.2923,1.0027,-0.2057,-0.3236,1.0015,0.0245
5.02,-0.1431,-0.2923,1.0027,-0.2057,-0.3237,1.0016,0.0245
5.025,-0.1429,-0.2923,1.0027,-0.2057,-0.3238,1.0019,0.0245
5.03,-0.1428,-0.2922,1.0027,-0.2054,-0.3239,1.0016,0.0245
5.035,-0.1426,-0.2922,1.0027,-0.2052,-0.3239,1.0018,0.0245
5.04,-0.1424,-0.2922,1.0026,-0.2049,-0.324,1.0021,0.0245
5.045,-0.1421,-0.2922,1.0026,-0.2048,-0.3241,1.0021,0.0245
5.05,-0.1418,-0.2922,1.0026,-0.2044,-0.3241,1.0022,0.0245
5.055,-0.1416,-0.2922,1.0026,-0.204,-0.3242,1.0021,0.0245
5.06,-0.1412,-0.2922,1.0025,-0.2038,-0.3241,1.0021,0.0245
5.065,-0.1409,-0.2921,1.0025,-0.2036,-0.3242,1.0021,0.0245
5.07,-0.1405,-0.2921,1.0024,-0.2033,-0.3244,1.0023,0.0245
5.075,-0.1401,-0.2921,1.0024,-0.2032,-0.3245,1.0022,0.0245
5.08,-0.1397,-0.2921,1.0023,-0.2029,-0.3246,1.0024,0.0245
5.085,-0.1393,-0.2921,1.0023,-0.2027,-0.3245,1.0021,0.0245
5.09,-0.1388,-0.2921,1.0022,-0.2025,-0.3245,1.0019,0.0246
5.095,-0.1383,-0.2921,1.0021,-0.2024,-0.3245,1.002,0.0246
5.1,-0.1378,-0.2921,1.0021,-0.2021,-0.3243,1.0021,0.0247
5.105,-0.1373,-0.292,1.002,-0.2018,-0.3243,1.0021,0.0247
5.11,-0.1367,-0.292,1.0019,-0.2015,-0.3242,1.0022,0.0248
5.115,-0.1362,-0.292,1.0019,-0.2012,-0.3243,1.0023,0.0249
5.12,-0.1356,-0.292,1.0018,-0.2007,-0.3242,1.0025,0.0251
5.125,-0.1349,-0.292,1.0017,-0.2001,-0.3241,1.0025,0.0252
5.13,-0.1343,-0.292,1.0017,-0.1995,-0.324,1.0022,0.0253
5.135,-0.1336,-0.292,1.0016,-0.1989,-0.3242,1.0022,0.0255
5.14,-0.1329,-0.292,1.0015,-0.1984,-0.3242,1.0023,0.0257
5.145,-0.1322,-0.292,1.0014,-0.1977,-0.3244,1.0023,0.026
5.15,-0.1314,-0.292,1.0014,-0.1971,-0.3246,1.0023,0.0262
5.155,-0.1307,-0.292,1.0013,-0.1965,-0.3245,1.0021,0.0265
5.16,-0.1299,-0.292,1.0012,-0.196,-0.3246,1.0019,0.0268
5.165,-0.129,-0.2919,1.0012,-0.1956,-0.3247,1.0021,0.0271
5.17,-0.1282,-0.2919,1.0011,-0.1951,-0.3248,1.0017,0.0275
5.175,-0.1273,-0.2919,1.001,-0.1948,-0.3249,1.0017,0.0279
5.18,-0.1264,-0.2919,1.001,-0.1944,-0.3248,1.0016,0.0283
5.185,-0.1255,-0.2919,1.0009,-0.1939,-0.3249,1.0014,0.0288
5.19,-0.1246,-0.2919,1.0009,-0.1935,-0.325,1.0013,0.0293
5.195,-0.1236,-0.2919,1.0008,-0.1927,-0.3249,1.0014,0.0298
5.2,-0.1227,-0.2919,1.0008,-0.1921,-0.3248,1.0014,0.0304
5.205,-0.1217,-0.2919,1.0007,-0.1914,-0.3248,1.0017,0.031
5.21,-0.1207,-0.2919,1.0007,-0.1909,-0.3249,1.0018,0.0316
5.215,-0.1197,-0.2919,1.0006,-0.1903,-0.3248,1.0015,0.0322
5.22,-0.1187,-0.2919,1.0006,-0.1895,-0.3248,1.0017,0.0329
5.225,-0.1177,-0.2919,1.0006,-0.1887,-0.3245,1.0014,0.0335
5.23,-0.1167,-0.2919,1.0006,-0.1879,-0.3245,1.0017,0.0342
5.235,-0.1157,-0.2919,1.0005,-0.1872,-0.3246,1.0016,0.0349
5.24,-0.1147,-0.2919,1.0005,-0.1865,-0.3246,1.0016,0.0356
5.245,-0.1137,-0.2919,1.0005,-0.1859,-0.3248,1.0014,0.0363
5.25,-0.1127,-0.2919,1.0005,-0.185,-0.3248,1.0014,0.037
5.255,-0.1118,-0.2919,1.0005,-0.1842,-0.325,1.0013,0.0378
5.26,-0.1108,-0.2919,1.0005,-0.1833,-0.3251,1.0013,0.0385
5.265,-0.1098,-0.2919,1.0005,-0.1827,-0.325,1.0013,0.0392
5.27,-0.1089,-0.2919,1.0005,-0.1819,-0.325,1.0013,0.04
5.275,-0.1079,-0.2919,1.0005,-0.1814,-0.325,1.0014,0.0408
5.28,-0.1069,-0.292,1.0005,-0.1809,-0.325,1.0013,0.0415
5.285,-0.106,-0.292,1.0005,-0.1804,-0.3249,1.0011,0.0423
5.29,-0.105,-0.292,1.0005,-0.1798,-0.3248,1.0012,0.0431
5.295,-0.1041,-0.292,1.0005,-0.179,-0.3248,1.0013,0.0439
5.3,-0.1031,-0.292,1.0005,-0.1785,-0.3248,1.0011,0.0446
5.305,-0.1022,-0.292,1.0006,-0.178,-0.3249,1.001,0.0454
5.31,-0.1012,-0.292,1.0006,-0.1775,-0.3249,1.001,0.0462
5.315,-0.1003,-0.292,1.0006,-0.1769,-0.325,1.0011,0.047
5.32,-0.0994,-0.292,1.0006,-0.1762,-0.3252,1.0012,0.0478
5.325,-0.0984,-0.292,1.0007,-0.1756,-0.3252,1.0013,0.0486
5.33,-0.0975,-0.2921,1.0007,-0.1749,-0.3251,1.0013,0.0494
5.335,-0.0966,-0.2921,1.0007,-0.1744,-0.325,1.0017,0.0502
5.34,-0.0957,-0.2921,1.0007,-0.1737,-0.3251,1.0017,0.051
5.345,-0.0947,-0.2921,1.0008,-0.173,-0.3251,1.0017,0.0518
5.35,-0.0938,-0.2921,1.0008,-0.1723,-0.3254,1.0017,0.0526
5.355,-0.0929,-0.2921,1.0008,-0.1718,-0.3255,1.0015,0.0534
5.36,-0.092,-0.2921,1.0008,-0.1711,-0.3255,1.0012,0.0542
5.365,-0.0911,-0.2922,1.0009,-0.1705,-0.3255,1.0014,0.055
5.37,-0.0902,-0.2922,1.0009,-0.1699,-0.3255,1.0015,0.0558
5.375,-0.0893,-0.2922,1.0009,-0.1692,-0.3256,1.0016,0.0566
5.38,-0.0884,-0.2922,1.0009,-0.1688,-0.3256,1.0015,0.0574
5.385,-0.0876,-0.2922,1.001,-0.1682,-0.3255,1.0016,0.0581
5.39,-0.0867,-0.2922,1.001,-0.1676,-0.3257,1.0018,0.0589
5.395,-0.0858,-0.2923,1.001,-0.1672,-0.3255,1.0015,0.0597
5.4,-0.0849,-0.2923,1.001,-0.1667,-0.3255,1.0016,0.0605
5.405,-0.0841,-0.2923,1.001,-0.1662,-0.3254,1.0018,0.0613
5.41,-0.0832,-0.2923,1.001,-0.1658,-0.3254,1.0021,0.0621
5.415,-0.0824,-0.2924,1.001,-0.1652,-0.3252,1.0019,0.0629
5.42,-0.0815,-0.2924,1.001,-0.1646,-0.3251,1.0018,0.0636
5.425,-0.0807,-0.2924,1.0011,-0.1639,-0.3252,1.0017,0.0644
5.43,-0.0798,-0.2924,1.0011,-0.1633,-0.3253,1.002,0.0652
5.435,-0.079,-0.2925,1.0011,-0.1627,-0.3254,1.0023,0.0659
5.44,-0.0781,-0.2925,1.0011,-0.1621,-0.3256,1.0024,0.0667
5.445,-0.0773,-0.2925,1.001,-0.1615,-0.3256,1.0024,0.0675
5.45,-0.0765,-0.2925,1.001,-0.161,-0.3258,1.0024,0.0682
5.455,-0.0757,-0.2926,1.001,-0.1605,-0.3257,1.0026,0.069
5.46,-0.0749,-0.2926,1.001,-0.1597,-0.3257,1.0024,0.0697
5.465,-0.0741,-0.2926,1.001,-0.1591,-0.3257,1.0026,0.0705
5.47,-0.0733,-0.2927,1.001,-0.1586,-0.3255,1.0025,0.0712
5.475,-0.0725,-0.2927,1.0009,-0.1581,-0.3254,1.0024,0.072
5.48,-0.0717,-0.2927,1.0009,-0.1577,-0.3254,1.0024,0.0727
5.485,-0.0709,-0.2928,1.0009,-0.1573,-0.3254,1.0024,0.0734
5.49,-0.0701,-0.2928,1.0008,-0.1569,-0.3253,1.0024,0.0742
5.495,-0.0693,-0.2928,1.0008,-0.1564,-0.3253,1.0023,0.0749
5.5,-0.0686,-0.2929,1.0007,-0.1558,-0.3254,1.0024,0.0756
5.505,-0.0678,-0.2929,1.0007,-0.1553,-0.3253,1.0022,0.0763
5.51,-0.0671,-0.2929,1.0006,-0.155,-0.3252,1.0023,0.077
5.515,-0.0663,-0.293,1.0006,-0.1545,-0.3252,1.0024,0.0777
5.52,-0.0656,-0.293,1.0005,-0.1539,-0.3253,1.0024,0.0784
5.525,-0.0648,-0.293,1.0005,-0.1534,-0.3254,1.0024,0.0791
5.53,-0.0641,-0.2931,1.0004,-0.1528,-0.3253,1.0022,0.0798
5.535,-0.0633,-0.2931,1.0003,-0.1522,-0.3252,1.0021,0.0805
5.54,-0.0626,-0.2932,1.0003,-0.1519,-0.3253,1.0021,0.0812
5.545,-0.0619,-0.2932,1.0002,-0.1514,-0.3253,1.0019,0.0819
5.55,-0.0612,-0.2932,1.0001,-0.1509,-0.3255,1.0022,0.0825
5.555,-0.0605,-0.2933,1.0,-0.1505,-0.3257,1.0021,0.0832
5.56,-0.0598,-0.2933,1.0,-0.1502,-0.3258,1.002,0.0839
5.565,-0.0591,-0.2934,0.9999,-0.1499,-0.3258,1.0019,0.0845
5.57,-0.0584,-0.2934,0.9998,-0.1495,-0.3259,1.0018,0.0852
5.575,-0.0577,-0.2935,0.9997,-0.149,-0.3261,1.002,0.0858
5.58,-0.057,-0.2935,0.9996,-0.1486,-0.3261,1.002,0.0865
5.585,-0.0564,-0.2935,0.9995,-0.1481,-0.3261,1.0016,0.0871
5.59,-0.0557,-0.2936,0.9994,-0.1477,-0.326,1.0014,0.0877
5.595,-0.055,-0.2936,0.9994,-0.1473,-0.3258,1.0012,0.0883
5.6,-0.0544,-0.2937,0.9993,-0.1467,-0.3258,1.0012,0.089
5.605,-0.0537,-0.2937,0.9992,-0.1462,-0.3257,1.0012,0.0896
5.61,-0.0531,-0.2938,0.9991,-0.1458,-0.3256,1.0011,0.0902
5.615,-0.0525,-0.2938,0.999,-0.1453,-0.3256,1.001,0.0908
5.62,-0.0518,-0.2939,0.9989,-0.145,-0.3256,1.0007,0.0914
5.625,-0.0512,-0.2939,0.9988,-0.1445,-0.3256,1.0002,0.092
5.63,-0.0506,-0.294,0.9987,-0.1441,-0.3256,0.9998,0.0925
5.635,-0.05,-0.294,0.9986,-0.1437,-0.3255,0.9999,0.0931
5.64,-0.0494,-0.2941,0.9986,-0.1431,-0.3256,0.9998,0.0937
5.645,-0.0488,-0.2941,0.9985,-0.1425,-0.3258,0.9998,0.0943
5.65,-0.0482,-0.2942,0.9984,-0.1421,-0.3258,0.9997,0.0948
5.655,-0.0476,-0.2942,0.9983,-0.1417,-0.3257,0.9995,0.0954
5.66,-0.0471,-0.2943,0.9982,-0.1412,-0.3258,0.9993,0.0959
5.665,-0.0465,-0.2943,0.9982,-0.1409,-0.3258,0.9994,0.0964
5.67,-0.0459,-0.2944,0.9981,-0.1404,-0.3258,0.9993,0.097
5.675,-0.0454,-0.2944,0.9981,-0.1402,-0.3258,0.9993,0.0975
5.68,-0.0448,-0.2945,0.998,-0.1398,-0.3257,0.9992,0.098
5.685,-0.0443,-0.2945,0.9979,-0.1393,-0.3256,0.999,0.0985
5.69,-0.0438,-0.2946,0.9979,-0.1389,-0.3257,0.9987,0.099
5.695,-0.0433,-0.2947,0.9979,-0.1384,-0.3255,0.9987,0.0995
5.7,-0.0427,-0.2947,0.9978,-0.138,-0.3253,0.9988,0.1
5.705,-0.0422,-0.2948,0.9978,-0.1376,-0.3254,0.9987,0.1005
5.71,-0.0417,-0.2948,0.9978,-0.1373,-0.3254,0.9988,0.101
5.715,-0.0412,-0.2949,0.9978,-0.1369,-0.3255,0.9986,0.1015
5.72,-0.0407,-0.2949,0.9977,-0.1365,-0.3255,0.9984,0.1019
5.725,-0.0403,-0.295,0.9977,-0.1362,-0.3255,0.9981,0.1024
5.73,-0.0398,-0.295,0.9977,-0.1359,-0.3257,0.998,0.1029
5.735,-0.0393,-0.2951,0.9977,-0.1356,-0.3257,0.9981,0.1033
5.74,-0.0388,-0.2952,0.9977,-0.1353,-0.3257,0.998,0.1037
5.745,-0.0384,-0.2952,0.9977,-0.1349,-0.3257,0.998,0.1042
5.75,-0.0379,-0.2953,0.9978,-0.1345,-0.3258,0.9976,0.1046
5.755,-0.0375,-0.2953,0.9978,-0.1342,-0.3259,0.9976,0.105
5.76,-0.0371,-0.2954,0.9978,-0.134,-0.3259,0.9977,0.1054
5.765,-0.0367,-0.2955,0.9978,-0.1336,-0.3262,0.9976,0.1058
5.77,-0.0362,-0.2955,0.9979,-0.1332,-0.3263,0.9976,0.1062
5.775,-0.0358,-0.2956,0.9979,-0.133,-0.3264,0.9978,0.1066
5.78,-0.0354,-0.2956,0.9979,-0.1326,-0.3264,0.9976,0.107
5.785,-0.035,-0.2957,0.998,-0.1324,-0.3264,0.9978,0.1074
5.79,-0.0346,-0.2958,0.998,-0.1323,-0.3265,0.9979,0.1077
5.795,-0.0343,-0.2958,0.9981,-0.1321,-0.3264,0.9978,0.1081
5.8,-0.0339,-0.2959,0.9981,-0.1321,-0.3264,0.9977,0.1084
5.805,-0.0335,-0.2959,0.9982,-0.1318,-0.3264,0.9977,0.1088
5.81,-0.0332,-0.296,0.9983,-0.1315,-0.3268,0.9979,0.1091
5.815,-0.0328,-0.2961,0.9983,-0.1312,-0.3269,0.9979,0.1095
5.82,-0.0325,-0.2961,0.9984,-0.1308,-0.3271,0.9982,0.1098
5.825,-0.0321,-0.2962,0.9985,-0.1305,-0.327,0.9982,0.1101
5.83,-0.0318,-0.2963,0.9985,-0.1303,-0.327,0.9984,0.1104
5.835,-0.0315,-0.2963,0.9986,-0.13,-0.3269,0.9983,0.1107
5.84,-0.0312,-0.2964,0.9987,-0.1297,-0.327,0.9983,0.111
5.845,-0.0309,-0.2964,0.9987,-0.1292,-0.327,0.9983,0.1113
5.85,-0.0306,-0.2965,0.9988,-0.1292,-0.3269,0.9985,0.1116
5.855,-0.0303,-0.2966,0.9989,-0.1291,-0.327,0.9985,0.1119
5.86,-0.03,-0.2966,0.9989,-0.1288,-0.327,0.9985,0.1121
5.865,-0.0297,-0.2967,0.999,-0.1283,-0.3271,0.9984,0.1124
5.87,-0.0295,-0.2968,0.999,-0.1281,-0.327,0.9984,0.1126
5.875,-0.0292,-0.2968,0.9991,-0.1281,-0.327,0.9985,0.1129
5.88,-0.0289,-0.2969,0.9992,-0.128,-0.327,0.9988,0.1131
5.885,-0.0287,-0.297,0.9992,-0.1277,-0.327,0.9991,0.1134
5.89,-0.0285,-0.297,0.9993,-0.1276,-0.327,0.9991,0.1136
5.895,-0.0282,-0.2971,0.9993,-0.1275,-0.327,0.9991,0.1138
5.9,-0.028,-0.2972,0.9994,-0.1273,-0.3272,0.9992,0.114
5.905,-0.0278,-0.2972,0.9994,-0.127,-0.3271,0.9994,0.1142
5.91,-0.0276,-0.2973,0.9994,-0.1269,-0.3272,0.9995,0.1144
5.915,-0.0274,-0.2974,0.9995,-0.1269,-0.3273,0.9998,0.1146
5.92,-0.0272,-0.2974,0.9995,-0.1269,-0.3274,0.9998,0.1148
5.925,-0.027,-0.2975,0.9995,-0.1265,-0.3273,0.9996,0.1149
5.93,-0.0268,-0.2976,0.9995,-0.1264,-0.3274,0.9998,0.1151
5.935,-0.0267,-0.2976,0.9996,-0.1264,-0.3275,0.9996,0.1153
5.94,-0.0265,-0.2977,0.9996,-0.1262,-0.3276,0.9995,0.1154
5.945,-0.0263,-0.2978,0.9996,-0.1259,-0.3276,0.9995,0.1155
5.95,-0.0262,-0.2978,0.9996,-0.1257,-0.3277,0.9998,0.1157
5.955,-0.0261,-0.2979,0.9996,-0.1256,-0.3277,1.0,0.1158
5.96,-0.0259,-0.298,0.9996,-0.1257,-0.3279,1.0001,0.1159
5.965,-0.0258,-0.298,0.9995,-0.1255,-0.328,1.0,0.116
5.97,-0.0257,-0.2981,0.9995,-0.1254,-0.328,1.0002,0.1161
5.975,-0.0256,-0.2982,0.9995,-0.1252,-0.328,1.0005,0.1162
5.98,-0.0255,-0.2982,0.9995,-0.125,-0.3279,1.0005,0.1163
5.985,-0.0254,-0.2983,0.9994,-0.1249,-0.3278,1.0008,0.1164
5.99,-0.0253,-0.2984,0.9994,-0.1248,-0.3278,1.0009,0.1165
5.995,-0.0252,-0.2984,0.9994,-0.1249,-0.3277,1.0011,0.1166
6.0,-0.0251,-0.2985,0.9993,-0.1248,-0.3276,1.0011,0.1166
6.005,-0.0251,-0.2986,0.9993,-0.1246,-0.3277,1.0011,0.1167
6.01,-0.025,-0.2986,0.9992,-0.1245,-0.3277,1.0012,0.1167
6.015,-0.025,-0.2987,0.9991,-0.1244,-0.3277,1.0009,0.1168
6.02,-0.0249,-0.2988,0.9991,-0.1245,-0.3278,1.0009,0.1168
6.025,-0.0249,-0.2988,0.999,-0.1245,-0.3279,1.001,0.1168
6.03,-0.0248,-0.2989,0.9989,-0.1245,-0.3279,1.0011,0.1168
6.035,-0.0248,-0.299,0.9988,-0.1247,-0.3279,1.0012,0.1169
6.04,-0.0248,-0.299,0.9987,-0.1246,-0.3279,1.0012,0.1169
6.045,-0.0248,-0.2991,0.9987,-0.1245,-0.3281,1.001,0.1169
6.05,-0.0248,-0.2992,0.9986,-0.1247,-0.3282,1.0013,0.1168
6.055,-0.0248,-0.2992,0.9985,-0.1247,-0.3283,1.0012,0.1168
6.06,-0.0248,-0.2993,0.9983,-0.1248,-0.3285,1.0009,0.1168
6.065,-0.0249,-0.2994,0.9982,-0.1248,-0.3286,1.0008,0.1168
6.07,-0.0249,-0.2994,0.9981,-0.1247,-0.3287,1.0008,0.1167
6.075,-0.0249,-0.2995,0.998,-0.1247,-0.3288,1.0009,0.1167
6.08,-0.025,-0.2996,0.9979,-0.1245,-0.3288,1.0007,0.1166
6.085,-0.025,-0.2996,0.9978,-0.1246,-0.3289,1.0005,0.1166
6.09,-0.0251,-0.2997,0.9976,-0.1246,-0.329,1.0005,0.1165
6.095,-0.0252,-0.2997,0.9975,-0.1246,-0.3292,1.0004,0.1164
6.1,-0.0252,-0.2998,0.9974,-0.1247,-0.3293,1.0004,0.1163
6.105,-0.0253,-0.2999,0.9973,-0.1249,-0.3295,1.0002,0.1162
6.11,-0.0254,-0.2999,0.9971,-0.1251,-0.3297,1.0001,0.1161
6.115,-0.0255,-0.3,0.997,-0.1252,-0.3299,1.0,0.116
6.12,-0.0256,-0.3001,0.9969,-0.1255,-0.33,0.9996,0.1159
6.125,-0.0257,-0.3001,0.9967,-0.1257,-0.3301,0.9993,0.1158
6.13,-0.0258,-0.3002,0.9966,-0.1258,-0.3303,0.9993,0.1157
6.135,-0.026,-0.3003,0.9965,-0.1261,-0.33,0.9991,0.1155
6.14,-0.0261,-0.3003,0.9963,-0.1263,-0.3301,0.9989,0.1154
6.145,-0.0263,-0.3004,0.9962,-0.1266,-0.3301,0.9988,0.1152
6.15,-0.0264,-0.3004,0.9961,-0.1267,-0.3301,0.9984,0.1151
6.155,-0.0266,-0.3005,0.996,-0.1269,-0.3302,0.9983,0.1149
6.16,-0.0267,-0.3006,0.9959,-0.1271,-0.3302,0.9982,0.1147
6.165,-0.0269,-0.3006,0.9957,-0.1272,-0.3304,0.998,0.1146
6.17,-0.0271,-0.3007,0.9956,-0.1273,-0.3305,0.998,0.1144
6.175,-0.0273,-0.3008,0.9955,-0.1273,-0.3306,0.9979,0.1142
6.18,-0.0275,-0.3008,0.9954,-0.1274,-0.3307,0.9976,0.114
6.185,-0.0277,-0.3009,0.9953,-0.1274,-0.3309,0.9974,0.1138
6.19,-0.0279,-0.3009,0.9952,-0.1276,-0.3309,0.9975,0.1135
6.195,-0.0281,-0.301,0.9951,-0.1279,-0.3309,0.9973,0.1133
6.2,-0.0283,-0.3011,0.9951,-0.1281,-0.3309,0.997,0.1131
6.205,-0.0286,-0.3011,0.995,-0.1283,-0.3308,0.9969,0.1128
6.21,-0.0288,-0.3012,0.9949,-0.1286,-0.3309,0.9969,0.1126
6.215,-0.0291,-0.3013,0.9949,-0.129,-0.331,0.9968,0.1123
6.22,-0.0293,-0.3013,0.9948,-0.1292,-0.3309,0.9966,0.1121
6.225,-0.0296,-0.3014,0.9947,-0.1293,-0.3309,0.9962,0.1118
6.23,-0.0299,-0.3014,0.9947,-0.1298,-0.3309,0.9961,0.1115
6.235,-0.0302,-0.3015,0.9947,-0.13,-0.3308,0.9959,0.1112
6.24,-0.0304,-0.3016,0.9946,-0.1303,-0.331,0.9957,0.1109
6.245,-0.0307,-0.3016,0.9946,-0.1306,-0.3311,0.9956,0.1106
6.25,-0.031,-0.3017,0.9946,-0.1309,-0.3313,0.9957,0.1103
6.255,-0.0314,-0.3018,0.9946,-0.1309,-0.3313,0.9956,0.11
6.26,-0.0317,-0.3018,0.9946,-0.1311,-0.3316,0.9956,0.1097
6.265,-0.032,-0.3019,0.9946,-0.1311,-0.3317,0.9956,0.1093
6.27,-0.0323,-0.3019,0.9946,-0.1312,-0.3317,0.9955,0.109
6.275,-0.0327,-0.302,0.9946,-0.1314,-0.3316,0.9952,0.1087
6.28,-0.033,-0.3021,0.9946,-0.1317,-0.3315,0.9951,0.1083
6.285,-0.0334,-0.3021,0.9946,-0.132,-0.3316,0.9953,0.1079
6.29,-0.0337,-0.3022,0.9947,-0.1321,-0.3317,0.9955,0.1076
6.295,-0.0341,-0.3022,0.9947,-0.1323,-0.3318,0.9953,0.1072
6.3,-0.0345,-0.3023,0.9948,-0.1325,-0.3317,0.9953,0.1068
6.305,-0.0349,-0.3024,0.9948,-0.1328,-0.3317,0.9956,0.1064
6.31,-0.0353,-0.3024,0.9949,-0.1329,-0.3316,0.9957,0.106
6.315,-0.0357,-0.3025,0.9949,-0.1333,-0.3317,0.9956,0.1056
6.32,-0.0361,-0.3025,0.995,-0.1337,-0.3318,0.9955,0.1052
6.325,-0.0365,-0.3026,0.9951,-0.1341,-0.3318,0.9954,0.1048
6.33,-0.0369,-0.3027,0.9951,-0.1342,-0.3318,0.9953,0.1044
6.335,-0.0373,-0.3027,0.9952,-0.1345,-0.3317,0.9954,0.1039
6.34,-0.0378,-0.3028,0.9953,-0.1348,-0.3317,0.9953,0.1035
6.345,-0.0382,-0.3028,0.9954,-0.1351,-0.3317,0.995,0.1031
6.35,-0.0387,-0.3029,0.9955,-0.1355,-0.3318,0.9952,0.1026
6.355,-0.0391,-0.303,0.9955,-0.1357,-0.3318,0.9952,0.1021
6.36,-0.0396,-0.303,0.9956,-0.136,-0.3319,0.9952,0.1017
6.365,-0.04,-0.3031,0.9957,-0.1363,-0.3319,0.9956,0.1012
6.37,-0.0405,-0.3031,0.9958,-0.1363,-0.3319,0.9956,0.1007
6.375,-0.041,-0.3032,0.9959,-0.1366,-0.332,0.9953,0.1003
6.38,-0.0415,-0.3032,0.996,-0.1371,-0.3321,0.9953,0.0998
6.385,-0.042,-0.3033,0.9961,-0.1374,-0.3322,0.9954,0.0993
6.39,-0.0425,-0.3034,0.9962,-0.1378,-0.3322,0.9954,0.0988
6.395,-0.043,-0.3034,0.9963,-0.1383,-0.3322,0.9955,0.0983
6.4,-0.0435,-0.3035,0.9963,-0.1386,-0.3322,0.9958,0.0977
6.405,-0.044,-0.3035,0.9964,-0.1389,-0.3321,0.996,0.0972
6.41,-0.0445,-0.3036,0.9965,-0.1392,-0.332,0.9961,0.0967
6.415,-0.0451,-0.3036,0.9966,-0.1394,-0.3319,0.9964,0.0962
6.42,-0.0456,-0.3037,0.9967,-0.1397,-0.3319,0.9963,0.0956
6.425,-0.0461,-0.3037,0.9968,-0.14,-0.3318,0.9965,0.0951
6.43,-0.0467,-0.3038,0.9969,-0.1405,-0.3318,0.9967,0.0945
6.435,-0.0472,-0.3039,0.9969,-0.1409,-0.3318,0.9968,0.094
6.44,-0.0478,-0.3039,0.997,-0.1413,-0.3321,0.9968,0.0934
6.445,-0.0484,-0.304,0.9971,-0.1415,-0.3322,0.9968,0.0928
6.45,-0.0489,-0.304,0.9972,-0.1419,-0.3323,0.997,0.0923
6.455,-0.0495,-0.3041,0.9972,-0.1422,-0.3323,0.9971,0.0917
6.46,-0.0501,-0.3041,0.9973,-0.1425,-0.3325,0.9972,0.0911
6.465,-0.0507,-0.3042,0.9973,-0.1427,-0.3328,0.9972,0.0905
6.47,-0.0513,-0.3042,0.9974,-0.143,-0.3331,0.9973,0.0899
6.475,-0.0519,-0.3043,0.9974,-0.1434,-0.3331,0.9972,0.0893
6.48,-0.0525,-0.3043,0.9975,-0.1437,-0.3332,0.9974,0.0887
6.485,-0.0531,-0.3044,0.9975,-0.1443,-0.3332,0.9973,0.0881
6.49,-0.0537,-0.3044,0.9976,-0.1449,-0.3333,0.9974,0.0875
6.495,-0.0543,-0.3045,0.9976,-0.1453,-0.3333,0.9974,0.0868
6.5,-0.055,-0.3045,0.9976,-0.1457,-0.3333,0.9976,0.0862
6.505,-0.0556,-0.3046,0.9976,-0.146,-0.3332,0.9976,0.0856
6.51,-0.0562,-0.3046,0.9976,-0.1463,-0.3331,0.9977,0.0849
6.515,-0.0569,-0.3047,0.9976,-0.1467,-0.3329,0.9979,0.0843
6.52,-0.0575,-0.3047,0.9976,-0.1472,-0.3328,0.9978,0.0837
6.525,-0.0582,-0.3047,0.9976,-0.1476,-0.3328,0.9979,0.083
6.53,-0.0589,-0.3048,0.9976,-0.1481,-0.3327,0.9977,0.0823
6.535,-0.0595,-0.3048,0.9976,-0.1486,-0.3328,0.9976,0.0817
6.54,-0.0602,-0.3049,0.9976,-0.1489,-0.3329,0.9976,0.081
6.545,-0.0609,-0.3049,0.9976,-0.1495,-0.333,0.9979,0.0803
6.55,-0.0615,-0.305,0.9976,-0.1499,-0.3332,0.9979,0.0797
6.555,-0.0622,-0.305,0.9975,-0.1503,-0.3334,0.998,0.079
6.56,-0.0629,-0.3051,0.9975,-0.1509,-0.3336,0.9983,0.0783
6.565,-0.0636,-0.3051,0.9975,-0.1513,-0.3337,0.9982,0.0776
6.57,-0.0643,-0.3052,0.9974,-0.1516,-0.334,0.9984,0.0769
6.575,-0.065,-0.3052,0.9974,-0.1519,-0.3342,0.9981,0.0762
6.58,-0.0657,-0.3052,0.9974,-0.1524,-0.3341,0.998,0.0755
6.585,-0.0664,-0.3053,0.9973,-0.1528,-0.3341,0.998,0.0748
6.59,-0.0671,-0.3053,0.9973,-0.1532,-0.3341,0.998,0.0741
6.595,-0.0678,-0.3054,0.9972,-0.1536,-0.3341,0.9979,0.0734
6.6,-0.0686,-0.3054,0.9972,-0.1542,-0.334,0.9978,0.0726
6.605,-0.0693,-0.3055,0.9971,-0.1547,-0.334,0.9975,0.0719
6.61,-0.07,-0.3055,0.997,-0.1554,-0.3341,0.9974,0.0712
6.615,-0.0708,-0.3055,0.997,-0.1561,-0.3341,0.9974,0.0705
6.62,-0.0715,-0.3056,0.9969,-0.1566,-0.3343,0.9975,0.0697
6.625,-0.0722,-0.3056,0.9969,-0.157,-0.3343,0.9975,0.069
6.63,-0.073,-0.3057,0.9968,-0.1574,-0.3343,0.9977,0.0682
6.635,-0.0738,-0.3057,0.9967,-0.1581,-0.3345,0.9975,0.0675
6.64,-0.0745,-0.3057,0.9967,-0.1585,-0.3343,0.9972,0.0667
6.645,-0.0753,-0.3058,0.9966,-0.1588,-0.3343,0.997,0.066
6.65,-0.076,-0.3058,0.9965,-0.1593,-0.3344,0.9972,0.0652
6.655,-0.0768,-0.3059,0.9965,-0.1598,-0.3345,0.9972,0.0644
6.66,-0.0776,-0.3059,0.9964,-0.1603,-0.3344,0.997,0.0637
6.665,-0.0784,-0.3059,0.9964,-0.1608,-0.3345,0.9968,0.0629
6.67,-0.0791,-0.306,0.9963,-0.1612,-0.3345,0.997,0.0621
6.675,-0.0799,-0.306,0.9963,-0.1616,-0.3345,0.997,0.0613
6.68,-0.0807,-0.3061,0.9962,-0.1622,-0.3345,0.9968,0.0606
6.685,-0.0815,-0.3061,0.9962,-0.1626,-0.3345,0.9966,0.0598
6.69,-0.0823,-0.3061,0.9961,-0.1632,-0.3345,0.9966,0.059
6.695,-0.0831,-0.3062,0.9961,-0.1638,-0.3344,0.9963,0.0582
6.7,-0.0839,-0.3062,0.9961,-0.1643,-0.3344,0.9962,0.0574
6.705,-0.0847,-0.3063,0.996,-0.1648,-0.3345,0.9961,0.0566
6.71,-0.0855,-0.3063,0.996,-0.1654,-0.3345,0.9962,0.0558
6.715,-0.0863,-0.3063,0.996,-0.166,-0.3346,0.9965,0.055
6.72,-0.0871,-0.3064,0.996,-0.1664,-0.3346,0.9965,0.0542
6.725,-0.088,-0.3064,0.996,-0.1669,-0.3345,0.9965,0.0534
6.73,-0.0888,-0.3064,0.9959,-0.1675,-0.3345,0.9963,0.0526
6.735,-0.0896,-0.3065,0.9959,-0.168,-0.3347,0.9964,0.0517
6.74,-0.0904,-0.3065,0.9959,-0.1684,-0.3348,0.9964,0.0509
6.745,-0.0913,-0.3065,0.9959,-0.1688,-0.335,0.9963,0.0501
6.75,-0.0921,-0.3066,0.9959,-0.1692,-0.3351,0.9963,0.0493
6.755,-0.0929,-0.3066,0.996,-0.1698,-0.3351,0.9965,0.0484
6.76,-0.0938,-0.3066,0.996,-0.1704,-0.3351,0.9965,0.0476
6.765,-0.0946,-0.3067,0.996,-0.1709,-0.335,0.9964,0.0468
6.77,-0.0955,-0.3067,0.996,-0.1715,-0.335,0.9964,0.046
6.775,-0.0963,-0.3067,0.9961,-0.172,-0.3349,0.9964,0.0451
6.78,-0.0972,-0.3068,0.9961,-0.1727,-0.3349,0.9963,0.0443
6.785,-0.098,-0.3068,0.9961,-0.1734,-0.3349,0.9962,0.0435
6.79,-0.0989,-0.3068,0.9962,-0.174,-0.3349,0.996,0.0426
6.795,-0.0997,-0.3069,0.9962,-0.1746,-0.3349,0.9961,0.0418
6.8,-0.1006,-0.3069,0.9962,-0.1751,-0.3348,0.996,0.0409
6.805,-0.1014,-0.3069,0.9963,-0.1756,-0.3348,0.996,0.0401
6.81,-0.1023,-0.307,0.9964,-0.1761,-0.3348,0.9956,0.0392
6.815,-0.1032,-0.307,0.9964,-0.1765,-0.3349,0.9958,0.0384
6.82,-0.104,-0.307,0.9965,-0.177,-0.3351,0.9959,0.0376
6.825,-0.1049,-0.3071,0.9965,-0.1776,-0.3354,0.9959,0.0367
6.83,-0.1058,-0.3071,0.9966,-0.1781,-0.3357,0.9961,0.0359
6.835,-0.1066,-0.3071,0.9967,-0.1786,-0.336,0.996,0.035
6.84,-0.1075,-0.3072,0.9967,-0.1791,-0.3363,0.996,0.0342
6.845,-0.1084,-0.3072,0.9968,-0.1797,-0.3365,0.9958,0.0333
6.85,-0.1093,-0.3072,0.9969,-0.1802,-0.3366,0.9956,0.0325
6.855,-0.1101,-0.3072,0.997,-0.1808,-0.3365,0.996,0.0316
6.86,-0.111,-0.3073,0.9971,-0.1813,-0.3365,0.996,0.0308
6.865,-0.1119,-0.3073,0.9971,-0.1816,-0.3366,0.9962,0.0299
6.87,-0.1128,-0.3073,0.9972,-0.1823,-0.3367,0.9962,0.0291
6.875,-0.1136,-0.3074,0.9973,-0.183,-0.3366,0.9964,0.0282
6.88,-0.1145,-0.3074,0.9974,-0.1836,-0.3367,0.9965,0.0274
6.885,-0.1154,-0.3074,0.9975,-0.1842,-0.3366,0.9968,0.0266
6.89,-0.1163,-0.3075,0.9976,-0.1848,-0.3365,0.9967,0.0257
6.895,-0.1172,-0.3075,0.9977,-0.1853,-0.3366,0.9969,0.0249
6.9,-0.1181,-0.3075,0.9978,-0.1861,-0.3369,0.9967,0.0241
6.905,-0.119,-0.3075,0.9979,-0.1867,-0.3371,0.9968,0.0232
6.91,-0.1198,-0.3076,0.998,-0.1874,-0.3372,0.9968,0.0224
6.915,-0.1207,-0.3076,0.9981,-0.1879,-0.3374,0.9966,0.0216
6.92,-0.1216,-0.3076,0.9981,-0.1885,-0.3377,0.9967,0.0208
6.925,-0.1225,-0.3077,0.9982,-0.189,-0.3379,0.9968,0.02
6.93,-0.1234,-0.3077,0.9983,-0.1898,-0.3381,0.9967,0.0191
6.935,-0.1243,-0.3077,0.9984,-0.1904,-0.3381,0.9967,0.0184
6.94,-0.1252,-0.3077,0.9985,-0.1912,-0.338,0.9968,0.0176
6.945,-0.1261,-0.3078,0.9986,-0.1917,-0.3379,0.9969,0.0168
6.95,-0.127,-0.3078,0.9986,-0.1923,-0.3378,0.9972,0.016
6.955,-0.1279,-0.3078,0.9987,-0.1929,-0.3378,0.9973,0.0153
6.96,-0.1287,-0.3079,0.9988,-0.1934,-0.3376,0.9973,0.0145
6.965,-0.1296,-0.3079,0.9989,-0.1938,-0.3374,0.9973,0.0138
6.97,-0.1305,-0.3079,0.999,-0.1945,-0.3375,0.9975,0.0131
6.975,-0.1314,-0.308,0.999,-0.1951,-0.3376,0.9977,0.0124
6.98,-0.1323,-0.308,0.9991,-0.1957,-0.3377,0.9976,0.0118
6.985,-0.1332,-0.308,0.9992,-0.1963,-0.338,0.9979,0.0112
6.99,-0.1341,-0.308,0.9992,-0.197,-0.3381,0.998,0.0106
6.995,-0.135,-0.3081,0.9993,-0.1977,-0.3381,0.9985,0.0101
7.0,-0.1359,-0.3081,0.9993,-0.1984,-0.3381,0.9984,0.0096
7.005,-0.1368,-0.3081,0.9994,-0.1991,-0.3381,0.9983,0.0092
7.01,-0.1377,-0.3082,0.9994,-0.1997,-0.3382,0.9984,0.0089
7.015,-0.1385,-0.3082,0.9995,-0.2002,-0.3382,0.9983,0.0086
7.02,-0.1394,-0.3082,0.9995,-0.2008,-0.3384,0.9984,0.0084
7.025,-0.1403,-0.3083,0.9996,-0.2014,-0.3384,0.9985,0.0083
7.03,-0.1412,-0.3083,0.9996,-0.202,-0.3385,0.9987,0.0084
7.035,-0.1421,-0.3083,0.9996,-0.2028,-0.3385,0.999,0.0085
7.04,-0.143,-0.3084,0.9997,-0.2034,-0.3386,0.9994,0.0087
7.045,-0.1439,-0.3084,0.9997,-0.2039,-0.3388,0.9996,0.0089
7.05,-0.1447,-0.3084,0.9997,-0.2045,-0.3388,0.9996,0.0093
7.055,-0.1456,-0.3085,0.9997,-0.2051,-0.3389,0.9996,0.0097
7.06,-0.1465,-0.3085,0.9997,-0.2059,-0.3391,0.9993,0.0102
7.065,-0.1474,-0.3085,0.9997,-0.2066,-0.3393,0.9994,0.0107
7.07,-0.1483,-0.3086,0.9997,-0.2071,-0.3393,0.9995,0.0113
7.075,-0.1491,-0.3086,0.9997,-0.2077,-0.3394,0.9994,0.0119
7.08,-0.15,-0.3086,0.9997,-0.2083,-0.3394,0.9993,0.0126
7.085,-0.1509,-0.3087,0.9997,-0.2089,-0.3393,0.9993,0.0132
7.09,-0.1518,-0.3087,0.9997,-0.2095,-0.3391,0.9993,0.0139
7.095,-0.1526,-0.3087,0.9997,-0.2101,-0.339,0.9992,0.0146
7.1,-0.1535,-0.3088,0.9997,-0.211,-0.3387,0.9995,0.0153
7.105,-0.1544,-0.3088,0.9996,-0.2116,-0.3386,0.9994,0.0161
7.11,-0.1553,-0.3088,0.9996,-0.2123,-0.3386,0.9994,0.0168
7.115,-0.1561,-0.3089,0.9996,-0.2127,-0.3384,0.9995,0.0176
7.12,-0.157,-0.3089,0.9996,-0.2134,-0.3385,0.9994,0.0183
7.125,-0.1579,-0.3089,0.9995,-0.2138,-0.3388,0.9995,0.0191
7.13,-0.1587,-0.309,0.9995,-0.2144,-0.3388,0.9994,0.0199
7.135,-0.1596,-0.309,0.9994,-0.215,-0.3392,0.9994,0.0207
7.14,-0.1604,-0.309,0.9994,-0.2155,-0.3394,0.9994,0.0215
7.145,-0.1613,-0.3091,0.9994,-0.2159,-0.3396,0.9995,0.0223
7.15,-0.1621,-0.3091,0.9993,-0.2166,-0.3398,0.9997,0.0231
7.155,-0.163,-0.3091,0.9993,-0.2173,-0.3402,0.9994,0.0239
7.16,-0.1638,-0.3092,0.9992,-0.2179,-0.3401,0.9993,0.0247
7.165,-0.1647,-0.3092,0.9992,-0.2187,-0.34,0.9993,0.0254
7.17,-0.1655,-0.3093,0.9991,-0.2194,-0.34,0.9993,0.0263
7.175,-0.1664,-0.3093,0.9991,-0.2199,-0.3399,0.9991,0.0271
7.18,-0.1672,-0.3093,0.9991,-0.2204,-0.3399,0.999,0.0279
7.185,-0.1681,-0.3094,0.999,-0.2211,-0.3398,0.9989,0.0287
7.19,-0.1689,-0.3094,0.999,-0.2216,-0.3397,0.9989,0.0295
7.195,-0.1697,-0.3094,0.9989,-0.2221,-0.3394,0.9991,0.0303
7.2,-0.1706,-0.3095,0.9989,-0.2228,-0.3396,0.9993,0.0311
7.205,-0.1714,-0.3095,0.9989,-0.2234,-0.3396,0.9995,0.0319
7.21,-0.1722,-0.3096,0.9989,-0.2238,-0.3397,0.9993,0.0327
7.215,-0.1731,-0.3096,0.9988,-0.2244,-0.3397,0.9992,0.0335
7.22,-0.1739,-0.3096,0.9988,-0.2248,-0.3395,0.9993,0.0343
7.225,-0.1747,-0.3097,0.9988,-0.2254,-0.3396,0.999,0.035
7.23,-0.1755,-0.3097,0.9988,-0.226,-0.3397,0.9988,0.0358
7.235,-0.1763,-0.3098,0.9988,-0.2266,-0.3399,0.9989,0.0366
7.24,-0.1771,-0.3098,0.9988,-0.2271,-0.34,0.999,0.0374
7.245,-0.178,-0.3098,0.9988,-0.2278,-0.3401,0.9988,0.0382
7.25,-0.1788,-0.3099,0.9988,-0.2285,-0.3403,0.9989,0.039
7.255,-0.1796,-0.3099,0.9988,-0.2291,-0.3405,0.9987,0.0398
7.26,-0.1804,-0.3099,0.9988,-0.2298,-0.3404,0.9985,0.0406
7.265,-0.1812,-0.31,0.9988,-0.2303,-0.3406,0.9986,0.0414
7.27,-0.182,-0.31,0.9988,-0.2308,-0.3407,0.9986,0.0421
7.275,-0.1827,-0.3101,0.9988,-0.2312,-0.3406,0.9986,0.0429
7.28,-0.1835,-0.3101,0.9988,-0.2316,-0.3405,0.9987,0.0437
7.285,-0.1843,-0.3101,0.9988,-0.2322,-0.3404,0.9988,0.0444
7.29,-0.1851,-0.3102,0.9989,-0.2327,-0.3404,0.9989,0.0452
7.295,-0.1859,-0.3102,0.9989,-0.2333,-0.3405,0.9986,0.046
7.3,-0.1867,-0.3103,0.9989,-0.234,-0.3405,0.9985,0.0467
7.305,-0.1874,-0.3103,0.999,-0.2346,-0.3407,0.9985,0.0475
7.31,-0.1882,-0.3103,0.999,-0.2353,-0.3408,0.9987,0.0483
7.315,-0.189,-0.3104,0.9991,-0.2359,-0.3408,0.9989,0.049
7.32,-0.1897,-0.3104,0.9991,-0.2365,-0.3409,0.9988,0.0498
7.325,-0.1905,-0.3105,0.9992,-0.237,-0.341,0.9987,0.0505
7.33,-0.1912,-0.3105,0.9992,-0.2376,-0.341,0.9987,0.0513
7.335,-0.192,-0.3105,0.9993,-0.2382,-0.3411,0.9987,0.052
7.34,-0.1927,-0.3106,0.9993,-0.2387,-0.3412,0.9988,0.0527
7.345,-0.1935,-0.3106,0.9994,-0.2392,-0.3413,0.999,0.0535
7.35,-0.1942,-0.3107,0.9994,-0.2398,-0.3414,0.999,0.0542
7.355,-0.195,-0.3107,0.9995,-0.2401,-0.3415,0.9993,0.0549
7.36,-0.1957,-0.3107,0.9996,-0.2407,-0.3415,0.9997,0.0557
7.365,-0.1964,-0.3108,0.9996,-0.2412,-0.3416,0.9999,0.0564
7.37,-0.1972,-0.3108,0.9997,-0.2418,-0.3416,0.9997,0.0571
7.375,-0.1979,-0.3109,0.9997,-0.2424,-0.3414,0.9998,0.0578
7.38,-0.1986,-0.3109,0.9998,-0.2431,-0.3414,0.9999,0.0585
7.385,-0.1993,-0.311,0.9999,-0.2436,-0.3415,0.9999,0.0593
7.39,-0.2,-0.311,0.9999,-0.2439,-0.3417,0.9998,0.06
7.395,-0.2007,-0.311,1.0,-0.2443,-0.3418,1.0,0.0607
7.4,-0.2015,-0.3111,1.0,-0.2449,-0.3418,1.0003,0.0614
7.405,-0.2022,-0.3111,1.0001,-0.2453,-0.3419,1.0001,0.0621
7.41,-0.2028,-0.3112,1.0001,-0.2457,-0.3419,1.0,0.0627
7.415,-0.2035,-0.3112,1.0002,-0.2461,-0.342,1.0001,0.0634
7.42,-0.2042,-0.3113,1.0002,-0.2466,-0.3419,1.0001,0.0641
7.425,-0.2049,-0.3113,1.0003,-0.247,-0.3418,0.9999,0.0648
7.43,-0.2056,-0.3114,1.0003,-0.2475,-0.3419,1.0001,0.0655
7.435,-0.2063,-0.3114,1.0004,-0.248,-0.3419,1.0002,0.0661
7.44,-0.2069,-0.3114,1.0004,-0.2485,-0.3421,1.0003,0.0668
7.445,-0.2076,-0.3115,1.0004,-0.249,-0.3421,1.0002,0.0675
7.45,-0.2083,-0.3115,1.0005,-0.2495,-0.3423,1.0003,0.0681
7.455,-0.2089,-0.3116,1.0005,-0.25,-0.3425,1.0005,0.0688
7.46,-0.2096,-0.3116,1.0005,-0.2505,-0.3428,1.0004,0.0694
7.465,-0.2102,-0.3117,1.0006,-0.2509,-0.3428,1.0003,0.0701
7.47,-0.2109,-0.3117,1.0006,-0.2514,-0.343,1.0003,0.0707
7.475,-0.2115,-0.3118,1.0006,-0.2515,-0.343,1.0003,0.0713
7.48,-0.2122,-0.3118,1.0006,-0.2519,-0.343,1.0003,0.072
7.485,-0.2128,-0.3119,1.0006,-0.2524,-0.343,1.0002,0.0726
7.49,-0.2134,-0.3119,1.0007,-0.2528,-0.3429,1.0004,0.0732
7.495,-0.214,-0.312,1.0007,-0.2532,-0.3428,1.0005,0.0738
7.5,-0.2147,-0.312,1.0007,-0.2537,-0.3427,1.0005,0.0745
7.505,-0.2153,-0.3121,1.0007,-0.2541,-0.3427,1.0005,0.0751
7.51,-0.2159,-0.3121,1.0007,-0.2546,-0.3426,1.0006,0.0757
7.515,-0.2165,-0.3122,1.0007,-0.255,-0.3428,1.0004,0.0763
7.52,-0.2171,-0.3122,1.0007,-0.2554,-0.343,1.0004,0.0769
7.525,-0.2177,-0.3123,1.0007,-0.2558,-0.343,1.0004,0.0775
7.53,-0.2183,-0.3123,1.0007,-0.2561,-0.3431,1.0003,0.078
7.535,-0.2188,-0.3124,1.0007,-0.2563,-0.3433,1.0001,0.0786
7.54,-0.2194,-0.3124,1.0007,-0.2566,-0.3435,1.0002,0.0792
7.545,-0.22,-0.3125,1.0007,-0.257,-0.3437,1.0005,0.0798
7.55,-0.2206,-0.3125,1.0007,-0.2574,-0.3438,1.0006,0.0803
7.555,-0.2211,-0.3126,1.0007,-0.2576,-0.344,1.0005,0.0809
7.56,-0.2217,-0.3126,1.0007,-0.2579,-0.344,1.0007,0.0814
7.565,-0.2222,-0.3127,1.0007,-0.2583,-0.344,1.0007,0.082
7.57,-0.2228,-0.3127,1.0007,-0.2586,-0.344,1.0006,0.0825
7.575,-0.2233,-0.3128,1.0007,-0.2589,-0.3441,1.0006,0.0831
7.58,-0.2239,-0.3128,1.0007,-0.2593,-0.3442,1.0006,0.0836
7.585,-0.2244,-0.3129,1.0007,-0.2597,-0.3443,1.0007,0.0842
7.59,-0.2249,-0.3129,1.0007,-0.2602,-0.3442,1.0011,0.0847
7.595,-0.2255,-0.313,1.0007,-0.2607,-0.3442,1.001,0.0852
7.6,-0.226,-0.313,1.0007,-0.2611,-0.3441,1.0012,0.0857
7.605,-0.2265,-0.3131,1.0007,-0.2616,-0.3441,1.001,0.0862
7.61,-0.227,-0.3131,1.0007,-0.2618,-0.3441,1.0011,0.0867
7.615,-0.2275,-0.3132,1.0007,-0.2621,-0.3443,1.0011,0.0872
7.62,-0.228,-0.3132,1.0007,-0.2624,-0.3444,1.0009,0.0877
7.625,-0.2285,-0.3133,1.0006,-0.2629,-0.3446,1.0011,0.0882
7.63,-0.229,-0.3133,1.0006,-0.2631,-0.3446,1.0012,0.0887
7.635,-0.2294,-0.3134,1.0006,-0.2633,-0.3446,1.0011,0.0892
7.64,-0.2299,-0.3135,1.0006,-0.2636,-0.3445,1.0012,0.0896
7.645,-0.2304,-0.3135,1.0006,-0.264,-0.3447,1.0013,0.0901
7.65,-0.2309,-0.3136,1.0006,-0.2644,-0.3449,1.0013,0.0906
7.655,-0.2313,-0.3136,1.0006,-0.2649,-0.3449,1.0011,0.091
7.66,-0.2318,-0.3137,1.0006,-0.2651,-0.3449,1.0011,0.0915
7.665,-0.2322,-0.3137,1.0005,-0.2653,-0.3449,1.0013,0.0919
7.67,-0.2326,-0.3138,1.0005,-0.2657,-0.3447,1.0012,0.0923
7.675,-0.2331,-0.3138,1.0005,-0.266,-0.3446,1.0011,0.0928
7.68,-0.2335,-0.3139,1.0005,-0.2663,-0.3444,1.0009,0.0932
7.685,-0.2339,-0.314,1.0005,-0.2667,-0.3444,1.0009,0.0936
7.69,-0.2343,-0.314,1.0005,-0.2672,-0.3444,1.0011,0.094
7.695,-0.2348,-0.3141,1.0004,-0.2676,-0.3443,1.0012,0.0944
7.7,-0.2352,-0.3141,1.0004,-0.268,-0.3444,1.0011,0.0948
7.705,-0.2356,-0.3142,1.0004,-0.2684,-0.3443,1.0012,0.0952
7.71,-0.2359,-0.3142,1.0004,-0.2686,-0.3443,1.0011,0.0956
7.715,-0.2363,-0.3143,1.0004,-0.269,-0.3442,1.0008,0.096
7.72,-0.2367,-0.3143,1.0003,-0.2694,-0.3443,1.0007,0.0964
7.725,-0.2371,-0.3144,1.0003,-0.2696,-0.3445,1.0006,0.0968
7.73,-0.2375,-0.3145,1.0003,-0.27,-0.3446,1.0006,0.0971
7.735,-0.2378,-0.3145,1.0003,-0.2702,-0.3447,1.0003,0.0975
7.74,-0.2382,-0.3146,1.0003,-0.2705,-0.3447,1.0007,0.0979
7.745,-0.2385,-0.3146,1.0002,-0.2708,-0.3448,1.0008,0.0982
7.75,-0.2389,-0.3147,1.0002,-0.271,-0.3448,1.0008,0.0986
7.755,-0.2392,-0.3147,1.0002,-0.2711,-0.3451,1.0007,0.0989
7.76,-0.2396,-0.3148,1.0002,-0.2713,-0.3452,1.0004,0.0992
7.765,-0.2399,-0.3148,1.0002,-0.2715,-0.3452,1.0004,0.0996
7.77,-0.2402,-0.3149,1.0001,-0.2716,-0.3452,1.0003,0.0999
7.775,-0.2405,-0.3149,1.0001,-0.2716,-0.3452,1.0002,0.1002
7.78,-0.2408,-0.315,1.0001,-0.2719,-0.3453,1.0,0.1005
7.785,-0.2411,-0.3151,1.0001,-0.2723,-0.3453,0.9999,0.1008
7.79,-0.2414,-0.3151,1.0001,-0.2725,-0.3453,0.9998,0.1011
7.795,-0.2417,-0.3152,1.0001,-0.2726,-0.3453,0.9995,0.1014
7.8,-0.242,-0.3152,1.0,-0.2727,-0.3452,0.9994,0.1017
7.805,-0.2423,-0.3153,1.0,-0.2727,-0.3451,0.9994,0.102
7.81,-0.2426,-0.3153,1.0,-0.2728,-0.3452,0.9994,0.1022
7.815,-0.2428,-0.3154,1.0,-0.2728,-0.3453,0.9994,0.1025
7.82,-0.2431,-0.3154,1.0,-0.273,-0.3454,0.9995,0.1027
7.825,-0.2433,-0.3155,1.0,-0.2733,-0.3454,0.9996,0.103
7.83,-0.2436,-0.3155,1.0,-0.2734,-0.3453,0.9995,0.1032
7.835,-0.2438,-0.3156,1.0,-0.2738,-0.3455,0.9994,0.1035
7.84,-0.2441,-0.3156,1.0,-0.2742,-0.3455,0.9992,0.1037
7.845,-0.2443,-0.3157,1.0,-0.2744,-0.3455,0.9993,0.1039
7.85,-0.2445,-0.3157,1.0,-0.2746,-0.3456,0.9994,0.1042
7.855,-0.2447,-0.3158,1.0,-0.2747,-0.3457,0.9995,0.1044
7.86,-0.2449,-0.3158,1.0,-0.2747,-0.3458,0.9995,0.1046
7.865,-0.2451,-0.3159,1.0,-0.2748,-0.3457,0.9995,0.1048
7.87,-0.2453,-0.3159,1.0,-0.2749,-0.3457,0.9996,0.105
7.875,-0.2455,-0.316,1.0,-0.275,-0.3458,0.9999,0.1052
7.88,-0.2457,-0.316,1.0,-0.2751,-0.3456,0.9999,0.1054
7.885,-0.2459,-0.3161,1.0,-0.2751,-0.3457,1.0002,0.1055
7.89,-0.2461,-0.3161,1.0,-0.2751,-0.3457,1.0001,0.1057
7.895,-0.2462,-0.3162,1.0,-0.2753,-0.3458,1.0,0.1059
7.9,-0.2464,-0.3162,1.0,-0.2755,-0.3458,1.0,0.106
7.905,-0.2465,-0.3163,1.0,-0.2758,-0.346,0.9998,0.1062
7.91,-0.2467,-0.3163,1.0001,-0.2761,-0.346,0.9997,0.1063
7.915,-0.2468,-0.3164,1.0001,-0.2764,-0.3461,0.9999,0.1065
7.92,-0.2469,-0.3164,1.0001,-0.2764,-0.3462,0.9997,0.1066
7.925,-0.2471,-0.3165,1.0001,-0.2766,-0.3462,0.9998,0.1067
7.93,-0.2472,-0.3165,1.0001,-0.2766,-0.3465,0.9999,0.1068
7.935,-0.2473,-0.3166,1.0001,-0.2766,-0.3465,0.9999,0.107
7.94,-0.2474,-0.3166,1.0001,-0.2769,-0.3465,1.0003,0.1071
7.945,-0.2475,-0.3167,1.0001,-0.2771,-0.3466,1.0001,0.1072
7.95,-0.2476,-0.3167,1.0002,-0.2771,-0.3465,1.0003,0.1073
7.955,-0.2477,-0.3168,1.0002,-0.2772,-0.3465,1.0002,0.1073
7.96,-0.2478,-0.3168,1.0002,-0.2774,-0.3466,1.0005,0.1074
7.965,-0.2478,-0.3169,1.0002,-0.2774,-0.3465,1.0006,0.1075
7.97,-0.2479,-0.3169,1.0002,-0.2774,-0.3464,1.0005,0.1076
7.975,-0.248,-0.3169,1.0002,-0.2773,-0.3466,1.0006,0.1076
7.98,-0.248,-0.317,1.0002,-0.2774,-0.3465,1.0007,0.1077
7.985,-0.2481,-0.317,1.0002,-0.2776,-0.3466,1.0007,0.1077
7.99,-0.2481,-0.3171,1.0002,-0.2777,-0.3466,1.0006,0.1078
7.995,-0.2482,-0.3171,1.0002,-0.278,-0.3465,1.0005,0.1078
8.0,-0.2482,-0.3172,1.0001,-0.278,-0.3466,1.0003,0.1079
8.005,-0.2482,-0.3172,1.0001,-0.2781,-0.3466,1.0003,0.1079
8.01,-0.2482,-0.3173,1.0001,-0.2782,-0.3467,1.0004,0.1079
8.015,-0.2482,-0.3173,1.0001,-0.2785,-0.3467,1.0003,0.1079
8.02,-0.2483,-0.3173,1.0001,-0.2785,-0.3467,1.0003,0.1079
8.025,-0.2483,-0.3174,1.0,-0.2785,-0.3467,1.0004,0.1079
8.03,-0.2483,-0.3174,1.0,-0.2786,-0.3468,1.0002,0.1079
8.035,-0.2482,-0.3175,1.0,-0.2787,-0.347,1.0002,0.1079
8.04,-0.2482,-0.3175,0.9999,-0.2788,-0.3472,1.0001,0.1079
8.045,-0.2482,-0.3175,0.9999,-0.2788,-0.3474,1.0003,0.1079
8.05,-0.2482,-0.3176,0.9998,-0.2788,-0.3473,1.0003,0.1078
8.055,-0.2481,-0.3176,0.9998,-0.2789,-0.3475,1.0004,0.1078
8.06,-0.2481,-0.3177,0.9997,-0.279,-0.3474,1.0001,0.1078
8.065,-0.248,-0.3177,0.9997,-0.2788,-0.3475,1.0001,0.1077
8.07,-0.248,-0.3177,0.9996,-0.2787,-0.3476,1.0002,0.1077
8.075,-0.2479,-0.3178,0.9996,-0.2784,-0.3476,1.0001,0.1076
8.08,-0.2479,-0.3178,0.9995,-0.2784,-0.3476,1.0,0.1075
8.085,-0.2478,-0.3179,0.9994,-0.2784,-0.3476,0.9999,0.1075
8.09,-0.2477,-0.3179,0.9994,-0.2783,-0.3476,1.0001,0.1074
8.095,-0.2476,-0.3179,0.9993,-0.2785,-0.3476,1.0,0.1073
8.1,-0.2475,-0.318,0.9992,-0.2785,-0.3475,1.0001,0.1072
8.105,-0.2475,-0.318,0.9992,-0.2786,-0.3476,1.0001,0.1071
8.11,-0.2474,-0.318,0.9991,-0.2784,-0.3474,1.0003,0.107
8.115,-0.2472,-0.3181,0.999,-0.2784,-0.3475,1.0003,0.1069
8.12,-0.2471,-0.3181,0.9989,-0.2784,-0.3475,1.0001,0.1068
8.125,-0.247,-0.3181,0.9989,-0.2782,-0.3475,1.0001,0.1067
8.13,-0.2469,-0.3182,0.9988,-0.2782,-0.3476,0.9998,0.1066
8.135,-0.2468,-0.3182,0.9987,-0.2781,-0.3477,0.9998,0.1064
8.14,-0.2466,-0.3182,0.9986,-0.278,-0.3476,0.9999,0.1063
8.145,-0.2465,-0.3183,0.9985,-0.2778,-0.3476,1.0,0.1062
8.15,-0.2463,-0.3183,0.9984,-0.2777,-0.3477,1.0003,0.106
8.155,-0.2462,-0.3183,0.9983,-0.2774,-0.3475,1.0006,0.1059
8.16,-0.246,-0.3184,0.9982,-0.2775,-0.3475,1.0006,0.1057
8.165,-0.2459,-0.3184,0.9981,-0.2777,-0.3476,1.0003,0.1055
8.17,-0.2457,-0.3184,0.998,-0.2778,-0.3474,1.0003,0.1054
8.175,-0.2455,-0.3185,0.998,-0.2779,-0.3475,1.0001,0.1052
8.18,-0.2453,-0.3185,0.9979,-0.278,-0.3475,1.0002,0.105
8.185,-0.2452,-0.3185,0.9978,-0.2778,-0.3475,1.0,0.1048
8.19,-0.245,-0.3185,0.9977,-0.2779,-0.3474,1.0,0.1046
8.195,-0.2448,-0.3186,0.9976,-0.2779,-0.3474,0.9997,0.1044
8.2,-0.2446,-0.3186,0.9975,-0.2778,-0.3474,0.9994,0.1042
8.205,-0.2444,-0.3186,0.9974,-0.2777,-0.3474,0.9989,0.104
8.21,-0.2441,-0.3186,0.9973,-0.2775,-0.3476,0.999,0.1038
8.215,-0.2439,-0.3187,0.9972,-0.2773,-0.3476,0.9989,0.1036
8.22,-0.2437,-0.3187,0.9971,-0.2771,-0.3477,0.9986,0.1034
8.225,-0.2435,-0.3187,0.997,-0.2767,-0.3476,0.9988,0.1031
8.23,-0.2432,-0.3187,0.9969,-0.2764,-0.3476,0.9988,0.1029
8.235,-0.243,-0.3188,0.9968,-0.2763,-0.3474,0.9985,0.1027
8.24,-0.2427,-0.3188,0.9968,-0.2762,-0.3473,0.9985,0.1024
8.245,-0.2425,-0.3188,0.9967,-0.2759,-0.3472,0.9986,0.1022
8.25,-0.2422,-0.3188,0.9966,-0.2758,-0.3471,0.9983,0.1019
8.255,-0.242,-0.3189,0.9966,-0.2756,-0.347,0.9984,0.1017
8.26,-0.2417,-0.3189,0.9965,-0.2755,-0.3469,0.9984,0.1014
8.265,-0.2414,-0.3189,0.9964,-0.2753,-0.347,0.9984,0.1011
8.27,-0.2412,-0.3189,0.9964,-0.2753,-0.3469,0.9983,0.1008
8.275,-0.2409,-0.3189,0.9963,-0.2752,-0.3471,0.998,0.1006
8.28,-0.2406,-0.319,0.9963,-0.2748,-0.3473,0.9978,0.1003
8.285,-0.2403,-0.319,0.9963,-0.2747,-0.3475,0.9977,0.1
8.29,-0.24,-0.319,0.9962,-0.2745,-0.3477,0.9975,0.0997
8.295,-0.2397,-0.319,0.9962,-0.2743,-0.3478,0.9975,0.0994
8.3,-0.2394,-0.319,0.9962,-0.2739,-0.3478,0.9977,0.0991
8.305,-0.2391,-0.319,0.9962,-0.2737,-0.348,0.9976,0.0988
8.31,-0.2387,-0.3191,0.9961,-0.2736,-0.348,0.9974,0.0984
8.315,-0.2384,-0.3191,0.9961,-0.2735,-0.348,0.9975,0.0981
8.32,-0.2381,-0.3191,0.9961,-0.2732,-0.3481,0.9975,0.0978
8.325,-0.2378,-0.3191,0.9962,-0.2729,-0.348,0.9973,0.0974
8.33,-0.2374,-0.3191,0.9962,-0.2727,-0.3481,0.9974,0.0971
8.335,-0.2371,-0.3191,0.9962,-0.2726,-0.3479,0.9973,0.0968
8.34,-0.2367,-0.3192,0.9962,-0.2722,-0.3479,0.9971,0.0964
8.345,-0.2364,-0.3192,0.9963,-0.2719,-0.348,0.997,0.0961
8.35,-0.236,-0.3192,0.9963,-0.2717,-0.348,0.9967,0.0957
8.355,-0.2356,-0.3192,0.9963,-0.2714,-0.3479,0.9966,0.0953
8.36,-0.2353,-0.3192,0.9964,-0.2714,-0.3478,0.9968,0.095
8.365,-0.2349,-0.3192,0.9964,-0.2713,-0.3479,0.9969,0.0946
8.37,-0.2345,-0.3192,0.9965,-0.2711,-0.348,0.997,0.0942
8.375,-0.2341,-0.3192,0.9966,-0.2712,-0.348,0.9969,0.0938
8.38,-0.2337,-0.3193,0.9966,-0.2712,-0.3483,0.9967,0.0934
8.385,-0.2333,-0.3193,0.9967,-0.2711,-0.3483,0.9969,0.093
8.39,-0.2329,-0.3193,0.9968,-0.2709,-0.3485,0.9971,0.0926
8.395,-0.2325,-0.3193,0.9969,-0.2709,-0.3485,0.9972,0.0922
8.4,-0.2321,-0.3193,0.9969,-0.2707,-0.3486,0.9971,0.0918
8.405,-0.2317,-0.3193,0.997,-0.2705,-0.3487,0.9973,0.0914
8.41,-0.2313,-0.3193,0.9971,-0.2703,-0.3486,0.9974,0.091
8.415,-0.2309,-0.3193,0.9972,-0.27,-0.3485,0.9976,0.0906
8.42,-0.2304,-0.3193,0.9973,-0.2699,-0.3486,0.9977,0.0901
8.425,-0.23,-0.3193,0.9974,-0.2696,-0.3484,0.9977,0.0897
8.43,-0.2296,-0.3193,0.9975,-0.2693,-0.3484,0.9981,0.0893
8.435,-0.2291,-0.3194,0.9976,-0.269,-0.3485,0.9981,0.0888
8.44,-0.2287,-0.3194,0.9977,-0.2684,-0.3482,0.9982,0.0884
8.445,-0.2283,-0.3194,0.9977,-0.268,-0.3482,0.9981,0.088
8.45,-0.2278,-0.3194,0.9978,-0.2677,-0.3481,0.9982,0.0875
8.455,-0.2273,-0.3194,0.9979,-0.2674,-0.3481,0.9983,0.087
8.46,-0.2269,-0.3194,0.998,-0.2671,-0.348,0.9981,0.0866
8.465,-0.2264,-0.3194,0.9981,-0.267,-0.348,0.998,0.0861
8.47,-0.226,-0.3194,0.9982,-0.2668,-0.3479,0.9982,0.0857
8.475,-0.2255,-0.3194,0.9982,-0.2666,-0.3479,0.9983,0.0852
8.48,-0.225,-0.3194,0.9983,-0.2663,-0.348,0.9984,0.0847
8.485,-0.2245,-0.3194,0.9984,-0.266,-0.3477,0.9989,0.0842
8.49,-0.2241,-0.3194,0.9984,-0.2657,-0.3478,0.9988,0.0838
8.495,-0.2236,-0.3194,0.9985,-0.2654,-0.3478,0.9989,0.0833
8.5,-0.2231,-0.3194,0.9985,-0.265,-0.3477,0.9991,0.0828
8.505,-0.2226,-0.3194,0.9986,-0.2647,-0.3477,0.9991,0.0823
8.51,-0.2221,-0.3194,0.9986,-0.2643,-0.3476,0.9993,0.0818
8.515,-0.2216,-0.3194,0.9987,-0.264,-0.3477,0.9995,0.0813
8.52,-0.2211,-0.3194,0.9987,-0.2636,-0.3478,0.9997,0.0808
8.525,-0.2206,-0.3194,0.9987,-0.2634,-0.3477,0.9998,0.0803
8.53,-0.2201,-0.3194,0.9988,-0.263,-0.3476,1.0,0.0798
8.535,-0.2196,-0.3194,0.9988,-0.2627,-0.3476,1.0004,0.0793
8.54,-0.2191,-0.3194,0.9988,-0.2624,-0.3477,1.0005,0.0788
8.545,-0.2185,-0.3194,0.9988,-0.2623,-0.3477,1.0006,0.0782
8.55,-0.218,-0.3194,0.9988,-0.2619,-0.3477,1.0008,0.0777
8.555,-0.2175,-0.3194,0.9988,-0.2616,-0.3477,1.0009,0.0772
8.56,-0.217,-0.3194,0.9987,-0.2614,-0.3477,1.0011,0.0767
8.565,-0.2164,-0.3194,0.9987,-0.261,-0.3479,1.0013,0.0761
8.57,-0.2159,-0.3194,0.9987,-0.2606,-0.3481,1.0012,0.0756
8.575,-0.2154,-0.3194,0.9986,-0.2601,-0.348,1.0012,0.0751
8.58,-0.2148,-0.3194,0.9986,-0.2596,-0.3477,1.0009,0.0745
8.585,-0.2143,-0.3194,0.9985,-0.259,-0.3474,1.001,0.074
8.59,-0.2137,-0.3194,0.9985,-0.2587,-0.3472,1.0011,0.0734
8.595,-0.2132,-0.3194,0.9984,-0.258,-0.3471,1.0013,0.0729
8.6,-0.2126,-0.3194,0.9983,-0.2576,-0.3471,1.001,0.0723
8.605,-0.2121,-0.3194,0.9982,-0.2573,-0.3469,1.0008,0.0718
8.61,-0.2115,-0.3194,0.9982,-0.2569,-0.3468,1.0007,0.0712
8.615,-0.211,-0.3194,0.9981,-0.2564,-0.3468,1.0004,0.0707
8.62,-0.2104,-0.3194,0.998,-0.2562,-0.3469,1.0003,0.0701
8.625,-0.2098,-0.3194,0.9979,-0.2559,-0.3467,1.0,0.0695
8.63,-0.2093,-0.3193,0.9978,-0.2555,-0.3466,1.0003,0.069
8.635,-0.2087,-0.3193,0.9977,-0.2552,-0.3465,0.9999,0.0684
8.64,-0.2081,-0.3193,0.9975,-0.255,-0.3466,0.9996,0.0678
8.645,-0.2075,-0.3193,0.9974,-0.2546,-0.3464,0.9995,0.0673
8.65,-0.207,-0.3193,0.9973,-0.2543,-0.3464,0.9996,0.0667
8.655,-0.2064,-0.3193,0.9972,-0.2538,-0.3465,0.9994,0.0661
8.66,-0.2058,-0.3193,0.9971,-0.2533,-0.3464,0.9995,0.0655
8.665,-0.2052,-0.3193,0.997,-0.2531,-0.3465,0.9994,0.0649
8.67,-0.2046,-0.3193,0.9969,-0.2528,-0.3464,0.9995,0.0643
8.675,-0.204,-0.3193,0.9968,-0.2524,-0.3465,0.9991,0.0638
8.68,-0.2034,-0.3193,0.9967,-0.2519,-0.3464,0.9991,0.0632
8.685,-0.2029,-0.3193,0.9966,-0.2514,-0.3462,0.9988,0.0626
8.69,-0.2023,-0.3193,0.9965,-0.2509,-0.3461,0.9987,0.062
8.695,-0.2017,-0.3192,0.9964,-0.2504,-0.3462,0.9985,0.0614
8.7,-0.2011,-0.3192,0.9963,-0.2502,-0.3463,0.9984,0.0608
8.705,-0.2005,-0.3192,0.9962,-0.2498,-0.3466,0.998,0.0602
8.71,-0.1998,-0.3192,0.9962,-0.2496,-0.3466,0.9979,0.0596
8.715,-0.1992,-0.3192,0.9961,-0.2491,-0.3463,0.9976,0.059
8.72,-0.1986,-0.3192,0.996,-0.2486,-0.3463,0.9978,0.0583
8.725,-0.198,-0.3192,0.996,-0.2482,-0.346,0.9979,0.0577
8.73,-0.1974,-0.3192,0.996,-0.2479,-0.346,0.9977,0.0571
8.735,-0.1968,-0.3191,0.9959,-0.2475,-0.3459,0.9975,0.0565
8.74,-0.1962,-0.3191,0.9959,-0.2471,-0.3458,0.9974,0.0559
8.745,-0.1955,-0.3191,0.9959,-0.2469,-0.3457,0.9973,0.0553
8.75,-0.1949,-0.3191,0.9959,-0.2464,-0.3455,0.997,0.0546
8.755,-0.1943,-0.3191,0.9959,-0.246,-0.3454,0.9967,0.054
8.76,-0.1937,-0.3191,0.9959,-0.2455,-0.3454,0.9968,0.0534
8.765,-0.1931,-0.319,0.9959,-0.2453,-0.3453,0.9968,0.0528
8.77,-0.1924,-0.319,0.9959,-0.2448,-0.3452,0.9966,0.0521
8.775,-0.1918,-0.319,0.996,-0.2447,-0.3451,0.9963,0.0515
8.78,-0.1912,-0.319,0.996,-0.2444,-0.3449,0.9962,0.0509
8.785,-0.1905,-0.319,0.9961,-0.244,-0.3449,0.9964,0.0503
8.79,-0.1899,-0.319,0.9961,-0.2437,-0.3447,0.9963,0.0496
8.795,-0.1893,-0.3189,0.9962,-0.2432,-0.3449,0.9961,0.049
8.8,-0.1886,-0.3189,0.9963,-0.2427,-0.3449,0.9962,0.0483
8.805,-0.188,-0.3189,0.9963,-0.2423,-0.3449,0.9962,0.0477
8.81,-0.1874,-0.3189,0.9964,-0.242,-0.345,0.996,0.0471
8.815,-0.1867,-0.3188,0.9965,-0.2417,-0.3449,0.996,0.0464
8.82,-0.1861,-0.3188,0.9966,-0.2414,-0.3451,0.9956,0.0458
8.825,-0.1854,-0.3188,0.9968,-0.2408,-0.3451,0.9958,0.0451
8.83,-0.1848,-0.3188,0.9969,-0.2405,-0.3449,0.9957,0.0445
8.835,-0.1842,-0.3188,0.997,-0.2402,-0.3451,0.9958,0.0439
8.84,-0.1835,-0.3187,0.9971,-0.2397,-0.3452,0.9959,0.0432
8.845,-0.1829,-0.3187,0.9973,-0.2392,-0.3453,0.9958,0.0426
8.85,-0.1822,-0.3187,0.9974,-0.2387,-0.3452,0.996,0.0419
8.855,-0.1816,-0.3187,0.9975,-0.2383,-0.3453,0.9962,0.0413
8.86,-0.1809,-0.3186,0.9977,-0.2379,-0.3453,0.9963,0.0406
8.865,-0.1803,-0.3186,0.9978,-0.2374,-0.3453,0.9966,0.04
8.87,-0.1796,-0.3186,0.998,-0.2369,-0.3455,0.9966,0.0393
8.875,-0.179,-0.3185,0.9982,-0.2365,-0.3455,0.9968,0.0387
8.88,-0.1783,-0.3185,0.9983,-0.2361,-0.3455,0.997,0.038
8.885,-0.1777,-0.3185,0.9985,-0.2354,-0.3455,0.9972,0.0374
8.89,-0.177,-0.3185,0.9986,-0.235,-0.3456,0.9973,0.0367
8.895,-0.1764,-0.3184,0.9988,-0.2346,-0.3456,0.9976,0.0361
8.9,-0.1757,-0.3184,0.9989,-0.2342,-0.3458,0.9978,0.0354
8.905,-0.1751,-0.3184,0.9991,-0.2339,-0.3458,0.998,0.0348
8.91,-0.1744,-0.3183,0.9993,-0.2335,-0.3456,0.9981,0.0341
8.915,-0.1738,-0.3183,0.9994,-0.233,-0.3455,0.9982,0.0335
8.92,-0.1731,-0.3183,0.9995,-0.2327,-0.3454,0.9982,0.0328
8.925,-0.1725,-0.3182,0.9997,-0.2325,-0.3453,0.9983,0.0322
8.93,-0.1718,-0.3182,0.9998,-0.2321,-0.3453,0.9983,0.0315
8.935,-0.1712,-0.3182,1.0,-0.2316,-0.3453,0.9983,0.0309
8.94,-0.1705,-0.3181,1.0001,-0.231,-0.3452,0.9986,0.0302
8.945,-0.1699,-0.3181,1.0002,-0.2306,-0.3452,0.9986,0.0296
8.95,-0.1692,-0.3181,1.0003,-0.2301,-0.3451,0.9987,0.0289
8.955,-0.1686,-0.318,1.0004,-0.2296,-0.3451,0.9988,0.0282
8.96,-0.1679,-0.318,1.0005,-0.2291,-0.3452,0.999,0.0276
8.965,-0.1672,-0.318,1.0006,-0.2287,-0.3452,0.9991,0.0269
8.97,-0.1666,-0.3179,1.0007,-0.2281,-0.3452,0.9992,0.0263
8.975,-0.1659,-0.3179,1.0008,-0.2278,-0.3452,0.9993,0.0256
8.98,-0.1653,-0.3179,1.0008,-0.2273,-0.3451,0.9995,0.025
8.985,-0.1646,-0.3178,1.0009,-0.2269,-0.3452,0.9996,0.0243
8.99,-0.164,-0.3178,1.001,-0.2264,-0.3453,1.0,0.0237
8.995,-0.1633,-0.3178,1.001,-0.2262,-0.3452,1.0002,0.023
9.0,-0.1627,-0.3177,1.001,-0.2259,-0.3452,1.0004,0.0224
9.005,-0.162,-0.3177,1.0011,-0.2256,-0.3452,1.0005,0.0217
9.01,-0.1614,-0.3176,1.0011,-0.225,-0.345,1.0006,0.0211
9.015,-0.1607,-0.3176,1.0011,-0.2246,-0.3449,1.0008,0.0204
9.02,-0.1601,-0.3176,1.0011,-0.2244,-0.3448,1.0007,0.0198
9.025,-0.1595,-0.3175,1.0011,-0.224,-0.3449,1.0008,0.0191
9.03,-0.1588,-0.3175,1.0011,-0.2236,-0.345,1.0007,0.0185
9.035,-0.1582,-0.3174,1.0011,-0.2233,-0.345,1.0007,0.0178
9.04,-0.1575,-0.3174,1.001,-0.2228,-0.3449,1.0007,0.0172
9.045,-0.1569,-0.3174,1.001,-0.2225,-0.345,1.0006,0.0166
9.05,-0.1562,-0.3173,1.0009,-0.2221,-0.3451,1.0005,0.0159
9.055,-0.1556,-0.3173,1.0009,-0.2216,-0.3451,1.0005,0.0153
9.06,-0.155,-0.3172,1.0008,-0.2211,-0.3453,1.0009,0.0146
9.065,-0.1543,-0.3172,1.0008,-0.2207,-0.3455,1.0007,0.014
9.07,-0.1537,-0.3171,1.0007,-0.2203,-0.3454,1.0007,0.0133
9.075,-0.153,-0.3171,1.0006,-0.2199,-0.3454,1.0007,0.0127
9.08,-0.1524,-0.3171,1.0006,-0.2195,-0.3453,1.0007,0.0121
9.085,-0.1518,-0.317,1.0005,-0.219,-0.3453,1.0007,0.0114
9.09,-0.1511,-0.317,1.0004,-0.2187,-0.3454,1.0005,0.0108
9.095,-0.1505,-0.3169,1.0003,-0.2182,-0.3453,1.0003,0.0102
9.1,-0.1499,-0.3169,1.0002,-0.2179,-0.3452,1.0001,0.0095
9.105,-0.1493,-0.3168,1.0001,-0.2176,-0.3452,1.0004,0.0089
9.11,-0.1486,-0.3168,1.0,-0.2171,-0.3452,1.0004,0.0083
9.115,-0.148,-0.3167,0.9999,-0.2167,-0.3451,1.0005,0.0077
9.12,-0.1474,-0.3167,0.9998,-0.2162,-0.3449,1.0002,0.007
9.125,-0.1468,-0.3166,0.9998,-0.2159,-0.3451,1.0,0.0064
9.13,-0.1461,-0.3166,0.9997,-0.2155,-0.345,0.9998,0.0058
9.135,-0.1455,-0.3166,0.9996,-0.2151,-0.345,0.9997,0.0052
9.14,-0.1449,-0.3165,0.9995,-0.2146,-0.3448,0.9998,0.0046
9.145,-0.1443,-0.3165,0.9994,-0.2139,-0.3446,0.9998,0.0039
9.15,-0.1437,-0.3164,0.9993,-0.2136,-0.3445,0.9996,0.0033
9.155,-0.1431,-0.3164,0.9992,-0.2132,-0.3444,0.9997,0.0027
9.16,-0.1425,-0.3163,0.9992,-0.2126,-0.3442,0.9995,0.0021
9.165,-0.1418,-0.3163,0.9991,-0.2121,-0.3443,0.9998,0.0015
9.17,-0.1412,-0.3162,0.999,-0.2118,-0.3444,0.9997,0.001
9.175,-0.1406,-0.3162,0.999,-0.2114,-0.3443,0.9998,0.0005
9.18,-0.14,-0.3161,0.9989,-0.211,-0.3443,0.9996,0.0006
9.185,-0.1394,-0.3161,0.9989,-0.2105,-0.3444,0.9995,0.0011
9.19,-0.1388,-0.316,0.9989,-0.2102,-0.3444,0.9997,0.0016
9.195,-0.1382,-0.316,0.9988,-0.21,-0.3446,0.9997,0.0022
9.2,-0.1376,-0.3159,0.9988,-0.2096,-0.3447,0.9998,0.0028
9.205,-0.1371,-0.3159,0.9988,-0.2091,-0.3447,0.9996,0.0034
9.21,-0.1365,-0.3158,0.9987,-0.2087,-0.3447,0.9992,0.004
9.215,-0.1359,-0.3158,0.9987,-0.2084,-0.3447,0.999,0.0045
9.22,-0.1353,-0.3157,0.9987,-0.208,-0.3449,0.999,0.0051
9.225,-0.1347,-0.3157,0.9987,-0.2076,-0.345,0.9991,0.0057
9.23,-0.1341,-0.3156,0.9987,-0.2073,-0.3451,0.9991,0.0063
9.235,-0.1336,-0.3156,0.9987,-0.2068,-0.345,0.9992,0.0069
9.24,-0.133,-0.3155,0.9988,-0.2065,-0.3451,0.9993,0.0074
9.245,-0.1324,-0.3154,0.9988,-0.2062,-0.3449,0.9994,0.008
9.25,-0.1318,-0.3154,0.9988,-0.2057,-0.3451,0.9994,0.0086
9.255,-0.1313,-0.3153,0.9988,-0.2053,-0.3453,0.9994,0.0092
9.26,-0.1307,-0.3153,0.9989,-0.2049,-0.3452,0.9993,0.0097
9.265,-0.1301,-0.3152,0.9989,-0.2046,-0.3453,0.9994,0.0103
9.27,-0.1296,-0.3152,0.999,-0.2041,-0.3454,0.9991,0.0109
9.275,-0.129,-0.3151,0.999,-0.2037,-0.3452,0.9991,0.0114
9.28,-0.1285,-0.3151,0.9991,-0.2033,-0.3451,0.9992,0.012
9.285,-0.1279,-0.315,0.9991,-0.2028,-0.3449,0.9993,0.0125
9.29,-0.1274,-0.315,0.9992,-0.2024,-0.3447,0.9993,0.0131
9.295,-0.1268,-0.3149,0.9993,-0.2021,-0.3445,0.9997,0.0136
9.3,-0.1263,-0.3149,0.9993,-0.2017,-0.3444,0.9997,0.0142
9.305,-0.1257,-0.3148,0.9994,-0.2015,-0.3444,0.9997,0.0147
9.31,-0.1252,-0.3148,0.9995,-0.2012,-0.3441,0.9996,0.0153
9.315,-0.1247,-0.3147,0.9996,-0.2007,-0.3441,0.9997,0.0158
9.32,-0.1241,-0.3147,0.9996,-0.2002,-0.3442,0.9995,0.0163
9.325,-0.1236,-0.3146,0.9997,-0.1998,-0.344,0.9996,0.0169
9.33,-0.1231,-0.3146,0.9998,-0.1995,-0.3438,0.9994,0.0174
9.335,-0.1226,-0.3145,0.9999,-0.1992,-0.3438,0.9994,0.0179
9.34,-0.122,-0.3145,0.9999,-0.1987,-0.3437,0.9996,0.0184
9.345,-0.1215,-0.3144,1.0,-0.1986,-0.3437,0.9998,0.019
9.35,-0.121,-0.3144,1.0001,-0.1983,-0.3437,0.9997,0.0195
9.355,-0.1205,-0.3143,1.0002,-0.1978,-0.3438,0.9998,0.02
9.36,-0.12,-0.3143,1.0003,-0.1975,-0.3438,0.9998,0.0205
9.365,-0.1195,-0.3142,1.0003,-0.1972,-0.344,0.9997,0.021
9.37,-0.119,-0.3142,1.0004,-0.1969,-0.3442,0.9997,0.0215
9.375,-0.1185,-0.3141,1.0005,-0.1966,-0.3442,0.9998,0.022
9.38,-0.118,-0.3141,1.0006,-0.1963,-0.3441,0.9999,0.0225
9.385,-0.1175,-0.314,1.0006,-0.1959,-0.3441,0.9999,0.023
9.39,-0.117,-0.314,1.0007,-0.1957,-0.3441,1.0003,0.0235
9.395,-0.1165,-0.3139,1.0008,-0.1954,-0.3441,1.0001,0.024
9.4,-0.116,-0.3138,1.0008,-0.1952,-0.3441,1.0005,0.0245
9.405,-0.1155,-0.3138,1.0009,-0.1949,-0.3441,1.0006,0.025
9.41,-0.1151,-0.3137,1.001,-0.1949,-0.3439,1.0004,0.0254
9.415,-0.1146,-0.3137,1.001,-0.1945,-0.344,1.0006,0.0259
9.42,-0.1141,-0.3136,1.0011,-0.1942,-0.3438,1.0006,0.0264
9.425,-0.1137,-0.3136,1.0011,-0.1939,-0.3437,1.0005,0.0269
9.43,-0.1132,-0.3135,1.0012,-0.1936,-0.3436,1.0004,0.0273
9.435,-0.1127,-0.3135,1.0012,-0.1933,-0.3437,1.0002,0.0278
9.44,-0.1123,-0.3134,1.0012,-0.1931,-0.3436,1.0002,0.0282
9.445,-0.1118,-0.3134,1.0013,-0.1927,-0.3434,1.0,0.0287
9.45,-0.1114,-0.3133,1.0013,-0.1924,-0.3434,1.0002,0.0291
9.455,-0.1109,-0.3133,1.0014,-0.192,-0.3433,1.0005,0.0296
9.46,-0.1105,-0.3133,1.0014,-0.1916,-0.3433,1.0004,0.03
9.465,-0.1101,-0.3132,1.0014,-0.1912,-0.3432,1.0006,0.0305
9.47,-0.1096,-0.3132,1.0014,-0.191,-0.3433,1.0006,0.0309
9.475,-0.1092,-0.3131,1.0015,-0.1908,-0.3433,1.0009,0.0313
9.48,-0.1088,-0.3131,1.0015,-0.1907,-0.3432,1.0012,0.0318
9.485,-0.1083,-0.313,1.0015,-0.1906,-0.3431,1.0013,0.0322
9.49,-0.1079,-0.313,1.0015,-0.1905,-0.3431,1.0013,0.0326
9.495,-0.1075,-0.3129,1.0015,-0.1903,-0.343,1.0013,0.033
9.5,-0.1071,-0.3129,1.0016,-0.1902,-0.3429,1.0015,0.0334
9.505,-0.1067,-0.3128,1.0016,-0.1901,-0.3426,1.0016,0.0339
9.51,-0.1063,-0.3128,1.0016,-0.1897,-0.3425,1.0017,0.0343
9.515,-0.1059,-0.3127,1.0016,-0.1893,-0.3426,1.0019,0.0347
9.52,-0.1055,-0.3127,1.0016,-0.189,-0.3426,1.0019,0.0351
9.525,-0.1051,-0.3126,1.0016,-0.1886,-0.3424,1.0019,0.0355
9.53,-0.1047,-0.3126,1.0016,-0.1882,-0.3424,1.0019,0.0358
9.535,-0.1043,-0.3125,1.0016,-0.1879,-0.3424,1.0017,0.0362
9.54,-0.104,-0.3125,1.0016,-0.1876,-0.3423,1.0018,0.0366
9.545,-0.1036,-0.3124,1.0016,-0.1872,-0.3423,1.0018,0.037
9.55,-0.1032,-0.3124,1.0016,-0.1867,-0.3424,1.0019,0.0373
9.555,-0.1029,-0.3123,1.0016,-0.1863,-0.3424,1.0018,0.0377
9.56,-0.1025,-0.3123,1.0015,-0.186,-0.3424,1.0021,0.0381
9.565,-0.1022,-0.3123,1.0015,-0.1857,-0.3424,1.0017,0.0384
9.57,-0.1018,-0.3122,1.0015,-0.1855,-0.3424,1.002,0.0388
9.575,-0.1015,-0.3122,1.0015,-0.1854,-0.3423,1.0021,0.0391
9.58,-0.1011,-0.3121,1.0014,-0.1852,-0.3422,1.0022,0.0395
9.585,-0.1008,-0.3121,1.0014,-0.1851,-0.3421,1.002,0.0398
9.59,-0.1004,-0.312,1.0014,-0.1848,-0.342,1.0021,0.0402
9.595,-0.1001,-0.312,1.0013,-0.1847,-0.342,1.002,0.0405
9.6,-0.0998,-0.3119,1.0013,-0.1846,-0.3419,1.002,0.0408
9.605,-0.0995,-0.3119,1.0013,-0.1845,-0.3418,1.0018,0.0412
9.61,-0.0991,-0.3118,1.0012,-0.1843,-0.3418,1.0017,0.0415
9.615,-0.0988,-0.3118,1.0012,-0.184,-0.3419,1.0013,0.0418
9.62,-0.0985,-0.3118,1.0011,-0.1837,-0.3418,1.0011,0.0421
9.625,-0.0982,-0.3117,1.0011,-0.1837,-0.3416,1.0012,0.0424
9.63,-0.0979,-0.3117,1.001,-0.1834,-0.3417,1.001,0.0427
9.635,-0.0976,-0.3116,1.001,-0.1831,-0.3417,1.001,0.043
9.64,-0.0973,-0.3116,1.0009,-0.183,-0.3416,1.0011,0.0433
9.645,-0.097,-0.3115,1.0009,-0.1829,-0.3414,1.0009,0.0436
9.65,-0.0968,-0.3115,1.0009,-0.183,-0.3414,1.001,0.0439
9.655,-0.0965,-0.3114,1.0008,-0.1827,-0.3413,1.0011,0.0442
9.66,-0.0962,-0.3114,1.0008,-0.1826,-0.3411,1.0009,0.0444
9.665,-0.0959,-0.3114,1.0007,-0.1825,-0.3411,1.0012,0.0447
9.67,-0.0957,-0.3113,1.0007,-0.1823,-0.3409,1.0009,0.045
9.675,-0.0954,-0.3113,1.0007,-0.1821,-0.3409,1.0011,0.0452
9.68,-0.0952,-0.3112,1.0006,-0.1819,-0.3409,1.0009,0.0455
9.685,-0.0949,-0.3112,1.0006,-0.1819,-0.3405,1.0008,0.0458
9.69,-0.0947,-0.3111,1.0006,-0.1815,-0.3404,1.0008,0.046
9.695,-0.0944,-0.3111,1.0005,-0.1814,-0.3401,1.0008,0.0462
9.7,-0.0942,-0.3111,1.0005,-0.1813,-0.34,1.0006,0.0465
9.705,-0.094,-0.311,1.0005,-0.1812,-0.34,1.0005,0.0467
9.71,-0.0937,-0.311,1.0005,-0.181,-0.3399,1.0002,0.0469
9.715,-0.0935,-0.3109,1.0005,-0.181,-0.3399,1.0,0.0472
9.72,-0.0933,-0.3109,1.0004,-0.1808,-0.3398,1.0001,0.0474
9.725,-0.0931,-0.3108,1.0004,-0.1806,-0.3398,0.9997,0.0476
9.73,-0.0929,-0.3108,1.0004,-0.1805,-0.3398,0.9998,0.0478
9.735,-0.0927,-0.3108,1.0004,-0.1803,-0.34,0.9996,0.048
9.74,-0.0925,-0.3107,1.0004,-0.18,-0.3402,0.9996,0.0482
9.745,-0.0923,-0.3107,1.0004,-0.1799,-0.3403,0.9996,0.0484
9.75,-0.0921,-0.3106,1.0004,-0.1797,-0.3403,0.9995,0.0486
9.755,-0.0919,-0.3106,1.0004,-0.1794,-0.3403,0.9995,0.0488
9.76,-0.0918,-0.3106,1.0005,-0.1791,-0.3404,0.9993,0.049
9.765,-0.0916,-0.3105,1.0005,-0.179,-0.3404,0.9994,0.0491
9.77,-0.0914,-0.3105,1.0005,-0.1789,-0.3405,0.9995,0.0493
9.775,-0.0913,-0.3104,1.0005,-0.1785,-0.3404,0.9996,0.0495
9.78,-0.0911,-0.3104,1.0005,-0.1784,-0.3405,0.9996,0.0496
9.785,-0.0909,-0.3104,1.0006,-0.1782,-0.3404,0.9997,0.0498
9.79,-0.0908,-0.3103,1.0006,-0.1782,-0.3403,0.9997,0.0499
9.795,-0.0907,-0.3103,1.0006,-0.1782,-0.3402,0.9997,0.0501
9.8,-0.0905,-0.3102,1.0007,-0.1782,-0.3402,0.9996,0.0502
9.805,-0.0904,-0.3102,1.0007,-0.178,-0.3402,0.9996,0.0504
9.81,-0.0903,-0.3102,1.0007,-0.1781,-0.3402,0.9995,0.0505
9.815,-0.0901,-0.3101,1.0008,-0.1782,-0.3402,0.9994,0.0506
9.82,-0.09,-0.3101,1.0008,-0.1782,-0.3402,0.9995,0.0508
9.825,-0.0899,-0.31,1.0009,-0.1782,-0.3403,0.9992,0.0509
9.83,-0.0898,-0.31,1.0009,-0.1784,-0.3404,0.999,0.051
9.835,-0.0897,-0.31,1.001,-0.1784,-0.3404,0.9989,0.0511
9.84,-0.0896,-0.3099,1.001,-0.1784,-0.3404,0.9989,0.0512
9.845,-0.0895,-0.3099,1.001,-0.1783,-0.3404,0.999,0.0513
9.85,-0.0894,-0.3098,1.0011,-0.1782,-0.3402,0.9992,0.0514
9.855,-0.0893,-0.3098,1.0011,-0.178,-0.3401,0.9995,0.0515
9.86,-0.0892,-0.3098,1.0012,-0.1779,-0.3401,0.9997,0.0516
9.865,-0.0892,-0.3097,1.0012,-0.1778,-0.3402,0.9999,0.0516
9.87,-0.0891,-0.3097,1.0013,-0.1778,-0.3402,1.0003,0.0517
9.875,-0.089,-0.3097,1.0013,-0.1776,-0.34,1.0006,0.0518
9.88,-0.089,-0.3096,1.0014,-0.1776,-0.34,1.0008,0.0518
9.885,-0.0889,-0.3096,1.0014,-0.1778,-0.3399,1.0009,0.0519
9.89,-0.0889,-0.3095,1.0015,-0.1778,-0.3399,1.001,0.052
9.895,-0.0888,-0.3095,1.0015,-0.1776,-0.34,1.001,0.052
9.9,-0.0888,-0.3095,1.0016,-0.1777,-0.34,1.0012,0.052
9.905,-0.0888,-0.3094,1.0016,-0.1777,-0.34,1.0011,0.0521
9.91,-0.0887,-0.3094,1.0017,-0.1777,-0.3399,1.0015,0.0521
9.915,-0.0887,-0.3094,1.0017,-0.1776,-0.34,1.0014,0.0522
9.92,-0.0887,-0.3093,1.0017,-0.1776,-0.3399,1.0015,0.0522
9.925,-0.0887,-0.3093,1.0018,-0.1776,-0.3402,1.0015,0.0522
9.93,-0.0886,-0.3093,1.0018,-0.1775,-0.3403,1.0019,0.0522
9.935,-0.0886,-0.3092,1.0018,-0.1775,-0.3403,1.0019,0.0522
9.94,-0.0886,-0.3092,1.0018,-0.1775,-0.3402,1.0017,0.0522
9.945,-0.0886,-0.3092,1.0018,-0.1776,-0.3401,1.0015,0.0522
9.95,-0.0886,-0.3091,1.0018,-0.1776,-0.34,1.0017,0.0522
9.955,-0.0887,-0.3091,1.0018,-0.1775,-0.3399,1.0017,0.0522
9.96,-0.0887,-0.3091,1.0018,-0.1775,-0.34,1.0019,0.0522
9.965,-0.0887,-0.309,1.0018,-0.1776,-0.3398,1.0018,0.0522
9.97,-0.0887,-0.309,1.0018,-0.1776,-0.3398,1.0016,0.0522
9.975,-0.0887,-0.309,1.0018,-0.1775,-0.3398,1.0017,0.0522
9.98,-0.0888,-0.309,1.0018,-0.1776,-0.3397,1.0019,0.0521
9.985,-0.0888,-0.3089,1.0017,-0.1775,-0.3397,1.0019,0.0521
9.99,-0.0889,-0.3089,1.0017,-0.1773,-0.3397,1.0021,0.0521
9.995,-0.0889,-0.3089,1.0016,-0.1774,-0.3395,1.0021,0.052
10.0,-0.089,-0.3088,1.0016,-0.1773,-0.3394,1.002,0.052
10.005,-0.089,-0.3088,1.0015,-0.1774,-0.3394,1.0021,0.0519
10.01,-0.0891,-0.3088,1.0015,-0.1772,-0.3394,1.0022,0.0519
10.015,-0.0891,-0.3088,1.0014,-0.1772,-0.3395,1.002,0.0518
10.02,-0.0892,-0.3087,1.0014,-0.177,-0.3395,1.0021,0.0517
10.025,-0.0893,-0.3087,1.0013,-0.1769,-0.3395,1.0019,0.0517
10.03,-0.0894,-0.3087,1.0012,-0.177,-0.3394,1.0018,0.0516
10.035,-0.0895,-0.3086,1.0012,-0.1771,-0.3395,1.0016,0.0515
10.04,-0.0895,-0.3086,1.0011,-0.1772,-0.3396,1.0015,0.0514
10.045,-0.0896,-0.3086,1.001,-0.1774,-0.3396,1.0018,0.0513
10.05,-0.0897,-0.3086,1.0009,-0.1775,-0.3396,1.0015,0.0512
10.055,-0.0898,-0.3085,1.0008,-0.1779,-0.3396,1.0017,0.0511
10.06,-0.0899,-0.3085,1.0008,-0.178,-0.3397,1.0018,0.051
10.065,-0.0901,-0.3085,1.0007,-0.178,-0.3396,1.0016,0.0509
10.07,-0.0902,-0.3085,1.0006,-0.1782,-0.3396,1.0016,0.0508
10.075,-0.0903,-0.3084,1.0005,-0.1785,-0.3397,1.0015,0.0507
10.08,-0.0904,-0.3084,1.0004,-0.1787,-0.3395,1.0015,0.0506
10.085,-0.0905,-0.3084,1.0003,-0.1787,-0.3394,1.0015,0.0505
10.09,-0.0907,-0.3084,1.0002,-0.1788,-0.3391,1.0018,0.0504
10.095,-0.0908,-0.3083,1.0002,-0.1788,-0.3389,1.002,0.0502
10.1,-0.091,-0.3083,1.0001,-0.1788,-0.339,1.0019,0.0501
10.105,-0.0911,-0.3083,1.0,-0.1788,-0.339,1.0017,0.0499
10.11,-0.0912,-0.3083,0.9999,-0.1788,-0.339,1.0017,0.0498
10.115,-0.0914,-0.3082,0.9998,-0.1791,-0.3393,1.0015,0.0496
10.12,-0.0916,-0.3082,0.9997,-0.1792,-0.3392,1.0015,0.0495
10.125,-0.0917,-0.3082,0.9997,-0.1792,-0.3392,1.0013,0.0493
10.13,-0.0919,-0.3082,0.9996,-0.1794,-0.3392,1.0011,0.0492
10.135,-0.0921,-0.3082,0.9995,-0.1797,-0.3391,1.0011,0.049
10.14,-0.0922,-0.3081,0.9994,-0.1798,-0.339,1.0009,0.0488
10.145,-0.0924,-0.3081,0.9994,-0.1799,-0.3391,1.0009,0.0487
10.15,-0.0926,-0.3081,0.9993,-0.18,-0.3388,1.001,0.0485
10.155,-0.0928,-0.3081,0.9992,-0.1801,-0.3388,1.0009,0.0483
10.16,-0.093,-0.308,0.9992,-0.1802,-0.3388,1.0009,0.0481
10.165,-0.0932,-0.308,0.9991,-0.1804,-0.3386,1.0011,0.0479
10.17,-0.0934,-0.308,0.9991,-0.1805,-0.3383,1.0008,0.0477
10.175,-0.0936,-0.308,0.999,-0.1806,-0.3382,1.0007,0.0475
10.18,-0.0938,-0.308,0.9989,-0.1807,-0.3382,1.0006,0.0473
10.185,-0.094,-0.3079,0.9989,-0.181,-0.3382,1.0006,0.0471
10.19,-0.0942,-0.3079,0.9989,-0.1812,-0.3384,1.0008,0.0469
10.195,-0.0945,-0.3079,0.9988,-0.1815,-0.3383,1.0009,0.0467
10.2,-0.0947,-0.3079,0.9988,-0.1816,-0.3384,1.0009,0.0465
10.205,-0.0949,-0.3079,0.9988,-0.1818,-0.3384,1.0005,0.0462
10.21,-0.0952,-0.3079,0.9987,-0.182,-0.3385,1.0006,0.046
10.215,-0.0954,-0.3078,0.9987,-0.1822,-0.3386,1.0006,0.0458
10.22,-0.0956,-0.3078,0.9987,-0.1822,-0.3384,1.0003,0.0455
10.225,-0.0959,-0.3078,0.9987,-0.1826,-0.3384,1.0002,0.0453
10.23,-0.0961,-0.3078,0.9987,-0.1828,-0.3383,1.0,0.0451
10.235,-0.0964,-0.3078,0.9987,-0.1828,-0.3379,1.0,0.0448
10.24,-0.0967,-0.3078,0.9987,-0.183,-0.338,1.0,0.0446
10.245,-0.0969,-0.3077,0.9987,-0.1832,-0.3379,0.9999,0.0443
10.25,-0.0972,-0.3077,0.9987,-0.1835,-0.3378,0.9998,0.0441
10.255,-0.0975,-0.3077,0.9987,-0.1839,-0.3379,0.9995,0.0438
10.26,-0.0977,-0.3077,0.9987,-0.1841,-0.3379,0.9998,0.0435
10.265,-0.098,-0.3077,0.9987,-0.1844,-0.3379,0.9999,0.0432
10.27,-0.0983,-0.3077,0.9987,-0.1847,-0.3382,0.9999,0.043
10.275,-0.0986,-0.3076,0.9988,-0.1847,-0.3382,0.9997,0.0427
10.28,-0.0989,-0.3076,0.9988,-0.1849,-0.3381,0.9999,0.0424
10.285,-0.0992,-0.3076,0.9989,-0.1853,-0.3381,0.9999,0.0421
10.29,-0.0995,-0.3076,0.9989,-0.1854,-0.338,1.0,0.0418
10.295,-0.0998,-0.3076,0.999,-0.1856,-0.338,1.0,0.0415
10.3,-0.1001,-0.3076,0.999,-0.186,-0.3381,1.0,0.0412
10.305,-0.1004,-0.3076,0.9991,-0.1863,-0.338,1.0001,0.0409
10.31,-0.1007,-0.3076,0.9991,-0.1867,-0.3379,1.0,0.0406
10.315,-0.101,-0.3075,0.9992,-0.1868,-0.338,1.0,0.0403
10.32,-0.1014,-0.3075,0.9993,-0.1868,-0.338,1.0001,0.04
10.325,-0.1017,-0.3075,0.9993,-0.187,-0.3378,1.0,0.0397
10.33,-0.102,-0.3075,0.9994,-0.1874,-0.3377,1.0,0.0394
10.335,-0.1024,-0.3075,0.9995,-0.1876,-0.3375,0.9999,0.0391
10.34,-0.1027,-0.3075,0.9995,-0.1878,-0.3375,1.0,0.0387
10.345,-0.103,-0.3075,0.9996,-0.1879,-0.3374,1.0001,0.0384
10.35,-0.1034,-0.3075,0.9997,-0.188,-0.3373,1.0001,0.0381
10.355,-0.1037,-0.3075,0.9998,-0.188,-0.3376,1.0001,0.0377
10.36,-0.1041,-0.3074,0.9998,-0.1882,-0.3375,1.0,0.0374
10.365,-0.1044,-0.3074,0.9999,-0.1884,-0.3375,1.0,0.0371
10.37,-0.1048,-0.3074,1.0,-0.1888,-0.3375,1.0,0.0367
10.375,-0.1052,-0.3074,1.0001,-0.189,-0.3373,0.9999,0.0364
10.38,-0.1055,-0.3074,1.0001,-0.1891,-0.3373,1.0,0.036
10.385,-0.1059,-0.3074,1.0002,-0.1893,-0.3372,0.9999,0.0357
10.39,-0.1063,-0.3074,1.0003,-0.1895,-0.3373,0.9999,0.0353
10.395,-0.1066,-0.3074,1.0004,-0.1897,-0.3373,0.9998,0.0349
10.4,-0.107,-0.3074,1.0004,-0.1898,-0.3375,1.0,0.0346
10.405,-0.1074,-0.3074,1.0005,-0.1898,-0.3377,1.0001,0.0342
10.41,-0.1078,-0.3073,1.0006,-0.19,-0.3378,1.0004,0.0338
10.415,-0.1082,-0.3073,1.0007,-0.1899,-0.3378,1.0003,0.0335
10.42,-0.1086,-0.3073,1.0007,-0.1901,-0.3379,1.0001,0.0331
10.425,-0.109,-0.3073,1.0008,-0.1904,-0.338,1.0002,0.0327
10.43,-0.1094,-0.3073,1.0009,-0.1907,-0.338,1.0005,0.0323
10.435,-0.1098,-0.3073,1.0009,-0.1911,-0.3379,1.0006,0.032
10.44,-0.1102,-0.3073,1.001,-0.1914,-0.338,1.0007,0.0316
10.445,-0.1106,-0.3073,1.0011,-0.1917,-0.3382,1.0009,0.0312
10.45,-0.111,-0.3073,1.0011,-0.192,-0.3381,1.001,0.0308
10.455,-0.1114,-0.3073,1.0012,-0.1924,-0.3383,1.0012,0.0304
10.46,-0.1118,-0.3073,1.0013,-0.1928,-0.3383,1.0007,0.03
10.465,-0.1122,-0.3073,1.0013,-0.1931,-0.3383,1.0007,0.0296
10.47,-0.1126,-0.3073,1.0014,-0.1934,-0.3384,1.0008,0.0292
10.475,-0.1131,-0.3072,1.0014,-0.1936,-0.3382,1.0009,0.0288
10.48,-0.1135,-0.3072,1.0015,-0.1939,-0.3384,1.001,0.0284
10.485,-0.1139,-0.3072,1.0015,-0.1939,-0.3384,1.0008,0.028
10.49,-0.1144,-0.3072,1.0016,-0.194,-0.3383,1.0011,0.0276
10.495,-0.1148,-0.3072,1.0016,-0.1944,-0.3383,1.0011,0.0272
10.5,-0.1152,-0.3072,1.0017,-0.1947,-0.3383,1.0014,0.0268
10.505,-0.1157,-0.3072,1.0017,-0.1949,-0.3384,1.0016,0.0264
10.51,-0.1161,-0.3072,1.0017,-0.195,-0.3383,1.0017,0.026
10.515,-0.1165,-0.3072,1.0018,-0.1952,-0.3382,1.0018,0.0256
10.52,-0.117,-0.3072,1.0018,-0.1957,-0.3382,1.0016,0.0252
10.525,-0.1174,-0.3072,1.0018,-0.196,-0.338,1.0017,0.0248
10.53,-0.1179,-0.3072,1.0018,-0.1964,-0.338,1.0018,0.0243
10.535,-0.1183,-0.3072,1.0019,-0.1966,-0.3379,1.0021,0.0239
10.54,-0.1188,-0.3072,1.0019,-0.197,-0.3378,1.0021,0.0235
10.545,-0.1192,-0.3072,1.0019,-0.1975,-0.338,1.0023,0.0231
10.55,-0.1197,-0.3072,1.0019,-0.1979,-0.338,1.0022,0.0227
10.555,-0.1202,-0.3072,1.0019,-0.1982,-0.338,1.0022,0.0223
10.56,-0.1206,-0.3072,1.0019,-0.1985,-0.3381,1.0021,0.0219
10.565,-0.1211,-0.3072,1.0019,-0.1986,-0.3379,1.0021,0.0214
10.57,-0.1216,-0.3072,1.0019,-0.1987,-0.3379,1.0021,0.021
10.575,-0.122,-0.3072,1.0019,-0.199,-0.3378,1.0023,0.0206
10.58,-0.1225,-0.3072,1.0019,-0.1992,-0.3377,1.0022,0.0202
10.585,-0.123,-0.3072,1.0019,-0.1994,-0.3376,1.0023,0.0198
10.59,-0.1234,-0.3072,1.0019,-0.1998,-0.3377,1.0022,0.0194
10.595,-0.1239,-0.3072,1.0019,-0.2001,-0.3376,1.0022,0.0189
10.6,-0.1244,-0.3072,1.0018,-0.2004,-0.3377,1.002,0.0185
10.605,-0.1249,-0.3072,1.0018,-0.2006,-0.3377,1.0021,0.0181
10.61,-0.1254,-0.3072,1.0018,-0.201,-0.3375,1.0019,0.0177
10.615,-0.1258,-0.3072,1.0018,-0.2012,-0.3376,1.0018,0.0173
10.62,-0.1263,-0.3072,1.0017,-0.2015,-0.3375,1.0019,0.0169
10.625,-0.1268,-0.3072,1.0017,-0.2018,-0.3376,1.0019,0.0165
10.63,-0.1273,-0.3072,1.0017,-0.202,-0.3375,1.0017,0.0161
10.635,-0.1278,-0.3072,1.0017,-0.2024,-0.3372,1.0017,0.0157
10.64,-0.1283,-0.3072,1.0016,-0.2028,-0.3371,1.0017,0.0153
10.645,-0.1288,-0.3072,1.0016,-0.203,-0.337,1.0016,0.0149
10.65,-0.1293,-0.3072,1.0016,-0.2032,-0.3372,1.0016,0.0145
10.655,-0.1298,-0.3072,1.0016,-0.2035,-0.3374,1.0017,0.0142
10.66,-0.1303,-0.3072,1.0015,-0.2035,-0.3374,1.0017,0.0138
10.665,-0.1308,-0.3072,1.0015,-0.2039,-0.3374,1.0018,0.0134
10.67,-0.1313,-0.3072,1.0015,-0.2041,-0.3374,1.0015,0.0131
10.675,-0.1318,-0.3072,1.0015,-0.2044,-0.3376,1.0015,0.0128
10.68,-0.1323,-0.3072,1.0015,-0.2047,-0.3378,1.0014,0.0124
10.685,-0.1328,-0.3072,1.0015,-0.2052,-0.3379,1.0012,0.0121
10.69,-0.1333,-0.3072,1.0015,-0.2056,-0.3381,1.0012,0.0118
10.695,-0.1338,-0.3072,1.0015,-0.206,-0.3383,1.0011,0.0115
10.7,-0.1343,-0.3072,1.0015,-0.2062,-0.3384,1.0011,0.0112
10.705,-0.1348,-0.3072,1.0015,-0.2065,-0.3382,1.001,0.0109
10.71,-0.1353,-0.3072,1.0015,-0.2069,-0.3383,1.0011,0.0107
10.715,-0.1358,-0.3072,1.0015,-0.2072,-0.3383,1.001,0.0104
10.72,-0.1363,-0.3072,1.0015,-0.2075,-0.3384,1.0008,0.0102
10.725,-0.1368,-0.3072,1.0015,-0.2079,-0.3384,1.0006,0.01
10.73,-0.1373,-0.3072,1.0015,-0.2082,-0.3384,1.0007,0.0099
10.735,-0.1378,-0.3072,1.0016,-0.2086,-0.3385,1.0005,0.0097
10.74,-0.1384,-0.3072,1.0016,-0.209,-0.3386,1.0009,0.0096
10.745,-0.1389,-0.3072,1.0016,-0.2094,-0.3387,1.0009,0.0095
10.75,-0.1394,-0.3072,1.0017,-0.2098,-0.3387,1.0012,0.0094
10.755,-0.1399,-0.3073,1.0017,-0.2101,-0.3388,1.0012,0.0094
10.76,-0.1404,-0.3073,1.0018,-0.2104,-0.3388,1.0014,0.0093
10.765,-0.1409,-0.3073,1.0018,-0.2106,-0.3389,1.0012,0.0094
10.77,-0.1414,-0.3073,1.0019,-0.2108,-0.3389,1.0011,0.0094
10.775,-0.142,-0.3073,1.002,-0.2111,-0.339,1.0013,0.0095
10.78,-0.1425,-0.3073,1.002,-0.2114,-0.339,1.0014,0.0096
10.785,-0.143,-0.3073,1.0021,-0.2118,-0.3391,1.0015,0.0097
10.79,-0.1435,-0.3073,1.0022,-0.2121,-0.339,1.0015,0.0098
10.795,-0.144,-0.3073,1.0022,-0.2125,-0.3391,1.0016,0.01
10.8,-0.1445,-0.3073,1.0023,-0.2128,-0.3392,1.0015,0.0102
10.805,-0.1451,-0.3073,1.0024,-0.2133,-0.3393,1.0016,0.0104
10.81,-0.1456,-0.3074,1.0025,-0.2138,-0.3395,1.0017,0.0106
10.815,-0.1461,-0.3074,1.0026,-0.2144,-0.3397,1.0013,0.0109
10.82,-0.1466,-0.3074,1.0027,-0.2146,-0.3398,1.0012,0.0112
10.825,-0.1471,-0.3074,1.0028,-0.2149,-0.34,1.0015,0.0114
10.83,-0.1477,-0.3074,1.0029,-0.215,-0.34,1.0015,0.0118
10.835,-0.1482,-0.3074,1.0029,-0.2154,-0.34,1.0015,0.0121
10.84,-0.1487,-0.3074,1.003,-0.2156,-0.3398,1.0012,0.0124
10.845,-0.1492,-0.3074,1.0031,-0.2158,-0.3398,1.0013,0.0128
10.85,-0.1497,-0.3075,1.0032,-0.2158,-0.3398,1.0013,0.0131
10.855,-0.1503,-0.3075,1.0033,-0.216,-0.3398,1.0016,0.0135
10.86,-0.1508,-0.3075,1.0034,-0.2161,-0.3398,1.0017,0.0139
10.865,-0.1513,-0.3075,1.0035,-0.2165,-0.3396,1.0017,0.0142
10.87,-0.1518,-0.3075,1.0036,-0.2169,-0.3397,1.0018,0.0146
10.875,-0.1523,-0.3075,1.0037,-0.217,-0.3396,1.002,0.015
10.88,-0.1528,-0.3076,1.0038,-0.2176,-0.3396,1.0021,0.0154
10.885,-0.1534,-0.3076,1.0039,-0.2181,-0.3396,1.0023,0.0158
10.89,-0.1539,-0.3076,1.004,-0.2185,-0.3395,1.0025,0.0163
10.895,-0.1544,-0.3076,1.0041,-0.219,-0.3394,1.0023,0.0167
10.9,-0.1549,-0.3076,1.0042,-0.2196,-0.3395,1.0027,0.0171
10.905,-0.1554,-0.3076,1.0042,-0.2199,-0.3398,1.0026,0.0175
10.91,-0.1559,-0.3077,1.0043,-0.2204,-0.3399,1.0027,0.018
10.915,-0.1565,-0.3077,1.0044,-0.2206,-0.34,1.0026,0.0184
10.92,-0.157,-0.3077,1.0045,-0.2209,-0.34,1.0028,0.0189
10.925,-0.1575,-0.3077,1.0045,-0.2212,-0.3398,1.003,0.0193
10.93,-0.158,-0.3077,1.0046,-0.2216,-0.3399,1.0031,0.0198
10.935,-0.1585,-0.3078,1.0047,-0.2219,-0.3398,1.0032,0.0202
10.94,-0.159,-0.3078,1.0047,-0.2221,-0.3397,1.0033,0.0207
10.945,-0.1595,-0.3078,1.0048,-0.2224,-0.3398,1.0035,0.0211
10.95,-0.16,-0.3078,1.0048,-0.2228,-0.3397,1.0036,0.0216
10.955,-0.1605,-0.3078,1.0049,-0.223,-0.3396,1.0038,0.022
10.96,-0.1611,-0.3079,1.0049,-0.2233,-0.3395,1.0041,0.0225
10.965,-0.1616,-0.3079,1.0049,-0.2237,-0.3394,1.0041,0.0229
10.97,-0.1621,-0.3079,1.0049,-0.2241,-0.3393,1.0042,0.0234
10.975,-0.1626,-0.3079,1.005,-0.2243,-0.3393,1.0042,0.0239
10.98,-0.1631,-0.308,1.005,-0.2248,-0.3393,1.0045,0.0243
10.985,-0.1636,-0.308,1.005,-0.2252,-0.3392,1.0046,0.0248
10.99,-0.1641,-0.308,1.005,-0.2256,-0.3392,1.0048,0.0252
10.995,-0.1646,-0.308,1.005,-0.2257,-0.339,1.005,0.0257
11.0,-0.1651,-0.308,1.0049,-0.2259,-0.3391,1.005,0.0262
11.005,-0.1656,-0.3081,1.0049,-0.2262,-0.3391,1.0049,0.0266
11.01,-0.1661,-0.3081,1.0049,-0.2265,-0.3392,1.0052,0.0271
11.015,-0.1666,-0.3081,1.0049,-0.2267,-0.3393,1.0054,0.0276
11.02,-0.1671,-0.3081,1.0048,-0.227,-0.3392,1.0054,0.028
11.025,-0.1676,-0.3082,1.0048,-0.2274,-0.3392,1.0053,0.0285
11.03,-0.168,-0.3082,1.0047,-0.2276,-0.3391,1.0052,0.029
11.035,-0.1685,-0.3082,1.0046,-0.2281,-0.339,1.0055,0.0294
11.04,-0.169,-0.3082,1.0046,-0.2284,-0.3392,1.0056,0.0299
11.045,-0.1695,-0.3082,1.0045,-0.2287,-0.3391,1.0056,0.0303
11.05,-0.17,-0.3083,1.0044,-0.2291,-0.3389,1.0057,0.0308
11.055,-0.1705,-0.3083,1.0043,-0.2294,-0.3389,1.0058,0.0313
11.06,-0.171,-0.3083,1.0042,-0.2298,-0.339,1.0059,0.0317
11.065,-0.1714,-0.3083,1.0041,-0.2303,-0.3389,1.0061,0.0322
11.07,-0.1719,-0.3084,1.004,-0.2304,-0.3391,1.0061,0.0326
11.075,-0.1724,-0.3084,1.0039,-0.231,-0.3391,1.0063,0.0331
11.08,-0.1729,-0.3084,1.0038,-0.2311,-0.3392,1.0062,0.0336
11.085,-0.1734,-0.3084,1.0036,-0.2312,-0.3391,1.006,0.034
11.09,-0.1738,-0.3085,1.0035,-0.2314,-0.3392,1.0061,0.0345
11.095,-0.1743,-0.3085,1.0034,-0.2316,-0.3393,1.0064,0.0349
11.1,-0.1748,-0.3085,1.0032,-0.2318,-0.3393,1.0063,0.0354
11.105,-0.1752,-0.3085,1.0031,-0.2321,-0.3394,1.0062,0.0358
11.11,-0.1757,-0.3085,1.003,-0.2323,-0.3394,1.0061,0.0363
11.115,-0.1762,-0.3086,1.0028,-0.2327,-0.3394,1.0058,0.0367
11.12,-0.1766,-0.3086,1.0027,-0.2332,-0.3394,1.0057,0.0372
11.125,-0.1771,-0.3086,1.0025,-0.2334,-0.3395,1.0054,0.0376
11.13,-0.1775,-0.3086,1.0023,-0.2336,-0.3395,1.0051,0.038
11.135,-0.178,-0.3087,1.0022,-0.2341,-0.3395,1.0051,0.0385
11.14,-0.1784,-0.3087,1.002,-0.2344,-0.3395,1.005,0.0389
11.145,-0.1789,-0.3087,1.0019,-0.2351,-0.3395,1.0048,0.0393
11.15,-0.1793,-0.3087,1.0017,-0.2356,-0.3396,1.0044,0.0398
11.155,-0.1798,-0.3088,1.0016,-0.2363,-0.3397,1.004,0.0402
11.16,-0.1802,-0.3088,1.0014,-0.2367,-0.3396,1.004,0.0406
11.165,-0.1807,-0.3088,1.0012,-0.2371,-0.3396,1.0037,0.0411
11.17,-0.1811,-0.3088,1.0011,-0.2375,-0.3398,1.0037,0.0415
11.175,-0.1815,-0.3089,1.0009,-0.2377,-0.3398,1.0034,0.0419
11.18,-0.182,-0.3089,1.0008,-0.2381,-0.3398,1.0033,0.0424
11.185,-0.1824,-0.3089,1.0007,-0.2383,-0.34,1.0031,0.0428
11.19,-0.1828,-0.3089,1.0005,-0.2387,-0.3399,1.0028,0.0432
11.195,-0.1833,-0.309,1.0004,-0.2387,-0.3399,1.0027,0.0436
11.2,-0.1837,-0.309,1.0003,-0.2389,-0.3398,1.0026,0.044
11.205,-0.1841,-0.309,1.0002,-0.2392,-0.3398,1.0025,0.0444
11.21,-0.1845,-0.309,1.0,-0.2395,-0.3399,1.0025,0.0448
11.215,-0.185,-0.3091,0.9999,-0.2396,-0.34,1.0022,0.0453
11.22,-0.1854,-0.3091,0.9998,-0.2398,-0.34,1.0023,0.0457
11.225,-0.1858,-0.3091,0.9997,-0.2401,-0.34,1.0023,0.0461
11.23,-0.1862,-0.3091,0.9997,-0.2403,-0.3399,1.0021,0.0465
11.235,-0.1866,-0.3092,0.9996,-0.2407,-0.3399,1.0016,0.0469
11.24,-0.187,-0.3092,0.9995,-0.2409,-0.3399,1.0015,0.0473
11.245,-0.1874,-0.3092,0.9994,-0.2412,-0.3399,1.0013,0.0477
11.25,-0.1878,-0.3092,0.9994,-0.2416,-0.34,1.0011,0.048
11.255,-0.1882,-0.3093,0.9993,-0.2419,-0.34,1.001,0.0484
11.26,-0.1886,-0.3093,0.9993,-0.242,-0.3401,1.0008,0.0488
11.265,-0.189,-0.3093,0.9992,-0.2422,-0.3401,1.0009,0.0492
11.27,-0.1894,-0.3093,0.9992,-0.2424,-0.3402,1.0008,0.0496
11.275,-0.1898,-0.3094,0.9992,-0.2426,-0.3402,1.0005,0.05
11.28,-0.1902,-0.3094,0.9992,-0.243,-0.3404,1.0006,0.0503
11.285,-0.1905,-0.3094,0.9992,-0.243,-0.3405,1.0007,0.0507
11.29,-0.1909,-0.3094,0.9991,-0.2431,-0.3406,1.0008,0.0511
11.295,-0.1913,-0.3095,0.9991,-0.2433,-0.3407,1.0006,0.0514
11.3,-0.1917,-0.3095,0.9992,-0.2435,-0.3409,1.0003,0.0518
11.305,-0.192,-0.3095,0.9992,-0.2437,-0.3408,1.0004,0.0522
11.31,-0.1924,-0.3095,0.9992,-0.2439,-0.3408,1.0004,0.0525
11.315,-0.1928,-0.3096,0.9992,-0.2442,-0.3406,1.0005,0.0529
11.32,-0.1931,-0.3096,0.9992,-0.2445,-0.3406,1.0003,0.0532
11.325,-0.1935,-0.3096,0.9992,-0.2448,-0.3404,1.0002,0.0536
11.33,-0.1938,-0.3096,0.9993,-0.2451,-0.3402,1.0002,0.0539
11.335,-0.1942,-0.3097,0.9993,-0.2452,-0.3403,1.0001,0.0543
11.34,-0.1945,-0.3097,0.9993,-0.2455,-0.3403,1.0001,0.0546
11.345,-0.1949,-0.3097,0.9994,-0.2456,-0.3403,1.0003,0.0549
11.35,-0.1952,-0.3097,0.9994,-0.2457,-0.3404,1.0006,0.0553
11.355,-0.1955,-0.3098,0.9995,-0.2457,-0.3403,1.0004,0.0556
11.36,-0.1959,-0.3098,0.9995,-0.2459,-0.3404,1.0004,0.0559
11.365,-0.1962,-0.3098,0.9996,-0.2461,-0.3405,1.0002,0.0563
11.37,-0.1965,-0.3099,0.9996,-0.2462,-0.3407,1.0002,0.0566
11.375,-0.1968,-0.3099,0.9997,-0.2463,-0.341,1.0002,0.0569
11.38,-0.1972,-0.3099,0.9997,-0.2465,-0.3411,1.0001,0.0572
11.385,-0.1975,-0.3099,0.9998,-0.2466,-0.3413,1.0001,0.0575
11.39,-0.1978,-0.31,0.9998,-0.2468,-0.3414,1.0002,0.0578
11.395,-0.1981,-0.31,0.9999,-0.247,-0.3414,1.0001,0.0581
11.4,-0.1984,-0.31,0.9999,-0.2473,-0.3416,1.0,0.0584
11.405,-0.1987,-0.31,0.9999,-0.2472,-0.3416,1.0001,0.0587
11.41,-0.199,-0.31,1.0,-0.2476,-0.3416,1.0005,0.059
11.415,-0.1993,-0.3101,1.0,-0.2478,-0.3415,1.0004,0.0593
11.42,-0.1996,-0.3101,1.0001,-0.2481,-0.3414,1.0006,0.0596
11.425,-0.1999,-0.3101,1.0001,-0.2483,-0.3414,1.0006,0.0599
11.43,-0.2002,-0.3101,1.0001,-0.2483,-0.3412,1.0005,0.0602
11.435,-0.2004,-0.3102,1.0002,-0.2487,-0.3411,1.0006,0.0604
11.44,-0.2007,-0.3102,1.0002,-0.2489,-0.341,1.0005,0.0607
11.445,-0.201,-0.3102,1.0002,-0.249,-0.3409,1.0004,0.061
11.45,-0.2013,-0.3102,1.0002,-0.2493,-0.3408,1.0004,0.0612
11.455,-0.2015,-0.3103,1.0003,-0.2496,-0.3409,1.0005,0.0615
11.46,-0.2018,-0.3103,1.0003,-0.2499,-0.3408,1.0005,0.0618
11.465,-0.202,-0.3103,1.0003,-0.2499,-0.3408,1.0002,0.062
11.47,-0.2023,-0.3103,1.0003,-0.2499,-0.3409,1.0006,0.0623
11.475,-0.2026,-0.3104,1.0003,-0.2501,-0.3411,1.0003,0.0625
11.48,-0.2028,-0.3104,1.0003,-0.2502,-0.3412,1.0003,0.0628
11.485,-0.203,-0.3104,1.0003,-0.2504,-0.3414,1.0007,0.063
11.49,-0.2033,-0.3104,1.0003,-0.2506,-0.3414,1.0007,0.0632
11.495,-0.2035,-0.3104,1.0002,-0.2507,-0.3414,1.0007,0.0635
11.5,-0.2038,-0.3105,1.0002,-0.251,-0.3414,1.0006,0.0637
11.505,-0.204,-0.3105,1.0002,-0.2512,-0.3413,1.0005,0.0639
11.51,-0.2042,-0.3105,1.0002,-0.2514,-0.3412,1.0003,0.0642
11.515,-0.2044,-0.3105,1.0001,-0.2515,-0.3412,1.0002,0.0644
11.52,-0.2046,-0.3106,1.0001,-0.2517,-0.3413,1.0002,0.0646
11.525,-0.2049,-0.3106,1.0001,-0.2517,-0.3412,1.0001,0.0648
11.53,-0.2051,-0.3106,1.0,-0.252,-0.3412,0.9999,0.065
11.535,-0.2053,-0.3106,1.0,-0.2522,-0.3412,1.0001,0.0652
11.54,-0.2055,-0.3106,0.9999,-0.2523,-0.3412,1.0002,0.0654
11.545,-0.2057,-0.3107,0.9999,-0.2527,-0.3411,1.0,0.0656
11.55,-0.2059,-0.3107,0.9998,-0.2531,-0.3411,1.0001,0.0658
11.555,-0.2061,-0.3107,0.9998,-0.2534,-0.3411,1.0,0.066
11.56,-0.2063,-0.3107,0.9997,-0.2536,-0.3411,0.9998,0.0662
11.565,-0.2064,-0.3107,0.9997,-0.2538,-0.3411,0.9999,0.0664
11.57,-0.2066,-0.3107,0.9996,-0.2541,-0.3413,0.9998,0.0665
11.575,-0.2068,-0.3108,0.9995,-0.2542,-0.3415,0.9997,0.0667
11.58,-0.207,-0.3108,0.9995,-0.2543,-0.3417,0.9995,0.0669
11.585,-0.2071,-0.3108,0.9994,-0.2545,-0.3419,0.9996,0.0671
11.59,-0.2073,-0.3108,0.9993,-0.2546,-0.342,0.9996,0.0672
11.595,-0.2075,-0.3108,0.9993,-0.2545,-0.3423,0.9996,0.0674
11.6,-0.2076,-0.3109,0.9992,-0.2546,-0.3424,0.9992,0.0675
11.605,-0.2078,-0.3109,0.9992,-0.2546,-0.3426,0.9995,0.0677
11.61,-0.2079,-0.3109,0.9991,-0.2545,-0.3428,0.9996,0.0678
11.615,-0.2081,-0.3109,0.999,-0.2546,-0.3428,0.9998,0.068
11.62,-0.2082,-0.3109,0.999,-0.2547,-0.3429,0.9999,0.0681
11.625,-0.2084,-0.3109,0.9989,-0.2546,-0.3428,0.9998,0.0683
11.63,-0.2085,-0.311,0.9989,-0.2548,-0.3429,0.9997,0.0684
11.635,-0.2086,-0.311,0.9988,-0.2549,-0.3431,0.9999,0.0685
11.64,-0.2088,-0.311,0.9988,-0.2551,-0.343,0.9996,0.0687
11.645,-0.2089,-0.311,0.9987,-0.2552,-0.3432,0.9999,0.0688
11.65,-0.209,-0.311,0.9987,-0.2555,-0.3431,0.9999,0.0689
11.655,-0.2091,-0.311,0.9987,-0.2555,-0.343,0.9998,0.069
11.66,-0.2093,-0.3111,0.9986,-0.2556,-0.343,0.9995,0.0691
11.665,-0.2094,-0.3111,0.9986,-0.2557,-0.3428,0.9993,0.0692
11.67,-0.2095,-0.3111,0.9985,-0.2555,-0.3429,0.9992,0.0693
11.675,-0.2096,-0.3111,0.9985,-0.2555,-0.3429,0.9994,0.0694
11.68,-0.2097,-0.3111,0.9985,-0.2555,-0.3428,0.9993,0.0695
11.685,-0.2098,-0.3111,0.9985,-0.2554,-0.3426,0.9994,0.0696
11.69,-0.2099,-0.3111,0.9984,-0.2555,-0.3427,0.9995,0.0697
11.695,-0.2099,-0.3112,0.9984,-0.2556,-0.3427,0.9997,0.0698
11.7,-0.21,-0.3112,0.9984,-0.2557,-0.3428,0.9995,0.0699
11.705,-0.2101,-0.3112,0.9984,-0.2559,-0.343,0.9996,0.07
11.71,-0.2102,-0.3112,0.9984,-0.2562,-0.3431,0.9997,0.07
11.715,-0.2103,-0.3112,0.9984,-0.2563,-0.343,0.9995,0.0701
11.72,-0.2103,-0.3112,0.9984,-0.2564,-0.3431,0.9991,0.0702
11.725,-0.2104,-0.3112,0.9984,-0.2565,-0.3429,0.9992,0.0702
11.73,-0.2104,-0.3113,0.9984,-0.2566,-0.3427,0.9991,0.0703
11.735,-0.2105,-0.3113,0.9984,-0.2568,-0.3425,0.999,0.0704
11.74,-0.2106,-0.3113,0.9984,-0.2568,-0.3425,0.999,0.0704
11.745,-0.2106,-0.3113,0.9984,-0.2569,-0.3425,0.999,0.0705
11.75,-0.2106,-0.3113,0.9985,-0.2569,-0.3426,0.9987,0.0705
11.755,-0.2107,-0.3113,0.9985,-0.2569,-0.3427,0.9987,0.0705
11.76,-0.2107,-0.3113,0.9985,-0.2571,-0.3427,0.9986,0.0706
11.765,-0.2108,-0.3113,0.9985,-0.2569,-0.3426,0.9988,0.0706
11.77,-0.2108,-0.3113,0.9986,-0.2569,-0.3426,0.999,0.0706
11.775,-0.2108,-0.3114,0.9986,-0.2568,-0.3427,0.999,0.0707
11.78,-0.2108,-0.3114,0.9987,-0.2567,-0.3426,0.9993,0.0707
11.785,-0.2109,-0.3114,0.9987,-0.2566,-0.3425,0.9992,0.0707
11.79,-0.2109,-0.3114,0.9988,-0.2564,-0.3424,0.9995,0.0707
11.795,-0.2109,-0.3114,0.9988,-0.2564,-0.3424,0.9995,0.0707
11.8,-0.2109,-0.3114,0.9989,-0.2564,-0.3421,0.9994,0.0707
11.805,-0.2109,-0.3114,0.9989,-0.2562,-0.3419,0.9992,0.0707
11.81,-0.2109,-0.3114,0.999,-0.2562,-0.3418,0.9989,0.0707
11.815,-0.2109,-0.3114,0.999,-0.2561,-0.3417,0.9988,0.0707
11.82,-0.2109,-0.3114,0.9991,-0.2561,-0.3415,0.9986,0.0707
11.825,-0.2109,-0.3114,0.9992,-0.2562,-0.3413,0.9987,0.0707
11.83,-0.2109,-0.3114,0.9992,-0.2562,-0.3414,0.9985,0.0707
11.835,-0.2108,-0.3114,0.9993,-0.2562,-0.3414,0.9985,0.0707
11.84,-0.2108,-0.3114,0.9993,-0.2564,-0.3413,0.9986,0.0707
11.845,-0.2108,-0.3114,0.9994,-0.2566,-0.3415,0.9985,0.0706
11.85,-0.2108,-0.3115,0.9995,-0.2567,-0.3413,0.9987,0.0706
11.855,-0.2107,-0.3115,0.9996,-0.2567,-0.3413,0.9986,0.0706
11.86,-0.2107,-0.3115,0.9996,-0.2567,-0.3414,0.9985,0.0705
11.865,-0.2106,-0.3115,0.9997,-0.2568,-0.3414,0.9986,0.0705
11.87,-0.2106,-0.3115,0.9998,-0.2566,-0.3414,0.9988,0.0704
11.875,-0.2106,-0.3115,0.9999,-0.2564,-0.3414,0.9989,0.0704
11.88,-0.2105,-0.3115,0.9999,-0.2563,-0.3414,0.9989,0.0703
11.885,-0.2104,-0.3115,1.0,-0.2561,-0.3414,0.9989,0.0703
11.89,-0.2104,-0.3115,1.0001,-0.2559,-0.3414,0.9989,0.0702
11.895,-0.2103,-0.3115,1.0002,-0.2558,-0.3415,0.9991,0.0702
11.9,-0.2103,-0.3115,1.0002,-0.2556,-0.3417,0.9992,0.0701
11.905,-0.2102,-0.3115,1.0003,-0.2553,-0.3417,0.9994,0.07
11.91,-0.2101,-0.3114,1.0004,-0.2549,-0.3417,0.9996,0.07
11.915,-0.21,-0.3114,1.0005,-0.2551,-0.3419,0.9995,0.0699
11.92,-0.2099,-0.3114,1.0005,-0.2551,-0.3417,0.9997,0.0698
11.925,-0.2099,-0.3114,1.0006,-0.2549,-0.3416,1.0002,0.0697
11.93,-0.2098,-0.3114,1.0007,-0.2548,-0.3414,1.0003,0.0696
11.935,-0.2097,-0.3114,1.0007,-0.2548,-0.3415,1.0004,0.0695
11.94,-0.2096,-0.3114,1.0008,-0.2549,-0.3412,1.0006,0.0694
11.945,-0.2095,-0.3114,1.0009,-0.255,-0.3414,1.0006,0.0693
11.95,-0.2094,-0.3114,1.0009,-0.2551,-0.3413,1.0007,0.0692
11.955,-0.2093,-0.3114,1.001,-0.2551,-0.3415,1.0011,0.0691
11.96,-0.2091,-0.3114,1.001,-0.2552,-0.3414,1.0011,0.069
11.965,-0.209,-0.3114,1.0011,-0.2552,-0.3413,1.0012,0.0689
11.97,-0.2089,-0.3114,1.0011,-0.2552,-0.3411,1.0013,0.0688
11.975,-0.2088,-0.3114,1.0011,-0.2551,-0.3411,1.0014,0.0686
11.98,-0.2086,-0.3113,1.0012,-0.2551,-0.3412,1.0015,0.0685
11.985,-0.2085,-0.3113,1.0012,-0.2552,-0.3413,1.0013,0.0684
11.99,-0.2084,-0.3113,1.0012,-0.255,-0.3413,1.0012,0.0682
11.995,-0.2082,-0.3113,1.0012,-0.255,-0.3411,1.0012,0.0681
12.0,-0.2081,-0.3113,1.0013,-0.2546,-0.341,1.0011,0.068
12.005,-0.208,-0.3113,1.0013,-0.2545,-0.341,1.0011,0.0678
12.01,-0.2078,-0.3113,1.0013,-0.2544,-0.3411,1.0011,0.0677
12.015,-0.2077,-0.3112,1.0013,-0.2543,-0.3409,1.0011,0.0675
12.02,-0.2075,-0.3112,1.0013,-0.2543,-0.3411,1.0012,0.0674
12.025,-0.2073,-0.3112,1.0012,-0.2545,-0.3411,1.0013,0.0672
12.03,-0.2072,-0.3112,1.0012,-0.2545,-0.3411,1.0015,0.0671
12.035,-0.207,-0.3112,1.0012,-0.2544,-0.341,1.0016,0.0669
12.04,-0.2068,-0.3111,1.0012,-0.2545,-0.341,1.0017,0.0667
12.045,-0.2067,-0.3111,1.0012,-0.2543,-0.341,1.0019,0.0666
12.05,-0.2065,-0.3111,1.0011,-0.2542,-0.3411,1.0018,0.0664
12.055,-0.2063,-0.3111,1.0011,-0.2542,-0.341,1.0017,0.0662
12.06,-0.2061,-0.3111,1.0011,-0.254,-0.3408,1.0016,0.066
12.065,-0.206,-0.311,1.001,-0.2539,-0.3408,1.0014,0.0659
12.07,-0.2058,-0.311,1.001,-0.254,-0.3408,1.0014,0.0657
12.075,-0.2056,-0.311,1.0009,-0.2539,-0.3411,1.0012,0.0655
12.08,-0.2054,-0.311,1.0009,-0.2539,-0.341,1.0013,0.0653
12.085,-0.2052,-0.3109,1.0008,-0.2539,-0.3411,1.0014,0.0651
12.09,-0.205,-0.3109,1.0008,-0.2538,-0.3411,1.0014,0.0649
12.095,-0.2048,-0.3109,1.0007,-0.2538,-0.3411,1.0014,0.0647
12.1,-0.2046,-0.3109,1.0007,-0.2537,-0.3411,1.0011,0.0645
12.105,-0.2044,-0.3108,1.0006,-0.2539,-0.3411,1.001,0.0643
12.11,-0.2042,-0.3108,1.0006,-0.2539,-0.3412,1.001,0.0641
12.115,-0.2039,-0.3108,1.0005,-0.2537,-0.3413,1.0009,0.0639
12.12,-0.2037,-0.3107,1.0005,-0.2536,-0.3412,1.0013,0.0637
12.125,-0.2035,-0.3107,1.0004,-0.2533,-0.3413,1.0013,0.0634
12.13,-0.2033,-0.3107,1.0003,-0.2532,-0.3414,1.0012,0.0632
12.135,-0.2031,-0.3107,1.0003,-0.2529,-0.3415,1.0009,0.063
12.14,-0.2028,-0.3106,1.0002,-0.2527,-0.3417,1.001,0.0628
12.145,-0.2026,-0.3106,1.0002,-0.2526,-0.3417,1.0013,0.0625
12.15,-0.2024,-0.3106,1.0001,-0.2524,-0.3418,1.001,0.0623
12.155,-0.2021,-0.3105,1.0001,-0.2524,-0.342,1.001,0.0621
12.16,-0.2019,-0.3105,1.0,-0.2524,-0.342,1.0007,0.0618
12.165,-0.2016,-0.3105,1.0,-0.2523,-0.342,1.0006,0.0616
12.17,-0.2014,-0.3104,0.9999,-0.2521,-0.3419,1.0004,0.0614
12.175,-0.2011,-0.3104,0.9999,-0.252,-0.3418,1.0007,0.0611
12.18,-0.2009,-0.3104,0.9998,-0.2518,-0.3418,1.0005,0.0609
12.185,-0.2006,-0.3103,0.9998,-0.2517,-0.3416,1.0004,0.0606
12.19,-0.2004,-0.3103,0.9997,-0.2516,-0.3415,1.0002,0.0604
12.195,-0.2001,-0.3103,0.9997,-0.2513,-0.3414,1.0002,0.0601
12.2,-0.1999,-0.3102,0.9996,-0.2513,-0.3415,1.0,0.0599
12.205,-0.1996,-0.3102,0.9996,-0.2513,-0.3417,1.0002,0.0596
12.21,-0.1993,-0.3102,0.9996,-0.2512,-0.3417,1.0003,0.0593
12.215,-0.1991,-0.3101,0.9995,-0.2509,-0.3416,1.0002,0.0591
12.22,-0.1988,-0.3101,0.9995,-0.2508,-0.3418,1.0,0.0588
12.225,-0.1985,-0.31,0.9995,-0.2504,-0.3418,1.0,0.0585
12.23,-0.1982,-0.31,0.9995,-0.25,-0.3417,1.0,0.0583
12.235,-0.198,-0.31,0.9995,-0.2497,-0.3418,0.9997,0.058
12.24,-0.1977,-0.3099,0.9994,-0.2494,-0.3418,0.9996,0.0577
12.245,-0.1974,-0.3099,0.9994,-0.2493,-0.3415,0.9995,0.0574
12.25,-0.1971,-0.3099,0.9994,-0.2491,-0.3413,0.9995,0.0572
12.255,-0.1968,-0.3098,0.9994,-0.249,-0.3413,0.9995,0.0569
12.26,-0.1965,-0.3098,0.9994,-0.2488,-0.3411,0.9996,0.0566
12.265,-0.1962,-0.3097,0.9995,-0.2487,-0.341,0.9994,0.0563
12.27,-0.1959,-0.3097,0.9995,-0.2486,-0.341,0.9995,0.056
12.275,-0.1956,-0.3097,0.9995,-0.2486,-0.3409,0.9995,0.0557
12.28,-0.1953,-0.3096,0.9995,-0.2485,-0.341,0.9994,0.0554
12.285,-0.195,-0.3096,0.9995,-0.2483,-0.3413,0.9993,0.0551
12.29,-0.1947,-0.3095,0.9996,-0.248,-0.3414,0.9993,0.0548
12.295,-0.1944,-0.3095,0.9996,-0.2478,-0.3414,0.9993,0.0545
12.3,-0.1941,-0.3095,0.9996,-0.2475,-0.3417,0.9994,0.0542
12.305,-0.1938,-0.3094,0.9997,-0.2472,-0.3418,0.9994,0.0539
12.31,-0.1935,-0.3094,0.9997,-0.247,-0.3421,0.9993,0.0536
12.315,-0.1932,-0.3093,0.9997,-0.2467,-0.3422,0.9996,0.0533
12.32,-0.1929,-0.3093,0.9998,-0.2465,-0.3421,0.9996,0.053
12.325,-0.1925,-0.3093,0.9998,-0.2462,-0.342,0.9996,0.0527
12.33,-0.1922,-0.3092,0.9999,-0.2462,-0.3418,0.9999,0.0524
12.335,-0.1919,-0.3092,0.9999,-0.2462,-0.3416,0.9999,0.0521
12.34,-0.1916,-0.3091,1.0,-0.2462,-0.3416,0.9996,0.0518
12.345,-0.1912,-0.3091,1.0,-0.246,-0.3414,0.9998,0.0514
12.35,-0.1909,-0.3091,1.0001,-0.2458,-0.3414,0.9997,0.0511
12.355,-0.1906,-0.309,1.0001,-0.2456,-0.3414,0.9999,0.0508
12.36,-0.1902,-0.309,1.0002,-0.2454,-0.3412,1.0,0.0505
12.365,-0.1899,-0.3089,1.0002,-0.2452,-0.3411,1.0,0.0502
12.37,-0.1896,-0.3089,1.0003,-0.2448,-0.341,1.0001,0.0498
12.375,-0.1892,-0.3088,1.0003,-0.2445,-0.3411,1.0004,0.0495
12.38,-0.1889,-0.3088,1.0004,-0.2443,-0.3411,1.0004,0.0492
12.385,-0.1886,-0.3088,1.0004,-0.244,-0.3411,1.0002,0.0489
12.39,-0.1882,-0.3087,1.0005,-0.2437,-0.3412,1.0002,0.0485
12.395,-0.1879,-0.3087,1.0005,-0.2435,-0.3412,1.0002,0.0482
12.4,-0.1875,-0.3086,1.0005,-0.2432,-0.3412,1.0002,0.0479
12.405,-0.1872,-0.3086,1.0006,-0.2431,-0.3412,1.0001,0.0475
12.41,-0.1868,-0.3085,1.0006,-0.2429,-0.3412,1.0001,0.0472
12.415,-0.1865,-0.3085,1.0006,-0.2425,-0.3412,1.0003,0.0468
12.42,-0.1861,-0.3085,1.0007,-0.2424,-0.3411,1.0003,0.0465
12.425,-0.1858,-0.3084,1.0007,-0.2424,-0.3411,1.0003,0.0462
12.43,-0.1854,-0.3084,1.0007,-0.2423,-0.3409,1.0003,0.0458
12.435,-0.1851,-0.3083,1.0007,-0.2422,-0.3406,1.0005,0.0455
12.44,-0.1847,-0.3083,1.0008,-0.242,-0.3405,1.0002,0.0451
12.445,-0.1843,-0.3083,1.0008,-0.2417,-0.3403,1.0005,0.0448
12.45,-0.184,-0.3082,1.0008,-0.2414,-0.3402,1.0005,0.0444
12.455,-0.1836,-0.3082,1.0008,-0.241,-0.3402,1.0006,0.0441
12.46,-0.1833,-0.3081,1.0008,-0.2408,-0.3403,1.0008,0.0438
12.465,-0.1829,-0.3081,1.0008,-0.2405,-0.3402,1.0008,0.0434
12.47,-0.1825,-0.308,1.0008,-0.2403,-0.3401,1.0009,0.0431
12.475,-0.1822,-0.308,1.0008,-0.24,-0.3401,1.0009,0.0427
12.48,-0.1818,-0.308,1.0008,-0.2396,-0.3401,1.001,0.0424
12.485,-0.1814,-0.3079,1.0008,-0.2394,-0.3401,1.001,0.042
12.49,-0.1811,-0.3079,1.0008,-0.2392,-0.3402,1.0009,0.0417
12.495,-0.1807,-0.3078,1.0008,-0.239,-0.3401,1.001,0.0413
12.5,-0.1803,-0.3078,1.0008,-0.2388,-0.34,1.0008,0.0409
12.505,-0.18,-0.3078,1.0008,-0.2386,-0.3399,1.0011,0.0406
12.51,-0.1796,-0.3077,1.0008,-0.2385,-0.3398,1.0012,0.0402
12.515,-0.1792,-0.3077,1.0008,-0.2383,-0.3398,1.0009,0.0399
12.52,-0.1788,-0.3076,1.0008,-0.238,-0.3397,1.0007,0.0395
12.525,-0.1785,-0.3076,1.0008,-0.2377,-0.3395,1.0006,0.0392
12.53,-0.1781,-0.3075,1.0007,-0.2372,-0.3394,1.0005,0.0388
12.535,-0.1777,-0.3075,1.0007,-0.237,-0.3394,1.0004,0.0385
12.54,-0.1773,-0.3075,1.0007,-0.2367,-0.3394,1.0006,0.0381
12.545,-0.1769,-0.3074,1.0007,-0.2364,-0.3393,1.0004,0.0377
12.55,-0.1766,-0.3074,1.0006,-0.2362,-0.3393,1.0004,0.0374
12.555,-0.1762,-0.3073,1.0006,-0.236,-0.3394,1.0003,0.037
12.56,-0.1758,-0.3073,1.0006,-0.2357,-0.3395,1.0003,0.0367
12.565,-0.1754,-0.3072,1.0005,-0.2355,-0.3395,1.0004,0.0363
12.57,-0.175,-0.3072,1.0005,-0.2352,-0.3396,1.0005,0.0359
12.575,-0.1747,-0.3072,1.0005,-0.2348,-0.3395,1.0009,0.0356
12.58,-0.1743,-0.3071,1.0004,-0.2346,-0.3396,1.001,0.0352
12.585,-0.1739,-0.3071,1.0004,-0.2343,-0.3394,1.001,0.0349
12.59,-0.1735,-0.307,1.0004,-0.2339,-0.3391,1.0011,0.0345
12.595,-0.1731,-0.307,1.0003,-0.2337,-0.3388,1.0012,0.0341
12.6,-0.1727,-0.307,1.0003,-0.2334,-0.3385,1.0012,0.0338
12.605,-0.1723,-0.3069,1.0003,-0.233,-0.3384,1.0009,0.0334
12.61,-0.1719,-0.3069,1.0002,-0.233,-0.3384,1.0008,0.0331
12.615,-0.1716,-0.3068,1.0002,-0.2328,-0.3385,1.0008,0.0327
12.62,-0.1712,-0.3068,1.0002,-0.2325,-0.3384,1.0006,0.0324
12.625,-0.1708,-0.3067,1.0001,-0.2321,-0.3384,1.0009,0.032
12.63,-0.1704,-0.3067,1.0001,-0.2317,-0.3385,1.0009,0.0316
12.635,-0.17,-0.3067,1.0001,-0.2314,-0.3386,1.0008,0.0313
12.64,-0.1696,-0.3066,1.0,-0.2309,-0.3386,1.0009,0.0309
12.645,-0.1692,-0.3066,1.0,-0.2305,-0.3386,1.0008,0.0306
12.65,-0.1688,-0.3065,1.0,-0.2304,-0.3387,1.0008,0.0302
12.655,-0.1684,-0.3065,0.9999,-0.2302,-0.3384,1.0008,0.0299
12.66,-0.168,-0.3065,0.9999,-0.23,-0.3384,1.0009,0.0295
12.665,-0.1677,-0.3064,0.9999,-0.2298,-0.3385,1.0007,0.0292
12.67,-0.1673,-0.3064,0.9999,-0.2296,-0.3385,1.0006,0.0288
12.675,-0.1669,-0.3063,0.9998,-0.2295,-0.3384,1.0007,0.0284
12.68,-0.1665,-0.3063,0.9998,-0.2294,-0.3383,1.0008,0.0281
12.685,-0.1661,-0.3062,0.9998,-0.2293,-0.3381,1.0008,0.0277
12.69,-0.1657,-0.3062,0.9998,-0.2291,-0.3381,1.001,0.0274
12.695,-0.1653,-0.3062,0.9998,-0.229,-0.338,1.0007,0.0271
12.7,-0.1649,-0.3061,0.9998,-0.2287,-0.338,1.0009,0.0267
12.705,-0.1645,-0.3061,0.9997,-0.2283,-0.338,1.001,0.0264
12.71,-0.1641,-0.306,0.9997,-0.228,-0.3378,1.001,0.026
12.715,-0.1637,-0.306,0.9997,-0.2277,-0.338,1.001,0.0257
12.72,-0.1633,-0.306,0.9997,-0.2273,-0.338,1.0012,0.0253
12.725,-0.1629,-0.3059,0.9997,-0.2268,-0.3382,1.0012,0.025
12.73,-0.1625,-0.3059,0.9997,-0.2262,-0.3384,1.0012,0.0247
12.735,-0.1622,-0.3058,0.9997,-0.2257,-0.3382,1.0009,0.0243
12.74,-0.1618,-0.3058,0.9997,-0.2251,-0.3382,1.0007,0.024
12.745,-0.1614,-0.3057,0.9997,-0.2246,-0.3384,1.0005,0.0237
12.75,-0.161,-0.3057,0.9997,-0.2241,-0.3386,1.0007,0.0233
12.755,-0.1606,-0.3057,0.9997,-0.224,-0.3385,1.0008,0.023
12.76,-0.1602,-0.3056,0.9997,-0.2238,-0.3386,1.001,0.0227
12.765,-0.1598,-0.3056,0.9997,-0.2236,-0.3388,1.0012,0.0224
12.77,-0.1594,-0.3055,0.9997,-0.2234,-0.3387,1.0011,0.022
12.775,-0.159,-0.3055,0.9997,-0.2234,-0.3385,1.0012,0.0217
12.78,-0.1586,-0.3055,0.9997,-0.2232,-0.3385,1.0012,0.0214
12.785,-0.1582,-0.3054,0.9997,-0.223,-0.3384,1.0012,0.0211
12.79,-0.1578,-0.3054,0.9997,-0.2229,-0.3381,1.0009,0.0208
12.795,-0.1574,-0.3054,0.9997,-0.2227,-0.3376,1.001,0.0205
12.8,-0.1571,-0.3053,0.9997,-0.2223,-0.3376,1.0009,0.0202
12.805,-0.1567,-0.3053,0.9997,-0.2219,-0.3375,1.0007,0.0199
12.81,-0.1563,-0.3052,0.9997,-0.2217,-0.3375,1.0005,0.0196
12.815,-0.1559,-0.3052,0.9997,-0.2213,-0.3375,1.0006,0.0193
12.82,-0.1555,-0.3052,0.9997,-0.2207,-0.3375,1.0005,0.019
12.825,-0.1551,-0.3051,0.9997,-0.2204,-0.3375,1.0006,0.0187
12.83,-0.1547,-0.3051,0.9997,-0.2199,-0.3375,1.0007,0.0184
12.835,-0.1543,-0.305,0.9997,-0.2195,-0.3376,1.0007,0.0181
12.84,-0.1539,-0.305,0.9998,-0.2192,-0.3377,1.0005,0.0179
12.845,-0.1535,-0.305,0.9998,-0.219,-0.3378,1.0004,0.0176
12.85,-0.1532,-0.3049,0.9998,-0.2186,-0.3376,1.0005,0.0173
12.855,-0.1528,-0.3049,0.9998,-0.2183,-0.3376,1.0006,0.0171
12.86,-0.1524,-0.3048,0.9998,-0.2181,-0.3375,1.0005,0.0168
12.865,-0.152,-0.3048,0.9998,-0.2179,-0.3373,1.0004,0.0166
12.87,-0.1516,-0.3048,0.9998,-0.2178,-0.3372,1.0001,0.0163
12.875,-0.1512,-0.3047,0.9998,-0.2175,-0.337,0.9999,0.0161
12.88,-0.1508,-0.3047,0.9998,-0.2175,-0.3369,1.0001,0.0159
12.885,-0.1505,-0.3046,0.9998,-0.2172,-0.3367,1.0002,0.0157
12.89,-0.1501,-0.3046,0.9998,-0.2168,-0.3365,1.0004,0.0154
12.895,-0.1497,-0.3046,0.9999,-0.2166,-0.3363,1.0004,0.0152
12.9,-0.1493,-0.3045,0.9999,-0.2162,-0.3363,1.0003,0.015
12.905,-0.1489,-0.3045,0.9999,-0.216,-0.3361,1.0005,0.0148
12.91,-0.1485,-0.3045,0.9999,-0.2157,-0.3362,1.0004,0.0147
12.915,-0.1482,-0.3044,0.9999,-0.2154,-0.3361,1.0005,0.0145
12.92,-0.1478,-0.3044,0.9999,-0.2151,-0.3363,1.0003,0.0143
12.925,-0.1474,-0.3043,0.9999,-0.2146,-0.3363,1.0006,0.0142
12.93,-0.147,-0.3043,1.0,-0.2141,-0.3363,1.0009,0.014
12.935,-0.1466,-0.3043,1.0,-0.2137,-0.3363,1.0009,0.0139
12.94,-0.1463,-0.3042,1.0,-0.2134,-0.3362,1.0007,0.0137
12.945,-0.1459,-0.3042,1.0,-0.2131,-0.3362,1.0009,0.0136
12.95,-0.1455,-0.3041,1.0,-0.2129,-0.3362,1.0011,0.0135
12.955,-0.1451,-0.3041,1.0001,-0.2127,-0.336,1.0008,0.0134
12.96,-0.1448,-0.3041,1.0001,-0.2127,-0.3358,1.001,0.0133
12.965,-0.1444,-0.304,1.0001,-0.2124,-0.3356,1.0009,0.0132
12.97,-0.144,-0.304,1.0001,-0.2122,-0.3354,1.0009,0.0132
12.975,-0.1436,-0.3039,1.0001,-0.2118,-0.3351,1.0009,0.0131
12.98,-0.1433,-0.3039,1.0001,-0.2117,-0.3348,1.0007,0.013
12.985,-0.1429,-0.3039,1.0001,-0.2114,-0.3346,1.0006,0.013
12.99,-0.1425,-0.3038,1.0002,-0.2112,-0.3345,1.0005,0.013
12.995,-0.1422,-0.3038,1.0002,-0.211,-0.3345,1.0007,0.013
13.0,-0.1418,-0.3037,1.0002,-0.2108,-0.3343,1.0007,0.013
13.005,-0.1414,-0.3037,1.0002,-0.2106,-0.3344,1.001,0.013
13.01,-0.1411,-0.3036,1.0002,-0.2106,-0.3347,1.001,0.013
13.015,-0.1407,-0.3036,1.0002,-0.2104,-0.3348,1.0009,0.013
13.02,-0.1403,-0.3036,1.0002,-0.2102,-0.335,1.0009,0.013
13.025,-0.14,-0.3035,1.0002,-0.21,-0.3351,1.0009,0.0131
13.03,-0.1396,-0.3035,1.0003,-0.2098,-0.3353,1.0009,0.0132
13.035,-0.1393,-0.3034,1.0003,-0.2096,-0.3353,1.0011,0.0132
13.04,-0.1389,-0.3034,1.0003,-0.2093,-0.3353,1.0012,0.0133
13.045,-0.1385,-0.3033,1.0003,-0.2091,-0.3352,1.0011,0.0134
13.05,-0.1382,-0.3033,1.0003,-0.2088,-0.3351,1.0013,0.0135
13.055,-0.1378,-0.3032,1.0003,-0.2086,-0.335,1.001,0.0136
13.06,-0.1375,-0.3032,1.0003,-0.2084,-0.3346,1.0008,0.0137
13.065,-0.1371,-0.3032,1.0003,-0.2083,-0.3344,1.0009,0.0138
13.07,-0.1368,-0.3031,1.0003,-0.2082,-0.3341,1.001,0.014
13.075,-0.1364,-0.3031,1.0004,-0.2079,-0.334,1.0009,0.0141
13.08,-0.1361,-0.303,1.0004,-0.2076,-0.3341,1.001,0.0142
13.085,-0.1357,-0.303,1.0004,-0.2073,-0.3342,1.0011,0.0144
13.09,-0.1354,-0.3029,1.0004,-0.2071,-0.3344,1.0009,0.0145
13.095,-0.1351,-0.3029,1.0004,-0.2069,-0.3345,1.0009,0.0147
13.1,-0.1347,-0.3028,1.0004,-0.2066,-0.3344,1.0008,0.0149
13.105,-0.1344,-0.3028,1.0004,-0.2063,-0.3346,1.0006,0.0151
13.11,-0.134,-0.3027,1.0004,-0.2059,-0.3346,1.0005,0.0152
13.115,-0.1337,-0.3027,1.0004,-0.2055,-0.3346,1.0006,0.0154
13.12,-0.1334,-0.3026,1.0005,-0.2052,-0.3347,1.0007,0.0156
13.125,-0.1331,-0.3026,1.0005,-0.2048,-0.3348,1.0007,0.0158
13.13,-0.1327,-0.3025,1.0005,-0.2044,-0.3346,1.0008,0.016
13.135,-0.1324,-0.3025,1.0005,-0.2042,-0.3346,1.0009,0.0162
13.14,-0.1321,-0.3024,1.0005,-0.2039,-0.3347,1.0007,0.0164
13.145,-0.1317,-0.3024,1.0006,-0.2036,-0.3348,1.0006,0.0166
13.15,-0.1314,-0.3023,1.0006,-0.2035,-0.3348,1.0004,0.0168
13.155,-0.1311,-0.3023,1.0006,-0.2031,-0.3347,1.0006,0.017
13.16,-0.1308,-0.3022,1.0006,-0.2029,-0.3347,1.0005,0.0173
13.165,-0.1305,-0.3022,1.0007,-0.2028,-0.3348,1.0002,0.0175
13.17,-0.1302,-0.3021,1.0007,-0.2026,-0.3346,1.0002,0.0177
13.175,-0.1298,-0.3021,1.0007,-0.2023,-0.3346,1.0002,0.0179
13.18,-0.1295,-0.302,1.0007,-0.2021,-0.3344,1.0002,0.0182
13.185,-0.1292,-0.302,1.0008,-0.2019,-0.3343,1.0,0.0184
13.19,-0.1289,-0.3019,1.0008,-0.2016,-0.3343,0.9999,0.0186
13.195,-0.1286,-0.3019,1.0009,-0.2015,-0.3344,1.0001,0.0188
13.2,-0.1283,-0.3018,1.0009,-0.2012,-0.3342,0.9999,0.0191
13.205,-0.128,-0.3018,1.0009,-0.2011,-0.3343,1.0002,0.0193
13.21,-0.1277,-0.3017,1.001,-0.201,-0.3342,1.0003,0.0195
13.215,-0.1274,-0.3017,1.001,-0.2008,-0.3344,1.0005,0.0198
13.22,-0.1271,-0.3016,1.0011,-0.2007,-0.3346,1.0008,0.02
13.225,-0.1268,-0.3016,1.0011,-0.2007,-0.3347,1.0006,0.0203
13.23,-0.1265,-0.3015,1.0012,-0.2005,-0.3347,1.0004,0.0205
13.235,-0.1262,-0.3014,1.0012,-0.2005,-0.3347,1.0002,0.0207
13.24,-0.1259,-0.3014,1.0013,-0.2003,-0.3348,1.0,0.021
13.245,-0.1256,-0.3013,1.0013,-0.2001,-0.3348,1.0001,0.0212
13.25,-0.1254,-0.3013,1.0014,-0.2,-0.3347,0.9998,0.0214
13.255,-0.1251,-0.3012,1.0015,-0.1997,-0.3345,0.9998,0.0217
13.26,-0.1248,-0.3012,1.0015,-0.1994,-0.3345,0.9999,0.0219
13.265,-0.1245,-0.3011,1.0016,-0.1993,-0.3343,1.0001,0.0221
13.27,-0.1242,-0.3011,1.0016,-0.199,-0.3343,1.0002,0.0224
13.275,-0.124,-0.301,1.0017,-0.1987,-0.3342,1.0002,0.0226
13.28,-0.1237,-0.301,1.0018,-0.1986,-0.334,1.0006,0.0228
13.285,-0.1234,-0.3009,1.0018,-0.1985,-0.334,1.0007,0.0231
13.29,-0.1232,-0.3009,1.0019,-0.1984,-0.3339,1.001,0.0233
13.295,-0.1229,-0.3008,1.002,-0.1983,-0.3339,1.0009,0.0235
13.3,-0.1226,-0.3008,1.0021,-0.1983,-0.3338,1.0009,0.0238
13.305,-0.1224,-0.3007,1.0021,-0.1983,-0.3339,1.0011,0.024
13.31,-0.1221,-0.3007,1.0022,-0.1982,-0.334,1.0014,0.0242
13.315,-0.1219,-0.3006,1.0023,-0.198,-0.334,1.0015,0.0245
13.32,-0.1216,-0.3005,1.0023,-0.1979,-0.334,1.002,0.0247
13.325,-0.1213,-0.3005,1.0024,-0.1977,-0.3341,1.0019,0.0249
13.33,-0.1211,-0.3004,1.0025,-0.1976,-0.3342,1.002,0.0251
13.335,-0.1209,-0.3004,1.0026,-0.1975,-0.3345,1.0021,0.0254
13.34,-0.1206,-0.3003,1.0026,-0.1973,-0.3345,1.0023,0.0256
13.345,-0.1204,-0.3003,1.0027,-0.1972,-0.3344,1.0023,0.0258
13.35,-0.1201,-0.3002,1.0028,-0.1972,-0.3343,1.0024,0.026
13.355,-0.1199,-0.3002,1.0028,-0.1969,-0.3343,1.0024,0.0262
13.36,-0.1197,-0.3001,1.0029,-0.1969,-0.3341,1.0026,0.0265
13.365,-0.1194,-0.3001,1.0029,-0.1967,-0.334,1.0026,0.0267
13.37,-0.1192,-0.3,1.003,-0.1966,-0.3338,1.0028,0.0269
13.375,-0.119,-0.3,1.0031,-0.1963,-0.3336,1.0028,0.0271
13.38,-0.1187,-0.2999,1.0031,-0.1962,-0.3336,1.0028,0.0273
13.385,-0.1185,-0.2999,1.0032,-0.1959,-0.3336,1.0027,0.0275
13.39,-0.1183,-0.2998,1.0032,-0.196,-0.3336,1.0026,0.0277
13.395,-0.1181,-0.2998,1.0032,-0.1958,-0.3335,1.0026,0.0279
13.4,-0.1179,-0.2997,1.0033,-0.1957,-0.3335,1.0025,0.0281
13.405,-0.1177,-0.2996,1.0033,-0.1955,-0.3333,1.0023,0.0283
13.41,-0.1175,-0.2996,1.0034,-0.1953,-0.3332,1.0022,0.0285
13.415,-0.1173,-0.2995,1.0034,-0.1952,-0.3331,1.0024,0.0287
13.42,-0.1171,-0.2995,1.0034,-0.1949,-0.3331,1.0027,0.0289
13.425,-0.1169,-0.2994,1.0034,-0.1947,-0.3331,1.0028,0.0291
13.43,-0.1167,-0.2994,1.0035,-0.1946,-0.3331,1.0028,0.0293
13.435,-0.1165,-0.2993,1.0035,-0.1945,-0.333,1.003,0.0295
13.44,-0.1163,-0.2993,1.0035,-0.1944,-0.333,1.0031,0.0297
13.445,-0.1161,-0.2992,1.0035,-0.1942,-0.3329,1.0033,0.0298
13.45,-0.1159,-0.2992,1.0036,-0.194,-0.3329,1.0033,0.03
13.455,-0.1157,-0.2991,1.0036,-0.1938,-0.3327,1.0036,0.0302
13.46,-0.1155,-0.2991,1.0036,-0.1936,-0.3325,1.0034,0.0304
13.465,-0.1153,-0.299,1.0036,-0.1936,-0.3323,1.0033,0.0306
13.47,-0.1152,-0.299,1.0036,-0.1936,-0.3323,1.0035,0.0307
13.475,-0.115,-0.2989,1.0036,-0.1933,-0.3323,1.0033,0.0309
13.48,-0.1148,-0.2989,1.0036,-0.1931,-0.3323,1.003,0.0311
13.485,-0.1146,-0.2988,1.0036,-0.1931,-0.3324,1.003,0.0313
13.49,-0.1145,-0.2988,1.0037,-0.1932,-0.3323,1.0031,0.0314
13.495,-0.1143,-0.2987,1.0037,-0.1933,-0.3324,1.0031,0.0316
13.5,-0.1142,-0.2987,1.0037,-0.1933,-0.3324,1.003,0.0318
13.505,-0.114,-0.2986,1.0037,-0.1932,-0.3325,1.0031,0.0319
13.51,-0.1138,-0.2985,1.0037,-0.193,-0.3327,1.0031,0.0321
13.515,-0.1137,-0.2985,1.0037,-0.1929,-0.3328,1.0033,0.0322
13.52,-0.1135,-0.2984,1.0037,-0.1926,-0.3329,1.0034,0.0324
13.525,-0.1134,-0.2984,1.0037,-0.1925,-0.3329,1.0034,0.0325
13.53,-0.1132,-0.2983,1.0037,-0.1926,-0.333,1.0032,0.0327
13.535,-0.1131,-0.2983,1.0037,-0.1925,-0.3329,1.0034,0.0328
13.54,-0.113,-0.2982,1.0037,-0.1924,-0.3326,1.0035,0.033
13.545,-0.1128,-0.2982,1.0037,-0.1923,-0.3325,1.0034,0.0331
13.55,-0.1127,-0.2981,1.0037,-0.1923,-0.3323,1.0034,0.0333
13.555,-0.1125,-0.2981,1.0038,-0.1922,-0.3323,1.0032,0.0334
13.56,-0.1124,-0.298,1.0038,-0.1922,-0.332,1.0031,0.0335
13.565,-0.1123,-0.298,1.0038,-0.192,-0.332,1.0032,0.0337
13.57,-0.1122,-0.2979,1.0038,-0.1918,-0.332,1.0031,0.0338
13.575,-0.112,-0.2979,1.0038,-0.1917,-0.332,1.003,0.0339
13.58,-0.1119,-0.2978,1.0038,-0.1916,-0.332,1.0027,0.0341
13.585,-0.1118,-0.2978,1.0038,-0.1914,-0.3318,1.0026,0.0342
13.59,-0.1117,-0.2977,1.0039,-0.1912,-0.3318,1.0024,0.0343
13.595,-0.1116,-0.2977,1.0039,-0.1912,-0.3319,1.0021,0.0344
13.6,-0.1115,-0.2976,1.0039,-0.1912,-0.3318,1.0023,0.0345
13.605,-0.1114,-0.2976,1.0039,-0.1911,-0.3319,1.0023,0.0347
13.61,-0.1113,-0.2975,1.004,-0.191,-0.332,1.0024,0.0348
13.615,-0.1112,-0.2975,1.004,-0.1911,-0.3321,1.0024,0.0349
13.62,-0.1111,-0.2974,1.004,-0.191,-0.332,1.0024,0.035
13.625,-0.111,-0.2974,1.0041,-0.1909,-0.3318,1.0023,0.0351
13.63,-0.1109,-0.2973,1.0041,-0.191,-0.3318,1.0021,0.0352
13.635,-0.1108,-0.2973,1.0041,-0.1908,-0.3318,1.0019,0.0353
13.64,-0.1107,-0.2972,1.0042,-0.1908,-0.3318,1.0021,0.0354
13.645,-0.1106,-0.2972,1.0042,-0.1907,-0.3316,1.0023,0.0355
13.65,-0.1105,-0.2971,1.0043,-0.1907,-0.3315,1.0026,0.0356
13.655,-0.1104,-0.2971,1.0043,-0.1905,-0.3314,1.0029,0.0357
13.66,-0.1104,-0.297,1.0044,-0.1904,-0.3314,1.0028,0.0358
13.665,-0.1103,-0.297,1.0044,-0.1905,-0.3313,1.0028,0.0359
13.67,-0.1102,-0.297,1.0045,-0.1905,-0.3312,1.0028,0.036
13.675,-0.1102,-0.2969,1.0045,-0.1905,-0.3311,1.0029,0.036
13.68,-0.1101,-0.2969,1.0046,-0.1905,-0.3312,1.0029,0.0361
13.685,-0.11,-0.2968,1.0046,-0.1905,-0.3312,1.0031,0.0362
13.69,-0.11,-0.2968,1.0047,-0.1905,-0.3313,1.0031,0.0363
13.695,-0.1099,-0.2967,1.0047,-0.1905,-0.3312,1.0032,0.0364
13.7,-0.1099,-0.2967,1.0048,-0.1903,-0.3313,1.0031,0.0364
13.705,-0.1098,-0.2966,1.0048,-0.1904,-0.3313,1.0032,0.0365
13.71,-0.1097,-0.2966,1.0049,-0.1904,-0.3311,1.0032,0.0366
13.715,-0.1097,-0.2965,1.0049,-0.1901,-0.3311,1.0031,0.0366
13.72,-0.1097,-0.2965,1.005,-0.1898,-0.3311,1.0034,0.0367
13.725,-0.1096,-0.2964,1.005,-0.1897,-0.3311,1.0035,0.0368
13.73,-0.1096,-0.2964,1.0051,-0.1896,-0.3313,1.004,0.0368
13.735,-0.1095,-0.2963,1.0051,-0.1894,-0.3312,1.0043,0.0369
13.74,-0.1095,-0.2963,1.0051,-0.1893,-0.3312,1.0045,0.0369
13.745,-0.1095,-0.2962,1.0052,-0.1892,-0.3312,1.0043,0.037
13.75,-0.1094,-0.2962,1.0052,-0.189,-0.3312,1.0043,0.037
13.755,-0.1094,-0.2962,1.0052,-0.1889,-0.3313,1.0043,0.0371
13.76,-0.1094,-0.2961,1.0053,-0.189,-0.3313,1.0046,0.0371
13.765,-0.1094,-0.2961,1.0053,-0.189,-0.3312,1.0048,0.0372
13.77,-0.1094,-0.296,1.0053,-0.189,-0.3312,1.0049,0.0372
13.775,-0.1093,-0.296,1.0053,-0.189,-0.3314,1.0048,0.0372
13.78,-0.1093,-0.2959,1.0053,-0.1891,-0.3315,1.0048,0.0373
13.785,-0.1093,-0.2959,1.0053,-0.189,-0.3314,1.0046,0.0373
13.79,-0.1093,-0.2958,1.0053,-0.1888,-0.3314,1.0047,0.0373
13.795,-0.1093,-0.2958,1.0053,-0.1887,-0.3313,1.0046,0.0374
13.8,-0.1093,-0.2958,1.0053,-0.1886,-0.3311,1.0046,0.0374
13.805,-0.1093,-0.2957,1.0053,-0.1887,-0.3311,1.0044,0.0374
13.81,-0.1093,-0.2957,1.0053,-0.1889,-0.331,1.0047,0.0374
13.815,-0.1093,-0.2956,1.0052,-0.189,-0.3308,1.0047,0.0375
13.82,-0.1093,-0.2956,1.0052,-0.1892,-0.3307,1.0047,0.0375
13.825,-0.1093,-0.2956,1.0051,-0.1894,-0.3306,1.0046,0.0375
13.83,-0.1093,-0.2955,1.0051,-0.1894,-0.3306,1.0045,0.0375
13.835,-0.1093,-0.2955,1.0051,-0.1894,-0.3305,1.0044,0.0375
13.84,-0.1093,-0.2955,1.005,-0.1894,-0.3305,1.0043,0.0375
13.845,-0.1094,-0.2954,1.0049,-0.1895,-0.3306,1.0043,0.0375
13.85,-0.1094,-0.2954,1.0049,-0.1895,-0.3305,1.0044,0.0375
13.855,-0.1094,-0.2953,1.0048,-0.1895,-0.3303,1.0046,0.0375
13.86,-0.1094,-0.2953,1.0047,-0.1896,-0.3304,1.0044,0.0375
13.865,-0.1095,-0.2953,1.0047,-0.1895,-0.3303,1.0042,0.0375
13.87,-0.1095,-0.2952,1.0046,-0.1897,-0.3304,1.0044,0.0375
13.875,-0.1095,-0.2952,1.0045,-0.1896,-0.3305,1.0041,0.0375
13.88,-0.1096,-0.2952,1.0044,-0.1896,-0.3306,1.0038,0.0375
13.885,-0.1096,-0.2951,1.0043,-0.1895,-0.3305,1.0038,0.0375
13.89,-0.1096,-0.2951,1.0042,-0.1892,-0.3304,1.0038,0.0375
13.895,-0.1097,-0.2951,1.0041,-0.1892,-0.3304,1.0037,0.0375
13.9,-0.1097,-0.295,1.0041,-0.1892,-0.3303,1.004,0.0375
13.905,-0.1098,-0.295,1.004,-0.1893,-0.3304,1.004,0.0374
13.91,-0.1098,-0.295,1.0039,-0.1894,-0.3304,1.0035,0.0374
13.915,-0.1099,-0.2949,1.0038,-0.1896,-0.3304,1.0038,0.0374
13.92,-0.1099,-0.2949,1.0037,-0.1899,-0.3305,1.0036,0.0374
13.925,-0.11,-0.2949,1.0036,-0.1901,-0.3305,1.0036,0.0373
13.93,-0.11,-0.2948,1.0035,-0.1902,-0.3305,1.0036,0.0373
13.935,-0.1101,-0.2948,1.0034,-0.1905,-0.3304,1.0036,0.0373
13.94,-0.1102,-0.2948,1.0033,-0.1905,-0.3303,1.0034,0.0373
13.945,-0.1102,-0.2947,1.0032,-0.1905,-0.3303,1.0035,0.0372
13.95,-0.1103,-0.2947,1.0031,-0.1907,-0.3303,1.0033,0.0372
13.955,-0.1104,-0.2947,1.0031,-0.1908,-0.3303,1.0031,0.0371
13.96,-0.1105,-0.2946,1.003,-0.191,-0.3303,1.003,0.0371
13.965,-0.1105,-0.2946,1.0029,-0.1909,-0.3303,1.0028,0.037
13.97,-0.1106,-0.2946,1.0028,-0.1909,-0.3303,1.0029,0.037
13.975,-0.1107,-0.2946,1.0027,-0.1909,-0.3303,1.0027,0.0369
13.98,-0.1108,-0.2945,1.0027,-0.1909,-0.3303,1.0026,0.0369
13.985,-0.1109,-0.2945,1.0026,-0.1907,-0.3305,1.0027,0.0368
13.99,-0.111,-0.2945,1.0025,-0.1906,-0.3308,1.0026,0.0368
13.995,-0.1111,-0.2944,1.0025,-0.1906,-0.3308,1.0029,0.0367
14.0,-0.1112,-0.2944,1.0024,-0.1905,-0.3308,1.0029,0.0367
14.005,-0.1113,-0.2944,1.0024,-0.1905,-0.3309,1.0027,0.0366
14.01,-0.1114,-0.2944,1.0023,-0.1906,-0.3309,1.0023,0.0365
14.015,-0.1115,-0.2943,1.0023,-0.1906,-0.3309,1.0023,0.0365
14.02,-0.1116,-0.2943,1.0022,-0.1907,-0.3308,1.0023,0.0364
14.025,-0.1117,-0.2943,1.0022,-0.1909,-0.3307,1.0023,0.0363
14.03,-0.1118,-0.2943,1.0021,-0.1908,-0.3306,1.0022,0.0363
14.035,-0.1119,-0.2943,1.0021,-0.1909,-0.3306,1.002,0.0362
14.04,-0.112,-0.2942,1.0021,-0.1911,-0.3306,1.0018,0.0361
14.045,-0.1121,-0.2942,1.002,-0.1911,-0.3304,1.0014,0.036
14.05,-0.1122,-0.2942,1.002,-0.1911,-0.3305,1.0017,0.036
14.055,-0.1123,-0.2942,1.002,-0.1912,-0.3305,1.0015,0.0359
14.06,-0.1125,-0.2942,1.002,-0.1912,-0.3305,1.0016,0.0358
14.065,-0.1126,-0.2941,1.0019,-0.1913,-0.3306,1.0015,0.0357
14.07,-0.1127,-0.2941,1.0019,-0.1911,-0.3306,1.0015,0.0356
14.075,-0.1129,-0.2941,1.0019,-0.1913,-0.3306,1.0015,0.0355
14.08,-0.113,-0.2941,1.0019,-0.1911,-0.3307,1.0016,0.0354
14.085,-0.1131,-0.2941,1.0019,-0.1911,-0.3307,1.0014,0.0353
14.09,-0.1132,-0.2941,1.0019,-0.1912,-0.3307,1.0017,0.0353
14.095,-0.1134,-0.294,1.0019,-0.1913,-0.3305,1.0016,0.0352
14.1,-0.1135,-0.294,1.0019,-0.1912,-0.3305,1.0015,0.0351
14.105,-0.1137,-0.294,1.0019,-0.1913,-0.3307,1.0015,0.035
14.11,-0.1138,-0.294,1.0019,-0.1914,-0.3307,1.0014,0.0349
14.115,-0.114,-0.294,1.0019,-0.1915,-0.3308,1.0015,0.0348
14.12,-0.1141,-0.294,1.0019,-0.1916,-0.3307,1.0016,0.0347
14.125,-0.1142,-0.294,1.0019,-0.1918,-0.3307,1.0019,0.0346
14.13,-0.1144,-0.294,1.0019,-0.1919,-0.3308,1.002,0.0344
14.135,-0.1145,-0.2939,1.0019,-0.1922,-0.3308,1.0022,0.0343
14.14,-0.1147,-0.2939,1.0019,-0.1923,-0.3307,1.0021,0.0342
14.145,-0.1149,-0.2939,1.0019,-0.1923,-0.331,1.0022,0.0341
14.15,-0.115,-0.2939,1.0019,-0.1924,-0.3309,1.0026,0.034
14.155,-0.1152,-0.2939,1.0019,-0.1922,-0.3309,1.0023,0.0339
14.16,-0.1153,-0.2939,1.0019,-0.1923,-0.3308,1.0023,0.0338
14.165,-0.1155,-0.2939,1.0019,-0.1924,-0.3307,1.0025,0.0337
14.17,-0.1157,-0.2939,1.0019,-0.1925,-0.3307,1.0024,0.0335
14.175,-0.1158,-0.2939,1.0019,-0.1923,-0.3305,1.0024,0.0334
14.18,-0.116,-0.2939,1.0018,-0.1925,-0.3305,1.0025,0.0333
14.185,-0.1162,-0.2939,1.0018,-0.1928,-0.3304,1.0025,0.0332
14.19,-0.1163,-0.2939,1.0018,-0.193,-0.3303,1.0025,0.0331
14.195,-0.1165,-0.2939,1.0018,-0.1931,-0.3303,1.0024,0.0329
14.2,-0.1167,-0.2939,1.0018,-0.1933,-0.3302,1.0024,0.0328
14.205,-0.1169,-0.2939,1.0017,-0.1933,-0.3303,1.0024,0.0327
14.21,-0.117,-0.2938,1.0017,-0.1933,-0.3304,1.0023,0.0326
14.215,-0.1172,-0.2938,1.0017,-0.1935,-0.3303,1.0024,0.0324
14.22,-0.1174,-0.2938,1.0016,-0.1936,-0.3303,1.0023,0.0323
14.225,-0.1176,-0.2938,1.0016,-0.1937,-0.3302,1.002,0.0322
14.23,-0.1178,-0.2938,1.0015,-0.1938,-0.3304,1.002,0.0321
14.235,-0.1179,-0.2938,1.0015,-0.1939,-0.3306,1.002,0.0319
14.24,-0.1181,-0.2938,1.0014,-0.194,-0.3307,1.0019,0.0318
14.245,-0.1183,-0.2938,1.0014,-0.194,-0.3306,1.0018,0.0317
14.25,-0.1185,-0.2938,1.0013,-0.194,-0.3305,1.0018,0.0315
14.255,-0.1187,-0.2938,1.0013,-0.1942,-0.3305,1.0019,0.0314
14.26,-0.1189,-0.2938,1.0012,-0.1943,-0.3307,1.0017,0.0313
14.265,-0.1191,-0.2939,1.0012,-0.1945,-0.3307,1.0017,0.0311
14.27,-0.1193,-0.2939,1.0011,-0.1945,-0.3304,1.0021,0.031
14.275,-0.1195,-0.2939,1.0011,-0.1946,-0.3305,1.0022,0.0309
14.28,-0.1197,-0.2939,1.001,-0.1947,-0.3305,1.0019,0.0307
14.285,-0.1199,-0.2939,1.0009,-0.1948,-0.3306,1.0019,0.0306
14.29,-0.1201,-0.2939,1.0009,-0.1952,-0.3306,1.0018,0.0304
14.295,-0.1203,-0.2939,1.0008,-0.1953,-0.3308,1.0017,0.0303
14.3,-0.1205,-0.2939,1.0008,-0.1954,-0.3307,1.0016,0.0302
14.305,-0.1207,-0.2939,1.0007,-0.1956,-0.3308,1.0016,0.03
14.31,-0.1209,-0.2939,1.0006,-0.1955,-0.3308,1.0014,0.0299
14.315,-0.1211,-0.2939,1.0006,-0.1956,-0.3307,1.0013,0.0297
14.32,-0.1213,-0.2939,1.0005,-0.1957,-0.3305,1.0013,0.0296
14.325,-0.1215,-0.2939,1.0005,-0.1958,-0.3303,1.001,0.0295
14.33,-0.1217,-0.2939,1.0004,-0.1956,-0.3303,1.0012,0.0293
14.335,-0.122,-0.294,1.0004,-0.1956,-0.3301,1.0011,0.0292
14.34,-0.1222,-0.294,1.0003,-0.1956,-0.3301,1.001,0.029
14.345,-0.1224,-0.294,1.0003,-0.1958,-0.33,1.0009,0.0289
14.35,-0.1226,-0.294,1.0002,-0.1959,-0.33,1.0008,0.0287
14.355,-0.1228,-0.294,1.0002,-0.196,-0.3302,1.0007,0.0286
14.36,-0.123,-0.294,1.0002,-0.1962,-0.3302,1.0004,0.0285
14.365,-0.1233,-0.294,1.0001,-0.1963,-0.3305,1.0005,0.0283
14.37,-0.1235,-0.294,1.0001,-0.1964,-0.3306,1.0003,0.0282
14.375,-0.1237,-0.2941,1.0001,-0.1965,-0.3307,1.0003,0.028
14.38,-0.1239,-0.2941,1.0001,-0.1967,-0.3308,1.0005,0.0279
14.385,-0.1241,-0.2941,1.0001,-0.1969,-0.331,1.0003,0.0277
14.39,-0.1244,-0.2941,1.0001,-0.197,-0.3313,1.0003,0.0276
14.395,-0.1246,-0.2941,1.0,-0.1971,-0.3313,1.0004,0.0274
14.4,-0.1248,-0.2941,1.0,-0.1972,-0.3313,1.0001,0.0273
14.405,-0.1251,-0.2942,1.0,-0.1974,-0.3312,1.0001,0.0272
14.41,-0.1253,-0.2942,1.0,-0.1976,-0.3311,0.9999,0.027
14.415,-0.1255,-0.2942,1.0001,-0.1978,-0.331,1.0,0.0269
14.42,-0.1257,-0.2942,1.0001,-0.198,-0.3311,1.0,0.0267
14.425,-0.126,-0.2942,1.0001,-0.1983,-0.331,0.9999,0.0266
14.43,-0.1262,-0.2943,1.0001,-0.1983,-0.331,1.0,0.0264
14.435,-0.1264,-0.2943,1.0001,-0.1983,-0.3309,1.0,0.0263
14.44,-0.1267,-0.2943,1.0001,-0.1983,-0.3308,0.9997,0.0261
14.445,-0.1269,-0.2943,1.0002,-0.1984,-0.3309,0.9997,0.026
14.45,-0.1271,-0.2944,1.0002,-0.1985,-0.3309,0.9998,0.0259
14.455,-0.1274,-0.2944,1.0002,-0.1987,-0.331,0.9999,0.0257
14.46,-0.1276,-0.2944,1.0003,-0.1988,-0.3312,0.9996,0.0256
14.465,-0.1278,-0.2945,1.0003,-0.199,-0.3313,0.9995,0.0254
14.47,-0.1281,-0.2945,1.0004,-0.1993,-0.3315,0.9994,0.0253
14.475,-0.1283,-0.2945,1.0004,-0.1997,-0.3314,0.9994,0.0252
14.48,-0.1286,-0.2945,1.0004,-0.1998,-0.3314,0.9996,0.025
14.485,-0.1288,-0.2946,1.0005,-0.2001,-0.3312,0.9992,0.0249
14.49,-0.129,-0.2946,1.0005,-0.2004,-0.3312,0.9992,0.0247
14.495,-0.1293,-0.2946,1.0006,-0.2006,-0.3311,0.9994,0.0246
14.5,-0.1295,-0.2947,1.0006,-0.2009,-0.331,0.9992,0.0245
14.505,-0.1298,-0.2947,1.0007,-0.201,-0.331,0.9993,0.0243
14.51,-0.13,-0.2947,1.0008,-0.201,-0.3309,0.9992,0.0242
14.515,-0.1303,-0.2948,1.0008,-0.2012,-0.3306,0.9991,0.0241
14.52,-0.1305,-0.2948,1.0009,-0.2014,-0.3305,0.9991,0.0239
14.525,-0.1307,-0.2948,1.0009,-0.2016,-0.3305,0.9991,0.0238
14.53,-0.131,-0.2949,1.001,-0.2018,-0.3305,0.9992,0.0237
14.535,-0.1312,-0.2949,1.0011,-0.202,-0.3305,0.9991,0.0235
14.54,-0.1315,-0.2949,1.0011,-0.2021,-0.3303,0.9993,0.0234
14.545,-0.1317,-0.295,1.0012,-0.2024,-0.3303,0.9991,0.0233
14.55,-0.132,-0.295,1.0013,-0.2026,-0.3303,0.9991,0.0232
14.555,-0.1322,-0.295,1.0013,-0.2027,-0.3302,0.9994,0.023
14.56,-0.1325,-0.2951,1.0014,-0.2028,-0.3304,0.9996,0.0229
14.565,-0.1327,-0.2951,1.0015,-0.2029,-0.3304,0.9993,0.0228
14.57,-0.133,-0.2952,1.0016,-0.203,-0.3305,0.9994,0.0227
14.575,-0.1332,-0.2952,1.0016,-0.203,-0.3306,0.9996,0.0226
14.58,-0.1335,-0.2952,1.0017,-0.2032,-0.3307,0.9998,0.0225
14.585,-0.1337,-0.2953,1.0018,-0.2033,-0.3307,0.9998,0.0223
14.59,-0.134,-0.2953,1.0018,-0.2036,-0.3309,0.9999,0.0222
14.595,-0.1342,-0.2954,1.0019,-0.2037,-0.3311,1.0,0.0221
14.6,-0.1345,-0.2954,1.002,-0.2039,-0.3312,1.0003,0.022
14.605,-0.1347,-0.2954,1.002,-0.2042,-0.3312,1.0004,0.0219
14.61,-0.135,-0.2955,1.0021,-0.2045,-0.331,1.0004,0.0218
14.615,-0.1352,-0.2955,1.0022,-0.2047,-0.3309,1.0003,0.0217
14.62,-0.1355,-0.2956,1.0022,-0.2048,-0.3309,1.0002,0.0216
14.625,-0.1358,-0.2956,1.0023,-0.205,-0.3312,1.0003,0.0215
14.63,-0.136,-0.2956,1.0023,-0.2052,-0.3312,1.0003,0.0214
14.635,-0.1363,-0.2957,1.0024,-0.2055,-0.3313,1.0004,0.0213
14.64,-0.1365,-0.2957,1.0024,-0.2058,-0.3313,1.0001,0.0212
14.645,-0.1368,-0.2958,1.0025,-0.206,-0.3315,1.0002,0.0211
14.65,-0.137,-0.2958,1.0025,-0.2063,-0.3313,1.0,0.021
14.655,-0.1373,-0.2959,1.0025,-0.2063,-0.3313,1.0003,0.021
14.66,-0.1375,-0.2959,1.0026,-0.2064,-0.3312,1.0003,0.0209
14.665,-0.1378,-0.296,1.0026,-0.2065,-0.3313,1.0003,0.0208
14.67,-0.1381,-0.296,1.0026,-0.2065,-0.3314,1.0003,0.0207
14.675,-0.1383,-0.296,1.0027,-0.2067,-0.3316,1.0007,0.0207
14.68,-0.1386,-0.2961,1.0027,-0.2068,-0.3317,1.0008,0.0206
14.685,-0.1388,-0.2961,1.0027,-0.2068,-0.3317,1.0011,0.0205
14.69,-0.1391,-0.2962,1.0027,-0.2069,-0.3317,1.0011,0.0205
14.695,-0.1393,-0.2962,1.0027,-0.2071,-0.3316,1.0012,0.0204
14.7,-0.1396,-0.2963,1.0028,-0.2074,-0.3316,1.0013,0.0203
14.705,-0.1399,-0.2963,1.0028,-0.2076,-0.3316,1.0014,0.0203
14.71,-0.1401,-0.2964,1.0028,-0.2079,-0.3316,1.0014,0.0202
14.715,-0.1404,-0.2964,1.0028,-0.208,-0.3317,1.0011,0.0202
14.72,-0.1406,-0.2965,1.0028,-0.2081,-0.3317,1.0013,0.0201
14.725,-0.1409,-0.2965,1.0028,-0.2082,-0.3317,1.0014,0.0201
14.73,-0.1411,-0.2966,1.0028,-0.2084,-0.3319,1.0014,0.02
14.735,-0.1414,-0.2966,1.0028,-0.2084,-0.3318,1.0015,0.02
14.74,-0.1417,-0.2967,1.0027,-0.2086,-0.332,1.0017,0.02
14.745,-0.1419,-0.2967,1.0027,-0.2086,-0.332,1.0019,0.0199
14.75,-0.1422,-0.2968,1.0027,-0.2088,-0.3323,1.002,0.0199
14.755,-0.1424,-0.2968,1.0027,-0.2089,-0.3325,1.002,0.0199
14.76,-0.1427,-0.2969,1.0027,-0.2092,-0.3326,1.0022,0.0198
14.765,-0.143,-0.297,1.0027,-0.2094,-0.3327,1.0022,0.0198
14.77,-0.1432,-0.297,1.0026,-0.2095,-0.3327,1.0023,0.0198
14.775,-0.1435,-0.2971,1.0026,-0.2096,-0.3329,1.0022,0.0198
14.78,-0.1437,-0.2971,1.0026,-0.2097,-0.3328,1.0023,0.0198
14.785,-0.144,-0.2972,1.0025,-0.2099,-0.3329,1.0024,0.0198
14.79,-0.1442,-0.2972,1.0025,-0.21,-0.3331,1.0024,0.0198
14.795,-0.1445,-0.2973,1.0025,-0.2101,-0.3332,1.0025,0.0198
14.8,-0.1448,-0.2973,1.0025,-0.2101,-0.3334,1.0025,0.0198
14.805,-0.145,-0.2974,1.0024,-0.2104,-0.3334,1.0028,0.0198
14.81,-0.1453,-0.2974,1.0024,-0.2105,-0.3334,1.0027,0.0198
14.815,-0.1455,-0.2975,1.0023,-0.2107,-0.3335,1.0027,0.0198
14.82,-0.1458,-0.2976,1.0023,-0.211,-0.3334,1.0025,0.0198
14.825,-0.146,-0.2976,1.0023,-0.2113,-0.3334,1.0026,0.0198
14.83,-0.1463,-0.2977,1.0022,-0.2115,-0.3335,1.0023,0.0198
14.835,-0.1465,-0.2977,1.0022,-0.2118,-0.3337,1.0023,0.0199
14.84,-0.1468,-0.2978,1.0021,-0.2118,-0.3337,1.0022,0.0199
14.845,-0.147,-0.2979,1.0021,-0.2119,-0.3338,1.0024,0.0199
14.85,-0.1473,-0.2979,1.002,-0.2121,-0.3338,1.0025,0.0199
14.855,-0.1475,-0.298,1.002,-0.2122,-0.3338,1.0025,0.02
14.86,-0.1478,-0.298,1.002,-0.2125,-0.3339,1.0026,0.02
14.865,-0.148,-0.2981,1.0019,-0.2127,-0.3338,1.0028,0.0201
14.87,-0.1483,-0.2981,1.0019,-0.2128,-0.3337,1.0029,0.0201
14.875,-0.1485,-0.2982,1.0018,-0.2129,-0.3338,1.0028,0.0201
14.88,-0.1488,-0.2983,1.0018,-0.2129,-0.3338,1.0027,0.0202
14.885,-0.149,-0.2983,1.0017,-0.2129,-0.3339,1.0025,0.0202
14.89,-0.1493,-0.2984,1.0017,-0.2129,-0.3342,1.0021,0.0203
14.895,-0.1495,-0.2984,1.0016,-0.213,-0.3341,1.0021,0.0204
14.9,-0.1498,-0.2985,1.0016,-0.2132,-0.3342,1.0021,0.0204
14.905,-0.15,-0.2986,1.0015,-0.2135,-0.3343,1.0021,0.0205
14.91,-0.1503,-0.2986,1.0015,-0.2137,-0.3345,1.0018,0.0205
14.915,-0.1505,-0.2987,1.0015,-0.2137,-0.3344,1.0017,0.0206
14.92,-0.1508,-0.2988,1.0014,-0.2139,-0.3344,1.0017,0.0207
14.925,-0.151,-0.2988,1.0014,-0.2141,-0.3347,1.0016,0.0207
14.93,-0.1512,-0.2989,1.0013,-0.2143,-0.3345,1.0015,0.0208
14.935,-0.1515,-0.2989,1.0013,-0.2147,-0.3346,1.0015,0.0209
14.94,-0.1517,-0.299,1.0013,-0.2149,-0.3346,1.0012,0.021
14.945,-0.152,-0.2991,1.0012,-0.215,-0.3348,1.0013,0.021
14.95,-0.1522,-0.2991,1.0012,-0.2151,-0.3348,1.0016,0.0211
14.955,-0.1524,-0.2992,1.0012,-0.2153,-0.335,1.0015,0.0212
14.96,-0.1527,-0.2993,1.0011,-0.2154,-0.3353,1.0015,0.0213
14.965,-0.1529,-0.2993,1.0011,-0.2155,-0.3354,1.0015,0.0214
14.97,-0.1531,-0.2994,1.0011,-0.2155,-0.3356,1.0014,0.0215
14.975,-0.1534,-0.2994,1.0011,-0.2155,-0.3357,1.0011,0.0216
14.98,-0.1536,-0.2995,1.0011,-0.2157,-0.3357,1.0012,0.0217
14.985,-0.1538,-0.2996,1.0011,-0.2157,-0.3357,1.0012,0.0217
14.99,-0.1541,-0.2996,1.001,-0.2158,-0.3357,1.0013,0.0218
14.995,-0.1543,-0.2997,1.001,-0.216,-0.3357,1.001,0.0219
15.0,-0.1545,-0.2998,1.001,-0.2163,-0.3355,1.0014,0.022
15.005,-0.1548,-0.2998,1.001,-0.2165,-0.3357,1.0011,0.0221
15.01,-0.155,-0.2999,1.001,-0.2167,-0.3356,1.0011,0.0222
15.015,-0.1552,-0.2999,1.0011,-0.2169,-0.3357,1.0011,0.0223
15.02,-0.1555,-0.3,1.0011,-0.2173,-0.3356,1.0012,0.0224
15.025,-0.1557,-0.3001,1.0011,-0.2178,-0.3357,1.0011,0.0226
15.03,-0.1559,-0.3001,1.0011,-0.2182,-0.3357,1.001,0.0227
15.035,-0.1561,-0.3002,1.0011,-0.2183,-0.3358,1.001,0.0228
15.04,-0.1563,-0.3003,1.0011,-0.2185,-0.3358,1.001,0.0229
15.045,-0.1566,-0.3003,1.0011,-0.2186,-0.3361,1.0008,0.023
15.05,-0.1568,-0.3004,1.0012,-0.2188,-0.3363,1.0008,0.0231
15.055,-0.157,-0.3004,1.0012,-0.2188,-0.3365,1.0009,0.0232
15.06,-0.1572,-0.3005,1.0012,-0.2189,-0.3366,1.0008,0.0233
15.065,-0.1574,-0.3006,1.0012,-0.2191,-0.3366,1.001,0.0234
15.07,-0.1577,-0.3006,1.0013,-0.2193,-0.3367,1.0008,0.0236
15.075,-0.1579,-0.3007,1.0013,-0.2193,-0.3368,1.0012,0.0237
15.08,-0.1581,-0.3008,1.0013,-0.2194,-0.3369,1.0011,0.0238
15.085,-0.1583,-0.3008,1.0014,-0.2195,-0.337,1.0012,0.0239
15.09,-0.1585,-0.3009,1.0014,-0.2197,-0.337,1.0011,0.024
15.095,-0.1587,-0.301,1.0014,-0.2199,-0.337,1.0009,0.0241
15.1,-0.1589,-0.301,1.0014,-0.22,-0.3372,1.0009,0.0243
15.105,-0.1591,-0.3011,1.0015,-0.2201,-0.3372,1.0008,0.0244
15.11,-0.1594,-0.3011,1.0015,-0.2204,-0.3373,1.0008,0.0245
15.115,-0.1596,-0.3012,1.0015,-0.2205,-0.3373,1.0007,0.0246
15.12,-0.1598,-0.3013,1.0016,-0.2207,-0.3374,1.0008,0.0248
15.125,-0.16,-0.3013,1.0016,-0.221,-0.3376,1.0008,0.0249
15.13,-0.1602,-0.3014,1.0016,-0.2213,-0.3375,1.0007,0.025
15.135,-0.1604,-0.3015,1.0017,-0.2212,-0.3375,1.0008,0.0251
15.14,-0.1606,-0.3015,1.0017,-0.2214,-0.3374,1.0006,0.0252
15.145,-0.1608,-0.3016,1.0017,-0.2216,-0.3375,1.0003,0.0254
15.15,-0.161,-0.3017,1.0017,-0.2214,-0.3375,1.0002,0.0255
15.155,-0.1612,-0.3017,1.0018,-0.2214,-0.3374,1.0006,0.0256
15.16,-0.1614,-0.3018,1.0018,-0.2215,-0.3375,1.0005,0.0257
15.165,-0.1616,-0.3019,1.0018,-0.2216,-0.3375,1.0004,0.0259
15.17,-0.1618,-0.3019,1.0018,-0.2216,-0.3375,1.0005,0.026
15.175,-0.162,-0.302,1.0019,-0.2217,-0.3375,1.0006,0.0261
15.18,-0.1622,-0.302,1.0019,-0.2218,-0.3377,1.0008,0.0262
15.185,-0.1623,-0.3021,1.0019,-0.2218,-0.3378,1.001,0.0263
15.19,-0.1625,-0.3022,1.0019,-0.2218,-0.3381,1.0009,0.0265
15.195,-0.1627,-0.3022,1.002,-0.2219,-0.3382,1.001,0.0266
15.2,-0.1629,-0.3023,1.002,-0.2219,-0.3384,1.0011,0.0267
15.205,-0.1631,-0.3024,1.002,-0.222,-0.3385,1.0011,0.0268
15.21,-0.1633,-0.3024,1.002,-0.2221,-0.3388,1.0012,0.027
15.215,-0.1634,-0.3025,1.002,-0.2221,-0.339,1.0013,0.0271
15.22,-0.1636,-0.3026,1.002,-0.2222,-0.3389,1.0015,0.0272
15.225,-0.1638,-0.3026,1.0021,-0.2224,-0.3389,1.0017,0.0273
15.23,-0.164,-0.3027,1.0021,-0.2226,-0.3389,1.0018,0.0274
15.235,-0.1642,-0.3027,1.0021,-0.2229,-0.3387,1.0018,0.0276
15.24,-0.1643,-0.3028,1.0021,-0.2233,-0.3385,1.0018,0.0277
15.245,-0.1645,-0.3029,1.0021,-0.2235,-0.3384,1.0016,0.0278
15.25,-0.1647,-0.3029,1.0021,-0.2236,-0.3382,1.0015,0.0279
15.255,-0.1648,-0.303,1.0021,-0.2237,-0.3381,1.0017,0.028
15.26,-0.165,-0.3031,1.0021,-0.2239,-0.3379,1.002,0.0281
15.265,-0.1652,-0.3031,1.0021,-0.224,-0.3378,1.0019,0.0282
15.27,-0.1653,-0.3032,1.0021,-0.2241,-0.3377,1.0016,0.0284
15.275,-0.1655,-0.3033,1.0021,-0.2243,-0.3378,1.0018,0.0285
15.28,-0.1656,-0.3033,1.0021,-0.2244,-0.3379,1.002,0.0286
15.285,-0.1658,-0.3034,1.0021,-0.2246,-0.338,1.0019,0.0287
15.29,-0.166,-0.3035,1.0021,-0.2247,-0.3382,1.0019,0.0288
15.295,-0.1661,-0.3035,1.0021,-0.2247,-0.3383,1.0022,0.0289
15.3,-0.1663,-0.3036,1.0021,-0.2249,-0.3384,1.0022,0.029
15.305,-0.1664,-0.3036,1.0021,-0.225,-0.3384,1.0025,0.0291
15.31,-0.1666,-0.3037,1.002,-0.225,-0.3385,1.0024,0.0292
15.315,-0.1667,-0.3038,1.002,-0.2253,-0.3387,1.0026,0.0293
15.32,-0.1669,-0.3038,1.002,-0.2255,-0.3388,1.0028,0.0294
15.325,-0.167,-0.3039,1.002,-0.2257,-0.339,1.0025,0.0295
15.33,-0.1672,-0.3039,1.002,-0.2258,-0.3392,1.0023,0.0297
15.335,-0.1673,-0.304,1.0019,-0.2258,-0.3393,1.002,0.0298
15.34,-0.1674,-0.3041,1.0019,-0.2257,-0.3391,1.002,0.0299
15.345,-0.1676,-0.3041,1.0019,-0.2258,-0.3391,1.0019,0.03
15.35,-0.1677,-0.3042,1.0019,-0.2259,-0.3391,1.002,0.0301
15.355,-0.1678,-0.3043,1.0018,-0.2259,-0.339,1.0018,0.0302
15.36,-0.168,-0.3043,1.0018,-0.2259,-0.339,1.0019,0.0303
15.365,-0.1681,-0.3044,1.0018,-0.226,-0.3391,1.002,0.0303
15.37,-0.1682,-0.3044,1.0017,-0.226,-0.339,1.002,0.0304
15.375,-0.1684,-0.3045,1.0017,-0.226,-0.3391,1.002,0.0305
15.38,-0.1685,-0.3046,1.0017,-0.2262,-0.3391,1.0021,0.0306
15.385,-0.1686,-0.3046,1.0017,-0.2263,-0.3392,1.0022,0.0307
15.39,-0.1687,-0.3047,1.0016,-0.2264,-0.3394,1.0022,0.0308
15.395,-0.1689,-0.3047,1.0016,-0.2266,-0.3394,1.0023,0.0309
15.4,-0.169,-0.3048,1.0016,-0.2268,-0.3395,1.0023,0.031
15.405,-0.1691,-0.3048,1.0016,-0.2269,-0.3395,1.002,0.0311
15.41,-0.1692,-0.3049,1.0015,-0.227,-0.3394,1.002,0.0312
15.415,-0.1693,-0.305,1.0015,-0.2271,-0.3395,1.002,0.0312
15.42,-0.1695,-0.305,1.0015,-0.2272,-0.3394,1.0019,0.0313
15.425,-0.1696,-0.3051,1.0015,-0.2273,-0.3395,1.0018,0.0314
15.43,-0.1697,-0.3051,1.0015,-0.2274,-0.3396,1.002,0.0315
15.435,-0.1698,-0.3052,1.0015,-0.2274,-0.3397,1.002,0.0316
15.44,-0.1699,-0.3052,1.0014,-0.2275,-0.3397,1.0019,0.0317
15.445,-0.17,-0.3053,1.0014,-0.2276,-0.3397,1.0016,0.0317
15.45,-0.1701,-0.3054,1.0014,-0.2277,-0.3397,1.0015,0.0318
15.455,-0.1702,-0.3054,1.0014,-0.2277,-0.3398,1.0015,0.0319
15.46,-0.1703,-0.3055,1.0014,-0.2278,-0.34,1.0018,0.032
15.465,-0.1704,-0.3055,1.0014,-0.228,-0.3399,1.0017,0.032
15.47,-0.1705,-0.3056,1.0014,-0.228,-0.3399,1.002,0.0321
15.475,-0.1706,-0.3056,1.0014,-0.2278,-0.3399,1.0019,0.0322
15.48,-0.1707,-0.3057,1.0013,-0.2279,-0.3399,1.0016,0.0322
15.485,-0.1708,-0.3057,1.0013,-0.2278,-0.3399,1.0017,0.0323
15.49,-0.1709,-0.3058,1.0013,-0.2277,-0.34,1.0015,0.0324
15.495,-0.1709,-0.3058,1.0013,-0.2277,-0.3402,1.0016,0.0324
15.5,-0.171,-0.3059,1.0013,-0.2277,-0.3401,1.0018,0.0325
15.505,-0.1711,-0.306,1.0013,-0.2277,-0.3403,1.0016,0.0326
15.51,-0.1712,-0.306,1.0013,-0.2278,-0.3405,1.0016,0.0326
15.515,-0.1713,-0.3061,1.0013,-0.228,-0.3405,1.0016,0.0327
15.52,-0.1713,-0.3061,1.0013,-0.2281,-0.3406,1.0016,0.0327
15.525,-0.1714,-0.3062,1.0013,-0.2284,-0.3408,1.0015,0.0328
15.53,-0.1715,-0.3062,1.0013,-0.2284,-0.3409,1.0012,0.0328
15.535,-0.1716,-0.3063,1.0013,-0.2286,-0.341,1.0011,0.0329
15.54,-0.1716,-0.3063,1.0014,-0.2287,-0.3411,1.0012,0.0329
15.545,-0.1717,-0.3064,1.0014,-0.2288,-0.3411,1.0011,0.033
15.55,-0.1718,-0.3064,1.0014,-0.2288,-0.3411,1.001,0.033
15.555,-0.1718,-0.3065,1.0014,-0.2289,-0.341,1.001,0.0331
15.56,-0.1719,-0.3065,1.0014,-0.2291,-0.3411,1.0009,0.0331
15.565,-0.1719,-0.3065,1.0014,-0.2294,-0.3411,1.0007,0.0332
15.57,-0.172,-0.3066,1.0014,-0.2296,-0.341,1.0006,0.0332
15.575,-0.1721,-0.3066,1.0015,-0.2298,-0.3411,1.0004,0.0332
15.58,-0.1721,-0.3067,1.0015,-0.2299,-0.341,1.0003,0.0333
15.585,-0.1722,-0.3067,1.0015,-0.23,-0.341,1.0002,0.0333
15.59,-0.1722,-0.3068,1.0016,-0.2301,-0.341,1.0001,0.0333
15.595,-0.1723,-0.3068,1.0016,-0.2302,-0.341,1.0001,0.0334
15.6,-0.1723,-0.3069,1.0016,-0.2303,-0.341,1.0002,0.0334
15.605,-0.1723,-0.3069,1.0017,-0.2304,-0.3412,1.0003,0.0334
15.61,-0.1724,-0.307,1.0017,-0.2305,-0.3413,1.0003,0.0335
15.615,-0.1724,-0.307,1.0018,-0.2306,-0.3414,1.0002,0.0335
15.62,-0.1725,-0.307,1.0018,-0.2307,-0.3416,1.0002,0.0335
15.625,-0.1725,-0.3071,1.0019,-0.2309,-0.3416,1.0004,0.0335
15.63,-0.1725,-0.3071,1.002,-0.231,-0.3417,1.0005,0.0336
15.635,-0.1726,-0.3072,1.002,-0.231,-0.3418,1.0006,0.0336
15.64,-0.1726,-0.3072,1.0021,-0.2309,-0.3419,1.0005,0.0336
15.645,-0.1726,-0.3073,1.0022,-0.2309,-0.342,1.0008,0.0336
15.65,-0.1727,-0.3073,1.0023,-0.2309,-0.342,1.0008,0.0336
15.655,-0.1727,-0.3073,1.0023,-0.2307,-0.3421,1.0007,0.0337
15.66,-0.1727,-0.3074,1.0024,-0.2307,-0.3422,1.0009,0.0337
15.665,-0.1728,-0.3074,1.0025,-0.2307,-0.3423,1.0009,0.0337
15.67,-0.1728,-0.3074,1.0026,-0.2309,-0.3421,1.001,0.0337
15.675,-0.1728,-0.3075,1.0027,-0.2311,-0.3423,1.0008,0.0337
15.68,-0.1728,-0.3075,1.0027,-0.2312,-0.3423,1.0011,0.0337
15.685,-0.1728,-0.3076,1.0028,-0.2312,-0.3422,1.0011,0.0337
15.69,-0.1729,-0.3076,1.0029,-0.2316,-0.3423,1.0015,0.0337
15.695,-0.1729,-0.3076,1.003,-0.2317,-0.3423,1.0015,0.0337
15.7,-0.1729,-0.3077,1.0031,-0.232,-0.3424,1.0014,0.0337
15.705,-0.1729,-0.3077,1.0031,-0.2323,-0.3425,1.0013,0.0337
15.71,-0.1729,-0.3077,1.0032,-0.2323,-0.3425,1.0013,0.0337
15.715,-0.1729,-0.3078,1.0033,-0.2323,-0.3427,1.0014,0.0337
15.72,-0.1729,-0.3078,1.0034,-0.2322,-0.3427,1.0014,0.0337
15.725,-0.1729,-0.3078,1.0034,-0.2322,-0.3429,1.0014,0.0337
15.73,-0.1729,-0.3079,1.0035,-0.2322,-0.3429,1.0016,0.0337
15.735,-0.1729,-0.3079,1.0036,-0.2322,-0.3432,1.0016,0.0337
15.74,-0.1729,-0.3079,1.0036,-0.2322,-0.3432,1.0018,0.0337
15.745,-0.1729,-0.308,1.0037,-0.2322,-0.3433,1.0021,0.0337
15.75,-0.1729,-0.308,1.0037,-0.2321,-0.3431,1.0023,0.0337
15.755,-0.1729,-0.308,1.0038,-0.232,-0.3431,1.0022,0.0337
15.76,-0.1729,-0.3081,1.0039,-0.2321,-0.3431,1.0023,0.0337
15.765,-0.1729,-0.3081,1.0039,-0.2321,-0.343,1.0023,0.0337
15.77,-0.1729,-0.3081,1.0039,-0.2322,-0.343,1.0024,0.0337
15.775,-0.1729,-0.3081,1.004,-0.2322,-0.3428,1.0023,0.0336
15.78,-0.1729,-0.3082,1.004,-0.2321,-0.3427,1.0027,0.0336
15.785,-0.1729,-0.3082,1.004,-0.2322,-0.3427,1.0032,0.0336
15.79,-0.1729,-0.3082,1.0041,-0.2322,-0.3427,1.0032,0.0336
15.795,-0.1729,-0.3083,1.0041,-0.2322,-0.3428,1.0033,0.0336
15.8,-0.1728,-0.3083,1.0041,-0.2322,-0.3429,1.0033,0.0335
15.805,-0.1728,-0.3083,1.0041,-0.2323,-0.3429,1.0037,0.0335
15.81,-0.1728,-0.3083,1.0041,-0.2323,-0.343,1.0035,0.0335
15.815,-0.1728,-0.3084,1.0041,-0.2321,-0.3432,1.0035,0.0335
15.82,-0.1728,-0.3084,1.0041,-0.232,-0.3433,1.0039,0.0334
15.825,-0.1727,-0.3084,1.0041,-0.2319,-0.3433,1.004,0.0334
15.83,-0.1727,-0.3084,1.0041,-0.232,-0.3434,1.0041,0.0334
15.835,-0.1727,-0.3085,1.004,-0.232,-0.3434,1.0041,0.0334
15.84,-0.1727,-0.3085,1.004,-0.2322,-0.3436,1.0043,0.0333
15.845,-0.1726,-0.3085,1.004,-0.2321,-0.3435,1.0041,0.0333
15.85,-0.1726,-0.3085,1.0039,-0.2321,-0.3435,1.0042,0.0333
15.855,-0.1726,-0.3085,1.0039,-0.2323,-0.3434,1.0044,0.0332
15.86,-0.1726,-0.3086,1.0039,-0.2323,-0.3433,1.0045,0.0332
15.865,-0.1725,-0.3086,1.0038,-0.2321,-0.3432,1.0046,0.0332
15.87,-0.1725,-0.3086,1.0037,-0.2323,-0.3432,1.0046,0.0331
15.875,-0.1725,-0.3086,1.0037,-0.2323,-0.3433,1.0045,0.0331
15.88,-0.1724,-0.3086,1.0036,-0.2323,-0.3434,1.0043,0.0331
15.885,-0.1724,-0.3087,1.0035,-0.2322,-0.3434,1.0043,0.033
15.89,-0.1723,-0.3087,1.0035,-0.2322,-0.3434,1.0043,0.033
15.895,-0.1723,-0.3087,1.0034,-0.2321,-0.3432,1.0041,0.0329
15.9,-0.1723,-0.3087,1.0033,-0.2324,-0.3431,1.0041,0.0329
15.905,-0.1722,-0.3087,1.0032,-0.2324,-0.343,1.0041,0.0328
15.91,-0.1722,-0.3088,1.0031,-0.2322,-0.3431,1.0041,0.0328
15.915,-0.1721,-0.3088,1.003,-0.2322,-0.3431,1.004,0.0327
15.92,-0.1721,-0.3088,1.0029,-0.2322,-0.3431,1.004,0.0327
15.925,-0.172,-0.3088,1.0028,-0.2325,-0.3431,1.0037,0.0326
15.93,-0.172,-0.3088,1.0027,-0.2324,-0.343,1.0036,0.0326
15.935,-0.1719,-0.3088,1.0026,-0.2324,-0.343,1.0036,0.0325
15.94,-0.1719,-0.3088,1.0025,-0.2323,-0.343,1.0034,0.0325
15.945,-0.1718,-0.3089,1.0024,-0.2322,-0.3431,1.0033,0.0324
15.95,-0.1718,-0.3089,1.0023,-0.2321,-0.343,1.003,0.0324
15.955,-0.1717,-0.3089,1.0022,-0.232,-0.3431,1.0033,0.0323
15.96,-0.1717,-0.3089,1.0021,-0.232,-0.3431,1.0031,0.0323
15.965,-0.1716,-0.3089,1.002,-0.232,-0.3431,1.0029,0.0322
15.97,-0.1716,-0.3089,1.0019,-0.232,-0.3429,1.0029,0.0322
15.975,-0.1715,-0.3089,1.0018,-0.2322,-0.343,1.0031,0.0321
15.98,-0.1715,-0.3089,1.0017,-0.2322,-0.343,1.0027,0.032
15.985,-0.1714,-0.3089,1.0016,-0.2322,-0.3428,1.0024,0.032
15.99,-0.1713,-0.3089,1.0015,-0.232,-0.3429,1.0024,0.0319
15.995,-0.1713,-0.3089,1.0014,-0.232,-0.3428,1.0021,0.0319
16.0,-0.1712,-0.309,1.0013,-0.2317,-0.3428,1.002,0.0318
16.005,-0.1711,-0.309,1.0012,-0.2316,-0.3429,1.002,0.0317
16.01,-0.1711,-0.309,1.0012,-0.2313,-0.3428,1.0019,0.0317
16.015,-0.171,-0.309,1.0011,-0.2312,-0.343,1.0016,0.0316
16.02,-0.1709,-0.309,1.001,-0.2311,-0.3433,1.0014,0.0315
16.025,-0.1709,-0.309,1.001,-0.2312,-0.3432,1.0012,0.0315
16.03,-0.1708,-0.309,1.0009,-0.231,-0.3432,1.0013,0.0314
16.035,-0.1707,-0.309,1.0008,-0.2309,-0.3433,1.001,0.0313
16.04,-0.1707,-0.309,1.0008,-0.2307,-0.3432,1.0008,0.0313
16.045,-0.1706,-0.309,1.0008,-0.2308,-0.3431,1.0007,0.0312
16.05,-0.1705,-0.309,1.0007,-0.2308,-0.3429,1.0005,0.0311
16.055,-0.1704,-0.309,1.0007,-0.2307,-0.3428,1.0004,0.031
16.06,-0.1703,-0.309,1.0007,-0.2307,-0.3428,1.0003,0.031
16.065,-0.1703,-0.309,1.0007,-0.2308,-0.3429,1.0001,0.0309
16.07,-0.1702,-0.309,1.0006,-0.2308,-0.343,0.9998,0.0308
16.075,-0.1701,-0.309,1.0006,-0.2308,-0.343,0.9995,0.0307
16.08,-0.17,-0.309,1.0006,-0.231,-0.343,0.9994,0.0306
16.085,-0.1699,-0.309,1.0007,-0.2311,-0.3431,0.9994,0.0306
16.09,-0.1699,-0.309,1.0007,-0.2311,-0.3431,0.9994,0.0305
16.095,-0.1698,-0.309,1.0007,-0.2309,-0.3429,0.9994,0.0304
16.1,-0.1697,-0.309,1.0007,-0.231,-0.3427,0.9993,0.0303
16.105,-0.1696,-0.3089,1.0008,-0.231,-0.3427,0.9995,0.0302
16.11,-0.1695,-0.3089,1.0008,-0.2311,-0.3429,0.9997,0.0302
16.115,-0.1694,-0.3089,1.0009,-0.231,-0.3429,0.9998,0.0301
16.12,-0.1693,-0.3089,1.0009,-0.231,-0.343,0.9998,0.03
16.125,-0.1692,-0.3089,1.001,-0.2306,-0.3432,0.9997,0.0299
16.13,-0.1691,-0.3089,1.001,-0.2303,-0.3433,0.9995,0.0298
16.135,-0.169,-0.3089,1.0011,-0.2301,-0.3433,0.9995,0.0297
16.14,-0.1689,-0.3089,1.0012,-0.2298,-0.3433,0.9995,0.0296
16.145,-0.1689,-0.3089,1.0013,-0.2296,-0.3432,0.9995,0.0295
16.15,-0.1688,-0.3089,1.0014,-0.2294,-0.3431,1.0,0.0294
16.155,-0.1687,-0.3089,1.0014,-0.2293,-0.343,1.0003,0.0294
16.16,-0.1686,-0.3089,1.0015,-0.229,-0.3431,1.0005,0.0293
16.165,-0.1685,-0.3088,1.0016,-0.2289,-0.343,1.0007,0.0292
16.17,-0.1684,-0.3088,1.0017,-0.2289,-0.343,1.0005,0.0291
16.175,-0.1682,-0.3088,1.0018,-0.2289,-0.3429,1.0006,0.029
16.18,-0.1681,-0.3088,1.0019,-0.2287,-0.3429,1.0008,0.0289
16.185,-0.168,-0.3088,1.002,-0.2288,-0.3428,1.0006,0.0288
16.19,-0.1679,-0.3088,1.0021,-0.2289,-0.3426,1.0008,0.0287
16.195,-0.1678,-0.3088,1.0022,-0.2291,-0.3425,1.0007,0.0286
16.2,-0.1677,-0.3088,1.0023,-0.2291,-0.3424,1.0007,0.0285
16.205,-0.1676,-0.3087,1.0024,-0.2291,-0.3424,1.0006,0.0284
16.21,-0.1675,-0.3087,1.0024,-0.2291,-0.3425,1.0007,0.0283
16.215,-0.1674,-0.3087,1.0025,-0.229,-0.3427,1.0008,0.0282
16.22,-0.1673,-0.3087,1.0026,-0.2287,-0.3429,1.0007,0.0281
16.225,-0.1672,-0.3087,1.0026,-0.2284,-0.3428,1.0009,0.028
16.23,-0.1671,-0.3087,1.0027,-0.2282,-0.343,1.001,0.0279
16.235,-0.1669,-0.3086,1.0028,-0.2279,-0.3431,1.0016,0.0278
16.24,-0.1668,-0.3086,1.0028,-0.2277,-0.3431,1.0019,0.0277
16.245,-0.1667,-0.3086,1.0029,-0.2275,-0.3431,1.002,0.0276
16.25,-0.1666,-0.3086,1.0029,-0.2275,-0.343,1.0022,0.0274
16.255,-0.1665,-0.3086,1.0029,-0.2273,-0.3428,1.0023,0.0273
16.26,-0.1664,-0.3086,1.003,-0.2273,-0.3426,1.0026,0.0272
16.265,-0.1662,-0.3085,1.003,-0.2273,-0.3424,1.0029,0.0271
16.27,-0.1661,-0.3085,1.003,-0.2275,-0.3422,1.0032,0.027
16.275,-0.166,-0.3085,1.003,-0.2276,-0.3418,1.003,0.0269
16.28,-0.1659,-0.3085,1.003,-0.2277,-0.3415,1.003,0.0268
16.285,-0.1657,-0.3084,1.003,-0.2279,-0.3416,1.003,0.0267
16.29,-0.1656,-0.3084,1.003,-0.2279,-0.3416,1.003,0.0266
16.295,-0.1655,-0.3084,1.0029,-0.2279,-0.3416,1.0031,0.0265
16.3,-0.1654,-0.3084,1.0029,-0.2278,-0.3416,1.0032,0.0263
16.305,-0.1652,-0.3084,1.0029,-0.2275,-0.3416,1.0036,0.0262
16.31,-0.1651,-0.3083,1.0028,-0.2274,-0.3415,1.0036,0.0261
16.315,-0.165,-0.3083,1.0027,-0.2272,-0.3416,1.0036,0.026
16.32,-0.1649,-0.3083,1.0027,-0.2271,-0.3415,1.0036,0.0259
16.325,-0.1647,-0.3083,1.0026,-0.2269,-0.3416,1.0037,0.0258
16.33,-0.1646,-0.3082,1.0025,-0.2269,-0.3416,1.0035,0.0257
16.335,-0.1645,-0.3082,1.0024,-0.2267,-0.3418,1.0037,0.0256
16.34,-0.1643,-0.3082,1.0023,-0.2266,-0.3419,1.0036,0.0254
16.345,-0.1642,-0.3081,1.0022,-0.2266,-0.3418,1.0038,0.0253
16.35,-0.1641,-0.3081,1.002,-0.2266,-0.3419,1.0037,0.0252
16.355,-0.1639,-0.3081,1.0019,-0.2266,-0.3419,1.0037,0.0251
16.36,-0.1638,-0.3081,1.0018,-0.2265,-0.3418,1.0038,0.025
16.365,-0.1637,-0.308,1.0016,-0.2266,-0.3416,1.0035,0.0249
16.37,-0.1635,-0.308,1.0015,-0.2264,-0.3417,1.0037,0.0247
16.375,-0.1634,-0.308,1.0013,-0.2263,-0.3416,1.0039,0.0246
16.38,-0.1633,-0.3079,1.0011,-0.2263,-0.3416,1.0037,0.0245
16.385,-0.1631,-0.3079,1.001,-0.2263,-0.3417,1.0036,0.0244
16.39,-0.163,-0.3079,1.0008,-0.2263,-0.3416,1.0039,0.0243
16.395,-0.1628,-0.3078,1.0006,-0.2262,-0.3416,1.0038,0.0241
16.4,-0.1627,-0.3078,1.0004,-0.2261,-0.3415,1.0038,0.024
16.405,-0.1626,-0.3078,1.0002,-0.2261,-0.3416,1.0037,0.0239
16.41,-0.1624,-0.3077,1.0001,-0.226,-0.3415,1.0037,0.0238
16.415,-0.1623,-0.3077,0.9999,-0.2259,-0.3416,1.0032,0.0237
16.42,-0.1621,-0.3077,0.9997,-0.2258,-0.3418,1.0029,0.0235
16.425,-0.162,-0.3076,0.9995,-0.2258,-0.3417,1.0026,0.0234
16.43,-0.1618,-0.3076,0.9993,-0.2255,-0.3417,1.0026,0.0233
16.435,-0.1617,-0.3076,0.9991,-0.2253,-0.3417,1.0026,0.0232
16.44,-0.1616,-0.3075,0.9989,-0.2249,-0.3418,1.0021,0.0231
16.445,-0.1614,-0.3075,0.9987,-0.2247,-0.3417,1.0021,0.023
16.45,-0.1613,-0.3075,0.9985,-0.2245,-0.3417,1.002,0.0228
16.455,-0.1611,-0.3074,0.9983,-0.2242,-0.3417,1.0021,0.0227
16.46,-0.161,-0.3074,0.9981,-0.2239,-0.3416,1.0018,0.0226
16.465,-0.1608,-0.3073,0.9979,-0.2239,-0.3415,1.0016,0.0225
16.47,-0.1607,-0.3073,0.9978,-0.2239,-0.3412,1.0014,0.0224
16.475,-0.1605,-0.3073,0.9976,-0.2241,-0.3412,1.0009,0.0222
16.48,-0.1604,-0.3072,0.9974,-0.2241,-0.3409,1.0006,0.0221
16.485,-0.1602,-0.3072,0.9973,-0.224,-0.3408,1.0003,0.022
16.49,-0.1601,-0.3071,0.9971,-0.224,-0.3409,1.0,0.0219
16.495,-0.1599,-0.3071,0.997,-0.2242,-0.3411,0.9999,0.0218
16.5,-0.1598,-0.3071,0.9968,-0.2238,-0.3411,0.9996,0.0217
16.505,-0.1596,-0.307,0.9967,-0.2237,-0.3411,0.9996,0.0215
16.51,-0.1595,-0.307,0.9966,-0.2234,-0.3409,0.9993,0.0214
16.515,-0.1593,-0.3069,0.9965,-0.2231,-0.3409,0.9991,0.0213
16.52,-0.1592,-0.3069,0.9963,-0.2227,-0.3407,0.9989,0.0212
16.525,-0.159,-0.3069,0.9962,-0.2224,-0.3407,0.9987,0.0211
16.53,-0.1589,-0.3068,0.9962,-0.2223,-0.3408,0.9982,0.021
16.535,-0.1587,-0.3068,0.9961,-0.222,-0.3407,0.9977,0.0208
16.54,-0.1586,-0.3067,0.996,-0.2218,-0.3407,0.9974,0.0207
16.545,-0.1584,-0.3067,0.996,-0.2218,-0.3406,0.9969,0.0206
16.55,-0.1583,-0.3066,0.9959,-0.2217,-0.3405,0.9969,0.0205
16.555,-0.1581,-0.3066,0.9959,-0.2218,-0.3405,0.9967,0.0204
16.56,-0.1579,-0.3065,0.9958,-0.2215,-0.3405,0.9965,0.0203
16.565,-0.1578,-0.3065,0.9958,-0.2214,-0.3405,0.9965,0.0202
16.57,-0.1576,-0.3065,0.9958,-0.2213,-0.3404,0.9962,0.02
16.575,-0.1575,-0.3064,0.9958,-0.2211,-0.3407,0.9962,0.0199
16.58,-0.1573,-0.3064,0.9959,-0.221,-0.3407,0.9962,0.0198
16.585,-0.1572,-0.3063,0.9959,-0.2209,-0.3407,0.996,0.0197
16.59,-0.157,-0.3063,0.9959,-0.2208,-0.3406,0.9959,0.0196
16.595,-0.1568,-0.3062,0.996,-0.2205,-0.3407,0.9956,0.0195
16.6,-0.1567,-0.3062,0.996,-0.2205,-0.3407,0.9951,0.0194
16.605,-0.1565,-0.3061,0.9961,-0.2203,-0.3406,0.995,0.0193
16.61,-0.1564,-0.3061,0.9962,-0.2201,-0.3405,0.9952,0.0192
16.615,-0.1562,-0.306,0.9963,-0.2199,-0.3406,0.9952,0.0191
16.62,-0.156,-0.306,0.9964,-0.2197,-0.3407,0.9952,0.019
16.625,-0.1559,-0.3059,0.9965,-0.2195,-0.3406,0.9953,0.0189
16.63,-0.1557,-0.3059,0.9966,-0.2194,-0.3405,0.9952,0.0187
16.635,-0.1556,-0.3058,0.9967,-0.2192,-0.3405,0.9953,0.0186
16.64,-0.1554,-0.3058,0.9968,-0.2189,-0.3404,0.9956,0.0185
16.645,-0.1552,-0.3057,0.997,-0.2187,-0.3403,0.9956,0.0184
16.65,-0.1551,-0.3057,0.9971,-0.2186,-0.3401,0.9956,0.0183
16.655,-0.1549,-0.3056,0.9973,-0.2184,-0.3401,0.9958,0.0182
16.66,-0.1547,-0.3056,0.9974,-0.2182,-0.34,0.9956,0.0181
16.665,-0.1546,-0.3055,0.9976,-0.2183,-0.3397,0.996,0.018
16.67,-0.1544,-0.3055,0.9977,-0.2181,-0.3395,0.9958,0.0179
16.675,-0.1542,-0.3054,0.9979,-0.218,-0.3394,0.9961,0.0178
16.68,-0.1541,-0.3054,0.9981,-0.218,-0.3394,0.9963,0.0177
16.685,-0.1539,-0.3053,0.9982,-0.2178,-0.3392,0.9966,0.0176
16.69,-0.1537,-0.3053,0.9984,-0.2178,-0.3391,0.997,0.0176
16.695,-0.1536,-0.3052,0.9985,-0.2175,-0.3391,0.9971,0.0175
16.7,-0.1534,-0.3052,0.9987,-0.2173,-0.3391,0.9972,0.0174
16.705,-0.1532,-0.3051,0.9988,-0.2171,-0.3391,0.9977,0.0173
16.71,-0.1531,-0.305,0.999,-0.217,-0.3392,0.9976,0.0172
16.715,-0.1529,-0.305,0.9992,-0.2168,-0.3393,0.9978,0.0171
16.72,-0.1527,-0.3049,0.9993,-0.2168,-0.3393,0.9982,0.017
16.725,-0.1526,-0.3049,0.9994,-0.2167,-0.3392,0.9985,0.0169
16.73,-0.1524,-0.3048,0.9996,-0.2164,-0.3393,0.9985,0.0169
16.735,-0.1522,-0.3048,0.9997,-0.2164,-0.3394,0.9987,0.0168
16.74,-0.152,-0.3047,0.9998,-0.2162,-0.3395,0.9989,0.0167
16.745,-0.1519,-0.3046,0.9999,-0.2162,-0.3393,0.9992,0.0166
16.75,-0.1517,-0.3046,1.0,-0.2161,-0.3392,0.9995,0.0165
16.755,-0.1515,-0.3045,1.0001,-0.216,-0.339,0.9997,0.0165
16.76,-0.1514,-0.3045,1.0002,-0.2159,-0.3389,0.9999,0.0164
16.765,-0.1512,-0.3044,1.0002,-0.2161,-0.3386,1.0001,0.0163
16.77,-0.151,-0.3044,1.0003,-0.2161,-0.3385,1.0003,0.0162
16.775,-0.1508,-0.3043,1.0003,-0.2159,-0.3383,1.0006,0.0162
16.78,-0.1507,-0.3042,1.0004,-0.2157,-0.338,1.0008,0.0161
16.785,-0.1505,-0.3042,1.0004,-0.2157,-0.338,1.0007,0.016
16.79,-0.1503,-0.3041,1.0004,-0.2154,-0.3381,1.0007,0.016
16.795,-0.1502,-0.3041,1.0004,-0.2153,-0.3381,1.0006,0.0159
16.8,-0.15,-0.304,1.0004,-0.2151,-0.338,1.0008,0.0159
16.805,-0.1498,-0.3039,1.0004,-0.2149,-0.3382,1.0008,0.0158
16.81,-0.1496,-0.3039,1.0003,-0.2148,-0.3379,1.0009,0.0158
16.815,-0.1495,-0.3038,1.0003,-0.2148,-0.3379,1.0011,0.0157
16.82,-0.1493,-0.3038,1.0002,-0.2147,-0.3377,1.001,0.0157
16.825,-0.1491,-0.3037,1.0001,-0.2149,-0.3376,1.001,0.0156
16.83,-0.149,-0.3036,1.0,-0.2151,-0.3375,1.0008,0.0156
16.835,-0.1488,-0.3036,0.9999,-0.215,-0.3375,1.0009,0.0155
16.84,-0.1486,-0.3035,0.9998,-0.2149,-0.3373,1.0009,0.0155
16.845,-0.1484,-0.3034,0.9997,-0.2148,-0.3373,1.0009,0.0154
16.85,-0.1483,-0.3034,0.9996,-0.2146,-0.3373,1.0011,0.0154
16.855,-0.1481,-0.3033,0.9994,-0.2144,-0.337,1.0012,0.0154
16.86,-0.1479,-0.3033,0.9993,-0.2141,-0.3368,1.001,0.0154
16.865,-0.1477,-0.3032,0.9992,-0.214,-0.3367,1.0011,0.0153
16.87,-0.1476,-0.3031,0.999,-0.2138,-0.3364,1.0013,0.0153
16.875,-0.1474,-0.3031,0.9988,-0.2135,-0.3364,1.0012,0.0153
16.88,-0.1472,-0.303,0.9987,-0.2134,-0.3365,1.0012,0.0153
16.885,-0.1471,-0.3029,0.9985,-0.2133,-0.3365,1.0013,0.0152
16.89,-0.1469,-0.3029,0.9983,-0.2132,-0.3364,1.0013,0.0152
16.895,-0.1467,-0.3028,0.9981,-0.2129,-0.3364,1.0014,0.0152
16.9,-0.1466,-0.3027,0.998,-0.2128,-0.3366,1.0012,0.0152
16.905,-0.1464,-0.3027,0.9978,-0.2127,-0.3366,1.0012,0.0152
16.91,-0.1462,-0.3026,0.9976,-0.2125,-0.3364,1.0012,0.0152
16.915,-0.146,-0.3025,0.9974,-0.2124,-0.3365,1.001,0.0152
16.92,-0.1459,-0.3025,0.9972,-0.2125,-0.3365,1.0011,0.0152
16.925,-0.1457,-0.3024,0.997,-0.2124,-0.3364,1.0012,0.0152
16.93,-0.1455,-0.3023,0.9968,-0.2123,-0.3364,1.001,0.0152
16.935,-0.1454,-0.3022,0.9966,-0.2125,-0.3363,1.0005,0.0152
16.94,-0.1452,-0.3022,0.9964,-0.2123,-0.336,1.0004,0.0152
16.945,-0.145,-0.3021,0.9963,-0.2123,-0.3359,1.0005,0.0152
16.95,-0.1449,-0.302,0.9961,-0.2124,-0.3358,1.0002,0.0153
16.955,-0.1447,-0.302,0.9959,-0.2123,-0.3358,1.0001,0.0153
16.96,-0.1445,-0.3019,0.9957,-0.2122,-0.3359,0.9999,0.0153
16.965,-0.1444,-0.3018,0.9955,-0.212,-0.3362,0.9998,0.0153
16.97,-0.1442,-0.3017,0.9954,-0.2118,-0.3361,0.9997,0.0154
16.975,-0.144,-0.3017,0.9952,-0.2117,-0.336,0.9995,0.0154
16.98,-0.1439,-0.3016,0.995,-0.2116,-0.336,0.9993,0.0154
16.985,-0.1437,-0.3015,0.9949,-0.2117,-0.3359,0.9987,0.0155
16.99,-0.1435,-0.3014,0.9948,-0.2114,-0.3357,0.9986,0.0155
16.995,-0.1434,-0.3014,0.9946,-0.2113,-0.3355,0.9984,0.0155
17.0,-0.1432,-0.3013,0.9945,-0.2114,-0.3357,0.9985,0.0156
17.005,-0.143,-0.3012,0.9944,-0.2113,-0.3355,0.9982,0.0156
17.01,-0.1429,-0.3011,0.9943,-0.2112,-0.3353,0.998,0.0157
17.015,-0.1427,-0.3011,0.9942,-0.2111,-0.3351,0.9979,0.0157
17.02,-0.1425,-0.301,0.9941,-0.2111,-0.335,0.9976,0.0158
17.025,-0.1424,-0.3009,0.994,-0.2111,-0.3348,0.9975,0.0158
17.03,-0.1422,-0.3008,0.9939,-0.211,-0.3348,0.9971,0.0159
17.035,-0.1421,-0.3008,0.9938,-0.211,-0.3349,0.9969,0.0159
17.04,-0.1419,-0.3007,0.9938,-0.2109,-0.335,0.9966,0.016
17.045,-0.1417,-0.3006,0.9937,-0.2108,-0.3351,0.9964,0.0161
17.05,-0.1416,-0.3005,0.9937,-0.2106,-0.3353,0.9961,0.0161
17.055,-0.1414,-0.3004,0.9937,-0.2105,-0.3352,0.996,0.0162
17.06,-0.1413,-0.3004,0.9937,-0.2102,-0.3351,0.9959,0.0163
17.065,-0.1411,-0.3003,0.9937,-0.21,-0.3351,0.996,0.0163
17.07,-0.1409,-0.3002,0.9937,-0.2098,-0.3351,0.996,0.0164
17.075,-0.1408,-0.3001,0.9937,-0.2097,-0.335,0.9957,0.0165
17.08,-0.1406,-0.3,0.9938,-0.2097,-0.335,0.9955,0.0166
17.085,-0.1405,-0.3,0.9938,-0.2095,-0.335,0.9953,0.0166
17.09,-0.1403,-0.2999,0.9939,-0.2095,-0.3349,0.9954,0.0167
17.095,-0.1402,-0.2998,0.9939,-0.2094,-0.3349,0.9954,0.0168
17.1,-0.14,-0.2997,0.994,-0.2094,-0.3349,0.9953,0.0169
17.105,-0.1399,-0.2996,0.9941,-0.2095,-0.3348,0.9953,0.017
17.11,-0.1397,-0.2996,0.9942,-0.2097,-0.3348,0.9953,0.0171
17.115,-0.1396,-0.2995,0.9943,-0.2096,-0.3347,0.9953,0.0171
17.12,-0.1394,-0.2994,0.9944,-0.2096,-0.3349,0.9953,0.0172
17.125,-0.1393,-0.2993,0.9946,-0.2095,-0.335,0.9953,0.0173
17.13,-0.1391,-0.2992,0.9947,-0.2095,-0.335,0.9953,0.0174
17.135,-0.139,-0.2992,0.9948,-0.2096,-0.3351,0.9951,0.0175
17.14,-0.1388,-0.2991,0.995,-0.2096,-0.3352,0.9952,0.0176
17.145,-0.1387,-0.299,0.9951,-0.2095,-0.3352,0.9949,0.0177
17.15,-0.1385,-0.2989,0.9953,-0.2094,-0.335,0.9949,0.0178
17.155,-0.1384,-0.2988,0.9955,-0.2094,-0.3349,0.995,0.0179
17.16,-0.1382,-0.2987,0.9956,-0.2093,-0.3348,0.9949,0.018
17.165,-0.1381,-0.2987,0.9958,-0.2091,-0.3346,0.9952,0.0181
17.17,-0.1379,-0.2986,0.996,-0.2089,-0.3344,0.9953,0.0182
17.175,-0.1378,-0.2985,0.9962,-0.2086,-0.3342,0.9951,0.0183
17.18,-0.1377,-0.2984,0.9964,-0.2084,-0.3339,0.9946,0.0184
17.185,-0.1375,-0.2983,0.9966,-0.2083,-0.3338,0.9946,0.0185
17.19,-0.1374,-0.2983,0.9968,-0.208,-0.3337,0.9947,0.0186
17.195,-0.1372,-0.2982,0.997,-0.208,-0.3337,0.995,0.0187
17.2,-0.1371,-0.2981,0.9971,-0.2078,-0.3337,0.9952,0.0188
17.205,-0.137,-0.298,0.9973,-0.2077,-0.3337,0.995,0.0189
17.21,-0.1368,-0.2979,0.9975,-0.2074,-0.3338,0.995,0.019
17.215,-0.1367,-0.2979,0.9977,-0.2074,-0.3339,0.995,0.0191
17.22,-0.1366,-0.2978,0.9979,-0.2076,-0.334,0.9954,0.0192
17.225,-0.1364,-0.2977,0.9981,-0.2075,-0.3342,0.9955,0.0193
17.23,-0.1363,-0.2976,0.9983,-0.2077,-0.3341,0.9957,0.0194
17.235,-0.1362,-0.2975,0.9985,-0.2076,-0.3339,0.996,0.0195
17.24,-0.136,-0.2975,0.9987,-0.2076,-0.3338,0.9962,0.0196
17.245,-0.1359,-0.2974,0.9989,-0.2074,-0.3338,0.9965,0.0197
17.25,-0.1358,-0.2973,0.999,-0.2071,-0.3336,0.9967,0.0198
17.255,-0.1357,-0.2972,0.9992,-0.2068,-0.3336,0.9967,0.02
17.26,-0.1355,-0.2971,0.9994,-0.2064,-0.3337,0.9969,0.0201
17.265,-0.1354,-0.2971,0.9995,-0.2061,-0.3336,0.9972,0.0202
17.27,-0.1353,-0.297,0.9997,-0.206,-0.3336,0.9975,0.0203
17.275,-0.1352,-0.2969,0.9998,-0.2057,-0.3334,0.9979,0.0204
17.28,-0.135,-0.2968,1.0,-0.2054,-0.3333,0.9981,0.0205
17.285,-0.1349,-0.2967,1.0001,-0.2052,-0.333,0.998,0.0206
17.29,-0.1348,-0.2967,1.0002,-0.2051,-0.3329,0.9983,0.0207
17.295,-0.1347,-0.2966,1.0003,-0.2049,-0.3326,0.9987,0.0208
17.3,-0.1345,-0.2965,1.0004,-0.2046,-0.3325,0.9985,0.0209
17.305,-0.1344,-0.2964,1.0005,-0.2044,-0.3325,0.9987,0.021
17.31,-0.1343,-0.2964,1.0006,-0.2044,-0.3323,0.9988,0.0211
17.315,-0.1342,-0.2963,1.0007,-0.2044,-0.3321,0.9991,0.0212
17.32,-0.1341,-0.2962,1.0008,-0.2044,-0.332,0.9994,0.0213
17.325,-0.134,-0.2961,1.0008,-0.2042,-0.3321,0.9994,0.0214
17.33,-0.1338,-0.2961,1.0009,-0.2042,-0.332,0.9994,0.0215
17.335,-0.1337,-0.296,1.0009,-0.2043,-0.3318,0.9995,0.0216
17.34,-0.1336,-0.2959,1.0009,-0.2043,-0.3319,0.9997,0.0217
17.345,-0.1335,-0.2959,1.001,-0.2044,-0.332,0.9998,0.0219
17.35,-0.1334,-0.2958,1.001,-0.2043,-0.3319,0.9997,0.022
17.355,-0.1333,-0.2957,1.001,-0.2042,-0.3318,0.9996,0.0221
17.36,-0.1332,-0.2956,1.0009,-0.204,-0.3317,0.9995,0.0222
17.365,-0.1331,-0.2956,1.0009,-0.2039,-0.3318,0.9996,0.0223
17.37,-0.133,-0.2955,1.0009,-0.2037,-0.3316,0.9996,0.0224
17.375,-0.1329,-0.2954,1.0009,-0.2035,-0.3317,0.9997,0.0225
17.38,-0.1328,-0.2953,1.0008,-0.2035,-0.3317,0.9998,0.0226
17.385,-0.1326,-0.2953,1.0008,-0.2033,-0.3316,1.0,0.0227
17.39,-0.1325,-0.2952,1.0007,-0.2031,-0.3316,1.0002,0.0228
17.395,-0.1324,-0.2951,1.0007,-0.2031,-0.3315,1.0,0.0229
17.4,-0.1323,-0.2951,1.0006,-0.2028,-0.3314,0.9999,0.023
17.405,-0.1322,-0.295,1.0005,-0.2027,-0.3313,0.9999,0.0231
17.41,-0.1321,-0.2949,1.0005,-0.2026,-0.331,1.0,0.0232
17.415,-0.132,-0.2949,1.0004,-0.2029,-0.331,1.0001,0.0233
17.42,-0.1319,-0.2948,1.0003,-0.2028,-0.3308,0.9999,0.0234
17.425,-0.1318,-0.2947,1.0002,-0.2027,-0.3308,0.9999,0.0235
17.43,-0.1317,-0.2947,1.0001,-0.2025,-0.3306,0.9997,0.0236
17.435,-0.1316,-0.2946,1.0001,-0.2025,-0.3305,1.0,0.0237
17.44,-0.1316,-0.2945,1.0,-0.2025,-0.3306,0.9999,0.0238
17.445,-0.1315,-0.2945,0.9999,-0.2024,-0.3307,0.9999,0.0239
17.45,-0.1314,-0.2944,0.9998,-0.2023,-0.3306,0.9999,0.0239
17.455,-0.1313,-0.2943,0.9997,-0.2022,-0.3306,0.9997,0.024
17.46,-0.1312,-0.2943,0.9997,-0.202,-0.3306,0.9996,0.0241
17.465,-0.1311,-0.2942,0.9996,-0.202,-0.3306,0.9993,0.0242
17.47,-0.131,-0.2942,0.9995,-0.2019,-0.3308,0.9991,0.0243
17.475,-0.1309,-0.2941,0.9995,-0.2018,-0.3308,0.999,0.0244
17.48,-0.1308,-0.294,0.9994,-0.2017,-0.3308,0.9988,0.0245
17.485,-0.1307,-0.294,0.9993,-0.2013,-0.3307,0.9985,0.0246
17.49,-0.1307,-0.2939,0.9993,-0.2013,-0.3307,0.9985,0.0247
17.495,-0.1306,-0.2938,0.9992,-0.2012,-0.3306,0.9983,0.0248
17.5,-0.1305,-0.2938,0.9992,-0.2012,-0.3305,0.9981,0.0249
17.505,-0.1304,-0.2937,0.9992,-0.2013,-0.3304,0.9981,0.0249
17.51,-0.1303,-0.2937,0.9992,-0.2013,-0.3302,0.9979,0.025
17.515,-0.1302,-0.2936,0.9991,-0.2012,-0.3298,0.9977,0.0251
17.52,-0.1302,-0.2936,0.9991,-0.2012,-0.3299,0.9977,0.0252
17.525,-0.1301,-0.2935,0.9991,-0.2013,-0.3298,0.9973,0.0253
17.53,-0.13,-0.2934,0.9992,-0.2013,-0.3297,0.997,0.0254
17.535,-0.1299,-0.2934,0.9992,-0.2014,-0.3296,0.9971,0.0254
17.54,-0.1298,-0.2933,0.9992,-0.2012,-0.3296,0.9972,0.0255
17.545,-0.1298,-0.2933,0.9993,-0.2011,-0.3297,0.9974,0.0256
17.55,-0.1297,-0.2932,0.9993,-0.2008,-0.3298,0.9973,0.0257
17.555,-0.1296,-0.2932,0.9994,-0.2006,-0.3299,0.9975,0.0258
17.56,-0.1296,-0.2931,0.9995,-0.2006,-0.3299,0.9976,0.0258
17.565,-0.1295,-0.2931,0.9995,-0.2004,-0.3298,0.9974,0.0259
17.57,-0.1294,-0.293,0.9996,-0.2005,-0.3299,0.9975,0.026
17.575,-0.1293,-0.293,0.9997,-0.2005,-0.3298,0.9976,0.0261
17.58,-0.1293,-0.2929,0.9998,-0.2004,-0.3299,0.9977,0.0261
17.585,-0.1292,-0.2929,1.0,-0.2004,-0.3297,0.9979,0.0262
17.59,-0.1291,-0.2928,1.0001,-0.2005,-0.3295,0.998,0.0263
17.595,-0.1291,-0.2928,1.0002,-0.2005,-0.3295,0.9982,0.0264
17.6,-0.129,-0.2927,1.0004,-0.2003,-0.3296,0.998,0.0264
17.605,-0.1289,-0.2927,1.0005,-0.2003,-0.3297,0.998,0.0265
17.61,-0.1289,-0.2926,1.0007,-0.2002,-0.3296,0.9977,0.0266
17.615,-0.1288,-0.2926,1.0008,-0.2003,-0.3294,0.9976,0.0266
17.62,-0.1288,-0.2926,1.001,-0.2001,-0.3294,0.9975,0.0267
17.625,-0.1287,-0.2925,1.0012,-0.2001,-0.3296,0.9977,0.0268
17.63,-0.1286,-0.2925,1.0013,-0.2,-0.3296,0.9979,0.0268
17.635,-0.1286,-0.2924,1.0015,-0.2001,-0.3295,0.9979,0.0269
17.64,-0.1285,-0.2924,1.0017,-0.2002,-0.3293,0.9979,0.0269
17.645,-0.1285,-0.2923,1.0019,-0.2002,-0.3293,0.998,0.027
17.65,-0.1284,-0.2923,1.0021,-0.2003,-0.3291,0.9981,0.0271
17.655,-0.1284,-0.2923,1.0022,-0.2003,-0.329,0.9984,0.0271
17.66,-0.1283,-0.2922,1.0024,-0.2004,-0.3288,0.9986,0.0272
17.665,-0.1283,-0.2922,1.0026,-0.2005,-0.3289,0.9988,0.0272
17.67,-0.1282,-0.2922,1.0028,-0.2003,-0.3289,0.9989,0.0273
17.675,-0.1282,-0.2921,1.003,-0.2005,-0.3289,0.999,0.0274
17.68,-0.1281,-0.2921,1.0032,-0.2005,-0.3288,0.9989,0.0274
17.685,-0.1281,-0.292,1.0034,-0.2004,-0.3288,0.9992,0.0275
17.69,-0.128,-0.292,1.0036,-0.2004,-0.3288,0.9994,0.0275
17.695,-0.128,-0.292,1.0037,-0.2005,-0.3286,0.9999,0.0276
17.7,-0.1279,-0.2919,1.0039,-0.2003,-0.3284,1.0002,0.0276
17.705,-0.1279,-0.2919,1.0041,-0.2002,-0.3283,1.0004,0.0277
17.71,-0.1278,-0.2919,1.0043,-0.2,-0.3281,1.0006,0.0277
17.715,-0.1278,-0.2918,1.0044,-0.2,-0.3279,1.001,0.0278
17.72,-0.1278,-0.2918,1.0046,-0.1999,-0.3277,1.0012,0.0278
17.725,-0.1277,-0.2918,1.0047,-0.1998,-0.3277,1.0016,0.0278
17.73,-0.1277,-0.2918,1.0049,-0.1997,-0.3278,1.0017,0.0279
17.735,-0.1276,-0.2917,1.005,-0.1998,-0.3278,1.0017,0.0279
17.74,-0.1276,-0.2917,1.0051,-0.2,-0.3277,1.0015,0.028
17.745,-0.1276,-0.2917,1.0053,-0.2,-0.3277,1.0017,0.028
17.75,-0.1275,-0.2916,1.0054,-0.2002,-0.3275,1.0019,0.0281
17.755,-0.1275,-0.2916,1.0055,-0.2002,-0.3275,1.0019,0.0281
17.76,-0.1275,-0.2916,1.0056,-0.2003,-0.3276,1.0018,0.0281
17.765,-0.1275,-0.2916,1.0057,-0.2003,-0.3276,1.0021,0.0282
17.77,-0.1274,-0.2915,1.0058,-0.2004,-0.3275,1.0023,0.0282
17.775,-0.1274,-0.2915,1.0058,-0.2005,-0.3274,1.0023,0.0282
17.78,-0.1274,-0.2915,1.0059,-0.2006,-0.3272,1.0025,0.0283
17.785,-0.1273,-0.2914,1.006,-0.2007,-0.3271,1.0026,0.0283
17.79,-0.1273,-0.2914,1.006,-0.2006,-0.327,1.0025,0.0284
17.795,-0.1273,-0.2914,1.006,-0.2007,-0.327,1.0026,0.0284
17.8,-0.1273,-0.2914,1.0061,-0.2006,-0.3269,1.0027,0.0284
17.805,-0.1273,-0.2914,1.0061,-0.2004,-0.3269,1.0031,0.0284
17.81,-0.1272,-0.2913,1.0061,-0.2004,-0.327,1.0034,0.0285
17.815,-0.1272,-0.2913,1.0061,-0.2004,-0.327,1.0033,0.0285
17.82,-0.1272,-0.2913,1.0061,-0.2004,-0.3269,1.0035,0.0285
17.825,-0.1272,-0.2913,1.0061,-0.2004,-0.3268,1.0037,0.0286
17.83,-0.1272,-0.2912,1.0061,-0.2003,-0.3267,1.0034,0.0286
17.835,-0.1272,-0.2912,1.0061,-0.2002,-0.3265,1.0035,0.0286
17.84,-0.1271,-0.2912,1.0061,-0.2003,-0.3266,1.0037,0.0286
17.845,-0.1271,-0.2912,1.0061,-0.2004,-0.3263,1.0038,0.0287
17.85,-0.1271,-0.2912,1.0061,-0.2005,-0.3264,1.0036,0.0287
17.855,-0.1271,-0.2911,1.006,-0.2005,-0.3264,1.0036,0.0287
17.86,-0.1271,-0.2911,1.006,-0.2003,-0.3264,1.0036,0.0287
17.865,-0.1271,-0.2911,1.0059,-0.2002,-0.3264,1.0037,0.0287
17.87,-0.1271,-0.2911,1.0059,-0.2003,-0.3264,1.0036,0.0288
17.875,-0.1271,-0.2911,1.0058,-0.2004,-0.3265,1.0034,0.0288
17.88,-0.1271,-0.291,1.0058,-0.2004,-0.3266,1.0034,0.0288
17.885,-0.1271,-0.291,1.0057,-0.2004,-0.3267,1.0035,0.0288
17.89,-0.1271,-0.291,1.0057,-0.2005,-0.3267,1.0034,0.0288
17.895,-0.1271,-0.291,1.0056,-0.2006,-0.3267,1.0036,0.0288
17.9,-0.1271,-0.291,1.0055,-0.2008,-0.3265,1.0039,0.0289
17.905,-0.1271,-0.291,1.0055,-0.2007,-0.3266,1.0038,0.0289
17.91,-0.1271,-0.2909,1.0054,-0.2006,-0.3265,1.0036,0.0289
17.915,-0.1271,-0.2909,1.0054,-0.2006,-0.3265,1.0036,0.0289
17.92,-0.1271,-0.2909,1.0053,-0.2006,-0.3265,1.0037,0.0289
17.925,-0.1271,-0.2909,1.0052,-0.2006,-0.3266,1.0036,0.0289
17.93,-0.1271,-0.2909,1.0052,-0.2006,-0.3266,1.0037,0.0289
17.935,-0.1272,-0.2909,1.0051,-0.2005,-0.3267,1.0037,0.0289
17.94,-0.1272,-0.2909,1.0051,-0.2005,-0.3266,1.0036,0.0289
17.945,-0.1272,-0.2908,1.005,-0.2005,-0.3266,1.0039,0.0289
17.95,-0.1272,-0.2908,1.005,-0.2005,-0.3263,1.0038,0.0289
17.955,-0.1272,-0.2908,1.0049,-0.2006,-0.3261,1.0036,0.0289
17.96,-0.1272,-0.2908,1.0049,-0.2006,-0.3263,1.0036,0.0289
17.965,-0.1273,-0.2908,1.0048,-0.2007,-0.3264,1.0037,0.0289
17.97,-0.1273,-0.2908,1.0048,-0.2006,-0.3264,1.0038,0.0289
17.975,-0.1273,-0.2908,1.0047,-0.2007,-0.3263,1.0034,0.0289
17.98,-0.1273,-0.2908,1.0047,-0.2007,-0.3262,1.0033,0.0289
17.985,-0.1273,-0.2908,1.0047,-0.2008,-0.3263,1.0034,0.0289
17.99,-0.1274,-0.2907,1.0046,-0.2007,-0.3263,1.0036,0.0289
17.995,-0.1274,-0.2907,1.0046,-0.2007,-0.3264,1.0035,0.0289
18.0,-0.1274,-0.2907,1.0046,-0.2007,-0.3264,1.0033,0.0289
18.005,-0.1275,-0.2907,1.0045,-0.2007,-0.3264,1.0031,0.0289
18.01,-0.1275,-0.2907,1.0045,-0.2007,-0.3263,1.0033,0.0289
18.015,-0.1275,-0.2907,1.0045,-0.2007,-0.3264,1.003,0.0289
18.02,-0.1276,-0.2907,1.0045,-0.2007,-0.3265,1.003,0.0289
18.025,-0.1276,-0.2907,1.0045,-0.2005,-0.3265,1.003,0.0289
18.03,-0.1276,-0.2907,1.0045,-0.2006,-0.3263,1.0031,0.0289
18.035,-0.1277,-0.2907,1.0045,-0.2006,-0.3264,1.0031,0.0289
18.04,-0.1277,-0.2907,1.0045,-0.2007,-0.3265,1.0032,0.0289
18.045,-0.1277,-0.2907,1.0045,-0.2006,-0.3266,1.0031,0.0288
18.05,-0.1278,-0.2907,1.0045,-0.2009,-0.3266,1.003,0.0288
18.055,-0.1278,-0.2907,1.0045,-0.201,-0.3266,1.0032,0.0288
18.06,-0.1279,-0.2906,1.0045,-0.201,-0.3267,1.0033,0.0288
18.065,-0.1279,-0.2906,1.0045,-0.201,-0.3267,1.0034,0.0288
18.07,-0.128,-0.2906,1.0045,-0.2009,-0.3265,1.0032,0.0288
18.075,-0.128,-0.2906,1.0045,-0.2008,-0.3266,1.0031,0.0288
18.08,-0.1281,-0.2906,1.0046,-0.2008,-0.3265,1.0033,0.0287
18.085,-0.1281,-0.2906,1.0046,-0.2008,-0.3264,1.0034,0.0287
18.09,-0.1281,-0.2906,1.0046,-0.2007,-0.3264,1.0037,0.0287
18.095,-0.1282,-0.2906,1.0046,-0.2009,-0.3263,1.0037,0.0287
18.1,-0.1283,-0.2906,1.0047,-0.2008,-0.3263,1.0036,0.0286
18.105,-0.1283,-0.2906,1.0047,-0.201,-0.3262,1.0036,0.0286
18.11,-0.1284,-0.2906,1.0047,-0.201,-0.3262,1.0038,0.0286
18.115,-0.1284,-0.2906,1.0048,-0.2011,-0.3262,1.004,0.0286
18.12,-0.1285,-0.2906,1.0048,-0.2012,-0.3263,1.004,0.0285
18.125,-0.1285,-0.2906,1.0048,-0.2014,-0.3264,1.0035,0.0285
18.13,-0.1286,-0.2907,1.0049,-0.2014,-0.3265,1.0038,0.0285
18.135,-0.1287,-0.2907,1.0049,-0.2016,-0.3265,1.004,0.0285
18.14,-0.1287,-0.2907,1.0049,-0.2018,-0.3265,1.0039,0.0284
18.145,-0.1288,-0.2907,1.005,-0.2018,-0.3264,1.0039,0.0284
18.15,-0.1288,-0.2907,1.005,-0.2017,-0.3264,1.0041,0.0284
18.155,-0.1289,-0.2907,1.005,-0.2018,-0.3264,1.0039,0.0283
18.16,-0.129,-0.2907,1.0051,-0.2018,-0.3265,1.0042,0.0283
18.165,-0.129,-0.2907,1.0051,-0.2019,-0.3265,1.0043,0.0283
18.17,-0.1291,-0.2907,1.0051,-0.2019,-0.3266,1.0044,0.0282
18.175,-0.1292,-0.2907,1.0051,-0.2018,-0.3267,1.0044,0.0282
18.18,-0.1292,-0.2907,1.0051,-0.2019,-0.3267,1.0043,0.0282
18.185,-0.1293,-0.2907,1.0052,-0.2019,-0.3266,1.0044,0.0281
18.19,-0.1294,-0.2907,1.0052,-0.2019,-0.3266,1.0045,0.0281
18.195,-0.1295,-0.2908,1.0052,-0.202,-0.3266,1.0049,0.028
18.2,-0.1295,-0.2908,1.0052,-0.2019,-0.3266,1.0049,0.028
18.205,-0.1296,-0.2908,1.0052,-0.2017,-0.3267,1.0049,0.028
18.21,-0.1297,-0.2908,1.0052,-0.2018,-0.3267,1.005,0.0279
18.215,-0.1298,-0.2908,1.0052,-0.2017,-0.3266,1.0052,0.0279
18.22,-0.1299,-0.2908,1.0051,-0.2018,-0.3267,1.0054,0.0278
18.225,-0.1299,-0.2908,1.0051,-0.2019,-0.3267,1.0053,0.0278
18.23,-0.13,-0.2908,1.0051,-0.202,-0.3268,1.0054,0.0278
18.235,-0.1301,-0.2909,1.0051,-0.2021,-0.3268,1.0053,0.0277
18.24,-0.1302,-0.2909,1.005,-0.2022,-0.3267,1.0052,0.0277
18.245,-0.1303,-0.2909,1.005,-0.2023,-0.3269,1.0055,0.0276
18.25,-0.1304,-0.2909,1.0049,-0.2023,-0.327,1.0057,0.0276
18.255,-0.1304,-0.2909,1.0049,-0.2023,-0.3269,1.0058,0.0275
18.26,-0.1305,-0.2909,1.0048,-0.2022,-0.3269,1.0058,0.0275
18.265,-0.1306,-0.291,1.0048,-0.2023,-0.327,1.0057,0.0274
18.27,-0.1307,-0.291,1.0047,-0.2023,-0.327,1.0054,0.0274
18.275,-0.1308,-0.291,1.0046,-0.2023,-0.3271,1.0056,0.0273
18.28,-0.1309,-0.291,1.0046,-0.2024,-0.3271,1.0057,0.0273
18.285,-0.131,-0.291,1.0045,-0.2025,-0.327,1.0057,0.0272
18.29,-0.1311,-0.2911,1.0044,-0.2027,-0.327,1.0056,0.0272
18.295,-0.1312,-0.2911,1.0043,-0.2027,-0.327,1.0056,0.0271
18.3,-0.1313,-0.2911,1.0042,-0.2028,-0.327,1.0056,0.0271
18.305,-0.1314,-0.2911,1.0041,-0.2028,-0.327,1.0056,0.027
18.31,-0.1315,-0.2912,1.004,-0.203,-0.3269,1.0055,0.0269
18.315,-0.1316,-0.2912,1.0038,-0.2031,-0.327,1.0056,0.0269
18.32,-0.1317,-0.2912,1.0037,-0.2031,-0.327,1.0056,0.0268
18.325,-0.1318,-0.2912,1.0036,-0.2032,-0.327,1.0056,0.0268
18.33,-0.1319,-0.2913,1.0035,-0.2032,-0.3271,1.0058,0.0267
18.335,-0.132,-0.2913,1.0033,-0.2032,-0.327,1.0055,0.0267
18.34,-0.1321,-0.2913,1.0032,-0.2031,-0.3269,1.0055,0.0266
18.345,-0.1322,-0.2913,1.0031,-0.203,-0.3268,1.0053,0.0265
18.35,-0.1323,-0.2914,1.0029,-0.2031,-0.3267,1.0053,0.0265
18.355,-0.1324,-0.2914,1.0028,-0.2034,-0.3268,1.0054,0.0264
18.36,-0.1325,-0.2914,1.0026,-0.2034,-0.3267,1.0054,0.0264
18.365,-0.1326,-0.2915,1.0025,-0.2036,-0.3267,1.005,0.0263
18.37,-0.1327,-0.2915,1.0023,-0.2039,-0.3267,1.0047,0.0262
18.375,-0.1328,-0.2915,1.0022,-0.204,-0.3268,1.0047,0.0262
18.38,-0.1329,-0.2915,1.002,-0.2039,-0.3268,1.0044,0.0261
18.385,-0.1331,-0.2916,1.0019,-0.2038,-0.3268,1.0044,0.0261
18.39,-0.1332,-0.2916,1.0017,-0.2038,-0.327,1.0042,0.026
18.395,-0.1333,-0.2916,1.0016,-0.2036,-0.327,1.0039,0.0259
18.4,-0.1334,-0.2917,1.0014,-0.2037,-0.3271,1.0036,0.0259
18.405,-0.1335,-0.2917,1.0013,-0.2037,-0.327,1.0035,0.0258
18.41,-0.1336,-0.2917,1.0011,-0.2037,-0.3273,1.0033,0.0258
18.415,-0.1338,-0.2918,1.001,-0.2036,-0.3273,1.003,0.0257
18.42,-0.1339,-0.2918,1.0009,-0.2035,-0.3271,1.0025,0.0256
18.425,-0.134,-0.2918,1.0007,-0.2036,-0.327,1.0024,0.0256
18.43,-0.1341,-0.2919,1.0006,-0.2037,-0.3267,1.0021,0.0255
18.435,-0.1342,-0.2919,1.0005,-0.2038,-0.3267,1.002,0.0255
18.44,-0.1343,-0.2919,1.0004,-0.204,-0.3266,1.0017,0.0254
18.445,-0.1345,-0.292,1.0003,-0.2041,-0.3267,1.0015,0.0253
18.45,-0.1346,-0.292,1.0002,-0.2042,-0.3267,1.0012,0.0253
18.455,-0.1347,-0.292,1.0001,-0.2042,-0.327,1.0012,0.0252
18.46,-0.1348,-0.2921,1.0,-0.2042,-0.3272,1.0012,0.0252
18.465,-0.135,-0.2921,0.9999,-0.2044,-0.3273,1.0011,0.0251
18.47,-0.1351,-0.2921,0.9998,-0.2045,-0.3275,1.0009,0.025
18.475,-0.1352,-0.2922,0.9998,-0.2043,-0.3277,1.0005,0.025
18.48,-0.1353,-0.2922,0.9997,-0.2046,-0.3277,1.0001,0.0249
18.485,-0.1354,-0.2922,0.9997,-0.2048,-0.3278,0.9999,0.0249
18.49,-0.1356,-0.2923,0.9996,-0.2049,-0.3277,0.9999,0.0248
18.495,-0.1357,-0.2923,0.9996,-0.2049,-0.3277,0.9999,0.0247
18.5,-0.1358,-0.2923,0.9996,-0.205,-0.3275,0.9998,0.0247
18.505,-0.1359,-0.2924,0.9996,-0.205,-0.3276,0.9995,0.0246
18.51,-0.1361,-0.2924,0.9996,-0.2052,-0.3276,0.9993,0.0246
18.515,-0.1362,-0.2925,0.9996,-0.2055,-0.3277,0.9996,0.0245
18.52,-0.1363,-0.2925,0.9996,-0.2056,-0.3277,0.9993,0.0244
18.525,-0.1365,-0.2925,0.9996,-0.2058,-0.3276,0.9997,0.0244
18.53,-0.1366,-0.2926,0.9996,-0.2061,-0.3279,0.9997,0.0243
18.535,-0.1367,-0.2926,0.9996,-0.2062,-0.3279,0.9997,0.0243
18.54,-0.1368,-0.2926,0.9997,-0.2062,-0.3279,0.9996,0.0242
18.545,-0.137,-0.2927,0.9997,-0.2062,-0.328,0.9998,0.0242
18.55,-0.1371,-0.2927,0.9998,-0.2062,-0.3278,0.9999,0.0241
18.555,-0.1372,-0.2928,0.9998,-0.2063,-0.3278,0.9999,0.0241
18.56,-0.1374,-0.2928,0.9999,-0.2062,-0.3278,0.9996,0.024
18.565,-0.1375,-0.2928,1.0,-0.2061,-0.3279,0.9999,0.0239
18.57,-0.1376,-0.2929,1.0,-0.2062,-0.3281,0.9999,0.0239
18.575,-0.1378,-0.2929,1.0001,-0.2062,-0.3283,0.9999,0.0238
18.58,-0.1379,-0.2929,1.0002,-0.2064,-0.3284,1.0,0.0238
18.585,-0.138,-0.293,1.0003,-0.2065,-0.3283,0.9999,0.0237
18.59,-0.1382,-0.293,1.0003,-0.2067,-0.3284,0.9997,0.0237
18.595,-0.1383,-0.2931,1.0004,-0.2069,-0.3285,0.9994,0.0236
18.6,-0.1384,-0.2931,1.0005,-0.2072,-0.3285,0.9993,0.0236
18.605,-0.1386,-0.2931,1.0006,-0.2074,-0.3286,0.9992,0.0235
18.61,-0.1387,-0.2932,1.0007,-0.2077,-0.3286,0.9992,0.0235
18.615,-0.1388,-0.2932,1.0007,-0.2079,-0.3286,0.9993,0.0234
18.62,-0.139,-0.2933,1.0008,-0.2079,-0.3285,0.9994,0.0234
18.625,-0.1391,-0.2933,1.0009,-0.208,-0.3285,0.9997,0.0233
18.63,-0.1392,-0.2933,1.001,-0.2081,-0.3286,0.9994,0.0233
18.635,-0.1394,-0.2934,1.0011,-0.2081,-0.3287,0.9995,0.0233
18.64,-0.1395,-0.2934,1.0011,-0.2081,-0.3289,0.9996,0.0232
18.645,-0.1396,-0.2935,1.0012,-0.2084,-0.329,0.9995,0.0232
18.65,-0.1398,-0.2935,1.0013,-0.2085,-0.3291,0.9996,0.0231
18.655,-0.1399,-0.2935,1.0014,-0.2084,-0.3291,0.9997,0.0231
18.66,-0.14,-0.2936,1.0014,-0.2084,-0.3292,0.9997,0.023
18.665,-0.1402,-0.2936,1.0015,-0.2084,-0.3292,0.9999,0.023
18.67,-0.1403,-0.2937,1.0016,-0.2087,-0.3292,1.0001,0.0229
18.675,-0.1405,-0.2937,1.0016,-0.209,-0.3294,1.0002,0.0229
18.68,-0.1406,-0.2937,1.0017,-0.2091,-0.3295,1.0004,0.0229
18.685,-0.1407,-0.2938,1.0018,-0.2093,-0.3296,1.0005,0.0228
18.69,-0.1409,-0.2938,1.0018,-0.2094,-0.3297,1.0005,0.0228
18.695,-0.141,-0.2939,1.0019,-0.2096,-0.3298,1.0006,0.0227
18.7,-0.1411,-0.2939,1.0019,-0.2097,-0.33,1.0008,0.0227
18.705,-0.1413,-0.294,1.0019,-0.2101,-0.3302,1.0011,0.0227
18.71,-0.1414,-0.294,1.002,-0.2103,-0.3302,1.0012,0.0226
18.715,-0.1416,-0.2941,1.002,-0.2106,-0.3303,1.0013,0.0226
18.72,-0.1417,-0.2941,1.002,-0.2107,-0.3303,1.0013,0.0225
18.725,-0.1418,-0.2941,1.002,-0.2109,-0.3302,1.0011,0.0225
18.73,-0.142,-0.2942,1.0021,-0.2109,-0.3303,1.0009,0.0225
18.735,-0.1421,-0.2942,1.0021,-0.211,-0.3303,1.0012,0.0224
18.74,-0.1423,-0.2943,1.0021,-0.2109,-0.3304,1.0013,0.0224
18.745,-0.1424,-0.2943,1.0021,-0.2109,-0.3305,1.0015,0.0224
18.75,-0.1425,-0.2944,1.0021,-0.2109,-0.3306,1.0014,0.0223
18.755,-0.1427,-0.2944,1.002,-0.2109,-0.3306,1.0017,0.0223
18.76,-0.1428,-0.2945,1.002,-0.211,-0.3308,1.0018,0.0223
18.765,-0.143,-0.2945,1.002,-0.211,-0.3308,1.0019,0.0222
18.77,-0.1431,-0.2946,1.002,-0.211,-0.3308,1.0019,0.0222
18.775,-0.1432,-0.2946,1.0019,-0.2111,-0.3306,1.0019,0.0222
18.78,-0.1434,-0.2947,1.0019,-0.2109,-0.3306,1.002,0.0221
18.785,-0.1435,-0.2947,1.0018,-0.2111,-0.3308,1.002,0.0221
18.79,-0.1436,-0.2948,1.0018,-0.2111,-0.3307,1.0023,0.0221
18.795,-0.1438,-0.2948,1.0017,-0.2112,-0.3307,1.0022,0.0221
18.8,-0.1439,-0.2949,1.0016,-0.2112,-0.3307,1.0024,0.022
18.805,-0.1441,-0.2949,1.0016,-0.2114,-0.3307,1.0024,0.022
18.81,-0.1442,-0.295,1.0015,-0.2115,-0.3307,1.0022,0.022
18.815,-0.1443,-0.295,1.0014,-0.2116,-0.3308,1.0019,0.022
18.82,-0.1445,-0.2951,1.0013,-0.2117,-0.3309,1.0015,0.0219
18.825,-0.1446,-0.2951,1.0012,-0.2118,-0.3308,1.0014,0.0219
18.83,-0.1448,-0.2952,1.0011,-0.212,-0.3309,1.0014,0.0219
18.835,-0.1449,-0.2952,1.001,-0.2122,-0.331,1.0015,0.0219
18.84,-0.145,-0.2953,1.0009,-0.2123,-0.3309,1.0017,0.0218
18.845,-0.1452,-0.2953,1.0008,-0.2122,-0.3309,1.0018,0.0218
18.85,-0.1453,-0.2954,1.0007,-0.2122,-0.331,1.0018,0.0218
18.855,-0.1455,-0.2955,1.0006,-0.2122,-0.331,1.0019,0.0218
18.86,-0.1456,-0.2955,1.0005,-0.2122,-0.3308,1.0018,0.0217
18.865,-0.1457,-0.2956,1.0004,-0.2124,-0.3308,1.0019,0.0217
18.87,-0.1459,-0.2956,1.0003,-0.2125,-0.3308,1.0019,0.0217
18.875,-0.146,-0.2957,1.0002,-0.2126,-0.3309,1.0018,0.0217
18.88,-0.1462,-0.2957,1.0001,-0.2127,-0.3311,1.0017,0.0217
18.885,-0.1463,-0.2958,0.9999,-0.2129,-0.3311,1.0017,0.0217
18.89,-0.1464,-0.2958,0.9998,-0.2131,-0.3311,1.002,0.0216
18.895,-0.1466,-0.2959,0.9997,-0.2131,-0.331,1.0019,0.0216
18.9,-0.1467,-0.296,0.9996,-0.2131,-0.3309,1.0015,0.0216
18.905,-0.1468,-0.296,0.9995,-0.2131,-0.3308,1.0014,0.0216
18.91,-0.147,-0.2961,0.9994,-0.213,-0.3309,1.0015,0.0216
18.915,-0.1471,-0.2961,0.9993,-0.2131,-0.331,1.0012,0.0216
18.92,-0.1472,-0.2962,0.9992,-0.2132,-0.331,1.0012,0.0215
18.925,-0.1474,-0.2963,0.9991,-0.2132,-0.3312,1.0009,0.0215
18.93,-0.1475,-0.2963,0.999,-0.2133,-0.3312,1.0007,0.0215
18.935,-0.1477,-0.2964,0.9989,-0.2135,-0.3314,1.0008,0.0215
18.94,-0.1478,-0.2964,0.9988,-0.2136,-0.3315,1.0008,0.0215
18.945,-0.1479,-0.2965,0.9987,-0.2136,-0.3314,1.0006,0.0215
18.95,-0.1481,-0.2966,0.9986,-0.2139,-0.3314,1.0007,0.0215
18.955,-0.1482,-0.2966,0.9985,-0.2139,-0.3317,1.0007,0.0215
18.96,-0.1483,-0.2967,0.9984,-0.214,-0.3318,1.0006,0.0215
18.965,-0.1485,-0.2967,0.9984,-0.214,-0.3317,1.0005,0.0215
18.97,-0.1486,-0.2968,0.9983,-0.214,-0.3318,1.0002,0.0215
18.975,-0.1487,-0.2969,0.9982,-0.2142,-0.3317,1.0001,0.0214
18.98,-0.1489,-0.2969,0.9981,-0.2143,-0.3318,0.9998,0.0214
18.985,-0.149,-0.297,0.9981,-0.2145,-0.3319,0.9996,0.0214
18.99,-0.1491,-0.2971,0.998,-0.2146,-0.3319,0.9995,0.0214
18.995,-0.1493,-0.2971,0.998,-0.2146,-0.3321,0.9991,0.0214
19.0,-0.1494,-0.2972,0.9979,-0.2148,-0.3323,0.9991,0.0214
19.005,-0.1495,-0.2973,0.9978,-0.2147,-0.3325,0.999,0.0214
19.01,-0.1496,-0.2973,0.9978,-0.2145,-0.3325,0.9987,0.0214
19.015,-0.1498,-0.2974,0.9978,-0.2143,-0.3325,0.9987,0.0214
19.02,-0.1499,-0.2975,0.9977,-0.2143,-0.3325,0.9987,0.0214
19.025,-0.15,-0.2975,0.9977,-0.2143,-0.3326,0.9985,0.0214
19.03,-0.1502,-0.2976,0.9977,-0.2141,-0.3327,0.9985,0.0214
19.035,-0.1503,-0.2977,0.9976,-0.2144,-0.3327,0.9986,0.0214
19.04,-0.1504,-0.2977,0.9976,-0.2145,-0.3326,0.9987,0.0214
19.045,-0.1505,-0.2978,0.9976,-0.2147,-0.3325,0.9989,0.0214
19.05,-0.1507,-0.2979,0.9976,-0.2149,-0.3326,0.999,0.0214
19.055,-0.1508,-0.2979,0.9976,-0.215,-0.3325,0.999,0.0214
19.06,-0.1509,-0.298,0.9976,-0.2151,-0.3327,0.9991,0.0214
19.065,-0.151,-0.2981,0.9976,-0.2152,-0.3328,0.999,0.0214
19.07,-0.1512,-0.2981,0.9976,-0.2151,-0.3328,0.9987,0.0214
19.075,-0.1513,-0.2982,0.9976,-0.2152,-0.3327,0.9985,0.0214
19.08,-0.1514,-0.2983,0.9976,-0.2153,-0.3328,0.9986,0.0214
19.085,-0.1515,-0.2983,0.9976,-0.2153,-0.333,0.9984,0.0214
19.09,-0.1516,-0.2984,0.9976,-0.2152,-0.333,0.9984,0.0214
19.095,-0.1518,-0.2985,0.9977,-0.2149,-0.333,0.9984,0.0214
19.1,-0.1519,-0.2985,0.9977,-0.2149,-0.3331,0.9982,0.0214
19.105,-0.152,-0.2986,0.9977,-0.2148,-0.3331,0.9981,0.0214
19.11,-0.1521,-0.2987,0.9977,-0.2147,-0.3331,0.9982,0.0214
19.115,-0.1522,-0.2988,0.9977,-0.2149,-0.3329,0.9982,0.0215
19.12,-0.1524,-0.2988,0.9978,-0.2151,-0.3328,0.9984,0.0215
19.125,-0.1525,-0.2989,0.9978,-0.215,-0.3327,0.9983,0.0215
19.13,-0.1526,-0.299,0.9978,-0.2153,-0.3326,0.9983,0.0215
19.135,-0.1527,-0.299,0.9978,-0.2155,-0.3327,0.998,0.0215
19.14,-0.1528,-0.2991,0.9979,-0.2157,-0.3327,0.9978,0.0215
19.145,-0.1529,-0.2992,0.9979,-0.2159,-0.3326,0.9977,0.0215
19.15,-0.153,-0.2992,0.9979,-0.216,-0.3327,0.9977,0.0215
19.155,-0.1531,-0.2993,0.998,-0.2161,-0.3327,0.9976,0.0215
19.16,-0.1533,-0.2994,0.998,-0.2161,-0.3329,0.9975,0.0215
19.165,-0.1534,-0.2995,0.998,-0.2164,-0.333,0.9973,0.0215
19.17,-0.1535,-0.2995,0.998,-0.2164,-0.3331,0.9972,0.0215
19.175,-0.1536,-0.2996,0.9981,-0.2164,-0.3334,0.9972,0.0216
19.18,-0.1537,-0.2997,0.9981,-0.2166,-0.3336,0.9972,0.0216
19.185,-0.1538,-0.2997,0.9981,-0.2167,-0.3337,0.9971,0.0216
19.19,-0.1539,-0.2998,0.9982,-0.2169,-0.3336,0.9974,0.0216
19.195,-0.154,-0.2999,0.9982,-0.2169,-0.3336,0.9974,0.0216
19.2,-0.1541,-0.3,0.9982,-0.2169,-0.3336,0.9976,0.0216
19.205,-0.1542,-0.3,0.9983,-0.217,-0.3337,0.9974,0.0216
19.21,-0.1543,-0.3001,0.9983,-0.2171,-0.3338,0.9976,0.0216
19.215,-0.1544,-0.3002,0.9983,-0.2172,-0.3337,0.9975,0.0216
19.22,-0.1545,-0.3002,0.9983,-0.2172,-0.3337,0.9978,0.0216
19.225,-0.1546,-0.3003,0.9984,-0.2172,-0.3338,0.9978,0.0217
19.23,-0.1547,-0.3004,0.9984,-0.2172,-0.3338,0.9978,0.0217
19.235,-0.1548,-0.3005,0.9984,-0.2172,-0.334,0.998,0.0217
19.24,-0.1549,-0.3005,0.9985,-0.2173,-0.334,0.9983,0.0217
19.245,-0.155,-0.3006,0.9985,-0.2174,-0.334,0.9984,0.0217
19.25,-0.1551,-0.3007,0.9985,-0.2176,-0.3339,0.9986,0.0217
19.255,-0.1552,-0.3007,0.9985,-0.2177,-0.3339,0.9987,0.0217
19.26,-0.1553,-0.3008,0.9986,-0.2178,-0.334,0.9988,0.0217
19.265,-0.1554,-0.3009,0.9986,-0.2179,-0.334,0.9988,0.0218
19.27,-0.1555,-0.301,0.9986,-0.2178,-0.3339,0.9987,0.0218
19.275,-0.1556,-0.301,0.9986,-0.218,-0.3338,0.9991,0.0218
19.28,-0.1557,-0.3011,0.9986,-0.2181,-0.3337,0.9993,0.0218
19.285,-0.1557,-0.3012,0.9986,-0.2181,-0.3338,0.9994,0.0218
19.29,-0.1558,-0.3012,0.9986,-0.2181,-0.334,0.9993,0.0218
19.295,-0.1559,-0.3013,0.9986,-0.2182,-0.3342,0.9994,0.0218
19.3,-0.156,-0.3014,0.9986,-0.2184,-0.3343,0.9994,0.0218
19.305,-0.1561,-0.3015,0.9986,-0.2185,-0.3345,0.9997,0.0218
19.31,-0.1562,-0.3015,0.9986,-0.2185,-0.3346,0.9998,0.0219
19.315,-0.1563,-0.3016,0.9986,-0.2185,-0.3347,0.9998,0.0219
19.32,-0.1563,-0.3017,0.9986,-0.2186,-0.3347,0.9998,0.0219
19.325,-0.1564,-0.3017,0.9986,-0.2187,-0.3348,1.0003,0.0219
19.33,-0.1565,-0.3018,0.9985,-0.2188,-0.3348,1.0006,0.0219
19.335,-0.1566,-0.3019,0.9985,-0.219,-0.3347,1.0004,0.0219
19.34,-0.1567,-0.3019,0.9985,-0.2191,-0.3346,1.0004,0.0219
19.345,-0.1567,-0.302,0.9984,-0.2192,-0.3346,1.0004,0.0219
19.35,-0.1568,-0.3021,0.9984,-0.2193,-0.3345,1.0004,0.022
19.355,-0.1569,-0.3022,0.9983,-0.2194,-0.3346,1.0004,0.022
19.36,-0.157,-0.3022,0.9983,-0.2194,-0.3347,1.0002,0.022
19.365,-0.157,-0.3023,0.9982,-0.2193,-0.3347,1.0003,0.022
19.37,-0.1571,-0.3024,0.9982,-0.2194,-0.3349,1.0001,0.022
19.375,-0.1572,-0.3024,0.9981,-0.2195,-0.3352,1.0002,0.022
19.38,-0.1573,-0.3025,0.998,-0.2194,-0.3353,1.0002,0.022
19.385,-0.1573,-0.3026,0.998,-0.2194,-0.3355,1.0,0.022
19.39,-0.1574,-0.3026,0.9979,-0.2194,-0.336,1.0,0.022
19.395,-0.1575,-0.3027,0.9978,-0.2193,-0.3362,0.9999,0.0221
19.4,-0.1575,-0.3028,0.9977,-0.2194,-0.3363,0.9996,0.0221
19.405,-0.1576,-0.3028,0.9976,-0.2195,-0.3363,0.9997,0.0221
19.41,-0.1577,-0.3029,0.9976,-0.2195,-0.3363,1.0,0.0221
19.415,-0.1577,-0.303,0.9975,-0.2193,-0.3363,0.9998,0.0221
19.42,-0.1578,-0.303,0.9974,-0.2193,-0.3364,0.9998,0.0221
19.425,-0.1579,-0.3031,0.9973,-0.2193,-0.3363,0.9994,0.0221
19.43,-0.1579,-0.3032,0.9972,-0.2192,-0.3362,0.9991,0.0221
19.435,-0.158,-0.3032,0.9971,-0.2192,-0.3361,0.9988,0.0221
19.44,-0.158,-0.3033,0.9971,-0.2191,-0.3358,0.999,0.0221
19.445,-0.1581,-0.3034,0.997,-0.2191,-0.336,0.9986,0.0221
19.45,-0.1582,-0.3034,0.9969,-0.2193,-0.336,0.9986,0.0221
19.455,-0.1582,-0.3035,0.9968,-0.2194,-0.336,0.9984,0.0222
19.46,-0.1583,-0.3036,0.9967,-0.2196,-0.3359,0.9984,0.0222
19.465,-0.1583,-0.3036,0.9967,-0.2196,-0.3359,0.9981,0.0222
19.47,-0.1584,-0.3037,0.9966,-0.2196,-0.3359,0.998,0.0222
19.475,-0.1584,-0.3038,0.9965,-0.2197,-0.3358,0.998,0.0222
19.48,-0.1585,-0.3038,0.9965,-0.2198,-0.3355,0.9977,0.0222
19.485,-0.1585,-0.3039,0.9964,-0.22,-0.3355,0.9976,0.0222
19.49,-0.1586,-0.304,0.9964,-0.2202,-0.3354,0.9976,0.0222
19.495,-0.1586,-0.304,0.9963,-0.2202,-0.3353,0.9974,0.0222
19.5,-0.1587,-0.3041,0.9963,-0.2203,-0.3353,0.9973,0.0222
19.505,-0.1587,-0.3042,0.9962,-0.2202,-0.3353,0.9973,0.0222
19.51,-0.1588,-0.3042,0.9962,-0.2202,-0.3354,0.9975,0.0222
19.515,-0.1588,-0.3043,0.9962,-0.2202,-0.3357,0.9972,0.0222
19.52,-0.1589,-0.3044,0.9962,-0.2201,-0.3358,0.9971,0.0222
19.525,-0.1589,-0.3044,0.9962,-0.22,-0.3359,0.9969,0.0222
19.53,-0.1589,-0.3045,0.9962,-0.2201,-0.336,0.9967,0.0222
19.535,-0.159,-0.3045,0.9962,-0.2203,-0.336,0.9966,0.0222
19.54,-0.159,-0.3046,0.9962,-0.2204,-0.3361,0.9965,0.0222
19.545,-0.1591,-0.3047,0.9962,-0.2205,-0.3361,0.9964,0.0222
19.55,-0.1591,-0.3047,0.9962,-0.2205,-0.3359,0.9961,0.0222
19.555,-0.1591,-0.3048,0.9963,-0.2204,-0.3359,0.9961,0.0222
19.56,-0.1592,-0.3048,0.9963,-0.2206,-0.3359,0.9962,0.0222
19.565,-0.1592,-0.3049,0.9963,-0.2207,-0.3357,0.996,0.0222
19.57,-0.1592,-0.305,0.9964,-0.2207,-0.3357,0.996,0.0222
19.575,-0.1593,-0.305,0.9965,-0.2209,-0.3357,0.9959,0.0222
19.58,-0.1593,-0.3051,0.9965,-0.2209,-0.3356,0.996,0.0222
19.585,-0.1593,-0.3051,0.9966,-0.2209,-0.3357,0.9957,0.0222
19.59,-0.1594,-0.3052,0.9967,-0.2209,-0.3357,0.9957,0.0222
19.595,-0.1594,-0.3053,0.9967,-0.2209,-0.3357,0.9955,0.0222
19.6,-0.1594,-0.3053,0.9968,-0.2211,-0.3357,0.9954,0.0222
19.605,-0.1595,-0.3054,0.9969,-0.2211,-0.3358,0.9954,0.0222
19.61,-0.1595,-0.3054,0.997,-0.2211,-0.3358,0.9955,0.0222
19.615,-0.1595,-0.3055,0.9971,-0.2211,-0.3361,0.9956,0.0222
19.62,-0.1595,-0.3055,0.9972,-0.2212,-0.336,0.9957,0.0222
19.625,-0.1596,-0.3056,0.9974,-0.2213,-0.3362,0.9958,0.0222
19.63,-0.1596,-0.3057,0.9975,-0.2212,-0.3364,0.9958,0.0221
19.635,-0.1596,-0.3057,0.9976,-0.2211,-0.3364,0.9956,0.0221
19.64,-0.1596,-0.3058,0.9977,-0.2212,-0.3366,0.9957,0.0221
19.645,-0.1597,-0.3058,0.9978,-0.2213,-0.3366,0.9957,0.0221
19.65,-0.1597,-0.3059,0.998,-0.2213,-0.3367,0.996,0.0221
19.655,-0.1597,-0.3059,0.9981,-0.2214,-0.3368,0.9962,0.0221
19.66,-0.1597,-0.306,0.9982,-0.2213,-0.3368,0.9963,0.0221
19.665,-0.1597,-0.306,0.9984,-0.2214,-0.3368,0.9966,0.0221
19.67,-0.1598,-0.3061,0.9985,-0.2214,-0.3368,0.9967,0.0221
19.675,-0.1598,-0.3061,0.9986,-0.2215,-0.3366,0.9968,0.0221
19.68,-0.1598,-0.3062,0.9988,-0.2216,-0.3366,0.9968,0.0221
19.685,-0.1598,-0.3063,0.9989,-0.2215,-0.3365,0.9969,0.022
19.69,-0.1598,-0.3063,0.999,-0.2215,-0.3366,0.9971,0.022
19.695,-0.1598,-0.3064,0.9992,-0.2213,-0.3366,0.9973,0.022
19.7,-0.1598,-0.3064,0.9993,-0.2214,-0.3366,0.9976,0.022
19.705,-0.1599,-0.3065,0.9994,-0.2214,-0.3367,0.9979,0.022
19.71,-0.1599,-0.3065,0.9995,-0.2213,-0.3369,0.9982,0.022
19.715,-0.1599,-0.3066,0.9996,-0.2213,-0.337,0.9986,0.022
19.72,-0.1599,-0.3066,0.9998,-0.2215,-0.3372,0.9989,0.022
19.725,-0.1599,-0.3067,0.9999,-0.2215,-0.3373,0.9989,0.0219
19.73,-0.1599,-0.3067,1.0,-0.2215,-0.3374,0.9993,0.0219
19.735,-0.1599,-0.3068,1.0001,-0.2215,-0.3374,0.9995,0.0219
19.74,-0.1599,-0.3068,1.0002,-0.2213,-0.3372,0.9997,0.0219
19.745,-0.1599,-0.3069,1.0002,-0.2215,-0.3373,0.9999,0.0219
19.75,-0.1599,-0.3069,1.0003,-0.2216,-0.3373,0.9998,0.0219
19.755,-0.1599,-0.307,1.0004,-0.2215,-0.3372,1.0,0.0218
19.76,-0.1599,-0.307,1.0005,-0.2217,-0.3373,1.0,0.0218
19.765,-0.1599,-0.3071,1.0005,-0.2216,-0.3373,1.0002,0.0218
19.77,-0.1599,-0.3071,1.0006,-0.2218,-0.3372,1.0,0.0218
19.775,-0.16,-0.3072,1.0006,-0.2216,-0.3372,1.0002,0.0218
19.78,-0.16,-0.3072,1.0006,-0.2217,-0.3371,1.0002,0.0217
19.785,-0.16,-0.3072,1.0006,-0.2219,-0.3371,1.0002,0.0217
19.79,-0.16,-0.3073,1.0007,-0.2221,-0.337,1.0003,0.0217
19.795,-0.16,-0.3073,1.0007,-0.2222,-0.3374,1.0006,0.0217
19.8,-0.1599,-0.3074,1.0007,-0.2222,-0.3376,1.0006,0.0217
19.805,-0.1599,-0.3074,1.0007,-0.2222,-0.3377,1.0008,0.0216
19.81,-0.1599,-0.3075,1.0006,-0.222,-0.3378,1.001,0.0216
19.815,-0.1599,-0.3075,1.0006,-0.2219,-0.3378,1.0011,0.0216
19.82,-0.1599,-0.3076,1.0006,-0.2217,-0.338,1.0011,0.0216
19.825,-0.1599,-0.3076,1.0005,-0.2217,-0.3381,1.0008,0.0216
19.83,-0.1599,-0.3076,1.0005,-0.2217,-0.3381,1.0008,0.0215
19.835,-0.1599,-0.3077,1.0005,-0.2217,-0.3383,1.0008,0.0215
19.84,-0.1599,-0.3077,1.0004,-0.2216,-0.3384,1.0008,0.0215
19.845,-0.1599,-0.3078,1.0003,-0.2217,-0.3385,1.0006,0.0215
19.85,-0.1599,-0.3078,1.0003,-0.2217,-0.3385,1.0004,0.0214
19.855,-0.1599,-0.3079,1.0002,-0.2218,-0.3386,1.0004,0.0214
19.86,-0.1599,-0.3079,1.0001,-0.2216,-0.3386,1.0008,0.0214
19.865,-0.1599,-0.3079,1.0001,-0.2216,-0.3386,1.001,0.0213
19.87,-0.1598,-0.308,1.0,-0.2218,-0.3385,1.0009,0.0213
19.875,-0.1598,-0.308,0.9999,-0.2219,-0.3386,1.0009,0.0213
19.88,-0.1598,-0.3081,0.9998,-0.222,-0.3387,1.001,0.0213
19.885,-0.1598,-0.3081,0.9997,-0.2222,-0.3385,1.0008,0.0212
19.89,-0.1598,-0.3081,0.9996,-0.2222,-0.3386,1.0009,0.0212
19.895,-0.1598,-0.3082,0.9996,-0.2222,-0.3386,1.0008,0.0212
19.9,-0.1597,-0.3082,0.9995,-0.2222,-0.3387,1.0009,0.0211
19.905,-0.1597,-0.3082,0.9994,-0.2221,-0.3388,1.0005,0.0211
19.91,-0.1597,-0.3083,0.9993,-0.222,-0.3389,1.0003,0.0211
19.915,-0.1597,-0.3083,0.9992,-0.222,-0.339,1.0002,0.021
19.92,-0.1597,-0.3084,0.9991,-0.222,-0.3391,1.0002,0.021
19.925,-0.1596,-0.3084,0.999,-0.2219,-0.3392,1.0,0.021
19.93,-0.1596,-0.3084,0.999,-0.222,-0.3393,1.0,0.0209
19.935,-0.1596,-0.3085,0.9989,-0.222,-0.3392,0.9995,0.0209
19.94,-0.1596,-0.3085,0.9988,-0.2218,-0.3394,0.9995,0.0209
19.945,-0.1596,-0.3085,0.9988,-0.2217,-0.3394,0.9994,0.0208
19.95,-0.1595,-0.3086,0.9987,-0.2218,-0.3395,0.9991,0.0208
19.955,-0.1595,-0.3086,0.9986,-0.2219,-0.3395,0.9989,0.0208
19.96,-0.1595,-0.3086,0.9986,-0.2218,-0.3396,0.9988,0.0207
19.965,-0.1595,-0.3087,0.9985,-0.2218,-0.3396,0.9991,0.0207
19.97,-0.1594,-0.3087,0.9985,-0.222,-0.3396,0.9989,0.0207
19.975,-0.1594,-0.3087,0.9985,-0.2221,-0.3395,0.9987,0.0206
19.98,-0.1594,-0.3088,0.9984,-0.2222,-0.3395,0.9985,0.0206
19.985,-0.1593,-0.3088,0.9984,-0.222,-0.3395,0.9982,0.0205
19.99,-0.1593,-0.3088,0.9984,-0.2219,-0.3394,0.9981,0.0205
19.995,-0.1593,-0.3089,0.9984,-0.2219,-0.3396,0.9981,0.0205
