t_s,roll_deg,pitch_deg,roll_error_deg,pitch_error_deg
0.0,-0.028,0.108,0.0461,-0.105
0.005,-0.034,0.124,0.0283,-0.1079
0.01,-0.025,0.138,0.0344,-0.1239
0.015,-0.035,0.123,0.0248,-0.1379
0.02,-0.048,0.114,0.0353,-0.1231
0.025,-0.059,0.112,0.0485,-0.1139
0.03,-0.049,0.119,0.0586,-0.1124
0.035,-0.064,0.106,0.0488,-0.1195
0.04,-0.062,0.081,0.0642,-0.106
0.045,-0.053,0.094,0.0619,-0.0814
0.05,-0.056,0.074,0.0531,-0.0943
0.055,-0.039,0.062,0.0563,-0.0737
0.06,-0.023,0.046,0.0387,-0.0617
0.065,-0.027,0.027,0.0232,-0.0458
0.07,-0.014,0.01,0.0267,-0.0267
0.075,-0.024,-0.001,0.0135,-0.0103
0.08,-0.003,0.001,0.0244,0.0015
0.085,-0.002,0.02,0.0032,-0.0012
0.09,-0.015,0.025,0.0019,-0.0198
0.095,-0.009,0.037,0.0154,-0.0249
0.1,0.001,0.053,0.0093,-0.0375
0.105,-0.004,0.037,-0.0008,-0.0529
0.11,-0.008,0.025,0.004,-0.0367
0.115,-0.012,0.012,0.008,-0.0254
0.12,-0.024,0.001,0.0119,-0.012
0.125,-0.037,-0.002,0.0237,-0.001
0.13,-0.04,-0.02,0.0368,0.0019
0.135,-0.043,-0.002,0.0398,0.0203
0.14,-0.054,0.006,0.0431,0.0016
0.145,-0.067,-0.0,0.0541,-0.0064
0.15,-0.07,-0.014,0.0669,0.0
0.155,-0.055,0.001,0.0699,0.0144
0.16,-0.067,-0.002,0.0555,-0.0011
0.165,-0.05,-0.017,0.0668,0.0024
0.17,-0.06,-0.026,0.05,0.0167
0.175,-0.05,-0.008,0.0598,0.0258
0.18,-0.063,-0.006,0.0502,0.0081
0.185,-0.076,-0.006,0.0628,0.0064
0.19,-0.086,0.005,0.0762,0.0063
0.195,-0.094,0.017,0.0864,-0.0045
0.2,-0.095,-0.004,0.0939,-0.0168
0.205,-0.089,0.012,0.0952,0.0039
0.21,-0.091,-0.002,0.0888,-0.0116
0.215,-0.091,-0.021,0.091,0.0025
0.22,-0.08,-0.0,0.0906,0.0211
0.225,-0.087,0.012,0.0805,0.0
0.23,-0.07,0.007,0.087,-0.0122
0.235,-0.081,0.01,0.0702,-0.0071
0.24,-0.055,0.026,0.0805,-0.0105
0.245,-0.034,0.03,0.0546,-0.0261
0.25,-0.037,0.041,0.034,-0.0304
0.255,-0.027,0.029,0.0371,-0.0412
0.26,-0.04,0.026,0.0275,-0.0293
0.265,-0.056,0.027,0.0404,-0.0262
0.27,-0.07,0.027,0.0561,-0.0272
0.275,-0.084,0.027,0.0698,-0.0265
0.28,-0.078,0.035,0.0843,-0.0268
0.285,-0.091,0.026,0.0783,-0.0349
0.29,-0.109,0.022,0.0909,-0.0262
0.295,-0.117,0.005,0.1087,-0.0223
0.3,-0.123,0.017,0.1168,-0.0046
0.305,-0.113,-0.001,0.1229,-0.0166
0.31,-0.116,0.017,0.1128,0.0008
0.315,-0.101,0.0,0.1162,-0.017
0.32,-0.076,-0.005,0.1006,-0.0004
0.325,-0.054,0.001,0.0757,0.0051
0.33,-0.03,-0.008,0.0539,-0.0008
0.335,-0.008,-0.02,0.0299,0.0082
0.34,-0.018,-0.011,0.0078,0.0195
0.345,-0.007,0.004,0.0181,0.011
0.35,0.014,0.004,0.0068,-0.004
0.355,0.033,0.006,-0.014,-0.0036
0.36,0.028,0.028,-0.0326,-0.0059
0.365,0.042,0.028,-0.028,-0.0281
0.37,0.053,0.015,-0.0415,-0.0284
0.375,0.04,0.028,-0.0527,-0.015
0.38,0.044,0.007,-0.0395,-0.0284
0.385,0.034,-0.008,-0.0445,-0.0073
0.39,0.047,-0.005,-0.034,0.0076
0.395,0.063,-0.01,-0.0465,0.0049
0.4,0.062,0.003,-0.0626,0.0098
0.405,0.065,-0.017,-0.0619,-0.003
0.41,0.052,-0.006,-0.0646,0.0171
0.415,0.036,0.002,-0.0516,0.0064
0.42,0.05,-0.005,-0.0357,-0.0016
0.425,0.062,-0.005,-0.0503,0.0051
0.43,0.04,-0.006,-0.0624,0.0052
0.435,0.043,0.007,-0.0401,0.0063
0.44,0.03,-0.002,-0.0429,-0.0065
0.445,0.013,-0.01,-0.0297,0.0021
0.45,0.017,0.003,-0.0127,0.0099
0.455,0.006,-0.012,-0.0169,-0.0029
0.46,0.015,0.0,-0.0065,0.0124
0.465,0.024,-0.005,-0.0149,-0.0005
0.47,0.036,-0.011,-0.0242,0.0047
0.475,0.032,0.008,-0.0363,0.0111
0.48,0.014,0.001,-0.032,-0.0081
0.485,0.008,0.008,-0.0138,-0.0007
0.49,0.026,-0.002,-0.0078,-0.0078
0.495,0.018,-0.016,-0.0259,0.0016
0.5,0.008,-0.004,-0.0176,0.0158
0.505,0.012,-0.021,-0.0081,0.0037
0.51,0.011,-0.037,-0.0119,0.0213
0.515,0.025,-0.034,-0.0107,0.0375
0.52,0.039,-0.032,-0.0253,0.0339
0.525,0.024,-0.018,-0.0388,0.0325
0.53,0.025,-0.031,-0.0242,0.0176
0.535,0.019,-0.012,-0.025,0.0311
0.54,0.03,-0.021,-0.0188,0.0118
0.545,0.034,0.0,-0.0303,0.0213
0.55,0.03,-0.015,-0.0341,-0.0001
0.555,0.041,-0.031,-0.0305,0.0152
0.56,0.021,-0.024,-0.0411,0.0312
0.565,0.039,-0.032,-0.0212,0.0237
0.57,0.023,-0.026,-0.0389,0.0322
0.575,0.037,-0.01,-0.0233,0.0257
0.58,0.051,-0.002,-0.0374,0.0099
0.585,0.038,0.005,-0.0513,0.0022
0.59,0.035,-0.006,-0.0377,-0.0052
0.595,0.012,-0.015,-0.0347,0.0059
0.6,-0.005,-0.029,-0.0121,0.0149
0.605,0.004,-0.016,0.0047,0.029
0.61,-0.008,-0.005,-0.0043,0.0162
0.615,0.006,0.006,0.0081,0.0054
0.62,0.012,-0.01,-0.0061,-0.0063
0.625,0.027,-0.005,-0.0119,0.0104
0.63,0.043,-0.011,-0.0265,0.0047
0.635,0.066,-0.015,-0.0426,0.0109
0.64,0.081,-0.006,-0.0656,0.0148
0.645,0.1,-0.018,-0.0814,0.0057
0.65,0.09,-0.025,-0.1004,0.0175
0.655,0.09,-0.003,-0.0897,0.0247
0.66,0.098,0.012,-0.0896,0.0033
0.665,0.075,0.005,-0.098,-0.0116
0.67,0.055,-0.008,-0.0752,-0.005
0.675,0.036,0.007,-0.055,0.008
0.68,0.037,0.023,-0.0363,-0.0071
0.685,0.047,0.025,-0.0372,-0.0231
0.69,0.046,0.01,-0.0469,-0.0247
0.695,0.055,0.006,-0.0463,-0.0097
0.7,0.05,0.023,-0.0545,-0.0056
0.705,0.035,0.031,-0.0504,-0.0225
0.71,0.025,0.044,-0.035,-0.0308
0.715,0.03,0.059,-0.0246,-0.0439
0.72,0.016,0.055,-0.0296,-0.0595
0.725,0.009,0.072,-0.016,-0.0545
0.73,0.027,0.07,-0.0092,-0.0725
0.735,0.041,0.06,-0.0271,-0.0697
0.74,0.055,0.076,-0.0414,-0.0604
0.745,0.049,0.061,-0.0555,-0.0756
0.75,0.06,0.044,-0.0492,-0.0607
0.755,0.049,0.051,-0.0598,-0.0442
0.76,0.041,0.026,-0.049,-0.0512
0.765,0.046,0.036,-0.0406,-0.026
0.77,0.03,0.041,-0.0464,-0.0356
0.775,0.017,0.052,-0.0301,-0.0412
0.78,-0.003,0.056,-0.0168,-0.0525
0.785,0.0,0.068,0.0026,-0.0555
0.79,0.014,0.062,-0.0003,-0.0685
0.795,0.012,0.043,-0.0139,-0.0624
0.8,0.026,0.042,-0.0117,-0.0434
0.805,0.042,0.041,-0.0262,-0.0424
0.81,0.055,0.031,-0.0421,-0.0408
0.815,0.039,0.035,-0.0554,-0.0307
0.82,0.051,0.045,-0.0394,-0.0346
0.825,0.051,0.059,-0.0506,-0.0452
0.83,0.031,0.065,-0.0512,-0.0585
0.835,0.04,0.052,-0.0314,-0.0646
0.84,0.022,0.043,-0.0398,-0.0517
0.845,0.014,0.053,-0.0215,-0.0431
0.85,0.02,0.035,-0.0139,-0.0528
0.855,0.038,0.03,-0.0198,-0.0347
0.86,0.02,0.038,-0.0375,-0.0303
0.865,0.035,0.037,-0.0205,-0.0382
0.87,0.042,0.05,-0.0355,-0.0369
0.875,0.026,0.05,-0.0424,-0.0503
0.88,0.045,0.041,-0.026,-0.0505
0.885,0.024,0.051,-0.0445,-0.0409
0.89,0.045,0.046,-0.0241,-0.0508
0.895,0.028,0.035,-0.0445,-0.0458
0.9,0.037,0.026,-0.0278,-0.035
0.905,0.025,0.041,-0.0375,-0.0262
0.91,0.012,0.026,-0.0251,-0.0411
0.915,0.021,0.011,-0.0118,-0.0257
0.92,0.021,-0.006,-0.0213,-0.011
0.925,0.034,0.001,-0.0206,0.0056
0.93,0.038,0.013,-0.0341,-0.0015
0.935,0.028,0.022,-0.0378,-0.0129
0.94,0.037,0.036,-0.028,-0.0223
0.945,0.025,0.027,-0.0371,-0.0356
0.95,0.029,0.043,-0.0254,-0.0269
0.955,0.045,0.03,-0.0294,-0.043
0.96,0.024,0.034,-0.0447,-0.0303
0.965,0.008,0.023,-0.0243,-0.0343
0.97,0.013,0.032,-0.0085,-0.0231
0.975,0.005,0.041,-0.0129,-0.0316
0.98,-0.012,0.033,-0.0051,-0.0411
0.985,0.004,0.03,0.0116,-0.0333
0.99,0.007,0.048,-0.0042,-0.0304
0.995,0.02,0.054,-0.0067,-0.048
1.0,0.016,0.068,-0.0202,-0.0542
1.005,0.014,0.053,-0.0162,-0.0684
1.01,-0.003,0.053,-0.0141,-0.0527
1.015,-0.019,0.061,0.0032,-0.0529
1.02,-0.017,0.051,0.0193,-0.0615
1.025,-0.031,0.04,0.0174,-0.0511
1.03,-0.038,0.021,0.0311,-0.0399
1.035,-0.055,0.03,0.0378,-0.0212
1.04,-0.066,0.037,0.0546,-0.0297
1.045,-0.077,0.045,0.0659,-0.037
1.05,-0.065,0.034,0.0767,-0.0454
1.055,-0.057,0.015,0.0652,-0.0336
1.06,-0.039,0.018,0.057,-0.0145
1.065,-0.022,0.002,0.0391,-0.0178
1.07,-0.021,-0.019,0.0224,-0.002
1.075,-0.036,-0.03,0.0212,0.0189
1.08,-0.014,-0.035,0.0362,0.0302
1.085,-0.023,-0.022,0.0138,0.035
1.09,-0.016,-0.026,0.0228,0.0217
1.095,-0.011,-0.003,0.0162,0.0264
1.1,-0.02,0.011,0.0106,0.0032
1.105,0.003,0.02,0.0198,-0.0109
1.11,0.026,0.022,-0.0027,-0.0195
1.115,0.034,0.01,-0.0261,-0.0216
1.12,0.053,0.017,-0.0339,-0.0097
1.125,0.068,0.025,-0.0531,-0.0168
1.13,0.064,0.043,-0.0683,-0.0248
1.135,0.078,0.047,-0.064,-0.0426
1.14,0.083,0.058,-0.0779,-0.0469
1.145,0.093,0.065,-0.083,-0.0584
1.15,0.071,0.078,-0.0926,-0.0653
1.155,0.051,0.066,-0.0712,-0.078
1.16,0.058,0.049,-0.0506,-0.0661
1.165,0.047,0.027,-0.0577,-0.0487
1.17,0.041,0.007,-0.0469,-0.0267
1.175,0.028,0.019,-0.0408,-0.0069
1.18,0.046,0.012,-0.0277,-0.0194
1.185,0.035,-0.006,-0.0458,-0.0123
1.19,0.016,-0.015,-0.0349,0.0059
1.195,0.002,-0.011,-0.0156,0.0147
1.2,-0.015,-0.009,-0.0016,0.0109
1.205,-0.005,0.007,0.0145,0.009
1.21,0.013,0.01,0.0054,-0.0067
1.215,0.028,0.019,-0.0128,-0.0095
1.22,0.026,-0.001,-0.0281,-0.0185
1.225,0.041,0.005,-0.0263,0.0009
1.23,0.047,-0.009,-0.0406,-0.0053
1.235,0.031,-0.009,-0.0469,0.0088
1.24,0.03,0.012,-0.0314,0.0088
1.245,0.036,-0.002,-0.0303,-0.0118
1.25,0.045,0.009,-0.0362,0.0017
1.255,0.025,0.008,-0.0454,-0.0086
1.26,0.03,-0.012,-0.0254,-0.0084
1.265,0.029,-0.031,-0.0297,0.0124
1.27,0.019,-0.047,-0.0291,0.0314
1.275,0.004,-0.055,-0.0192,0.0468
1.28,0.009,-0.038,-0.0037,0.0545
1.285,0.014,-0.022,-0.0092,0.0379
1.29,-0.002,-0.013,-0.014,0.0224
1.295,0.002,0.006,0.0021,0.0135
1.3,0.019,0.011,-0.0021,-0.0056
1.305,0.036,0.022,-0.0194,-0.0109
1.31,0.049,0.009,-0.0364,-0.0216
1.315,0.035,0.021,-0.0487,-0.0091
1.32,0.045,0.033,-0.0349,-0.0214
1.325,0.059,0.047,-0.0454,-0.0328
1.33,0.073,0.054,-0.0591,-0.047
1.335,0.087,0.057,-0.0726,-0.0536
1.34,0.078,0.035,-0.0868,-0.0568
1.345,0.089,0.025,-0.0779,-0.0351
1.35,0.074,0.006,-0.089,-0.0251
1.355,0.078,0.015,-0.0744,-0.0063
1.36,0.065,0.031,-0.0781,-0.015
1.365,0.067,0.046,-0.0647,-0.031
1.37,0.06,0.035,-0.0674,-0.0462
1.375,0.065,0.048,-0.0596,-0.0345
1.38,0.043,0.049,-0.0653,-0.0482
1.385,0.048,0.065,-0.0435,-0.0487
1.39,0.044,0.048,-0.0479,-0.0652
1.395,0.057,0.062,-0.0444,-0.0484
1.4,0.049,0.041,-0.0573,-0.0615
1.405,0.033,0.035,-0.0493,-0.0409
1.41,0.049,0.028,-0.0334,-0.0354
1.415,0.067,0.017,-0.0487,-0.0283
1.42,0.049,0.007,-0.0666,-0.0172
1.425,0.062,-0.007,-0.049,-0.0075
1.43,0.04,-0.014,-0.0617,0.0072
1.435,0.044,-0.03,-0.0404,0.0141
1.44,0.041,-0.009,-0.0435,0.0298
1.445,0.04,0.008,-0.0412,0.0091
1.45,0.048,0.007,-0.0401,-0.0077
1.455,0.024,0.01,-0.0483,-0.0069
1.46,0.019,-0.003,-0.024,-0.0105
1.465,0.033,-0.006,-0.019,0.0028
1.47,0.013,-0.009,-0.0334,0.0056
1.475,0.025,0.006,-0.0135,0.0089
1.48,0.005,0.011,-0.0249,-0.0062
1.485,-0.001,-0.01,-0.0049,-0.0107
1.49,-0.014,-0.024,0.0008,0.0096
1.495,-0.031,-0.026,0.0141,0.0244
1.5,-0.032,-0.044,0.0308,0.026
1.505,-0.034,-0.031,0.0321,0.0435
1.51,-0.019,-0.036,0.0344,0.0307
1.515,-0.002,-0.028,0.0191,0.0359
1.52,-0.005,-0.042,0.0023,0.0284
1.525,-0.015,-0.032,0.005,0.0421
1.53,-0.02,-0.019,0.0155,0.0316
1.535,-0.037,-0.01,0.0199,0.0194
1.54,-0.028,-0.024,0.0373,0.0102
1.545,-0.03,-0.032,0.0278,0.0242
1.55,-0.012,-0.026,0.0299,0.0322
1.555,0.003,-0.029,0.012,0.0265
1.56,-0.015,-0.034,-0.0028,0.0288
1.565,-0.026,-0.051,0.0152,0.0336
1.57,-0.033,-0.065,0.026,0.0507
1.575,-0.049,-0.052,0.033,0.0654
1.58,-0.06,-0.037,0.0495,0.052
1.585,-0.058,-0.016,0.0597,0.0369
1.59,-0.078,-0.009,0.0578,0.0162
1.595,-0.068,0.013,0.0783,0.0089
1.6,-0.078,0.018,0.0681,-0.0129
1.605,-0.069,0.033,0.0776,-0.0183
1.61,-0.05,0.043,0.0693,-0.0329
1.615,-0.061,0.032,0.0495,-0.0431
1.62,-0.04,0.037,0.0614,-0.0322
1.625,-0.021,0.049,0.04,-0.0368
1.63,-0.019,0.069,0.0214,-0.0495
1.635,-0.003,0.071,0.0193,-0.0689
1.64,-0.001,0.05,0.0033,-0.071
1.645,-0.016,0.048,0.0006,-0.0505
1.65,-0.001,0.054,0.016,-0.0478
1.655,0.017,0.041,0.0015,-0.0538
1.66,0.01,0.024,-0.0167,-0.0408
1.665,0.014,-0.001,-0.0097,-0.0241
1.67,0.034,-0.001,-0.0144,0.0006
1.675,0.038,0.009,-0.0344,0.0013
1.68,0.026,0.024,-0.0376,-0.0093
1.685,0.022,0.008,-0.0261,-0.0238
1.69,0.008,0.018,-0.0218,-0.0084
1.695,-0.003,0.037,-0.0085,-0.0177
1.7,0.01,0.042,0.0034,-0.0373
1.705,-0.009,0.042,-0.0096,-0.0422
1.71,-0.014,0.024,0.0092,-0.0421
1.715,-0.015,0.043,0.0143,-0.0243
1.72,-0.027,0.025,0.0155,-0.0429
1.725,-0.034,0.006,0.0271,-0.0246
1.73,-0.039,-0.012,0.034,-0.0059
1.735,-0.06,-0.013,0.0393,0.012
1.74,-0.047,-0.026,0.0602,0.0127
1.745,-0.045,-0.008,0.0469,0.0256
1.75,-0.035,-0.022,0.0446,0.0084
1.755,-0.013,-0.032,0.035,0.0223
1.76,0.003,-0.033,0.0133,0.0317
1.765,-0.011,-0.023,-0.003,0.0328
1.77,0.011,-0.019,0.0108,0.0229
1.775,0.022,-0.028,-0.0106,0.0193
1.78,0.02,-0.005,-0.0221,0.0275
1.785,0.034,0.015,-0.02,0.0051
1.79,0.051,0.01,-0.0342,-0.0148
1.795,0.036,0.015,-0.0512,-0.0097
1.8,0.018,-0.003,-0.0364,-0.015
1.805,0.01,-0.014,-0.0182,0.0031
1.81,0.027,-0.006,-0.0096,0.0141
1.815,0.008,-0.005,-0.0274,0.006
1.82,-0.004,-0.014,-0.0079,0.0054
1.825,0.004,-0.002,0.0041,0.0141
1.83,-0.002,-0.014,-0.0037,0.0016
1.835,-0.022,-0.013,0.0023,0.0136
1.84,-0.027,-0.032,0.0221,0.0128
1.845,-0.031,-0.018,0.027,0.0319
1.85,-0.036,-0.002,0.0308,0.0181
1.855,-0.037,0.014,0.0357,0.002
1.86,-0.052,0.028,0.0371,-0.0144
1.865,-0.051,0.012,0.0524,-0.0283
1.87,-0.044,0.03,0.051,-0.0122
1.875,-0.029,0.031,0.044,-0.0295
1.88,-0.012,0.035,0.029,-0.0311
1.885,-0.016,0.048,0.0115,-0.0354
1.89,-0.016,0.06,0.0161,-0.048
1.895,-0.027,0.071,0.0165,-0.06
1.9,-0.006,0.072,0.0275,-0.071
1.905,-0.018,0.062,0.0058,-0.0723
1.91,-0.017,0.072,0.0183,-0.0618
1.915,-0.021,0.054,0.0172,-0.0725
1.92,-0.022,0.037,0.0214,-0.0541
1.925,-0.013,0.051,0.0217,-0.0369
1.93,0.003,0.043,0.013,-0.0511
1.935,-0.01,0.034,-0.0029,-0.0435
1.94,-0.004,0.014,0.0096,-0.0345
1.945,0.014,0.019,0.0039,-0.0135
1.95,-0.003,0.016,-0.014,-0.0188
1.955,-0.021,0.013,0.0031,-0.0162
1.96,-0.038,0.016,0.0212,-0.0132
1.965,-0.05,0.007,0.0381,-0.0159
1.97,-0.063,0.022,0.0504,-0.0068
1.975,-0.066,0.009,0.0625,-0.0222
1.98,-0.07,0.025,0.0659,-0.0095
1.985,-0.081,0.041,0.0705,-0.0253
1.99,-0.078,0.023,0.0815,-0.0405
1.995,-0.08,0.038,0.0779,-0.0235
2.0,-0.084,0.019,0.0802,-0.0384
2.005,-0.033,0.01,10.0838,-0.0185
2.01,0.043,0.007,10.0326,-0.0097
2.015,0.185,0.004,9.957,-0.0067
2.02,0.426,-0.02,9.8146,-0.0042
2.025,0.772,-0.021,9.5738,0.0198
2.03,1.155,-0.039,9.2281,0.0215
2.035,1.589,-0.034,8.8452,0.0391
2.04,2.083,-0.038,8.4114,0.034
2.045,2.561,-0.04,7.9175,0.0381
2.05,3.047,-0.047,7.4388,0.0398
2.055,3.507,-0.053,6.9534,0.0468
2.06,3.934,-0.051,6.4929,0.0527
2.065,4.315,-0.048,6.0657,0.0512
2.07,4.643,-0.052,5.6848,0.048
2.075,4.924,-0.062,5.3573,0.052
2.08,5.145,-0.066,5.0758,0.0618
2.085,5.323,-0.061,4.8551,0.066
2.09,5.459,-0.053,4.6767,0.0613
2.095,5.563,-0.047,4.5407,0.0534
2.1,5.647,-0.042,4.4369,0.0466
2.105,5.724,-0.036,4.3525,0.0421
2.11,5.797,-0.044,4.2755,0.0364
2.115,5.874,-0.051,4.2034,0.0444
2.12,5.962,-0.053,4.1263,0.0507
2.125,6.062,-0.06,4.0384,0.0531
2.13,6.175,-0.061,3.9378,0.0598
2.135,6.306,-0.052,3.8249,0.0608
2.14,6.447,-0.049,3.6942,0.0523
2.145,6.597,-0.041,3.5529,0.049
2.15,6.756,-0.037,3.4033,0.0409
2.155,6.91,-0.033,3.2445,0.037
2.16,7.06,-0.029,3.0898,0.0331
2.165,7.206,-0.031,2.9397,0.0285
2.17,7.341,-0.029,2.7938,0.0306
2.175,7.469,-0.028,2.6593,0.0287
2.18,7.58,-0.035,2.5307,0.0282
2.185,7.683,-0.032,2.4201,0.0352
2.19,7.77,-0.029,2.3172,0.0324
2.195,7.851,-0.034,2.23,0.0294
2.2,7.911,-0.033,2.149,0.0341
2.205,7.972,-0.032,2.0888,0.0328
2.21,8.026,-0.032,2.0283,0.0321
2.215,8.068,-0.03,1.9743,0.0322
2.22,8.114,-0.029,1.9316,0.0304
2.225,8.159,-0.032,1.8863,0.0291
2.23,8.201,-0.027,1.8414,0.0318
2.235,8.248,-0.023,1.7988,0.0272
2.24,8.295,-0.021,1.7517,0.0233
2.245,8.345,-0.021,1.7054,0.0213
2.25,8.398,-0.018,1.6548,0.0211
2.255,8.446,-0.018,1.6019,0.0177
2.26,8.501,-0.018,1.5544,0.0182
2.265,8.555,-0.018,1.4989,0.0179
2.27,8.608,-0.011,1.4453,0.0183
2.275,8.66,-0.017,1.3922,0.0109
2.28,8.708,-0.016,1.3398,0.0171
2.285,8.753,-0.018,1.2923,0.0163
2.29,8.791,-0.015,1.2473,0.0177
2.295,8.828,-0.012,1.2094,0.0154
2.3,8.859,-0.012,1.1715,0.0124
2.305,8.886,-0.011,1.1413,0.0117
2.31,8.913,-0.011,1.1139,0.0114
2.315,8.936,-0.011,1.0867,0.0112
2.32,8.956,-0.014,1.0639,0.0105
2.325,8.974,-0.012,1.0438,0.0137
2.33,8.996,-0.012,1.0257,0.0122
2.335,9.017,-0.01,1.0044,0.0119
2.34,9.036,-0.009,0.9828,0.01
2.345,9.065,-0.017,0.9635,0.0087
2.35,9.085,-0.02,0.9348,0.0166
2.355,9.112,-0.026,0.9149,0.02
2.36,9.137,-0.031,0.8879,0.0265
2.365,9.164,-0.029,0.8627,0.0311
2.37,9.19,-0.028,0.8363,0.0288
2.375,9.211,-0.027,0.8096,0.0283
2.38,9.228,-0.028,0.7887,0.0273
2.385,9.247,-0.029,0.7724,0.0284
2.39,9.265,-0.023,0.7528,0.0288
2.395,9.281,-0.023,0.7353,0.0229
2.4,9.294,-0.027,0.719,0.0227
2.405,9.301,-0.021,0.7062,0.0272
2.41,9.309,-0.02,0.6993,0.0211
2.415,9.317,-0.014,0.6911,0.02
2.42,9.327,-0.012,0.6835,0.0139
2.425,9.332,-0.013,0.6731,0.0119
2.43,9.339,-0.012,0.6676,0.0125
2.435,9.347,-0.008,0.6608,0.0122
2.44,9.357,-0.008,0.6526,0.0079
2.445,9.37,-0.009,0.6433,0.0075
2.45,9.378,-0.007,0.6298,0.0089
2.455,9.392,-0.006,0.6218,0.0065
2.46,9.408,-0.007,0.6081,0.0058
2.465,9.42,-0.01,0.5922,0.0072
2.47,9.439,-0.012,0.5802,0.0103
2.475,9.448,-0.009,0.5614,0.012
2.48,9.456,-0.009,0.5515,0.0093
2.485,9.464,-0.013,0.5441,0.009
2.49,9.469,-0.015,0.5355,0.0134
2.495,9.48,-0.021,0.5306,0.0152
2.5,9.488,-0.023,0.5199,0.0206
2.505,9.49,-0.027,0.5121,0.0225
2.51,9.492,-0.022,0.5098,0.0271
2.515,9.499,-0.021,0.5081,0.022
2.52,9.504,-0.023,0.5006,0.0214
2.525,9.514,-0.026,0.496,0.0228
2.53,9.521,-0.025,0.486,0.0256
2.535,9.526,-0.022,0.4793,0.0252
2.54,9.535,-0.017,0.4737,0.0219
2.545,9.542,-0.017,0.4649,0.0169
2.55,9.547,-0.016,0.4581,0.0169
2.555,9.559,-0.022,0.4526,0.016
2.56,9.563,-0.015,0.4409,0.0216
2.565,9.562,-0.015,0.4372,0.0152
2.57,9.566,-0.018,0.4384,0.0153
2.575,9.571,-0.015,0.4342,0.0179
2.58,9.573,-0.02,0.4292,0.0146
2.585,9.571,-0.027,0.4269,0.0196
2.59,9.573,-0.035,0.4288,0.0268
2.595,9.57,-0.047,0.4268,0.0349
2.6,9.57,-0.046,0.4296,0.0466
2.605,9.572,-0.05,0.4299,0.0456
2.61,9.571,-0.051,0.4283,0.05
2.615,9.58,-0.047,0.4289,0.0509
2.62,9.582,-0.054,0.4198,0.0473
2.625,9.588,-0.051,0.4176,0.0542
2.63,9.589,-0.042,0.4123,0.0513
2.635,9.588,-0.039,0.4109,0.0424
2.64,9.591,-0.037,0.4118,0.0388
2.645,9.593,-0.037,0.4087,0.0373
2.65,9.593,-0.03,0.4068,0.0371
2.655,9.591,-0.027,0.4069,0.0299
2.66,9.591,-0.026,0.4091,0.0275
2.665,9.592,-0.022,0.4094,0.0258
2.67,9.598,-0.026,0.4082,0.0223
2.675,9.598,-0.03,0.4025,0.0257
2.68,9.6,-0.026,0.4023,0.0299
2.685,9.6,-0.03,0.4002,0.0262
2.69,9.603,-0.028,0.4004,0.0297
2.695,9.598,-0.029,0.3973,0.0279
2.7,9.598,-0.033,0.4018,0.0294
2.705,9.598,-0.033,0.4024,0.0329
2.71,9.597,-0.034,0.4019,0.0328
2.715,9.6,-0.025,0.403,0.0336
2.72,9.604,-0.025,0.3997,0.0248
2.725,9.605,-0.026,0.3961,0.025
2.73,9.614,-0.019,0.3949,0.0263
2.735,9.62,-0.019,0.3859,0.0185
2.74,9.622,-0.019,0.3798,0.0192
2.745,9.628,-0.011,0.3777,0.0187
2.75,9.623,-0.008,0.3715,0.011
2.755,9.624,-0.01,0.3766,0.0077
2.76,9.624,-0.013,0.3763,0.01
2.765,9.621,-0.013,0.3765,0.0129
2.77,9.619,-0.013,0.3791,0.0132
2.775,9.618,-0.018,0.3812,0.0131
2.78,9.62,-0.021,0.3819,0.0178
2.785,9.621,-0.027,0.3804,0.0215
2.79,9.621,-0.036,0.3794,0.0273
2.795,9.616,-0.041,0.379,0.0357
2.8,9.618,-0.039,0.3837,0.0408
2.805,9.62,-0.04,0.3821,0.0387
2.81,9.619,-0.037,0.3805,0.0401
2.815,9.62,-0.034,0.3808,0.037
2.82,9.623,-0.028,0.3801,0.0342
2.825,9.628,-0.028,0.3767,0.0282
2.83,9.633,-0.023,0.3723,0.028
2.835,9.636,-0.028,0.3671,0.0232
2.84,9.635,-0.026,0.3641,0.0279
2.845,9.633,-0.023,0.3648,0.026
2.85,9.631,-0.019,0.3669,0.0229
2.855,9.627,-0.023,0.3688,0.0193
2.86,9.624,-0.026,0.3728,0.0232
2.865,9.626,-0.024,0.3764,0.0261
2.87,9.627,-0.023,0.3742,0.024
2.875,9.624,-0.031,0.3732,0.0231
2.88,9.623,-0.034,0.3763,0.0308
2.885,9.62,-0.031,0.3766,0.0337
2.89,9.619,-0.026,0.3797,0.0305
2.895,9.616,-0.033,0.3813,0.0256
2.9,9.616,-0.029,0.384,0.0332
2.905,9.612,-0.029,0.3842,0.0289
2.91,9.612,-0.028,0.3884,0.029
2.915,9.613,-0.032,0.3876,0.0279
2.92,9.615,-0.029,0.3875,0.0318
2.925,9.614,-0.03,0.3855,0.0293
2.93,9.614,-0.022,0.3861,0.0301
2.935,9.613,-0.02,0.3857,0.0217
2.94,9.613,-0.019,0.3865,0.0204
2.945,9.614,-0.012,0.3869,0.0193
2.95,9.611,-0.014,0.3864,0.0125
2.955,9.613,-0.008,0.3891,0.0138
2.96,9.619,-0.007,0.3865,0.0075
2.965,9.622,-0.015,0.3814,0.0067
2.97,9.624,-0.02,0.3781,0.0146
2.975,9.621,-0.021,0.3762,0.02
2.98,9.624,-0.018,0.3785,0.0208
2.985,9.623,-0.017,0.3759,0.0184
2.99,9.624,-0.013,0.3769,0.0174
2.995,9.627,-0.01,0.3759,0.0133
3.0,9.626,-0.005,0.3732,0.0097
3.005,9.622,-0.006,0.3735,0.0055
3.01,9.621,-0.008,0.3777,0.0061
3.015,9.621,-0.01,0.3793,0.0081
3.02,9.618,-0.015,0.3791,0.0104
3.025,9.614,-0.017,0.382,0.0153
3.03,9.612,-0.015,0.3857,0.0168
3.035,9.615,-0.019,0.3879,0.0148
3.04,9.617,-0.019,0.385,0.0192
3.045,9.615,-0.012,0.3834,0.0186
3.05,9.613,-0.014,0.3848,0.0125
3.055,9.615,-0.015,0.3872,0.0138
3.06,9.622,-0.011,0.3853,0.0155
3.065,9.624,-0.008,0.3782,0.0105
3.07,9.632,-0.009,0.3759,0.0079
3.075,9.635,-0.008,0.3683,0.0093
3.08,9.642,-0.011,0.3647,0.0084
3.085,9.64,-0.011,0.3584,0.0111
3.09,9.642,-0.013,0.3601,0.011
3.095,9.64,-0.016,0.3582,0.0129
3.1,9.638,-0.023,0.3601,0.0162
3.105,9.637,-0.027,0.3617,0.0229
3.11,9.632,-0.033,0.3628,0.0266
3.115,9.629,-0.033,0.3685,0.0333
3.12,9.625,-0.036,0.3712,0.0334
3.125,9.624,-0.032,0.3745,0.036
3.13,9.622,-0.034,0.3761,0.0324
3.135,9.62,-0.027,0.3775,0.0337
3.14,9.622,-0.024,0.3801,0.0267
3.145,9.625,-0.013,0.3776,0.0238
3.15,9.624,-0.009,0.3752,0.0131
3.155,9.625,-0.002,0.3756,0.0088
3.16,9.631,-0.011,0.3746,0.0021
3.165,9.634,-0.012,0.3693,0.0105
3.17,9.634,-0.01,0.3662,0.0123
3.175,9.636,-0.004,0.3655,0.0104
3.18,9.638,-0.004,0.3643,0.0044
3.185,9.64,-0.009,0.3618,0.0036
3.19,9.639,-0.015,0.3605,0.0086
3.195,9.641,-0.015,0.3605,0.0152
3.2,9.641,-0.014,0.3588,0.0147
3.205,9.644,-0.015,0.3585,0.0142
3.21,9.645,-0.02,0.3556,0.0152
3.215,9.643,-0.018,0.355,0.0199
3.22,9.643,-0.019,0.357,0.018
3.225,9.642,-0.014,0.3569,0.0187
3.23,9.64,-0.008,0.3579,0.014
3.235,9.634,-0.006,0.3599,0.0084
3.24,9.632,-0.007,0.3655,0.0062
3.245,9.629,-0.012,0.3676,0.0071
3.25,9.628,-0.015,0.3706,0.0115
3.255,9.627,-0.012,0.3718,0.0152
3.26,9.626,-0.008,0.3733,0.0118
3.265,9.627,-0.007,0.3743,0.008
3.27,9.634,-0.006,0.3727,0.007
3.275,9.642,0.0,0.366,0.0061
3.28,9.648,0.001,0.3582,-0.0002
3.285,9.644,0.003,0.3524,-0.0013
3.29,9.646,0.001,0.3559,-0.003
3.295,9.644,0.001,0.3542,-0.0007
3.3,9.647,0.004,0.3562,-0.0015
3.305,9.648,0.005,0.3532,-0.0041
3.31,9.647,-0.001,0.3521,-0.0047
3.315,9.649,-0.005,0.3527,0.0012
3.32,9.649,-0.014,0.3509,0.0051
3.325,9.651,-0.02,0.351,0.0141
3.33,9.653,-0.025,0.349,0.0196
3.335,9.651,-0.032,0.3474,0.0254
3.34,9.652,-0.029,0.3495,0.0321
3.345,9.651,-0.031,0.3479,0.029
3.35,9.65,-0.033,0.3488,0.0309
3.355,9.652,-0.037,0.35,0.0334
3.36,9.652,-0.031,0.3476,0.0365
3.365,9.652,-0.026,0.348,0.0311
3.37,9.66,-0.024,0.3477,0.0258
3.375,9.662,-0.029,0.3396,0.0236
3.38,9.664,-0.028,0.3379,0.0289
3.385,9.666,-0.025,0.3355,0.0284
3.39,9.672,-0.021,0.3341,0.0246
3.395,9.674,-0.019,0.3278,0.0209
3.4,9.673,-0.025,0.3259,0.0194
3.405,9.676,-0.026,0.3271,0.0252
3.41,9.674,-0.024,0.3236,0.0261
3.415,9.67,-0.029,0.3256,0.0245
3.42,9.666,-0.026,0.3297,0.0289
3.425,9.664,-0.025,0.334,0.0263
3.43,9.661,-0.031,0.336,0.0246
3.435,9.659,-0.035,0.3387,0.0311
3.44,9.66,-0.033,0.3406,0.0346
3.445,9.66,-0.034,0.3404,0.0325
3.45,9.66,-0.025,0.3402,0.0343
3.455,9.664,-0.021,0.3398,0.0253
3.46,9.66,-0.019,0.3356,0.0211
3.465,9.665,-0.016,0.3395,0.0194
3.47,9.67,-0.012,0.3351,0.0156
3.475,9.672,-0.004,0.3301,0.0115
3.48,9.671,0.001,0.3278,0.0041
3.485,9.667,-0.002,0.3292,-0.0012
3.49,9.663,-0.003,0.3326,0.0023
3.495,9.661,-0.002,0.3369,0.0028
3.5,9.659,-0.004,0.339,0.002
3.505,9.655,-0.013,0.3406,0.0038
3.51,9.65,-0.013,0.3453,0.0129
3.515,9.642,-0.01,0.3495,0.0129
3.52,9.638,-0.006,0.358,0.0099
3.525,9.637,-0.004,0.3622,0.0063
3.53,9.64,-0.003,0.3633,0.0043
3.535,9.648,0.008,0.3595,0.0028
3.54,9.648,0.012,0.3518,-0.0084
3.545,9.65,0.021,0.3516,-0.0119
3.55,9.655,0.024,0.3495,-0.0207
3.555,9.66,0.026,0.3451,-0.0235
3.56,9.658,0.027,0.3401,-0.0265
3.565,9.656,0.027,0.3416,-0.0269
3.57,9.657,0.026,0.3436,-0.0269
3.575,9.657,0.022,0.343,-0.0262
3.58,9.653,0.012,0.343,-0.0218
3.585,9.655,0.007,0.3469,-0.0123
3.59,9.652,0.002,0.3451,-0.0072
3.595,9.65,0.002,0.3483,-0.002
3.6,9.649,0.003,0.3504,-0.002
3.605,9.646,-0.001,0.3513,-0.0028
3.61,9.648,-0.003,0.3542,0.0009
3.615,9.649,0.002,0.3519,0.0027
3.62,9.648,0.011,0.351,-0.0025
3.625,9.648,0.009,0.3519,-0.0114
3.63,9.65,0.008,0.3523,-0.0092
3.635,9.658,0.004,0.3496,-0.0075
3.64,9.659,0.002,0.3422,-0.0036
3.645,9.663,-0.003,0.3407,-0.0018
3.65,9.659,-0.001,0.3374,0.003
3.655,9.659,-0.005,0.3407,0.0013
3.66,9.658,-0.014,0.3413,0.005
3.665,9.66,-0.01,0.3418,0.0136
3.67,9.661,-0.013,0.3399,0.0098
3.675,9.663,-0.011,0.3387,0.0125
3.68,9.669,-0.008,0.3371,0.0111
3.685,9.671,-0.004,0.3308,0.0078
3.69,9.668,-0.012,0.3293,0.004
3.695,9.664,-0.006,0.3317,0.0117
3.7,9.663,-0.004,0.3357,0.0062
3.705,9.659,0.004,0.337,0.0038
3.71,9.656,0.013,0.3413,-0.0037
3.715,9.653,0.01,0.344,-0.0125
3.72,9.652,0.007,0.3471,-0.0097
3.725,9.648,-0.0,0.3477,-0.0071
3.73,9.646,-0.006,0.3525,0.0004
3.735,9.644,-0.014,0.3541,0.0057
3.74,9.645,-0.021,0.3556,0.0143
3.745,9.646,-0.027,0.3555,0.0209
3.75,9.653,-0.019,0.3541,0.0267
3.755,9.649,-0.015,0.3473,0.0187
3.76,9.649,-0.022,0.3511,0.0146
3.765,9.651,-0.023,0.3506,0.0224
3.77,9.659,-0.026,0.3491,0.0229
3.775,9.66,-0.031,0.3412,0.0261
3.78,9.659,-0.016,0.3396,0.0307
3.785,9.659,-0.013,0.3407,0.0163
3.79,9.658,-0.004,0.3407,0.0128
3.795,9.656,0.001,0.3418,0.004
3.8,9.655,-0.002,0.344,-0.001
3.805,9.652,0.002,0.3445,0.002
3.81,9.651,-0.005,0.3485,-0.0021
3.815,9.655,-0.004,0.3486,0.0048
3.82,9.655,-0.015,0.3449,0.0036
3.825,9.654,-0.017,0.3446,0.0146
3.83,9.654,-0.021,0.3456,0.0174
3.835,9.653,-0.029,0.3461,0.021
3.84,9.651,-0.029,0.3467,0.0286
3.845,9.651,-0.03,0.3494,0.0289
3.85,9.646,-0.028,0.3494,0.0304
3.855,9.648,-0.021,0.3542,0.0281
3.86,9.65,-0.008,0.3519,0.0211
3.865,9.65,0.0,0.3501,0.0084
3.87,9.649,0.01,0.3505,-0.0003
3.875,9.646,0.021,0.3511,-0.0104
3.88,9.64,0.027,0.3542,-0.0212
3.885,9.635,0.024,0.3596,-0.0271
3.89,9.636,0.025,0.3651,-0.0238
3.895,9.635,0.016,0.3645,-0.025
3.9,9.643,0.016,0.365,-0.0159
3.905,9.645,0.01,0.3575,-0.0161
3.91,9.648,0.007,0.3551,-0.0101
3.915,9.648,0.006,0.3522,-0.0075
3.92,9.644,0.001,0.3519,-0.0056
3.925,9.641,0.006,0.3559,-0.0007
3.93,9.635,0.009,0.3589,-0.0058
3.935,9.633,0.007,0.3647,-0.0088
3.94,9.633,0.013,0.3671,-0.0068
3.945,9.631,0.016,0.3674,-0.0133
3.95,9.636,0.021,0.3685,-0.0164
3.955,9.636,0.025,0.3645,-0.0211
3.96,9.639,0.019,0.3641,-0.0246
3.965,9.643,0.022,0.3614,-0.0191
3.97,9.645,0.023,0.3566,-0.0224
3.975,9.65,0.022,0.3546,-0.0228
3.98,9.655,0.014,0.3501,-0.0217
3.985,9.66,0.003,0.3447,-0.0138
3.99,9.661,-0.002,0.34,-0.0031
3.995,9.658,-0.003,0.3385,0.0019
4.0,9.656,0.006,0.3418,0.003
4.005,9.652,0.008,0.3443,-0.0064
4.01,9.646,0.011,0.3478,-0.0082
4.015,9.646,0.014,0.3539,-0.0111
4.02,9.642,0.017,0.3541,-0.0137
4.025,9.642,0.011,0.3582,-0.0173
4.03,9.644,0.005,0.3576,-0.0113
4.035,9.647,-0.002,0.3557,-0.0051
4.04,9.649,-0.002,0.353,0.0021
4.045,9.652,-0.003,0.3515,0.0023
4.05,9.656,-0.005,0.3478,0.0026
4.055,9.66,-0.006,0.3435,0.0052
4.06,9.664,-0.002,0.3396,0.0056
4.065,9.671,-0.002,0.3363,0.0019
4.07,9.669,-0.001,0.3285,0.0021
4.075,9.661,0.001,0.3314,0.001
4.08,9.658,0.004,0.3393,-0.0006
4.085,9.649,0.007,0.3425,-0.004
4.09,9.644,0.001,0.3512,-0.0072
4.095,9.64,0.001,0.3561,-0.0014
4.1,9.642,-0.007,0.36,-0.0009
4.105,9.639,-0.005,0.3585,0.0068
4.11,9.641,-0.002,0.3606,0.0053
4.115,9.647,-0.003,0.3591,0.0018
4.12,9.651,-0.003,0.3529,0.003
4.125,9.656,-0.003,0.3493,0.0026
4.13,9.654,0.002,0.3436,0.0029
4.135,9.655,0.003,0.3457,-0.0016
4.14,9.653,-0.004,0.3453,-0.0031
4.145,9.647,-0.003,0.3469,0.0038
4.15,9.647,-0.0,0.3526,0.0025
4.155,9.646,0.006,0.3532,0.0001
4.16,9.647,0.003,0.3545,-0.006
4.165,9.649,0.005,0.3529,-0.0034
4.17,9.652,0.005,0.3507,-0.0047
4.175,9.65,-0.005,0.3481,-0.0053
4.18,9.65,-0.009,0.3501,0.0045
4.185,9.645,-0.005,0.3503,0.0089
4.19,9.647,-0.006,0.3546,0.0054
4.195,9.642,-0.009,0.3535,0.0061
4.2,9.64,-0.004,0.3576,0.0088
4.205,9.642,-0.006,0.3598,0.0043
4.21,9.639,-0.004,0.3576,0.0064
4.215,9.639,-0.011,0.3614,0.0041
4.22,9.633,-0.006,0.3607,0.0107
4.225,9.634,0.004,0.3666,0.006
4.23,9.634,0.016,0.3659,-0.0044
4.235,9.637,0.02,0.3657,-0.0163
4.24,9.637,0.017,0.3631,-0.0201
4.245,9.635,0.015,0.3628,-0.0175
4.25,9.637,0.01,0.3649,-0.0148
4.255,9.634,0.012,0.3629,-0.0098
4.26,9.639,0.009,0.3664,-0.0118
4.265,9.64,0.005,0.3614,-0.0086
4.27,9.64,0.006,0.3603,-0.0046
4.275,9.647,0.012,0.3598,-0.0064
4.28,9.648,0.013,0.3534,-0.0118
4.285,9.64,0.016,0.3524,-0.0131
4.29,9.638,0.017,0.3597,-0.0155
4.295,9.639,0.013,0.3624,-0.0166
4.3,9.64,0.019,0.3612,-0.013
4.305,9.638,0.019,0.3601,-0.0195
4.31,9.639,0.02,0.3617,-0.0188
4.315,9.637,0.026,0.3608,-0.0202
4.32,9.638,0.019,0.3626,-0.0264
4.325,9.637,0.014,0.3623,-0.0187
4.33,9.643,0.013,0.3625,-0.0145
4.335,9.648,0.011,0.3574,-0.0126
4.34,9.647,0.015,0.3524,-0.0112
4.345,9.651,0.005,0.3534,-0.0148
4.35,9.655,0.001,0.3491,-0.005
4.355,9.659,0.008,0.3449,-0.001
4.36,9.665,-0.002,0.3406,-0.0083
4.365,9.665,-0.013,0.3348,0.0022
4.37,9.668,-0.007,0.3345,0.0135
4.375,9.672,-0.004,0.3318,0.0065
4.38,9.675,0.005,0.328,0.0041
4.385,9.673,0.009,0.3245,-0.0046
4.39,9.665,0.008,0.3273,-0.0089
4.395,9.664,0.006,0.3346,-0.0079
4.4,9.659,0.01,0.3356,-0.0058
4.405,9.662,0.004,0.3406,-0.0097
4.41,9.664,0.004,0.3381,-0.0045
4.415,9.669,-0.001,0.336,-0.0043
4.42,9.672,-0.013,0.3309,0.0011
4.425,9.674,-0.015,0.3281,0.0126
4.43,9.672,-0.011,0.3261,0.0148
4.435,9.67,-0.011,0.3275,0.011
4.44,9.668,-0.012,0.3304,0.0112
4.445,9.667,-0.015,0.3318,0.0118
4.45,9.659,-0.015,0.3331,0.0147
4.455,9.653,-0.009,0.3409,0.015
4.46,9.651,-0.01,0.3472,0.0095
4.465,9.648,-0.006,0.3486,0.0102
4.47,9.643,0.0,0.3518,0.0056
4.475,9.642,0.004,0.3572,-0.0003
4.48,9.644,0.006,0.3576,-0.0039
4.485,9.646,0.0,0.3563,-0.0064
4.49,9.648,0.002,0.3535,-0.0001
4.495,9.65,0.003,0.3515,-0.002
4.5,9.658,0.005,0.3501,-0.0032
4.505,9.631,-0.005,-9.6579,-0.0053
4.51,9.545,-0.011,-9.6309,0.0055
4.515,9.388,-0.014,-9.5452,0.0107
4.52,9.14,-0.018,-9.3876,0.0139
4.525,8.813,-0.033,-9.1403,0.018
4.53,8.414,-0.028,-8.8127,0.0325
4.535,7.96,-0.017,-8.4143,0.0278
4.54,7.472,-0.012,-7.9601,0.0173
4.545,6.973,-0.012,-7.4715,0.0125
4.55,6.474,-0.013,-6.9727,0.0121
4.555,6.021,0.005,-6.4739,0.0131
4.56,5.61,-0.011,-6.0206,-0.0047
4.565,5.254,-0.003,-5.6097,0.0105
4.57,4.937,-0.017,-5.2538,0.0028
4.575,4.682,-0.033,-4.9374,0.0168
4.58,4.465,-0.019,-4.6818,0.0329
4.585,4.321,-0.027,-4.4651,0.0186
4.59,4.215,-0.032,-4.3207,0.0271
4.595,4.138,-0.033,-4.2154,0.0323
4.6,4.078,-0.024,-4.1377,0.0334
4.605,4.009,-0.042,-4.0785,0.0236
4.61,3.951,-0.043,-4.0088,0.0423
4.615,3.86,-0.062,-3.9507,0.0433
4.62,3.782,-0.066,-3.8603,0.0617
4.625,3.69,-0.069,-3.7822,0.0661
4.63,3.573,-0.083,-3.6902,0.0686
4.635,3.447,-0.086,-3.5727,0.0826
4.64,3.288,-0.1,-3.4474,0.0864
4.645,3.143,-0.108,-3.2881,0.0999
4.65,3.0,-0.113,-3.1429,0.1075
4.655,2.853,-0.122,-3.0001,0.1128
4.66,2.715,-0.116,-2.8529,0.122
4.665,2.586,-0.112,-2.7145,0.1157
4.67,2.467,-0.107,-2.586,0.1115
4.675,2.361,-0.095,-2.4669,0.1075
4.68,2.269,-0.085,-2.3612,0.095
4.685,2.186,-0.08,-2.2686,0.0855
4.69,2.114,-0.069,-2.1858,0.0799
4.695,2.053,-0.065,-2.1143,0.0688
4.7,2.001,-0.06,-2.0532,0.0646
4.705,1.953,-0.06,-2.0009,0.0604
4.71,1.91,-0.055,-1.9529,0.0598
4.715,1.861,-0.053,-1.9096,0.0549
4.72,1.816,-0.054,-1.8614,0.0533
4.725,1.77,-0.058,-1.8161,0.0536
4.73,1.73,-0.056,-1.7699,0.0581
4.735,1.683,-0.048,-1.7303,0.0557
4.74,1.632,-0.046,-1.6829,0.0481
4.745,1.585,-0.04,-1.6317,0.0459
4.75,1.533,-0.028,-1.5845,0.0401
4.755,1.484,-0.026,-1.5334,0.0278
4.76,1.436,-0.029,-1.4842,0.0257
4.765,1.395,-0.03,-1.4363,0.029
4.77,1.348,-0.021,-1.3946,0.0304
4.775,1.309,-0.025,-1.3484,0.0212
4.78,1.272,-0.023,-1.3094,0.0247
4.785,1.238,-0.017,-1.272,0.0233
4.79,1.208,-0.005,-1.238,0.0171
4.795,1.179,0.006,-1.2081,0.0053
4.8,1.156,0.007,-1.1789,-0.0058
4.805,1.133,0.012,-1.1562,-0.0068
4.81,1.106,0.014,-1.1326,-0.0115
4.815,1.077,0.011,-1.106,-0.0135
4.82,1.051,0.017,-1.077,-0.0114
4.825,1.027,0.008,-1.0508,-0.0169
4.83,0.997,-0.004,-1.0265,-0.0076
4.835,0.969,-0.008,-0.9975,0.0037
4.84,0.942,-0.008,-0.9691,0.0079
4.845,0.918,-0.007,-0.9422,0.0082
4.85,0.901,-0.006,-0.9181,0.0069
4.855,0.885,-0.015,-0.9014,0.0063
4.86,0.875,-0.012,-0.8846,0.0149
4.865,0.86,-0.008,-0.8754,0.0122
4.87,0.849,-0.013,-0.8604,0.0076
4.875,0.835,-0.001,-0.8487,0.013
4.88,0.823,-0.005,-0.8354,0.0006
4.885,0.815,-0.007,-0.8233,0.0051
4.89,0.807,0.004,-0.8155,0.0071
4.895,0.794,0.007,-0.8065,-0.0044
4.9,0.785,0.014,-0.7941,-0.0067
4.905,0.773,0.011,-0.7848,-0.0138
4.91,0.761,0.009,-0.7727,-0.011
4.915,0.753,0.002,-0.7611,-0.0089
4.92,0.743,-0.006,-0.7533,-0.0019
4.925,0.729,-0.014,-0.7435,0.0057
4.93,0.71,-0.01,-0.7287,0.0141
4.935,0.693,-0.006,-0.7102,0.0104
4.94,0.677,-0.012,-0.6935,0.0057
4.945,0.663,-0.006,-0.6771,0.0115
4.95,0.646,-0.012,-0.6634,0.0061
4.955,0.638,-0.012,-0.6456,0.0124
4.96,0.631,-0.002,-0.6384,0.0117
4.965,0.628,0.008,-0.6307,0.0017
4.97,0.627,0.002,-0.628,-0.0078
4.975,0.625,0.001,-0.6266,-0.002
4.98,0.621,0.002,-0.6246,-0.001
4.985,0.625,-0.004,-0.6209,-0.0021
4.99,0.622,-0.007,-0.6245,0.004
4.995,0.622,-0.007,-0.622,0.0066
5.0,0.613,-0.006,-0.622,0.0066
5.005,0.607,-0.004,-0.6127,0.006
5.01,0.599,-0.009,-0.6066,0.004
5.015,0.591,-0.008,-0.5995,0.0093
5.02,0.579,-0.008,-0.591,0.0077
5.025,0.574,-0.009,-0.5792,0.0085
5.03,0.567,-0.006,-0.5736,0.0088
5.035,0.558,-0.005,-0.5667,0.0059
5.04,0.556,0.002,-0.5581,0.0046
5.045,0.551,-0.002,-0.5564,-0.0019
5.05,0.547,0.002,-0.5511,0.0015
5.055,0.548,0.008,-0.5473,-0.0018
5.06,0.541,0.003,-0.5482,-0.0082
5.065,0.535,0.003,-0.5412,-0.0028
5.07,0.53,0.001,-0.5349,-0.0029
5.075,0.526,-0.004,-0.5305,-0.0006
5.08,0.526,-0.01,-0.5263,0.0044
5.085,0.522,-0.01,-0.5261,0.0101
5.09,0.52,-0.01,-0.5219,0.0098
5.095,0.518,-0.009,-0.5201,0.0102
5.1,0.514,-0.01,-0.5179,0.0093
5.105,0.509,-0.007,-0.5142,0.01
5.11,0.508,-0.003,-0.5091,0.0072
5.115,0.508,-0.001,-0.5081,0.0028
5.12,0.504,-0.003,-0.5081,0.0008
5.125,0.498,-0.003,-0.5041,0.0034
5.13,0.493,-0.004,-0.4983,0.0032
5.135,0.488,-0.001,-0.4928,0.0037
5.14,0.486,0.001,-0.488,0.0012
5.145,0.48,0.005,-0.4856,-0.0014
5.15,0.473,-0.001,-0.4802,-0.0055
5.155,0.471,-0.008,-0.4732,0.0014
5.16,0.47,-0.009,-0.4712,0.0078
5.165,0.467,-0.007,-0.4704,0.0091
5.17,0.471,-0.005,-0.4675,0.0074
5.175,0.478,-0.001,-0.471,0.0046
5.18,0.482,0.006,-0.4775,0.0006
5.185,0.486,0.007,-0.4823,-0.0056
5.19,0.489,0.0,-0.4856,-0.0069
5.195,0.492,-0.002,-0.4889,-0.0004
5.2,0.49,-0.008,-0.492,0.002
5.205,0.489,-0.007,-0.4899,0.0076
5.21,0.483,-0.013,-0.489,0.0068
5.215,0.478,-0.005,-0.4826,0.0127
5.22,0.471,-0.002,-0.4776,0.0054
5.225,0.469,-0.006,-0.4706,0.0025
5.23,0.467,-0.018,-0.469,0.0055
5.235,0.467,-0.021,-0.4667,0.0183
5.24,0.466,-0.03,-0.4666,0.0214
5.245,0.462,-0.029,-0.4657,0.0296
5.25,0.46,-0.026,-0.4617,0.0285
5.255,0.461,-0.028,-0.4597,0.0258
5.26,0.46,-0.036,-0.461,0.028
5.265,0.458,-0.037,-0.4597,0.0355
5.27,0.454,-0.032,-0.458,0.0368
5.275,0.451,-0.042,-0.4541,0.0324
5.28,0.451,-0.046,-0.4514,0.0417
5.285,0.447,-0.046,-0.4511,0.0459
5.29,0.442,-0.032,-0.4473,0.0455
5.295,0.437,-0.03,-0.4419,0.0324
5.3,0.438,-0.028,-0.4374,0.0298
5.305,0.441,-0.024,-0.4383,0.028
5.31,0.441,-0.023,-0.4411,0.0245
5.315,0.441,-0.025,-0.4405,0.0229
5.32,0.439,-0.02,-0.4412,0.025
5.325,0.441,-0.024,-0.4393,0.0203
5.33,0.438,-0.016,-0.4409,0.0235
5.335,0.437,-0.012,-0.4376,0.0162
5.34,0.442,-0.011,-0.4371,0.0119
5.345,0.445,-0.009,-0.442,0.0114
5.35,0.444,-0.008,-0.4453,0.0089
5.355,0.453,0.001,-0.4444,0.0084
5.36,0.456,0.001,-0.4532,-0.001
5.365,0.455,-0.006,-0.4561,-0.0006
5.37,0.458,-0.006,-0.4549,0.0058
5.375,0.455,-0.01,-0.4579,0.0063
5.38,0.456,-0.01,-0.4552,0.0098
5.385,0.459,-0.006,-0.4558,0.0098
5.39,0.454,-0.015,-0.4588,0.0059
5.395,0.454,-0.021,-0.4544,0.0153
5.4,0.453,-0.02,-0.4539,0.0206
5.405,0.451,-0.015,-0.4529,0.0198
5.41,0.451,-0.016,-0.4512,0.015
5.415,0.448,-0.016,-0.451,0.0161
5.42,0.442,-0.022,-0.4476,0.0164
5.425,0.443,-0.017,-0.4415,0.022
5.43,0.444,-0.008,-0.4431,0.0169
5.435,0.441,-0.013,-0.4438,0.0083
5.44,0.443,-0.007,-0.4413,0.0129
5.445,0.446,-0.007,-0.443,0.0072
5.45,0.45,0.002,-0.4457,0.0069
5.455,0.454,0.001,-0.4495,-0.0017
5.46,0.458,-0.002,-0.4544,-0.0009
5.465,0.461,-0.007,-0.4579,0.0024
5.47,0.464,-0.009,-0.4614,0.0075
5.475,0.462,-0.01,-0.4641,0.009
5.48,0.46,-0.009,-0.4624,0.0099
5.485,0.461,-0.008,-0.4595,0.0091
5.49,0.458,-0.01,-0.4614,0.0084
5.495,0.454,-0.013,-0.4576,0.0103
5.5,0.448,-0.017,-0.454,0.013
5.505,0.441,-0.018,-0.4479,0.0166
5.51,0.441,-0.016,-0.441,0.0181
5.515,0.439,-0.016,-0.4406,0.0164
5.52,0.436,-0.011,-0.4389,0.0164
5.525,0.433,-0.005,-0.4363,0.0113
5.53,0.434,-0.001,-0.4333,0.0053
5.535,0.435,0.003,-0.4338,0.0006
5.54,0.438,0.006,-0.4349,-0.0035
5.545,0.439,0.011,-0.4377,-0.0056
5.55,0.441,0.013,-0.4387,-0.011
5.555,0.439,0.017,-0.4407,-0.0133
5.56,0.443,0.016,-0.4387,-0.0169
5.565,0.436,0.023,-0.4426,-0.0156
5.57,0.434,0.026,-0.4363,-0.0229
5.575,0.429,0.015,-0.4341,-0.0258
5.58,0.43,0.014,-0.429,-0.0147
5.585,0.427,0.007,-0.4299,-0.0138
5.59,0.427,0.007,-0.4266,-0.0074
5.595,0.426,0.004,-0.4266,-0.0071
5.6,0.421,0.008,-0.4257,-0.0038
5.605,0.425,0.005,-0.4213,-0.0084
5.61,0.425,0.0,-0.4253,-0.0055
5.615,0.427,-0.01,-0.4252,-0.0004
5.62,0.43,-0.015,-0.4274,0.0098
5.625,0.431,-0.019,-0.4303,0.0153
5.63,0.432,-0.016,-0.4311,0.0192
5.635,0.43,-0.024,-0.4319,0.0164
5.64,0.433,-0.012,-0.43,0.0235
5.645,0.427,-0.003,-0.4327,0.0116
5.65,0.427,0.006,-0.4273,0.0027
5.655,0.428,0.011,-0.4268,-0.0059
5.66,0.427,0.004,-0.4283,-0.0109
5.665,0.422,0.002,-0.4267,-0.0037
5.67,0.42,0.003,-0.4223,-0.0023
5.675,0.421,-0.005,-0.4203,-0.0029
5.68,0.421,-0.01,-0.4208,0.0046
5.685,0.418,-0.024,-0.4207,0.0102
5.69,0.415,-0.019,-0.4183,0.0238
5.695,0.417,-0.028,-0.4147,0.0195
5.7,0.417,-0.03,-0.4173,0.0284
5.705,0.421,-0.028,-0.4166,0.0303
5.71,0.423,-0.031,-0.4212,0.0278
5.715,0.427,-0.025,-0.4233,0.0307
5.72,0.43,-0.022,-0.4273,0.0251
5.725,0.427,-0.026,-0.4298,0.0219
5.73,0.424,-0.018,-0.4272,0.0263
5.735,0.423,-0.013,-0.4243,0.0177
5.74,0.42,-0.009,-0.4233,0.0133
5.745,0.422,-0.009,-0.4205,0.0089
5.75,0.42,-0.005,-0.4218,0.009
5.755,0.418,0.002,-0.4204,0.0048
5.76,0.41,-0.002,-0.4177,-0.0021
5.765,0.407,0.005,-0.4104,0.0016
5.77,0.404,-0.001,-0.407,-0.0049
5.775,0.408,-0.009,-0.4039,0.0014
5.78,0.412,-0.013,-0.4084,0.0085
5.785,0.415,-0.016,-0.4118,0.0132
5.79,0.422,-0.015,-0.4151,0.0164
5.795,0.421,-0.013,-0.4224,0.0155
5.8,0.422,-0.01,-0.4208,0.0127
5.805,0.425,-0.008,-0.4225,0.0097
5.81,0.427,-0.002,-0.4248,0.0081
5.815,0.424,0.013,-0.4267,0.0022
5.82,0.424,0.017,-0.4244,-0.0133
5.825,0.432,0.027,-0.4245,-0.0171
5.83,0.438,0.035,-0.432,-0.0272
5.835,0.44,0.034,-0.4381,-0.035
5.84,0.438,0.033,-0.4401,-0.0344
5.845,0.438,0.029,-0.4383,-0.0325
5.85,0.436,0.033,-0.4379,-0.029
5.855,0.435,0.031,-0.4363,-0.0331
5.86,0.436,0.027,-0.4351,-0.0308
5.865,0.435,0.025,-0.4359,-0.0274
5.87,0.433,0.019,-0.4349,-0.0254
5.875,0.432,0.008,-0.4326,-0.0186
5.88,0.429,-0.001,-0.4317,-0.0082
5.885,0.428,-0.007,-0.4291,0.0008
5.89,0.431,-0.007,-0.4285,0.0072
5.895,0.431,-0.012,-0.4311,0.0072
5.9,0.43,-0.007,-0.4312,0.0119
5.905,0.425,-0.0,-0.4301,0.007
5.91,0.423,-0.005,-0.4252,0.0003
5.915,0.423,-0.001,-0.4228,0.0047
5.92,0.424,0.004,-0.4234,0.0009
5.925,0.426,0.011,-0.424,-0.0035
5.93,0.425,0.012,-0.4263,-0.011
5.935,0.425,0.017,-0.4245,-0.0117
5.94,0.426,0.019,-0.4249,-0.0165
5.945,0.431,0.025,-0.4264,-0.0189
5.95,0.427,0.026,-0.4308,-0.0254
5.955,0.427,0.027,-0.4273,-0.0256
5.96,0.427,0.027,-0.4272,-0.0273
5.965,0.427,0.025,-0.4265,-0.0273
5.97,0.427,0.025,-0.4266,-0.0252
5.975,0.428,0.021,-0.4269,-0.0251
5.98,0.428,0.012,-0.428,-0.0206
5.985,0.431,0.01,-0.4279,-0.0124
5.99,0.43,0.014,-0.4308,-0.01
5.995,0.432,0.014,-0.4303,-0.0142
6.0,0.435,0.016,-0.4324,-0.014
6.005,0.439,0.013,-0.4347,-0.0159
6.01,0.442,0.003,-0.4393,-0.013
6.015,0.446,0.002,-0.4416,-0.0027
6.02,0.451,0.01,-0.4463,-0.0015
6.025,0.455,0.022,-0.4506,-0.0105
6.03,0.457,0.024,-0.4552,-0.0217
6.035,0.46,0.024,-0.4566,-0.0242
6.04,0.457,0.031,-0.4602,-0.024
6.045,0.458,0.031,-0.4571,-0.0307
6.05,0.457,0.033,-0.4582,-0.0309
6.055,0.452,0.036,-0.4573,-0.0327
6.06,0.454,0.036,-0.4524,-0.0362
6.065,0.451,0.034,-0.454,-0.036
6.07,0.453,0.026,-0.4508,-0.034
6.075,0.455,0.017,-0.4533,-0.0259
6.08,0.453,0.01,-0.4545,-0.0167
6.085,0.45,0.008,-0.4525,-0.0102
6.09,0.456,0.007,-0.4504,-0.0081
6.095,0.46,0.002,-0.4557,-0.0068
6.1,0.46,0.005,-0.4595,-0.0021
6.105,0.461,0.002,-0.4602,-0.0049
6.11,0.462,0.002,-0.4613,-0.0018
6.115,0.459,0.003,-0.4623,-0.0018
6.12,0.458,-0.005,-0.4587,-0.003
6.125,0.454,-0.003,-0.4576,0.0045
6.13,0.452,-0.002,-0.4542,0.0033
6.135,0.453,0.001,-0.4524,0.0017
6.14,0.451,0.006,-0.4526,-0.0006
6.145,0.448,0.007,-0.4507,-0.006
6.15,0.442,0.015,-0.4483,-0.0066
6.155,0.443,0.013,-0.4421,-0.0147
6.16,0.444,0.022,-0.4432,-0.0129
6.165,0.445,0.023,-0.4444,-0.0224
6.17,0.441,0.026,-0.4446,-0.0229
6.175,0.441,0.03,-0.4411,-0.0264
6.18,0.441,0.025,-0.4414,-0.0298
6.185,0.442,0.021,-0.4408,-0.0254
6.19,0.442,0.012,-0.4421,-0.0212
6.195,0.446,0.003,-0.4423,-0.012
6.2,0.443,-0.008,-0.4458,-0.0027
6.205,0.445,-0.015,-0.4431,0.008
6.21,0.442,-0.016,-0.4445,0.0154
6.215,0.435,-0.015,-0.4423,0.0157
6.22,0.431,-0.017,-0.4351,0.0154
6.225,0.434,-0.014,-0.4306,0.0166
6.23,0.438,-0.008,-0.4343,0.0138
6.235,0.44,-0.005,-0.4381,0.0081
6.24,0.443,-0.0,-0.4401,0.0046
6.245,0.443,0.01,-0.4433,0.0002
6.25,0.439,0.015,-0.4428,-0.0102
6.255,0.44,0.007,-0.4391,-0.015
6.26,0.443,0.007,-0.4396,-0.0071
6.265,0.44,0.0,-0.4426,-0.0073
6.27,0.443,0.0,-0.4404,-0.0001
6.275,0.444,0.001,-0.443,-0.0001
6.28,0.443,-0.001,-0.444,-0.0009
6.285,0.443,-0.003,-0.4433,0.0012
6.29,0.441,0.001,-0.4434,0.0032
6.295,0.433,0.009,-0.4413,-0.0011
6.3,0.427,0.007,-0.4327,-0.0092
6.305,0.42,-0.001,-0.4267,-0.0074
6.31,0.42,-0.004,-0.42,0.0011
6.315,0.417,-0.003,-0.4197,0.0036
6.32,0.416,-0.002,-0.4174,0.0034
6.325,0.419,0.0,-0.4158,0.002
6.33,0.422,0.007,-0.4188,-0.0002
6.335,0.423,0.011,-0.4224,-0.007
6.34,0.427,0.006,-0.423,-0.0113
6.345,0.425,0.008,-0.4267,-0.0061
6.35,0.43,0.01,-0.4246,-0.008
6.355,0.429,0.009,-0.43,-0.0104
6.36,0.43,0.015,-0.4293,-0.0085
6.365,0.435,0.019,-0.4295,-0.0151
6.37,0.435,0.021,-0.4347,-0.0193
6.375,0.432,0.026,-0.4347,-0.0209
6.38,0.432,0.022,-0.4316,-0.0259
6.385,0.431,0.023,-0.4319,-0.0218
6.39,0.435,0.026,-0.4315,-0.0233
6.395,0.432,0.017,-0.4348,-0.0255
6.4,0.434,0.018,-0.432,-0.0168
6.405,0.43,0.017,-0.4338,-0.0179
6.41,0.43,0.013,-0.43,-0.0169
6.415,0.428,0.007,-0.43,-0.0134
6.42,0.425,0.001,-0.4283,-0.0069
6.425,0.425,-0.008,-0.4253,-0.0009
6.43,0.426,-0.012,-0.425,0.0075
6.435,0.432,-0.018,-0.4262,0.0124
6.44,0.433,-0.014,-0.4316,0.0179
6.445,0.441,-0.013,-0.4332,0.0137
6.45,0.446,-0.016,-0.4413,0.0132
6.455,0.451,-0.01,-0.4457,0.0158
6.46,0.454,0.001,-0.451,0.0097
6.465,0.453,0.011,-0.4538,-0.0011
6.47,0.454,0.017,-0.4528,-0.0113
6.475,0.45,0.019,-0.4538,-0.0171
6.48,0.442,0.009,-0.4498,-0.0193
6.485,0.431,0.008,-0.4423,-0.0088
6.49,0.426,0.005,-0.4307,-0.0085
6.495,0.419,-0.007,-0.4262,-0.0046
6.5,0.418,-0.011,-0.4187,0.007
6.505,0.414,-0.026,-0.4176,0.0114
6.51,0.415,-0.037,-0.4138,0.0264
6.515,0.417,-0.047,-0.4149,0.037
6.52,0.416,-0.053,-0.4166,0.047
6.525,0.421,-0.05,-0.4164,0.0526
6.53,0.424,-0.052,-0.4207,0.0504
6.535,0.424,-0.053,-0.4236,0.0516
6.54,0.424,-0.048,-0.4237,0.0526
6.545,0.42,-0.039,-0.4244,0.0482
6.55,0.419,-0.029,-0.4196,0.0386
6.555,0.418,-0.023,-0.4189,0.0295
6.56,0.415,-0.02,-0.418,0.0231
6.565,0.416,-0.018,-0.4155,0.0202
6.57,0.412,-0.014,-0.4161,0.0181
6.575,0.41,-0.009,-0.4121,0.0137
6.58,0.411,-0.008,-0.4096,0.009
6.585,0.41,-0.007,-0.4108,0.0079
6.59,0.409,-0.005,-0.4097,0.0066
6.595,0.406,-0.013,-0.4085,0.0047
6.6,0.409,-0.017,-0.4058,0.0126
6.605,0.412,-0.014,-0.4092,0.017
6.61,0.416,-0.018,-0.4124,0.0144
6.615,0.416,-0.019,-0.4156,0.0176
6.62,0.417,-0.025,-0.416,0.0189
6.625,0.415,-0.03,-0.4167,0.0246
6.63,0.414,-0.027,-0.415,0.0297
6.635,0.418,-0.025,-0.4144,0.0275
6.64,0.418,-0.022,-0.418,0.0253
6.645,0.421,-0.018,-0.4184,0.0216
6.65,0.421,-0.013,-0.421,0.0179
6.655,0.423,-0.014,-0.4213,0.0128
6.66,0.43,-0.013,-0.4232,0.0139
6.665,0.431,-0.007,-0.4297,0.013
6.67,0.432,-0.007,-0.4312,0.0067
6.675,0.431,0.001,-0.432,0.0069
6.68,0.427,0.001,-0.4308,-0.0006
6.685,0.422,0.005,-0.4271,-0.0005
6.69,0.421,0.0,-0.4215,-0.0052
6.695,0.418,-0.001,-0.4212,-0.0001
6.7,0.418,-0.005,-0.418,0.0008
6.705,0.417,-0.007,-0.418,0.0052
6.71,0.416,-0.014,-0.4168,0.0075
6.715,0.411,-0.008,-0.416,0.0141
6.72,0.409,-0.002,-0.4109,0.0076
6.725,0.407,-0.0,-0.4087,0.002
6.73,0.406,-0.001,-0.4066,0.0004
6.735,0.407,0.005,-0.4059,0.0007
6.74,0.41,0.007,-0.4069,-0.0047
6.745,0.41,0.01,-0.4101,-0.0073
6.75,0.41,0.022,-0.4104,-0.0099
6.755,0.413,0.024,-0.4097,-0.0217
6.76,0.418,0.03,-0.413,-0.0244
6.765,0.419,0.026,-0.4178,-0.0297
6.77,0.417,0.021,-0.4192,-0.0258
6.775,0.417,0.01,-0.4172,-0.0214
6.78,0.416,-0.002,-0.4166,-0.0101
6.785,0.409,-0.013,-0.416,0.0023
6.79,0.405,-0.023,-0.409,0.0133
6.795,0.404,-0.024,-0.4054,0.023
6.8,0.398,-0.033,-0.4045,0.0244
6.805,0.392,-0.034,-0.3983,0.0333
6.81,0.389,-0.034,-0.3922,0.0339
6.815,0.387,-0.034,-0.389,0.0338
6.82,0.386,-0.024,-0.3868,0.0339
6.825,0.39,-0.026,-0.3859,0.0243
6.83,0.389,-0.025,-0.3899,0.0256
6.835,0.387,-0.018,-0.3893,0.0252
6.84,0.386,-0.004,-0.3872,0.0184
6.845,0.386,-0.001,-0.3856,0.0037
6.85,0.383,0.006,-0.3859,0.0011
6.855,0.386,0.011,-0.3834,-0.0064
6.86,0.388,0.015,-0.3859,-0.011
6.865,0.393,0.021,-0.3883,-0.0146
6.87,0.392,0.02,-0.3927,-0.0214
6.875,0.395,0.015,-0.3918,-0.02
6.88,0.399,0.015,-0.3954,-0.0153
6.885,0.404,0.012,-0.3989,-0.0145
6.89,0.406,0.008,-0.4036,-0.0121
6.895,0.406,0.008,-0.4056,-0.0084
6.9,0.403,0.003,-0.4065,-0.0077
6.905,0.402,-0.006,-0.4026,-0.0034
6.91,0.399,-0.005,-0.4025,0.0065
6.915,0.4,0.001,-0.3989,0.0051
6.92,0.398,0.007,-0.4003,-0.0012
6.925,0.399,0.002,-0.3978,-0.007
6.93,0.404,0.001,-0.3987,-0.0016
6.935,0.404,-0.005,-0.4038,-0.0012
6.94,0.409,0.001,-0.4039,0.0053
6.945,0.413,-0.002,-0.4095,-0.001
6.95,0.416,-0.004,-0.4134,0.0023
6.955,0.421,-0.007,-0.4163,0.0042
6.96,0.421,-0.013,-0.4215,0.0072
6.965,0.423,-0.008,-0.4208,0.013
6.97,0.427,-0.009,-0.4226,0.008
6.975,0.427,-0.012,-0.427,0.0086
6.98,0.428,-0.005,-0.4267,0.0118
6.985,0.429,-0.003,-0.4282,0.0052
6.99,0.428,-0.001,-0.4288,0.0027
6.995,0.424,-0.015,-0.4277,0.0013
7.0,0.424,-0.008,-0.424,0.0154
7.005,0.422,0.002,-0.4244,0.0078
7.01,0.426,0.001,-0.4218,-0.0017
7.015,0.424,0.0,-0.4263,-0.001
7.02,0.423,0.001,-0.4236,-0.0002
7.025,0.423,0.009,-0.4227,-0.0006
7.03,0.418,0.009,-0.4234,-0.0086
7.035,0.416,0.006,-0.4182,-0.0093
7.04,0.413,0.007,-0.4161,-0.0056
7.045,0.41,0.005,-0.4133,-0.0074
7.05,0.406,0.002,-0.4105,-0.0053
7.055,0.403,0.007,-0.4059,-0.0021
7.06,0.403,0.002,-0.4032,-0.0068
7.065,0.403,0.006,-0.4034,-0.0023
7.07,0.404,0.003,-0.4032,-0.006
7.075,0.404,-0.001,-0.4036,-0.003
7.08,0.404,0.009,-0.4041,0.0007
7.085,0.407,0.008,-0.404,-0.0089
7.09,0.411,0.009,-0.4073,-0.0075
7.095,0.409,0.019,-0.4107,-0.0087
7.1,0.409,0.013,-0.4088,-0.0188
7.105,0.416,0.01,-0.4088,-0.013
7.11,0.419,0.001,-0.4165,-0.0096
7.115,0.419,-0.002,-0.4195,-0.0013
7.12,0.423,0.0,-0.4187,0.0025
7.125,0.421,0.002,-0.4227,-0.0003
7.13,0.421,0.004,-0.4213,-0.0019
7.135,0.417,0.008,-0.421,-0.0037
7.14,0.413,0.015,-0.417,-0.0075
7.145,0.408,0.015,-0.4126,-0.0149
7.15,0.406,0.012,-0.408,-0.015
7.155,0.403,0.02,-0.406,-0.0125
7.16,0.402,0.019,-0.4026,-0.0202
7.165,0.401,0.018,-0.4017,-0.0185
7.17,0.404,0.028,-0.4007,-0.0185
7.175,0.413,0.028,-0.4042,-0.0282
7.18,0.419,0.019,-0.4132,-0.0277
7.185,0.417,0.012,-0.4187,-0.0186
7.19,0.417,0.012,-0.4166,-0.0119
7.195,0.416,0.014,-0.4169,-0.0117
7.2,0.416,0.01,-0.416,-0.0141
7.205,0.413,0.01,-0.4162,-0.0105
7.21,0.412,0.011,-0.4127,-0.0101
7.215,0.408,0.018,-0.4122,-0.0108
7.22,0.403,0.02,-0.4082,-0.0177
7.225,0.4,0.014,-0.4031,-0.0197
7.23,0.393,0.014,-0.4005,-0.0143
7.235,0.39,0.011,-0.3934,-0.0135
7.24,0.386,0.014,-0.3901,-0.0107
7.245,0.388,0.013,-0.3857,-0.0137
7.25,0.391,0.022,-0.3882,-0.0132
7.255,0.392,0.022,-0.3908,-0.0218
7.26,0.389,0.037,-0.3921,-0.022
7.265,0.393,0.041,-0.3885,-0.0366
7.27,0.399,0.047,-0.3932,-0.0412
7.275,0.406,0.053,-0.3989,-0.0466
7.28,0.411,0.051,-0.4064,-0.0529
7.285,0.413,0.051,-0.4106,-0.0506
7.29,0.416,0.048,-0.4129,-0.0506
7.295,0.42,0.043,-0.4164,-0.0481
7.3,0.421,0.03,-0.4204,-0.0429
7.305,0.422,0.03,-0.4206,-0.03
7.31,0.42,0.027,-0.4221,-0.0297
7.315,0.416,0.022,-0.42,-0.0268
7.32,0.417,0.019,-0.4158,-0.0219
7.325,0.421,0.015,-0.4171,-0.0187
7.33,0.418,0.009,-0.4215,-0.0145
7.335,0.416,0.013,-0.4184,-0.0092
7.34,0.414,-0.001,-0.4159,-0.0126
7.345,0.412,-0.002,-0.4137,0.001
7.35,0.413,0.004,-0.4121,0.0023
7.355,0.417,-0.002,-0.4125,-0.0037
7.36,0.42,0.005,-0.4172,0.0021
7.365,0.419,0.006,-0.4199,-0.0049
7.37,0.418,0.009,-0.4194,-0.006
7.375,0.423,-0.0,-0.4178,-0.0085
7.38,0.417,0.007,-0.4227,0.0004
7.385,0.416,0.01,-0.4175,-0.0074
7.39,0.418,0.01,-0.4158,-0.0102
7.395,0.42,0.009,-0.4178,-0.0102
7.4,0.42,0.012,-0.4205,-0.0094
7.405,0.42,0.008,-0.4205,-0.0122
7.41,0.421,-0.001,-0.4201,-0.0082
7.415,0.418,-0.0,-0.4208,0.0011
7.42,0.419,-0.004,-0.418,0.0003
7.425,0.42,-0.005,-0.4194,0.0042
7.43,0.42,-0.011,-0.4198,0.0053
7.435,0.416,-0.008,-0.42,0.011
7.44,0.414,-0.012,-0.4158,0.0081
7.445,0.416,-0.012,-0.4143,0.0119
7.45,0.418,-0.023,-0.416,0.0117
7.455,0.417,-0.012,-0.4178,0.0231
7.46,0.419,0.001,-0.4171,0.0116
7.465,0.415,0.003,-0.4185,-0.0006
7.47,0.412,-0.006,-0.4151,-0.0029
7.475,0.407,-0.016,-0.4116,0.0055
7.48,0.402,-0.023,-0.4068,0.0164
7.485,0.397,-0.029,-0.4017,0.0234
7.49,0.393,-0.036,-0.3974,0.029
7.495,0.392,-0.035,-0.3933,0.0364
7.5,0.395,-0.035,-0.3918,0.0353
7.505,0.396,-0.037,-0.3946,0.035
7.51,0.402,-0.029,-0.3957,0.0368
7.515,0.409,-0.031,-0.4017,0.0289
7.52,0.411,-0.02,-0.4091,0.0307
7.525,0.414,-0.013,-0.4109,0.02
7.53,0.412,-0.006,-0.4135,0.0128
7.535,0.412,-0.008,-0.4122,0.006
7.54,0.408,-0.002,-0.4122,0.008
7.545,0.408,0.002,-0.4085,0.0021
7.55,0.405,0.001,-0.4077,-0.002
7.555,0.403,-0.003,-0.405,-0.0007
7.56,0.4,-0.008,-0.4026,0.0028
7.565,0.4,-0.001,-0.4003,0.0077
7.57,0.401,0.005,-0.3999,0.0015
7.575,0.407,0.003,-0.4009,-0.0054
7.58,0.403,-0.003,-0.4069,-0.0034
7.585,0.401,-0.003,-0.4029,0.0034
7.59,0.405,-0.002,-0.4012,0.003
7.595,0.403,0.008,-0.4049,0.0021
7.6,0.402,0.012,-0.4029,-0.0084
7.605,0.396,0.019,-0.4018,-0.0123
7.61,0.397,0.015,-0.3964,-0.0194
7.615,0.397,0.016,-0.3975,-0.0149
7.62,0.397,0.014,-0.3974,-0.0162
7.625,0.401,0.017,-0.3973,-0.014
7.63,0.401,0.012,-0.4005,-0.017
7.635,0.406,0.008,-0.4007,-0.0117
7.64,0.406,0.005,-0.406,-0.008
7.645,0.409,0.01,-0.4055,-0.0054
7.65,0.411,0.006,-0.4093,-0.0102
7.655,0.412,0.004,-0.4109,-0.0055
7.66,0.413,-0.0,-0.4115,-0.0045
7.665,0.408,-0.002,-0.4129,0.0003
7.67,0.409,0.001,-0.4084,0.0017
7.675,0.406,0.003,-0.4085,-0.0011
7.68,0.409,0.014,-0.4062,-0.0032
7.685,0.406,0.018,-0.4086,-0.0138
7.69,0.4,0.016,-0.406,-0.0181
7.695,0.394,0.018,-0.4005,-0.0159
7.7,0.396,0.023,-0.3936,-0.0183
7.705,0.396,0.028,-0.3959,-0.0226
7.71,0.397,0.021,-0.3959,-0.0282
7.715,0.394,0.02,-0.3968,-0.021
7.72,0.394,0.026,-0.3936,-0.0201
7.725,0.392,0.015,-0.3939,-0.0261
7.73,0.397,0.022,-0.3924,-0.0148
7.735,0.396,0.03,-0.3966,-0.0216
7.74,0.393,0.024,-0.3956,-0.0299
7.745,0.395,0.028,-0.3932,-0.024
7.75,0.393,0.018,-0.3955,-0.0275
7.755,0.397,0.017,-0.3927,-0.0179
7.76,0.398,0.018,-0.3974,-0.0172
7.765,0.4,0.022,-0.3984,-0.0177
7.77,0.397,0.031,-0.4,-0.0223
7.775,0.398,0.032,-0.397,-0.0306
7.78,0.394,0.039,-0.3976,-0.0318
7.785,0.391,0.025,-0.3938,-0.0385
7.79,0.387,0.023,-0.3906,-0.0249
7.795,0.386,0.022,-0.3869,-0.0227
7.8,0.385,0.024,-0.3862,-0.0218
7.805,0.386,0.024,-0.3852,-0.0239
7.81,0.388,0.029,-0.3862,-0.0241
7.815,0.39,0.034,-0.3877,-0.0292
7.82,0.394,0.026,-0.3905,-0.0344
7.825,0.399,0.017,-0.3944,-0.026
7.83,0.406,0.021,-0.3992,-0.0175
7.835,0.41,0.011,-0.4065,-0.0211
7.84,0.412,0.014,-0.4095,-0.0115
7.845,0.412,0.018,-0.4115,-0.0137
7.85,0.408,0.016,-0.4123,-0.0178
7.855,0.398,0.014,-0.4077,-0.0164
7.86,0.397,0.017,-0.3984,-0.0138
7.865,0.391,0.026,-0.3969,-0.0171
7.87,0.389,0.029,-0.3913,-0.0262
7.875,0.386,0.035,-0.3885,-0.0291
7.88,0.389,0.032,-0.3859,-0.0351
7.885,0.387,0.025,-0.3894,-0.0323
7.89,0.391,0.014,-0.3867,-0.0247
7.895,0.391,0.023,-0.3913,-0.0143
7.9,0.393,0.016,-0.3906,-0.0229
7.905,0.399,0.027,-0.3925,-0.0159
7.91,0.402,0.031,-0.3987,-0.0267
7.915,0.405,0.033,-0.402,-0.031
7.92,0.406,0.024,-0.4051,-0.0326
7.925,0.406,0.026,-0.4063,-0.0242
7.93,0.408,0.031,-0.4061,-0.0265
7.935,0.408,0.035,-0.4082,-0.0308
7.94,0.406,0.025,-0.408,-0.0349
7.945,0.403,0.021,-0.4062,-0.0254
7.95,0.399,0.019,-0.4028,-0.0206
7.955,0.397,0.014,-0.399,-0.0192
7.96,0.394,0.018,-0.3969,-0.0141
7.965,0.392,0.012,-0.394,-0.0175
7.97,0.395,0.009,-0.392,-0.0124
7.975,0.393,0.009,-0.3949,-0.0093
7.98,0.395,0.019,-0.3935,-0.0092
7.985,0.398,0.026,-0.395,-0.0187
7.99,0.401,0.025,-0.3979,-0.0262
7.995,0.404,0.034,-0.4012,-0.0254
8.0,0.408,0.034,-0.4036,-0.0341
8.005,0.409,0.031,-0.4076,-0.034
8.01,0.409,0.031,-0.4093,-0.0312
8.015,0.408,0.028,-0.4095,-0.0311
8.02,0.402,0.029,-0.4078,-0.0285
8.025,0.4,0.029,-0.4021,-0.0294
8.03,0.399,0.033,-0.3997,-0.029
8.035,0.394,0.022,-0.3988,-0.0331
8.04,0.396,0.021,-0.3937,-0.0217
8.045,0.394,0.007,-0.3956,-0.0211
8.05,0.387,0.019,-0.3937,-0.0069
8.055,0.385,0.013,-0.3865,-0.019
8.06,0.385,0.018,-0.3851,-0.0134
8.065,0.388,0.012,-0.3855,-0.0182
8.07,0.39,0.011,-0.3884,-0.0124
8.075,0.391,0.02,-0.3897,-0.0112
8.08,0.398,0.019,-0.3912,-0.0204
8.085,0.399,0.021,-0.398,-0.0189
8.09,0.406,0.015,-0.3989,-0.0207
8.095,0.411,0.007,-0.4056,-0.0148
8.1,0.412,0.009,-0.4113,-0.0071
8.105,0.408,0.003,-0.4116,-0.0093
8.11,0.414,-0.002,-0.4084,-0.003
8.115,0.413,-0.004,-0.4141,0.0022
8.12,0.406,-0.009,-0.4127,0.0037
8.125,0.404,-0.02,-0.4057,0.0092
8.13,0.402,-0.029,-0.404,0.0205
8.135,0.397,-0.026,-0.4021,0.0289
8.14,0.395,-0.02,-0.397,0.0264
8.145,0.396,-0.026,-0.3954,0.02
8.15,0.399,-0.027,-0.3959,0.026
8.155,0.397,-0.018,-0.3987,0.0268
8.16,0.398,-0.014,-0.3966,0.018
8.165,0.398,-0.008,-0.3981,0.0143
8.17,0.399,-0.011,-0.398,0.0084
8.175,0.396,-0.005,-0.3993,0.0107
8.18,0.4,-0.009,-0.3957,0.0046
8.185,0.4,-0.007,-0.3996,0.0092
8.19,0.397,-0.013,-0.3999,0.0074
8.195,0.398,-0.012,-0.3973,0.0126
8.2,0.403,-0.006,-0.3982,0.012
8.205,0.404,-0.009,-0.4029,0.0063
8.21,0.401,-0.018,-0.404,0.0087
8.215,0.402,-0.022,-0.4011,0.0182
8.22,0.401,-0.022,-0.4022,0.0215
8.225,0.398,-0.025,-0.4008,0.0222
8.23,0.4,-0.017,-0.3983,0.0248
8.235,0.401,-0.006,-0.3995,0.0168
8.24,0.405,-0.002,-0.4011,0.0063
8.245,0.404,0.009,-0.4047,0.0016
8.25,0.413,0.005,-0.4043,-0.0092
8.255,0.417,-0.0,-0.4135,-0.0047
8.26,0.419,0.006,-0.4171,0.0001
8.265,0.418,0.015,-0.4186,-0.0058
8.27,0.409,0.022,-0.4179,-0.0146
8.275,0.405,0.02,-0.4086,-0.0223
8.28,0.404,0.016,-0.4047,-0.0196
8.285,0.397,0.018,-0.4036,-0.0164
8.29,0.392,0.02,-0.397,-0.0184
8.295,0.388,0.018,-0.3922,-0.0201
8.3,0.386,0.009,-0.3878,-0.0181
8.305,0.385,-0.001,-0.3857,-0.0087
8.31,0.387,-0.004,-0.3847,0.0012
8.315,0.391,-0.01,-0.3871,0.0043
8.32,0.394,-0.013,-0.3907,0.01
8.325,0.398,-0.008,-0.3944,0.0135
8.33,0.399,-0.005,-0.3981,0.0081
8.335,0.403,-0.006,-0.3989,0.0047
8.34,0.407,-0.011,-0.4033,0.0063
8.345,0.407,-0.009,-0.4074,0.0107
8.35,0.407,-0.009,-0.4073,0.009
8.355,0.404,-0.015,-0.4068,0.0092
8.36,0.407,-0.014,-0.4042,0.0147
8.365,0.406,0.002,-0.4067,0.0141
8.37,0.405,0.004,-0.406,-0.0022
8.375,0.406,0.005,-0.4055,-0.0041
8.38,0.406,-0.003,-0.4065,-0.0048
8.385,0.403,-0.003,-0.4064,0.0025
8.39,0.4,-0.004,-0.4031,0.0027
8.395,0.396,-0.007,-0.3998,0.0045
8.4,0.396,-0.009,-0.3965,0.0074
8.405,0.391,-0.01,-0.3956,0.0088
8.41,0.385,-0.017,-0.3906,0.0105
8.415,0.387,-0.014,-0.3854,0.0175
8.42,0.385,-0.007,-0.3866,0.0137
8.425,0.379,-0.009,-0.385,0.0066
8.43,0.378,-0.004,-0.3793,0.0089
8.435,0.379,0.007,-0.378,0.0038
8.44,0.38,0.003,-0.3794,-0.0066
8.445,0.375,0.02,-0.3798,-0.0031
8.45,0.377,0.024,-0.3753,-0.0197
8.455,0.377,0.025,-0.3765,-0.0243
8.46,0.379,0.033,-0.3769,-0.0251
8.465,0.379,0.04,-0.3792,-0.0333
8.47,0.382,0.04,-0.3791,-0.0402
8.475,0.38,0.03,-0.3815,-0.0402
8.48,0.382,0.031,-0.3803,-0.0295
8.485,0.379,0.029,-0.382,-0.0308
8.49,0.372,0.021,-0.3788,-0.0287
8.495,0.37,0.019,-0.3724,-0.0213
8.5,0.369,0.018,-0.3697,-0.0195
8.505,0.367,0.026,-0.3691,-0.0183
8.51,0.37,0.024,-0.3669,-0.0257
8.515,0.37,0.027,-0.3698,-0.0239
8.52,0.374,0.023,-0.3697,-0.0265
8.525,0.372,0.015,-0.374,-0.0234
8.53,0.368,0.029,-0.3724,-0.0147
8.535,0.371,0.022,-0.3682,-0.0288
8.54,0.377,0.026,-0.3712,-0.0219
8.545,0.381,0.02,-0.3769,-0.0258
8.55,0.384,0.02,-0.3811,-0.02
8.555,0.393,0.009,-0.3843,-0.0196
8.56,0.399,0.012,-0.3929,-0.0088
8.565,0.401,0.009,-0.3993,-0.0125
8.57,0.406,0.005,-0.4014,-0.0087
8.575,0.404,0.006,-0.4063,-0.0053
8.58,0.399,0.023,-0.4045,-0.006
8.585,0.401,0.037,-0.3988,-0.0232
8.59,0.396,0.024,-0.4005,-0.0367
8.595,0.393,0.03,-0.3958,-0.024
8.6,0.389,0.029,-0.3929,-0.0302
8.605,0.384,0.025,-0.3893,-0.029
8.61,0.382,0.027,-0.3838,-0.0253
8.615,0.381,0.017,-0.3817,-0.0271
8.62,0.382,0.017,-0.3813,-0.0172
8.625,0.383,0.021,-0.3818,-0.0167
8.63,0.387,0.017,-0.3832,-0.0208
8.635,0.387,0.015,-0.3871,-0.0166
8.64,0.39,0.008,-0.3873,-0.0155
8.645,0.388,0.021,-0.3902,-0.0082
8.65,0.387,0.033,-0.3883,-0.0211
8.655,0.386,0.028,-0.3866,-0.0328
8.66,0.381,0.029,-0.3864,-0.0284
8.665,0.377,0.017,-0.3813,-0.0293
8.67,0.377,0.018,-0.3768,-0.0169
8.675,0.376,0.023,-0.3765,-0.0183
8.68,0.377,0.025,-0.3759,-0.0231
8.685,0.376,0.019,-0.3772,-0.0247
8.69,0.377,0.031,-0.3764,-0.019
8.695,0.373,0.044,-0.3766,-0.0307
8.7,0.376,0.035,-0.3726,-0.0437
8.705,0.376,0.048,-0.3759,-0.0346
8.71,0.377,0.042,-0.3764,-0.0479
8.715,0.381,0.042,-0.3773,-0.0421
8.72,0.382,0.037,-0.3807,-0.0424
8.725,0.384,0.041,-0.3822,-0.037
8.73,0.378,0.053,-0.3843,-0.0408
8.735,0.38,0.051,-0.378,-0.0528
8.74,0.382,0.052,-0.3796,-0.0514
8.745,0.384,0.055,-0.3821,-0.0517
8.75,0.375,0.037,-0.3839,-0.0545
8.755,0.379,0.029,-0.375,-0.0375
8.76,0.377,0.017,-0.3793,-0.0294
8.765,0.376,0.02,-0.3765,-0.0169
8.77,0.375,0.016,-0.3763,-0.0203
8.775,0.367,0.016,-0.3748,-0.0165
8.78,0.366,0.023,-0.3673,-0.0164
8.785,0.361,0.019,-0.3659,-0.0232
8.79,0.355,0.03,-0.361,-0.0193
8.795,0.355,0.035,-0.3546,-0.0302
8.8,0.351,0.026,-0.3554,-0.0351
8.805,0.352,0.023,-0.3506,-0.0263
8.81,0.352,0.016,-0.3522,-0.0228
8.815,0.358,0.006,-0.352,-0.0159
8.82,0.359,-0.006,-0.3582,-0.0056
8.825,0.364,-0.011,-0.3588,0.0056
8.83,0.369,-0.019,-0.364,0.0112
8.835,0.37,-0.029,-0.3688,0.0193
8.84,0.37,-0.027,-0.37,0.0286
8.845,0.373,-0.027,-0.3702,0.0274
8.85,0.373,-0.015,-0.3734,0.0268
8.855,0.371,-0.018,-0.373,0.0153
8.86,0.365,-0.026,-0.3708,0.0179
8.865,0.369,-0.028,-0.3651,0.0263
8.87,0.368,-0.023,-0.3694,0.0281
8.875,0.366,-0.016,-0.3684,0.0232
8.88,0.358,-0.025,-0.3661,0.0155
8.885,0.356,-0.031,-0.3577,0.0247
8.89,0.356,-0.039,-0.3562,0.0314
8.895,0.357,-0.037,-0.3562,0.0391
8.9,0.358,-0.041,-0.3567,0.0366
8.905,0.363,-0.045,-0.3575,0.0414
8.91,0.37,-0.035,-0.3632,0.0447
8.915,0.371,-0.042,-0.3698,0.0354
8.92,0.371,-0.038,-0.3709,0.0421
8.925,0.375,-0.041,-0.3709,0.0381
8.93,0.371,-0.031,-0.375,0.0406
8.935,0.369,-0.039,-0.3711,0.0314
8.94,0.366,-0.049,-0.3686,0.0393
8.945,0.364,-0.047,-0.3656,0.0493
8.95,0.37,-0.049,-0.3638,0.0469
8.955,0.371,-0.049,-0.37,0.0489
8.96,0.37,-0.037,-0.3711,0.0495
8.965,0.368,-0.033,-0.3696,0.037
8.97,0.362,-0.022,-0.3678,0.0332
8.975,0.363,-0.018,-0.3621,0.0216
8.98,0.364,-0.015,-0.3632,0.0176
8.985,0.358,-0.026,-0.3639,0.0145
8.99,0.363,-0.024,-0.3579,0.0257
8.995,0.371,-0.018,-0.3633,0.0238
9.0,0.373,-0.008,-0.3706,0.0178
9.005,0.38,-0.001,-0.3733,0.0083
9.01,0.38,0.01,-0.3796,0.0006
9.015,0.381,-0.002,-0.3805,-0.0102
9.02,0.378,0.01,-0.3806,0.002
9.025,0.364,0.031,-0.3778,-0.0103
9.03,0.359,0.021,-0.3636,-0.0305
9.035,0.349,0.032,-0.3587,-0.0213
9.04,0.345,0.022,-0.3492,-0.0325
9.045,0.343,0.019,-0.3454,-0.0223
9.05,0.343,0.015,-0.3428,-0.0187
9.055,0.336,0.021,-0.3425,-0.0147
9.06,0.338,0.024,-0.3358,-0.0208
9.065,0.339,0.018,-0.3377,-0.0242
9.07,0.338,0.014,-0.3385,-0.0179
9.075,0.343,0.011,-0.3382,-0.0142
9.08,0.35,0.007,-0.3426,-0.0107
9.085,0.351,-0.001,-0.3497,-0.0072
9.09,0.358,0.004,-0.3514,0.0007
9.095,0.357,-0.008,-0.3578,-0.0043
9.1,0.36,-0.007,-0.3569,0.0075
9.105,0.353,-0.027,-0.3603,0.007
9.11,0.353,-0.034,-0.3535,0.0272
9.115,0.35,-0.036,-0.3528,0.0345
9.12,0.352,-0.031,-0.3497,0.0356
9.125,0.345,-0.012,-0.3518,0.0311
9.13,0.343,-0.018,-0.3449,0.0122
9.135,0.339,-0.027,-0.3426,0.0184
9.14,0.337,-0.028,-0.3389,0.0266
9.145,0.339,-0.023,-0.3371,0.0279
9.15,0.344,-0.025,-0.3389,0.0228
9.155,0.339,-0.015,-0.3437,0.0247
9.16,0.346,-0.017,-0.3386,0.015
9.165,0.334,-0.035,-0.3458,0.0165
9.17,0.335,-0.029,-0.3338,0.0354
9.175,0.339,-0.025,-0.3345,0.0286
9.18,0.336,-0.04,-0.339,0.025
9.185,0.335,-0.05,-0.3363,0.0397
9.19,0.338,-0.047,-0.3351,0.0503
9.195,0.336,-0.033,-0.3378,0.0466
9.2,0.343,-0.027,-0.3357,0.0325
9.205,0.342,-0.035,-0.3434,0.027
9.21,0.344,-0.041,-0.3415,0.0352
9.215,0.334,-0.051,-0.3437,0.0411
9.22,0.338,-0.054,-0.3345,0.0515
9.225,0.331,-0.069,-0.3378,0.0535
9.23,0.315,-0.052,-0.3309,0.0685
9.235,0.304,-0.031,-0.3147,0.0518
9.24,0.307,-0.033,-0.3036,0.0307
9.245,0.306,-0.037,-0.3073,0.033
9.25,0.307,-0.039,-0.3057,0.0372
9.255,0.304,-0.051,-0.3065,0.0386
9.26,0.309,-0.049,-0.304,0.0509
9.265,0.313,-0.05,-0.3087,0.0489
9.27,0.316,-0.05,-0.3127,0.0502
9.275,0.323,-0.054,-0.3161,0.05
9.28,0.331,-0.048,-0.3229,0.0541
9.285,0.331,-0.047,-0.3306,0.0477
9.29,0.332,-0.044,-0.3313,0.0465
9.295,0.33,-0.041,-0.3322,0.0445
9.3,0.329,-0.038,-0.33,0.0412
9.305,0.333,-0.033,-0.3288,0.0382
9.31,0.339,-0.025,-0.3329,0.0331
9.315,0.338,-0.028,-0.3385,0.025
9.32,0.334,-0.015,-0.3377,0.0278
9.325,0.329,-0.025,-0.3336,0.0147
9.33,0.316,-0.006,-0.3291,0.025
9.335,0.316,0.005,-0.3159,0.0064
9.34,0.324,0.007,-0.3156,-0.0045
9.345,0.326,-0.002,-0.3236,-0.0075
9.35,0.303,-0.019,-0.3263,0.0023
9.355,0.303,-0.027,-0.3031,0.019
9.36,0.306,-0.027,-0.3034,0.0275
9.365,0.315,-0.027,-0.3063,0.0268
9.37,0.312,-0.043,-0.3152,0.0268
9.375,0.32,-0.039,-0.3116,0.0425
9.38,0.325,-0.02,-0.3204,0.039
9.385,0.33,-0.013,-0.3247,0.0196
9.39,0.331,-0.01,-0.3302,0.0133
9.395,0.333,0.003,-0.331,0.0103
9.4,0.333,0.006,-0.3333,-0.0034
9.405,0.332,0.022,-0.3331,-0.0056
9.41,0.332,0.03,-0.3321,-0.0225
9.415,0.329,0.017,-0.332,-0.0296
9.42,0.312,-0.005,-0.3294,-0.0165
9.425,0.312,0.002,-0.3124,0.0053
9.43,0.304,-0.012,-0.3122,-0.0018
9.435,0.293,0.007,-0.3037,0.0123
9.44,0.298,0.008,-0.2931,-0.0075
9.445,0.302,0.009,-0.2978,-0.0084
9.45,0.308,0.022,-0.3023,-0.0095
9.455,0.314,0.02,-0.3075,-0.0219
9.46,0.32,0.021,-0.314,-0.0195
9.465,0.326,0.015,-0.3202,-0.0215
9.47,0.318,-0.007,-0.3263,-0.0147
9.475,0.316,-0.029,-0.3183,0.0065
9.48,0.318,-0.023,-0.3165,0.029
9.485,0.324,-0.021,-0.3185,0.0227
9.49,0.324,-0.01,-0.3243,0.0206
9.495,0.315,-0.019,-0.3242,0.0099
9.5,0.287,-0.001,-0.315,0.0195
9.505,0.287,0.031,-0.287,10.0011
9.51,0.288,0.131,-0.2871,9.9695
9.515,0.293,0.289,-0.2884,9.8692
9.52,0.283,0.552,-0.2929,9.7108
9.525,0.286,0.879,-0.2829,9.4485
9.53,0.289,1.278,-0.286,9.1206
9.535,0.288,1.71,-0.289,8.7221
9.54,0.284,2.173,-0.2879,8.2903
9.545,0.29,2.659,-0.2841,7.8265
9.55,0.29,3.136,-0.2899,7.3412
9.555,0.289,3.591,-0.2903,6.8638
9.56,0.281,4.006,-0.2887,6.409
9.565,0.285,4.378,-0.2807,5.9941
9.57,0.279,4.7,-0.285,5.6219
9.575,0.274,4.971,-0.2794,5.2999
9.58,0.261,5.193,-0.2736,5.0293
9.585,0.252,5.362,-0.2605,4.8073
9.59,0.236,5.489,-0.2517,4.638
9.595,0.223,5.596,-0.2355,4.5113
9.6,0.213,5.682,-0.2234,4.4042
9.605,0.209,5.756,-0.2128,4.3176
9.61,0.198,5.822,-0.209,4.2443
9.615,0.195,5.901,-0.1977,4.1782
9.62,0.194,5.994,-0.1953,4.0987
9.625,0.189,6.099,-0.1943,4.0062
9.63,0.185,6.217,-0.1892,3.9014
9.635,0.174,6.343,-0.1855,3.7828
9.64,0.172,6.485,-0.1743,3.6573
9.645,0.167,6.635,-0.1721,3.5152
9.65,0.164,6.791,-0.167,3.3652
9.655,0.149,6.943,-0.1639,3.2091
9.66,0.149,7.089,-0.1491,3.0574
9.665,0.141,7.235,-0.1487,2.911
9.67,0.135,7.37,-0.1412,2.7651
9.675,0.141,7.489,-0.1351,2.63
9.68,0.134,7.592,-0.1411,2.5111
9.685,0.12,7.694,-0.1337,2.4085
9.69,0.114,7.778,-0.12,2.3063
9.695,0.108,7.849,-0.1142,2.2219
9.7,0.1,7.912,-0.1077,2.1508
9.705,0.099,7.973,-0.0999,2.0881
9.71,0.098,8.025,-0.0989,2.0271
9.715,0.095,8.072,-0.0977,1.9746
9.72,0.095,8.125,-0.0952,1.9279
9.725,0.097,8.175,-0.0949,1.875
9.73,0.09,8.225,-0.0969,1.8251
9.735,0.089,8.279,-0.0898,1.7747
9.74,0.087,8.327,-0.0886,1.7207
9.745,0.09,8.378,-0.0872,1.6735
9.75,0.087,8.431,-0.09,1.6218
9.755,0.087,8.488,-0.0874,1.5691
9.76,0.091,8.537,-0.0869,1.5121
9.765,0.083,8.585,-0.091,1.4625
9.77,0.073,8.631,-0.0832,1.4154
9.775,0.071,8.68,-0.0734,1.3688
9.78,0.072,8.723,-0.0709,1.3196
9.785,0.071,8.756,-0.0722,1.2769
9.79,0.069,8.799,-0.0706,1.244
9.795,0.07,8.839,-0.0691,1.2013
9.8,0.065,8.871,-0.0699,1.1612
9.805,0.063,8.901,-0.0648,1.1287
9.81,0.06,8.932,-0.0633,1.0987
9.815,0.064,8.958,-0.0598,1.068
9.82,0.059,8.985,-0.064,1.0418
9.825,0.046,9.005,-0.0594,1.0153
9.83,0.043,9.03,-0.0462,0.9953
9.835,0.039,9.053,-0.0431,0.9703
9.84,0.036,9.075,-0.0389,0.947
9.845,0.037,9.096,-0.0365,0.9254
9.85,0.032,9.123,-0.0365,0.9043
9.855,0.032,9.141,-0.0319,0.8765
9.86,0.032,9.162,-0.0317,0.859
9.865,0.027,9.177,-0.0319,0.838
9.87,0.03,9.193,-0.0266,0.8231
9.875,0.03,9.206,-0.0302,0.8074
9.88,0.034,9.22,-0.0303,0.7936
9.885,0.037,9.23,-0.0338,0.7803
9.89,0.031,9.243,-0.0373,0.7701
9.895,0.03,9.257,-0.0314,0.7574
9.9,0.027,9.274,-0.0296,0.743
9.905,0.022,9.292,-0.0268,0.7263
9.91,0.02,9.312,-0.0215,0.7077
9.915,0.012,9.33,-0.0196,0.6879
9.92,0.014,9.342,-0.0118,0.67
9.925,0.016,9.359,-0.0135,0.658
9.93,0.019,9.374,-0.0162,0.6406
9.935,0.022,9.382,-0.0192,0.6258
9.94,0.027,9.393,-0.0222,0.6182
9.945,0.024,9.402,-0.027,0.6074
9.95,0.023,9.411,-0.0245,0.5982
9.955,0.029,9.417,-0.0231,0.5891
9.96,0.031,9.423,-0.0293,0.5828
9.965,0.028,9.431,-0.0312,0.577
9.97,0.028,9.435,-0.0278,0.569
9.975,0.025,9.44,-0.0277,0.5648
9.98,0.028,9.444,-0.0254,0.5597
9.985,0.028,9.453,-0.0276,0.5561
9.99,0.038,9.462,-0.0282,0.5473
9.995,0.042,9.472,-0.0375,0.5384
10.0,0.046,9.478,-0.0421,0.5277
10.005,0.049,9.484,-0.0459,0.5215
10.01,0.045,9.492,-0.0491,0.5159
10.015,0.039,9.5,-0.0447,0.508
10.02,0.029,9.505,-0.0385,0.4995
10.025,0.031,9.511,-0.0287,0.495
10.03,0.031,9.52,-0.0314,0.489
10.035,0.037,9.526,-0.0309,0.4798
10.04,0.037,9.532,-0.037,0.4739
10.045,0.038,9.536,-0.0369,0.4684
10.05,0.037,9.541,-0.0381,0.4644
10.055,0.038,9.545,-0.0375,0.4593
10.06,0.035,9.548,-0.0377,0.4546
10.065,0.035,9.547,-0.0351,0.4518
10.07,0.031,9.553,-0.0347,0.4534
10.075,0.025,9.558,-0.0308,0.4471
10.08,0.02,9.56,-0.0255,0.4416
10.085,0.02,9.565,-0.0204,0.4399
10.09,0.019,9.567,-0.0201,0.4351
10.095,0.023,9.573,-0.0188,0.433
10.1,0.023,9.573,-0.0228,0.4269
10.105,0.02,9.576,-0.0234,0.4271
10.11,0.015,9.574,-0.0197,0.4242
10.115,0.01,9.573,-0.0152,0.4259
10.12,0.008,9.573,-0.0104,0.4271
10.125,0.011,9.576,-0.0084,0.4273
10.13,0.008,9.586,-0.0112,0.424
10.135,0.009,9.595,-0.0075,0.4139
10.14,0.011,9.6,-0.0089,0.4051
10.145,0.011,9.605,-0.0114,0.3998
10.15,0.014,9.608,-0.0114,0.3952
10.155,0.012,9.611,-0.0139,0.3919
10.16,0.015,9.611,-0.0124,0.3885
10.165,0.019,9.607,-0.0148,0.3887
10.17,0.016,9.605,-0.0188,0.3932
10.175,0.01,9.602,-0.016,0.3952
10.18,0.006,9.601,-0.0095,0.3982
10.185,-0.002,9.601,-0.0064,0.3988
10.19,-0.001,9.603,0.0021,0.3986
10.195,-0.005,9.601,0.0015,0.3969
10.2,-0.009,9.598,0.005,0.3986
10.205,-0.015,9.595,0.0095,0.4018
10.21,-0.016,9.6,0.0148,0.4052
10.215,-0.008,9.604,0.016,0.4004
10.22,-0.003,9.61,0.0085,0.3956
10.225,0.005,9.611,0.0027,0.3903
10.23,0.007,9.612,-0.0055,0.3887
10.235,0.009,9.614,-0.0067,0.3876
10.24,0.009,9.62,-0.0085,0.3862
10.245,0.009,9.623,-0.009,0.3797
10.25,0.008,9.621,-0.0092,0.3775
10.255,0.009,9.62,-0.0076,0.3789
10.26,0.008,9.62,-0.0087,0.3798
10.265,0.006,9.62,-0.0082,0.3796
10.27,0.003,9.619,-0.006,0.38
10.275,0.003,9.618,-0.0032,0.3811
10.28,0.006,9.618,-0.003,0.3822
10.285,0.003,9.614,-0.0059,0.3824
10.29,0.001,9.61,-0.003,0.3861
10.295,-0.003,9.61,-0.0006,0.3901
10.3,-0.006,9.61,0.0033,0.3904
10.305,-0.002,9.614,0.0063,0.3899
10.31,-0.008,9.617,0.0025,0.3859
10.315,-0.011,9.617,0.0081,0.3833
10.32,-0.013,9.615,0.0114,0.3828
10.325,-0.016,9.613,0.0132,0.3852
10.33,-0.018,9.609,0.0164,0.3866
10.335,-0.017,9.61,0.0178,0.3905
10.34,-0.019,9.612,0.0168,0.3903
10.345,-0.018,9.611,0.0195,0.3885
10.35,-0.021,9.607,0.0183,0.3889
10.355,-0.02,9.606,0.0212,0.3933
10.36,-0.012,9.61,0.0202,0.394
10.365,-0.014,9.614,0.0125,0.3898
10.37,-0.013,9.615,0.0136,0.3861
10.375,-0.013,9.619,0.0128,0.3854
10.38,-0.018,9.62,0.0134,0.3813
10.385,-0.015,9.621,0.0178,0.3801
10.39,-0.018,9.62,0.0153,0.3792
10.395,-0.015,9.619,0.0177,0.3802
10.4,-0.011,9.622,0.0153,0.381
10.405,-0.006,9.618,0.0113,0.378
10.41,0.0,9.617,0.0063,0.3821
10.415,0.003,9.615,-0.0004,0.3832
10.42,0.004,9.615,-0.0028,0.3852
10.425,0.003,9.611,-0.004,0.385
10.43,0.0,9.609,-0.0026,0.3888
10.435,-0.002,9.604,-0.0003,0.391
10.44,-0.003,9.609,0.0016,0.3963
10.445,-0.01,9.607,0.0031,0.3915
10.45,-0.012,9.615,0.0096,0.3932
10.455,-0.024,9.621,0.0123,0.3848
10.46,-0.025,9.629,0.0245,0.3787
10.465,-0.028,9.633,0.0245,0.3708
10.47,-0.03,9.635,0.0279,0.3669
10.475,-0.034,9.635,0.0296,0.3654
10.48,-0.033,9.635,0.0341,0.3653
10.485,-0.036,9.633,0.0333,0.3651
10.49,-0.027,9.629,0.0364,0.3666
10.495,-0.032,9.629,0.0271,0.3709
10.5,-0.027,9.625,0.0316,0.3712
10.505,-0.024,9.624,0.027,0.3752
10.51,-0.021,9.626,0.0235,0.3765
10.515,-0.014,9.623,0.0207,0.3744
10.52,-0.014,9.622,0.0142,0.3775
10.525,-0.01,9.621,0.0139,0.3775
10.53,-0.002,9.62,0.0102,0.379
10.535,-0.0,9.623,0.0018,0.3796
10.54,0.002,9.619,0.0001,0.3775
10.545,-0.004,9.62,-0.0023,0.3813
10.55,-0.008,9.62,0.0039,0.3803
10.555,-0.013,9.624,0.0079,0.38
10.56,-0.022,9.623,0.0127,0.3759
10.565,-0.029,9.62,0.0224,0.3773
10.57,-0.032,9.623,0.0289,0.3803
10.575,-0.029,9.625,0.0324,0.3774
10.58,-0.031,9.628,0.0286,0.3747
10.585,-0.037,9.625,0.0311,0.372
10.59,-0.03,9.627,0.0367,0.3745
10.595,-0.029,9.63,0.0304,0.3726
10.6,-0.026,9.629,0.0286,0.3696
10.605,-0.015,9.626,0.0256,0.3708
10.61,-0.006,9.623,0.0154,0.3738
10.615,-0.0,9.624,0.0061,0.3766
10.62,0.002,9.626,0.0003,0.3759
10.625,-0.002,9.624,-0.002,0.3742
10.63,-0.003,9.623,0.0023,0.3762
10.635,-0.0,9.619,0.0029,0.3765
10.64,0.003,9.624,0.0005,0.3813
10.645,0.001,9.624,-0.003,0.3762
10.65,-0.004,9.624,-0.0006,0.3758
10.655,-0.005,9.624,0.0041,0.3759
10.66,-0.015,9.625,0.0051,0.3764
10.665,-0.017,9.625,0.0153,0.3747
10.67,-0.018,9.624,0.0175,0.3752
10.675,-0.013,9.623,0.0175,0.3756
10.68,-0.016,9.623,0.0128,0.377
10.685,-0.02,9.628,0.0155,0.3768
10.69,-0.025,9.631,0.0202,0.3721
10.695,-0.028,9.631,0.0251,0.3688
10.7,-0.03,9.634,0.0276,0.3688
10.705,-0.026,9.634,0.0299,0.3662
10.71,-0.024,9.637,0.026,0.3655
10.715,-0.017,9.637,0.0241,0.3631
10.72,-0.01,9.639,0.0174,0.3634
10.725,-0.011,9.64,0.01,0.3607
10.73,-0.016,9.643,0.0109,0.3604
10.735,-0.015,9.641,0.0155,0.3574
10.74,-0.02,9.639,0.0154,0.3588
10.745,-0.021,9.639,0.0202,0.3611
10.75,-0.023,9.639,0.0215,0.3606
10.755,-0.02,9.643,0.0227,0.361
10.76,-0.019,9.648,0.0202,0.3572
10.765,-0.023,9.647,0.0187,0.3521
10.77,-0.028,9.646,0.0228,0.3531
10.775,-0.028,9.639,0.0276,0.3542
10.78,-0.028,9.635,0.0278,0.3612
10.785,-0.036,9.636,0.0282,0.3648
10.79,-0.04,9.63,0.036,0.364
10.795,-0.039,9.626,0.0396,0.3696
10.8,-0.037,9.623,0.0386,0.3735
10.805,-0.045,9.625,0.0368,0.3768
10.81,-0.042,9.628,0.0448,0.3748
10.815,-0.046,9.634,0.0416,0.3724
10.82,-0.045,9.636,0.046,0.3665
10.825,-0.048,9.64,0.0452,0.3645
10.83,-0.046,9.643,0.0475,0.3597
10.835,-0.042,9.647,0.0461,0.3566
10.84,-0.032,9.648,0.0423,0.3529
10.845,-0.03,9.65,0.0317,0.3516
10.85,-0.035,9.647,0.0305,0.3496
10.855,-0.026,9.642,0.035,0.3534
10.86,-0.028,9.635,0.0258,0.3579
10.865,-0.027,9.63,0.0284,0.3647
10.87,-0.032,9.628,0.0268,0.3705
10.875,-0.032,9.627,0.0322,0.3719
10.88,-0.039,9.631,0.0322,0.3734
10.885,-0.047,9.632,0.0387,0.3691
10.89,-0.051,9.629,0.0473,0.3681
10.895,-0.046,9.632,0.0506,0.3713
10.9,-0.052,9.634,0.0461,0.3682
10.905,-0.055,9.639,0.0523,0.3657
10.91,-0.052,9.641,0.0545,0.3605
10.915,-0.043,9.643,0.0518,0.3589
10.92,-0.044,9.646,0.0427,0.3567
10.925,-0.039,9.649,0.0438,0.3539
10.93,-0.037,9.649,0.0395,0.3505
10.935,-0.035,9.647,0.0374,0.351
10.94,-0.038,9.64,0.035,0.3535
10.945,-0.042,9.636,0.0375,0.3599
10.95,-0.039,9.634,0.0416,0.3637
10.955,-0.043,9.632,0.0393,0.3657
10.96,-0.048,9.632,0.043,0.3681
10.965,-0.049,9.634,0.0484,0.3677
10.97,-0.051,9.64,0.0492,0.3659
10.975,-0.052,9.646,0.0506,0.3599
10.98,-0.052,9.649,0.0521,0.3544
10.985,-0.056,9.655,0.052,0.351
10.99,-0.057,9.656,0.0556,0.3448
10.995,-0.051,9.66,0.0569,0.3436
11.0,-0.052,9.659,0.0509,0.3396
11.005,-0.048,9.66,0.0516,0.3407
11.01,-0.044,9.661,0.0482,0.34
11.015,-0.048,9.66,0.0436,0.3385
11.02,-0.041,9.655,0.0477,0.3404
11.025,-0.038,9.646,0.0413,0.3453
11.03,-0.041,9.638,0.0379,0.3542
11.035,-0.051,9.635,0.0413,0.3618
11.04,-0.045,9.631,0.051,0.3654
11.045,-0.048,9.63,0.0449,0.369
11.05,-0.051,9.625,0.0484,0.3704
11.055,-0.055,9.629,0.0507,0.3749
11.06,-0.06,9.632,0.0549,0.3714
11.065,-0.056,9.637,0.0599,0.3677
11.07,-0.048,9.641,0.0558,0.363
11.075,-0.045,9.648,0.0483,0.3587
11.08,-0.046,9.65,0.0453,0.352
11.085,-0.046,9.647,0.0459,0.3505
11.09,-0.044,9.645,0.0464,0.3528
11.095,-0.048,9.64,0.044,0.3552
11.1,-0.046,9.64,0.0478,0.3595
11.105,-0.053,9.64,0.0461,0.3604
11.11,-0.055,9.644,0.053,0.3598
11.115,-0.056,9.645,0.0552,0.3564
11.12,-0.052,9.643,0.0562,0.3549
11.125,-0.058,9.646,0.0525,0.3566
11.13,-0.065,9.648,0.0579,0.3542
11.135,-0.068,9.649,0.0645,0.3523
11.14,-0.071,9.648,0.0684,0.3508
11.145,-0.07,9.643,0.0713,0.3523
11.15,-0.069,9.64,0.0702,0.3571
11.155,-0.069,9.64,0.0688,0.3604
11.16,-0.066,9.641,0.069,0.3598
11.165,-0.06,9.635,0.0657,0.359
11.17,-0.064,9.63,0.0602,0.3652
11.175,-0.057,9.628,0.0645,0.3701
11.18,-0.051,9.629,0.0567,0.3724
11.185,-0.048,9.633,0.0514,0.3714
11.19,-0.041,9.639,0.048,0.3672
11.195,-0.038,9.642,0.0412,0.3606
11.2,-0.039,9.648,0.0375,0.3584
11.205,-0.042,9.646,0.0395,0.3525
11.21,-0.048,9.645,0.0416,0.3536
11.215,-0.059,9.643,0.0476,0.3555
11.22,-0.074,9.641,0.059,0.3572
11.225,-0.081,9.636,0.0742,0.3587
11.23,-0.089,9.635,0.0814,0.3643
11.235,-0.095,9.638,0.0886,0.3649
11.24,-0.102,9.634,0.095,0.3623
11.245,-0.1,9.635,0.1023,0.366
11.25,-0.096,9.636,0.1003,0.3648
11.255,-0.103,9.637,0.0963,0.3644
11.26,-0.103,9.64,0.1034,0.3634
11.265,-0.095,9.633,0.1033,0.3603
11.27,-0.095,9.632,0.0947,0.3665
11.275,-0.084,9.627,0.0947,0.3681
11.28,-0.076,9.623,0.0839,0.3733
11.285,-0.075,9.624,0.0763,0.3774
11.29,-0.073,9.63,0.0746,0.3756
11.295,-0.069,9.623,0.0731,0.3701
11.3,-0.074,9.622,0.0692,0.3769
11.305,-0.069,9.628,0.0737,0.3778
11.31,-0.068,9.633,0.0692,0.3715
11.315,-0.075,9.632,0.0675,0.3668
11.32,-0.08,9.634,0.0754,0.3679
11.325,-0.084,9.641,0.08,0.3655
11.33,-0.083,9.644,0.0843,0.3594
11.335,-0.084,9.644,0.083,0.3562
11.34,-0.089,9.648,0.0838,0.3556
11.345,-0.09,9.652,0.0885,0.3524
11.35,-0.081,9.653,0.0896,0.3482
11.355,-0.069,9.649,0.081,0.3467
11.36,-0.067,9.649,0.069,0.3509
11.365,-0.068,9.648,0.0668,0.3508
11.37,-0.065,9.641,0.0676,0.3523
11.375,-0.066,9.639,0.0649,0.3586
11.38,-0.066,9.635,0.0658,0.3613
11.385,-0.069,9.632,0.0655,0.3645
11.39,-0.058,9.633,0.0692,0.368
11.395,-0.055,9.634,0.0578,0.3674
11.4,-0.054,9.634,0.0548,0.3656
11.405,-0.06,9.636,0.0544,0.3662
11.41,-0.067,9.641,0.0605,0.3636
11.415,-0.069,9.65,0.0667,0.3594
11.42,-0.073,9.651,0.0689,0.35
11.425,-0.073,9.651,0.0732,0.3485
11.43,-0.075,9.651,0.0731,0.3492
11.435,-0.079,9.652,0.0754,0.3488
11.44,-0.084,9.654,0.0794,0.348
11.445,-0.093,9.65,0.0842,0.346
11.45,-0.089,9.651,0.0926,0.3499
11.455,-0.092,9.648,0.0889,0.3488
11.46,-0.098,9.65,0.0921,0.3521
11.465,-0.096,9.654,0.0977,0.3496
11.47,-0.091,9.656,0.0957,0.3462
11.475,-0.082,9.657,0.0915,0.3438
11.48,-0.072,9.653,0.0825,0.3434
11.485,-0.066,9.646,0.0723,0.3469
11.49,-0.067,9.641,0.0659,0.354
11.495,-0.067,9.633,0.0675,0.3589
11.5,-0.063,9.629,0.067,0.3675
11.505,-0.062,9.629,0.0627,0.3713
11.51,-0.057,9.629,0.0622,0.3707
11.515,-0.063,9.628,0.0574,0.3706
11.52,-0.07,9.631,0.063,0.3718
11.525,-0.073,9.634,0.0701,0.3691
11.53,-0.077,9.636,0.0733,0.366
11.535,-0.078,9.636,0.0767,0.3642
11.54,-0.08,9.639,0.0778,0.3639
11.545,-0.081,9.649,0.0804,0.361
11.55,-0.083,9.648,0.0814,0.3515
11.555,-0.08,9.656,0.0827,0.352
11.56,-0.075,9.655,0.0801,0.3437
11.565,-0.075,9.655,0.0751,0.3446
11.57,-0.071,9.654,0.0747,0.345
11.575,-0.067,9.652,0.0709,0.3455
11.58,-0.074,9.652,0.0666,0.3483
11.585,-0.079,9.648,0.0743,0.3476
11.59,-0.083,9.644,0.0787,0.3515
11.595,-0.09,9.64,0.0831,0.3558
11.6,-0.093,9.637,0.0898,0.3596
11.605,-0.1,9.637,0.0931,0.3629
11.61,-0.108,9.634,0.1,0.3633
11.615,-0.11,9.633,0.1077,0.3657
11.62,-0.113,9.635,0.1103,0.3673
11.625,-0.114,9.638,0.1127,0.3649
11.63,-0.123,9.644,0.1135,0.3622
11.635,-0.121,9.645,0.1231,0.3558
11.64,-0.119,9.652,0.1206,0.3551
11.645,-0.117,9.659,0.1186,0.3477
11.65,-0.11,9.661,0.117,0.3414
11.655,-0.109,9.665,0.1103,0.3387
11.66,-0.107,9.668,0.1085,0.3349
11.665,-0.114,9.664,0.1067,0.3316
11.67,-0.122,9.663,0.1139,0.3358
11.675,-0.118,9.662,0.122,0.3373
11.68,-0.123,9.656,0.1182,0.3379
11.685,-0.134,9.655,0.1229,0.3437
11.69,-0.135,9.652,0.1343,0.3446
11.695,-0.139,9.653,0.1351,0.348
11.7,-0.144,9.655,0.1389,0.3467
11.705,-0.139,9.657,0.1435,0.345
11.71,-0.135,9.659,0.1393,0.3431
11.715,-0.127,9.655,0.1354,0.3413
11.72,-0.122,9.653,0.1267,0.3446
11.725,-0.126,9.653,0.122,0.3467
11.73,-0.121,9.656,0.1265,0.3469
11.735,-0.111,9.661,0.1215,0.3437
11.74,-0.103,9.665,0.1106,0.339
11.745,-0.113,9.665,0.1029,0.3353
11.75,-0.114,9.665,0.1128,0.3348
11.755,-0.118,9.663,0.1139,0.3352
11.76,-0.132,9.659,0.1176,0.3366
11.765,-0.136,9.657,0.1315,0.3414
11.77,-0.133,9.657,0.1356,0.343
11.775,-0.128,9.657,0.1328,0.3432
11.78,-0.142,9.66,0.1285,0.3429
11.785,-0.153,9.659,0.1424,0.3396
11.79,-0.154,9.659,0.1531,0.3412
11.795,-0.152,9.658,0.1538,0.3405
11.8,-0.156,9.666,0.1516,0.3419
11.805,-0.151,9.666,0.1561,0.3339
11.81,-0.15,9.668,0.1512,0.334
11.815,-0.15,9.674,0.1504,0.3318
11.82,-0.147,9.673,0.1502,0.3257
11.825,-0.149,9.68,0.1475,0.3275
11.83,-0.153,9.689,0.1493,0.3199
11.835,-0.15,9.687,0.1531,0.3107
11.84,-0.153,9.685,0.1495,0.3127
11.845,-0.157,9.684,0.1529,0.3155
11.85,-0.16,9.677,0.157,0.3156
11.855,-0.161,9.667,0.1598,0.3234
11.86,-0.168,9.664,0.1607,0.3328
11.865,-0.161,9.66,0.1684,0.3357
11.87,-0.16,9.658,0.1614,0.3401
11.875,-0.15,9.653,0.1603,0.3416
11.88,-0.149,9.652,0.1501,0.3466
11.885,-0.153,9.654,0.149,0.3478
11.89,-0.157,9.655,0.1534,0.3464
11.895,-0.16,9.659,0.1569,0.3446
11.9,-0.164,9.669,0.1598,0.3408
11.905,-0.161,9.67,0.1641,0.3308
11.91,-0.161,9.672,0.1611,0.3295
11.915,-0.163,9.673,0.1613,0.3279
11.92,-0.162,9.675,0.1631,0.3269
11.925,-0.163,9.677,0.1619,0.3252
11.93,-0.165,9.678,0.1629,0.3226
11.935,-0.161,9.676,0.1652,0.3215
11.94,-0.161,9.675,0.1609,0.3244
11.945,-0.16,9.677,0.1607,0.3247
11.95,-0.161,9.677,0.1599,0.3227
11.955,-0.166,9.672,0.1609,0.3226
11.96,-0.165,9.668,0.1659,0.3277
11.965,-0.172,9.668,0.1651,0.3324
11.97,-0.169,9.669,0.172,0.3321
11.975,-0.177,9.675,0.169,0.3313
11.98,-0.176,9.676,0.1769,0.325
11.985,-0.161,9.681,0.1762,0.3237
11.99,-0.165,9.686,0.1612,0.3192
11.995,-0.167,9.689,0.1649,0.3135
12.0,-0.174,9.693,0.1673,0.311
12.005,-0.178,9.664,0.1743,-9.6929
12.01,-0.18,9.574,0.1775,-9.6638
12.015,-0.188,9.409,0.1805,-9.5742
12.02,-0.191,9.152,0.1885,-9.4094
12.025,-0.194,8.822,0.1912,-9.1525
12.03,-0.196,8.419,0.1945,-8.8219
12.035,-0.198,7.962,0.1959,-8.419
12.04,-0.204,7.465,0.1982,-7.9616
12.045,-0.208,6.97,0.204,-7.4646
12.05,-0.208,6.476,0.2082,-6.9698
12.055,-0.209,6.005,0.2075,-6.4762
12.06,-0.215,5.576,0.2087,-6.0047
12.065,-0.224,5.199,0.2155,-5.5759
12.07,-0.236,4.884,0.2239,-5.1985
12.075,-0.242,4.634,0.2357,-4.8837
12.08,-0.249,4.435,0.2416,-4.6343
12.085,-0.252,4.273,0.249,-4.4353
12.09,-0.257,4.169,0.252,-4.2729
12.095,-0.264,4.074,0.2568,-4.1688
12.1,-0.254,4.025,0.2643,-4.0741
12.105,-0.255,3.971,0.2544,-4.0246
12.11,-0.259,3.917,0.2553,-3.9709
12.115,-0.254,3.844,0.2585,-3.9169
12.12,-0.264,3.748,0.2538,-3.8444
12.125,-0.268,3.645,0.2639,-3.748
12.13,-0.264,3.528,0.2676,-3.6448
12.135,-0.256,3.394,0.2645,-3.528
12.14,-0.252,3.252,0.2564,-3.3939
12.145,-0.25,3.097,0.252,-3.252
12.15,-0.248,2.943,0.2496,-3.0973
12.155,-0.237,2.797,0.2477,-2.9429
12.16,-0.242,2.652,0.2373,-2.7969
12.165,-0.25,2.516,0.2418,-2.6518
12.17,-0.25,2.402,0.2495,-2.5164
12.175,-0.25,2.3,0.2499,-2.4016
12.18,-0.258,2.211,0.2505,-2.2998
12.185,-0.258,2.136,0.2581,-2.2113
12.19,-0.264,2.075,0.2579,-2.1361
12.195,-0.268,2.023,0.2643,-2.0752
12.2,-0.269,1.973,0.2682,-2.0227
12.205,-0.262,1.935,0.2687,-1.9729
12.21,-0.258,1.899,0.2624,-1.9349
12.215,-0.259,1.855,0.2577,-1.8988
12.22,-0.253,1.814,0.2586,-1.855
12.225,-0.251,1.77,0.253,-1.8142
12.23,-0.256,1.723,0.2514,-1.7696
12.235,-0.258,1.67,0.256,-1.723
12.24,-0.251,1.624,0.2585,-1.6702
12.245,-0.244,1.572,0.2507,-1.624
12.25,-0.237,1.522,0.2439,-1.5723
12.255,-0.226,1.469,0.2373,-1.5222
12.26,-0.214,1.417,0.2257,-1.4687
12.265,-0.216,1.363,0.2144,-1.4171
12.27,-0.21,1.311,0.2158,-1.3627
12.275,-0.211,1.264,0.2104,-1.3108
12.28,-0.207,1.224,0.2109,-1.2642
12.285,-0.211,1.177,0.2072,-1.2236
12.29,-0.208,1.14,0.2109,-1.1772
12.295,-0.202,1.11,0.2082,-1.1403
12.3,-0.199,1.08,0.2021,-1.1096
12.305,-0.2,1.057,0.1991,-1.0801
12.31,-0.191,1.039,0.2,-1.057
12.315,-0.186,1.018,0.1906,-1.0388
12.32,-0.19,0.996,0.1863,-1.0178
12.325,-0.188,0.979,0.1896,-0.9959
12.33,-0.19,0.956,0.1883,-0.9789
12.335,-0.183,0.94,0.1904,-0.9565
12.34,-0.184,0.92,0.1825,-0.9399
12.345,-0.189,0.901,0.1844,-0.9196
12.35,-0.196,0.887,0.1892,-0.9006
12.355,-0.194,0.868,0.196,-0.8868
12.36,-0.186,0.848,0.1941,-0.868
12.365,-0.187,0.835,0.1861,-0.8478
12.37,-0.187,0.819,0.1865,-0.8347
12.375,-0.181,0.806,0.1868,-0.8188
12.38,-0.183,0.795,0.1808,-0.8065
12.385,-0.178,0.781,0.183,-0.7947
12.39,-0.176,0.773,0.1784,-0.7815
12.395,-0.174,0.762,0.1763,-0.7727
12.4,-0.171,0.748,0.1739,-0.7622
12.405,-0.168,0.735,0.1706,-0.7476
12.41,-0.166,0.723,0.168,-0.7354
12.415,-0.162,0.711,0.1656,-0.7233
12.42,-0.169,0.699,0.1623,-0.7111
12.425,-0.172,0.685,0.1694,-0.6985
12.43,-0.168,0.675,0.1717,-0.6852
12.435,-0.172,0.662,0.168,-0.6755
12.44,-0.171,0.651,0.1724,-0.6623
12.445,-0.174,0.642,0.1714,-0.6508
12.45,-0.174,0.629,0.1741,-0.6418
12.455,-0.179,0.62,0.174,-0.6293
12.46,-0.182,0.615,0.1787,-0.6205
12.465,-0.191,0.61,0.1825,-0.6146
12.47,-0.195,0.603,0.1912,-0.6096
12.475,-0.194,0.602,0.1953,-0.6028
12.48,-0.194,0.594,0.1938,-0.6017
12.485,-0.191,0.583,0.1941,-0.5935
12.49,-0.193,0.574,0.1914,-0.5832
12.495,-0.184,0.564,0.193,-0.5743
12.5,-0.185,0.556,0.1838,-0.5641
12.505,-0.184,0.547,0.1848,-0.5561
12.51,-0.181,0.54,0.1839,-0.5474
12.515,-0.181,0.531,0.1815,-0.5404
12.52,-0.185,0.525,0.1809,-0.5309
12.525,-0.185,0.518,0.1852,-0.5249
12.53,-0.18,0.514,0.1851,-0.5176
12.535,-0.173,0.516,0.1805,-0.5143
12.54,-0.171,0.513,0.1734,-0.5158
12.545,-0.181,0.505,0.171,-0.5129
12.55,-0.183,0.506,0.181,-0.5049
12.555,-0.181,0.501,0.183,-0.5056
12.56,-0.186,0.492,0.1814,-0.5006
12.565,-0.183,0.491,0.186,-0.4917
12.57,-0.183,0.488,0.1833,-0.4909
12.575,-0.18,0.484,0.1827,-0.4883
12.58,-0.182,0.484,0.1801,-0.4841
12.585,-0.19,0.48,0.1821,-0.4836
12.59,-0.195,0.476,0.1902,-0.4796
12.595,-0.203,0.477,0.1952,-0.4762
12.6,-0.206,0.473,0.2025,-0.4767
12.605,-0.211,0.466,0.2061,-0.4733
12.61,-0.213,0.463,0.2112,-0.466
12.615,-0.22,0.463,0.2131,-0.4635
12.62,-0.213,0.464,0.2201,-0.4629
12.625,-0.206,0.459,0.2126,-0.4636
12.63,-0.198,0.456,0.2059,-0.4585
12.635,-0.192,0.46,0.1976,-0.4562
12.64,-0.195,0.462,0.192,-0.4599
12.645,-0.196,0.459,0.1947,-0.4624
12.65,-0.191,0.454,0.1962,-0.4592
12.655,-0.192,0.448,0.1909,-0.4545
12.66,-0.195,0.443,0.1919,-0.4484
12.665,-0.187,0.442,0.1951,-0.4434
12.67,-0.192,0.437,0.1868,-0.4424
12.675,-0.201,0.437,0.1919,-0.4375
12.68,-0.203,0.437,0.2007,-0.4366
12.685,-0.208,0.436,0.203,-0.4375
12.69,-0.21,0.436,0.208,-0.4361
12.695,-0.206,0.433,0.2104,-0.4356
12.7,-0.208,0.435,0.2061,-0.4332
12.705,-0.206,0.435,0.2078,-0.4345
12.71,-0.205,0.44,0.2057,-0.4353
12.715,-0.206,0.439,0.205,-0.4396
12.72,-0.2,0.437,0.2057,-0.4387
12.725,-0.199,0.433,0.1999,-0.4366
12.73,-0.198,0.433,0.1987,-0.4325
12.735,-0.192,0.433,0.1985,-0.4331
12.74,-0.19,0.437,0.1917,-0.4328
12.745,-0.189,0.434,0.1899,-0.4369
12.75,-0.189,0.435,0.1888,-0.4342
12.755,-0.185,0.431,0.1893,-0.4355
12.76,-0.186,0.438,0.1852,-0.4311
12.765,-0.185,0.439,0.1857,-0.4381
12.77,-0.182,0.438,0.1855,-0.4386
12.775,-0.185,0.439,0.1819,-0.4381
12.78,-0.186,0.435,0.1851,-0.4394
12.785,-0.184,0.434,0.1857,-0.4352
12.79,-0.186,0.43,0.1835,-0.4339
12.795,-0.188,0.428,0.1858,-0.4299
12.8,-0.192,0.431,0.188,-0.4283
12.805,-0.184,0.43,0.1925,-0.4306
12.81,-0.177,0.432,0.1836,-0.4301
12.815,-0.172,0.431,0.1774,-0.4318
12.82,-0.167,0.435,0.1719,-0.4309
12.825,-0.167,0.437,0.1673,-0.4349
12.83,-0.169,0.44,0.1665,-0.4372
12.835,-0.169,0.443,0.169,-0.4396
12.84,-0.179,0.442,0.1686,-0.4426
12.845,-0.181,0.438,0.1785,-0.4419
12.85,-0.185,0.432,0.181,-0.4382
12.855,-0.19,0.426,0.1847,-0.4316
12.86,-0.19,0.423,0.19,-0.4258
12.865,-0.194,0.417,0.1899,-0.4227
12.87,-0.192,0.414,0.1936,-0.4171
12.875,-0.189,0.413,0.1921,-0.4145
12.88,-0.191,0.411,0.1889,-0.4127
12.885,-0.175,0.414,0.1906,-0.4106
12.89,-0.169,0.412,0.175,-0.4137
12.895,-0.166,0.409,0.1686,-0.4125
12.9,-0.17,0.409,0.1655,-0.409
12.905,-0.168,0.416,0.1696,-0.4089
12.91,-0.169,0.424,0.1678,-0.4164
12.915,-0.175,0.427,0.169,-0.4238
12.92,-0.181,0.432,0.1745,-0.4267
12.925,-0.19,0.433,0.1813,-0.4319
12.93,-0.193,0.439,0.1896,-0.4329
12.935,-0.192,0.441,0.1934,-0.4393
12.94,-0.198,0.442,0.1924,-0.4412
12.945,-0.192,0.436,0.1976,-0.4422
12.95,-0.192,0.436,0.1925,-0.4358
12.955,-0.189,0.431,0.1918,-0.4363
12.96,-0.184,0.426,0.1886,-0.4306
12.965,-0.181,0.42,0.1843,-0.4264
12.97,-0.171,0.413,0.1808,-0.4199
12.975,-0.163,0.408,0.1714,-0.4132
12.98,-0.165,0.406,0.1628,-0.408
12.985,-0.169,0.403,0.1646,-0.406
12.99,-0.167,0.403,0.1686,-0.4026
12.995,-0.167,0.405,0.1665,-0.4032
13.0,-0.162,0.408,0.1668,-0.4052
13.005,-0.166,0.404,0.1624,-0.408
13.01,-0.169,0.404,0.166,-0.4045
13.015,-0.166,0.414,0.1695,-0.4036
13.02,-0.173,0.413,0.1657,-0.4136
13.025,-0.175,0.418,0.173,-0.4129
13.03,-0.174,0.419,0.1754,-0.4181
13.035,-0.179,0.423,0.1743,-0.4187
13.04,-0.185,0.419,0.1786,-0.4226
13.045,-0.185,0.413,0.1855,-0.4193
13.05,-0.191,0.402,0.1852,-0.4127
13.055,-0.19,0.4,0.1912,-0.4022
13.06,-0.197,0.399,0.1902,-0.3996
13.065,-0.202,0.4,0.1966,-0.3989
13.07,-0.206,0.399,0.2023,-0.4
13.075,-0.21,0.392,0.2062,-0.3986
13.08,-0.213,0.394,0.2103,-0.3922
13.085,-0.216,0.395,0.2126,-0.3945
13.09,-0.216,0.398,0.2158,-0.3953
13.095,-0.205,0.4,0.2162,-0.3979
13.1,-0.201,0.406,0.2053,-0.4
13.105,-0.204,0.41,0.2006,-0.4064
13.11,-0.207,0.409,0.2041,-0.4101
13.115,-0.199,0.412,0.2072,-0.4091
13.12,-0.199,0.412,0.199,-0.4123
13.125,-0.196,0.411,0.199,-0.4124
13.13,-0.194,0.406,0.196,-0.4112
13.135,-0.196,0.398,0.1943,-0.4058
13.14,-0.193,0.39,0.1956,-0.3979
13.145,-0.193,0.384,0.193,-0.3897
13.15,-0.197,0.379,0.1929,-0.3843
13.155,-0.202,0.378,0.1974,-0.3794
13.16,-0.206,0.377,0.202,-0.3776
13.165,-0.206,0.38,0.2058,-0.3771
13.17,-0.206,0.379,0.2061,-0.3802
13.175,-0.207,0.387,0.2057,-0.379
13.18,-0.207,0.391,0.2066,-0.3867
13.185,-0.205,0.396,0.2066,-0.391
13.19,-0.203,0.398,0.2055,-0.396
13.195,-0.203,0.4,0.2026,-0.3981
13.2,-0.206,0.4,0.2031,-0.3997
13.205,-0.205,0.4,0.206,-0.4
13.21,-0.21,0.406,0.2051,-0.3997
13.215,-0.209,0.399,0.2101,-0.4064
13.22,-0.218,0.389,0.2094,-0.3986
13.225,-0.218,0.381,0.2182,-0.3888
13.23,-0.224,0.377,0.2183,-0.381
13.235,-0.226,0.381,0.2244,-0.3771
13.24,-0.234,0.373,0.2262,-0.3808
13.245,-0.228,0.377,0.2339,-0.3726
13.25,-0.222,0.376,0.2278,-0.3771
13.255,-0.224,0.376,0.2222,-0.3763
13.26,-0.225,0.368,0.2238,-0.3757
13.265,-0.216,0.366,0.2252,-0.3678
13.27,-0.209,0.366,0.2164,-0.3661
13.275,-0.207,0.371,0.2089,-0.3663
13.28,-0.199,0.375,0.2073,-0.3707
13.285,-0.203,0.375,0.1988,-0.3754
13.29,-0.202,0.38,0.2032,-0.3746
13.295,-0.211,0.388,0.2016,-0.3803
13.3,-0.221,0.39,0.2109,-0.3877
13.305,-0.22,0.397,0.2206,-0.3899
13.31,-0.21,0.407,0.2195,-0.3971
13.315,-0.212,0.409,0.2098,-0.4072
13.32,-0.222,0.402,0.2118,-0.4089
13.325,-0.23,0.398,0.2225,-0.402
13.33,-0.23,0.391,0.2302,-0.3978
13.335,-0.231,0.387,0.23,-0.3912
13.34,-0.229,0.391,0.2315,-0.3867
13.345,-0.233,0.39,0.2293,-0.3914
13.35,-0.232,0.388,0.233,-0.3896
13.355,-0.224,0.389,0.2319,-0.3882
13.36,-0.217,0.395,0.2241,-0.389
13.365,-0.214,0.4,0.2168,-0.3947
13.37,-0.207,0.403,0.214,-0.4
13.375,-0.209,0.402,0.207,-0.403
13.38,-0.211,0.402,0.209,-0.4023
13.385,-0.208,0.404,0.211,-0.4015
13.39,-0.208,0.401,0.2083,-0.4036
13.395,-0.21,0.399,0.2084,-0.401
13.4,-0.216,0.396,0.2096,-0.3994
13.405,-0.223,0.392,0.2164,-0.3963
13.41,-0.218,0.388,0.2225,-0.392
13.415,-0.214,0.385,0.2177,-0.3884
13.42,-0.226,0.381,0.2144,-0.3852
13.425,-0.232,0.379,0.2261,-0.3811
13.43,-0.232,0.377,0.2324,-0.3794
13.435,-0.234,0.375,0.2324,-0.3774
13.44,-0.233,0.375,0.234,-0.3753
13.445,-0.224,0.379,0.233,-0.3754
13.45,-0.223,0.38,0.2243,-0.3788
13.455,-0.223,0.385,0.2234,-0.3797
13.46,-0.214,0.388,0.2234,-0.3849
13.465,-0.213,0.385,0.2145,-0.3875
13.47,-0.206,0.384,0.2126,-0.3847
13.475,-0.207,0.384,0.206,-0.384
13.48,-0.209,0.388,0.2067,-0.384
13.485,-0.201,0.393,0.2086,-0.3876
13.49,-0.202,0.393,0.2014,-0.3933
13.495,-0.209,0.391,0.202,-0.393
13.5,-0.209,0.389,0.2086,-0.3905
13.505,-0.215,0.385,0.2089,-0.3894
13.51,-0.221,0.382,0.2153,-0.385
13.515,-0.221,0.381,0.2208,-0.3822
13.52,-0.218,0.382,0.2209,-0.3808
13.525,-0.219,0.387,0.2181,-0.3819
13.53,-0.224,0.388,0.2188,-0.3871
13.535,-0.229,0.384,0.2241,-0.3883
13.54,-0.225,0.39,0.2285,-0.3838
13.545,-0.228,0.386,0.2245,-0.39
13.55,-0.227,0.388,0.2282,-0.3862
13.555,-0.226,0.385,0.2271,-0.388
13.56,-0.216,0.388,0.2262,-0.3849
13.565,-0.215,0.388,0.2164,-0.3883
13.57,-0.21,0.391,0.2149,-0.3878
13.575,-0.212,0.388,0.2102,-0.3908
13.58,-0.214,0.391,0.2118,-0.3882
13.585,-0.211,0.392,0.2136,-0.3909
13.59,-0.216,0.391,0.211,-0.3918
13.595,-0.223,0.383,0.2157,-0.3909
13.6,-0.231,0.386,0.2233,-0.3828
13.605,-0.235,0.381,0.2306,-0.3863
13.61,-0.239,0.377,0.2355,-0.3813
13.615,-0.24,0.378,0.2392,-0.3765
13.62,-0.24,0.382,0.2397,-0.3781
13.625,-0.243,0.384,0.2403,-0.3824
13.63,-0.238,0.388,0.2427,-0.3842
13.635,-0.229,0.394,0.2377,-0.3884
13.64,-0.233,0.387,0.2295,-0.3942
13.645,-0.232,0.386,0.2326,-0.3869
13.65,-0.227,0.392,0.2318,-0.3861
13.655,-0.222,0.39,0.227,-0.3915
13.66,-0.214,0.393,0.2223,-0.3902
13.665,-0.213,0.396,0.2139,-0.3928
13.67,-0.216,0.396,0.2129,-0.3956
13.675,-0.212,0.399,0.2159,-0.3958
13.68,-0.22,0.401,0.2119,-0.3988
13.685,-0.213,0.399,0.2198,-0.4013
13.69,-0.215,0.4,0.2132,-0.399
13.695,-0.217,0.4,0.2153,-0.3999
13.7,-0.219,0.402,0.2169,-0.4
13.705,-0.22,0.403,0.2194,-0.4016
13.71,-0.225,0.396,0.2202,-0.4029
13.715,-0.225,0.392,0.2252,-0.396
13.72,-0.231,0.386,0.2249,-0.3916
13.725,-0.229,0.383,0.2307,-0.3864
13.73,-0.222,0.381,0.2286,-0.3831
13.735,-0.228,0.382,0.222,-0.3812
13.74,-0.225,0.389,0.2276,-0.3816
13.745,-0.227,0.393,0.2252,-0.3886
13.75,-0.223,0.394,0.2269,-0.3935
13.755,-0.217,0.388,0.2225,-0.3941
13.76,-0.216,0.389,0.2174,-0.3883
13.765,-0.215,0.393,0.2158,-0.3887
13.77,-0.212,0.392,0.215,-0.3926
13.775,-0.205,0.393,0.2124,-0.3916
13.78,-0.207,0.386,0.2049,-0.3928
13.785,-0.2,0.385,0.2073,-0.3857
13.79,-0.204,0.378,0.1996,-0.3847
13.795,-0.206,0.376,0.2037,-0.3778
13.8,-0.2,0.38,0.2059,-0.3761
13.805,-0.2,0.384,0.2002,-0.3799
13.81,-0.202,0.386,0.2,-0.3837
13.815,-0.2,0.387,0.2017,-0.386
13.82,-0.199,0.388,0.1998,-0.3872
13.825,-0.197,0.392,0.1986,-0.3876
13.83,-0.199,0.394,0.1969,-0.3922
13.835,-0.193,0.393,0.1988,-0.3941
13.84,-0.196,0.39,0.193,-0.3926
13.845,-0.201,0.384,0.1959,-0.39
13.85,-0.204,0.379,0.2006,-0.3842
13.855,-0.204,0.375,0.2036,-0.379
13.86,-0.202,0.378,0.2039,-0.3752
13.865,-0.202,0.378,0.2022,-0.3778
13.87,-0.201,0.372,0.2023,-0.3776
13.875,-0.201,0.372,0.2011,-0.3717
13.88,-0.195,0.371,0.2007,-0.3716
13.885,-0.186,0.374,0.1954,-0.3711
13.89,-0.183,0.377,0.1855,-0.3736
13.895,-0.182,0.38,0.1825,-0.3769
13.9,-0.195,0.379,0.1821,-0.38
13.905,-0.195,0.379,0.1945,-0.379
13.91,-0.195,0.38,0.195,-0.3787
13.915,-0.203,0.372,0.1951,-0.3796
13.92,-0.204,0.371,0.2032,-0.3719
13.925,-0.207,0.369,0.2044,-0.3706
13.93,-0.204,0.37,0.2067,-0.3694
13.935,-0.207,0.371,0.2037,-0.3696
13.94,-0.211,0.371,0.207,-0.371
13.945,-0.209,0.373,0.2108,-0.3706
13.95,-0.215,0.37,0.2087,-0.3726
13.955,-0.224,0.369,0.2149,-0.3701
13.96,-0.223,0.367,0.2243,-0.3687
13.965,-0.222,0.365,0.2225,-0.3666
13.97,-0.214,0.367,0.2225,-0.3648
13.975,-0.209,0.367,0.2138,-0.3673
13.98,-0.205,0.372,0.2087,-0.3671
13.985,-0.206,0.367,0.2054,-0.3725
13.99,-0.204,0.366,0.2065,-0.3666
13.995,-0.207,0.368,0.2042,-0.3665
14.0,-0.211,0.371,0.207,-0.3681
14.005,-0.217,0.373,0.211,-0.3713
14.01,-0.222,0.378,0.2172,-0.3726
14.015,-0.221,0.376,0.2223,-0.3778
14.02,-0.228,0.375,0.221,-0.3764
14.025,-0.226,0.375,0.2281,-0.3747
14.03,-0.227,0.376,0.2262,-0.375
14.035,-0.222,0.372,0.2271,-0.3762
14.04,-0.224,0.37,0.2217,-0.372
14.045,-0.226,0.364,0.224,-0.3704
14.05,-0.216,0.361,0.2256,-0.3644
14.055,-0.211,0.358,0.2164,-0.361
14.06,-0.199,0.36,0.2107,-0.3585
14.065,-0.193,0.362,0.1989,-0.3604
14.07,-0.197,0.37,0.1927,-0.3625
14.075,-0.196,0.374,0.1966,-0.3699
14.08,-0.198,0.374,0.1958,-0.3738
14.085,-0.192,0.375,0.198,-0.3744
14.09,-0.191,0.374,0.1921,-0.3751
14.095,-0.2,0.371,0.1911,-0.3739
14.1,-0.2,0.367,0.2003,-0.3705
14.105,-0.205,0.366,0.1998,-0.367
14.11,-0.202,0.369,0.2049,-0.3661
14.115,-0.202,0.366,0.2021,-0.3686
14.12,-0.204,0.367,0.2021,-0.3659
14.125,-0.212,0.357,0.2036,-0.367
14.13,-0.212,0.353,0.2124,-0.3569
14.135,-0.209,0.353,0.2118,-0.3527
14.14,-0.205,0.361,0.2093,-0.3527
14.145,-0.208,0.355,0.2055,-0.3615
14.15,-0.205,0.353,0.2077,-0.3546
14.155,-0.2,0.358,0.2053,-0.3528
14.16,-0.201,0.362,0.2004,-0.358
14.165,-0.197,0.363,0.2014,-0.362
14.17,-0.206,0.361,0.1974,-0.3625
14.175,-0.201,0.368,0.2055,-0.3615
14.18,-0.2,0.376,0.2011,-0.3683
14.185,-0.202,0.377,0.2005,-0.3759
14.19,-0.199,0.384,0.2024,-0.3768
14.195,-0.202,0.383,0.1991,-0.3845
14.2,-0.197,0.382,0.2015,-0.3827
14.205,-0.205,0.373,0.1968,-0.3824
14.21,-0.204,0.371,0.2053,-0.3731
14.215,-0.21,0.364,0.2041,-0.3714
14.22,-0.215,0.358,0.2105,-0.3641
14.225,-0.219,0.353,0.2153,-0.3581
14.23,-0.225,0.349,0.2191,-0.3535
14.235,-0.225,0.352,0.2254,-0.3491
14.24,-0.231,0.353,0.2254,-0.3522
14.245,-0.236,0.358,0.2312,-0.353
14.25,-0.234,0.359,0.2363,-0.3582
14.255,-0.238,0.361,0.2337,-0.3585
14.26,-0.242,0.36,0.2381,-0.3607
14.265,-0.242,0.364,0.2415,-0.3605
14.27,-0.239,0.367,0.2421,-0.3635
14.275,-0.232,0.369,0.2387,-0.3666
14.28,-0.236,0.363,0.232,-0.3685
14.285,-0.229,0.365,0.2357,-0.3631
14.29,-0.227,0.362,0.2286,-0.3646
14.295,-0.224,0.36,0.2266,-0.3615
14.3,-0.228,0.36,0.2243,-0.3601
14.305,-0.227,0.363,0.2283,-0.3605
14.31,-0.224,0.357,0.2267,-0.3628
14.315,-0.225,0.359,0.2235,-0.3574
14.32,-0.225,0.365,0.225,-0.3593
14.325,-0.228,0.368,0.2246,-0.3647
14.33,-0.229,0.375,0.2283,-0.3675
14.335,-0.231,0.374,0.2293,-0.3749
14.34,-0.232,0.38,0.2307,-0.3744
14.345,-0.239,0.382,0.2318,-0.3799
14.35,-0.239,0.376,0.2394,-0.3817
14.355,-0.23,0.377,0.2386,-0.3762
14.36,-0.227,0.379,0.2303,-0.3766
14.365,-0.223,0.378,0.2268,-0.3788
14.37,-0.224,0.371,0.2233,-0.3785
14.375,-0.222,0.371,0.2241,-0.3708
14.38,-0.218,0.369,0.2218,-0.3715
14.385,-0.214,0.371,0.2182,-0.3695
14.39,-0.208,0.373,0.2139,-0.3711
14.395,-0.199,0.374,0.2077,-0.3732
14.4,-0.202,0.372,0.1994,-0.3736
14.405,-0.203,0.371,0.202,-0.3724
14.41,-0.2,0.366,0.2025,-0.3709
14.415,-0.204,0.365,0.2001,-0.3658
14.42,-0.204,0.364,0.2044,-0.365
14.425,-0.207,0.363,0.2044,-0.3643
14.43,-0.207,0.365,0.207,-0.3627
14.435,-0.215,0.362,0.2074,-0.3651
14.44,-0.223,0.362,0.2153,-0.3623
14.445,-0.228,0.361,0.2234,-0.3624
14.45,-0.225,0.366,0.2282,-0.3612
14.455,-0.228,0.37,0.2253,-0.3658
14.46,-0.234,0.369,0.2283,-0.3705
14.465,-0.235,0.366,0.2337,-0.3689
14.47,-0.234,0.368,0.2347,-0.3657
14.475,-0.224,0.365,0.2337,-0.3679
14.48,-0.219,0.361,0.2239,-0.3654
14.485,-0.216,0.358,0.2186,-0.3611
14.49,-0.212,0.364,0.2158,-0.3578
14.495,-0.212,0.362,0.2118,-0.3636
14.5,-0.211,0.365,0.2123,-0.362
14.505,-0.211,0.372,0.2113,-0.3654
14.51,-0.209,0.376,0.211,-0.3717
14.515,-0.21,0.381,0.2093,-0.376
14.52,-0.215,0.379,0.2104,-0.3814
14.525,-0.222,0.382,0.2148,-0.3794
14.53,-0.227,0.383,0.2223,-0.3825
14.535,-0.236,0.381,0.2272,-0.3827
14.54,-0.242,0.38,0.236,-0.3809
14.545,-0.236,0.383,0.2423,-0.3799
14.55,-0.24,0.381,0.2363,-0.3835
14.555,-0.246,0.377,0.2403,-0.3807
14.56,-0.245,0.377,0.246,-0.3766
14.565,-0.256,0.368,0.2452,-0.3774
14.57,-0.256,0.37,0.2558,-0.3684
14.575,-0.251,0.375,0.2562,-0.3698
14.58,-0.249,0.376,0.2512,-0.3753
14.585,-0.245,0.375,0.2492,-0.3756
14.59,-0.246,0.376,0.2454,-0.3746
14.595,-0.248,0.381,0.246,-0.376
14.6,-0.246,0.38,0.2475,-0.3815
14.605,-0.247,0.38,0.2461,-0.3804
14.61,-0.243,0.377,0.2472,-0.3801
14.615,-0.241,0.376,0.2435,-0.3769
14.62,-0.241,0.377,0.2406,-0.3763
14.625,-0.239,0.38,0.2406,-0.3767
14.63,-0.232,0.382,0.239,-0.3802
14.635,-0.233,0.379,0.2325,-0.3821
14.64,-0.225,0.382,0.2335,-0.3789
14.645,-0.221,0.383,0.2254,-0.3823
14.65,-0.223,0.375,0.2206,-0.3834
14.655,-0.225,0.369,0.223,-0.375
14.66,-0.232,0.359,0.2253,-0.369
14.665,-0.232,0.355,0.2318,-0.3586
14.67,-0.23,0.351,0.232,-0.3545
14.675,-0.244,0.347,0.2302,-0.3507
14.68,-0.245,0.349,0.2438,-0.3472
14.685,-0.243,0.346,0.2452,-0.3488
14.69,-0.238,0.356,0.2431,-0.3457
14.695,-0.23,0.367,0.2383,-0.3563
14.7,-0.233,0.373,0.2303,-0.367
14.705,-0.233,0.372,0.2329,-0.3726
14.71,-0.236,0.368,0.2335,-0.3723
14.715,-0.238,0.37,0.2364,-0.3678
14.72,-0.237,0.372,0.2383,-0.3704
14.725,-0.237,0.375,0.2366,-0.3717
14.73,-0.234,0.369,0.2368,-0.3748
14.735,-0.236,0.367,0.2342,-0.369
14.74,-0.232,0.364,0.2362,-0.3672
14.745,-0.236,0.362,0.2325,-0.3636
14.75,-0.239,0.362,0.2363,-0.3622
14.755,-0.243,0.356,0.2394,-0.3621
14.76,-0.246,0.35,0.2429,-0.356
14.765,-0.245,0.353,0.246,-0.3505
14.77,-0.25,0.35,0.2447,-0.3532
14.775,-0.251,0.359,0.2497,-0.3501
14.78,-0.246,0.357,0.2508,-0.3586
14.785,-0.251,0.353,0.2462,-0.3567
14.79,-0.246,0.358,0.2507,-0.3528
14.795,-0.25,0.35,0.2458,-0.3584
14.8,-0.248,0.351,0.2498,-0.3498
14.805,-0.245,0.357,0.2482,-0.3511
14.81,-0.244,0.356,0.2446,-0.3566
14.815,-0.247,0.357,0.2444,-0.3563
14.82,-0.24,0.357,0.2466,-0.3571
14.825,-0.238,0.357,0.2402,-0.3571
14.83,-0.238,0.355,0.2381,-0.3566
14.835,-0.232,0.357,0.2375,-0.3553
14.84,-0.227,0.354,0.2321,-0.3568
14.845,-0.226,0.358,0.2274,-0.3545
14.85,-0.23,0.35,0.2262,-0.3581
14.855,-0.231,0.35,0.2297,-0.3497
14.86,-0.238,0.35,0.231,-0.3495
14.865,-0.247,0.349,0.2376,-0.3503
14.87,-0.247,0.355,0.2466,-0.349
14.875,-0.249,0.356,0.2466,-0.3553
14.88,-0.248,0.356,0.2491,-0.356
14.885,-0.246,0.353,0.2478,-0.3561
14.89,-0.25,0.356,0.2465,-0.3528
14.895,-0.25,0.354,0.2501,-0.3557
14.9,-0.25,0.353,0.2495,-0.354
14.905,-0.255,0.354,0.2497,-0.353
14.91,-0.251,0.355,0.2551,-0.3537
14.915,-0.252,0.346,0.2513,-0.3549
14.92,-0.251,0.346,0.252,-0.3463
14.925,-0.247,0.348,0.2511,-0.3462
14.93,-0.244,0.351,0.2474,-0.3481
14.935,-0.246,0.346,0.2439,-0.3507
14.94,-0.24,0.344,0.2458,-0.3461
14.945,-0.239,0.345,0.24,-0.3444
14.95,-0.235,0.345,0.2386,-0.3452
14.955,-0.233,0.345,0.2346,-0.3452
14.96,-0.236,0.341,0.2335,-0.3448
14.965,-0.235,0.342,0.2364,-0.3408
14.97,-0.227,0.344,0.235,-0.3421
14.975,-0.224,0.342,0.2274,-0.3435
14.98,-0.225,0.337,0.2242,-0.3416
14.985,-0.222,0.335,0.2253,-0.3369
14.99,-0.219,0.341,0.2224,-0.3354
14.995,-0.222,0.342,0.2195,-0.3413
