t_s,x_m,y_m,z_m,ekf_x_m,ekf_y_m,ekf_z_m,xy_error_cm,z_error_cm
0.0,-0.3008,0.0651,1.0003,-0.2377,0.1094,1.001,0.0,0.032
0.005,-0.301,0.0652,1.0003,-0.2385,0.1089,1.0012,0.02,0.03
0.01,-0.3012,0.0652,1.0003,-0.3019,0.0645,1.0013,0.04,0.028
0.015,-0.3014,0.0653,1.0003,-0.3022,0.0646,1.0013,0.059,0.027
0.02,-0.3015,0.0654,1.0003,-0.3021,0.0646,1.0014,0.077,0.025
0.025,-0.3017,0.0654,1.0002,-0.302,0.0649,1.0011,0.093,0.024
0.03,-0.3019,0.0655,1.0002,-0.3019,0.065,1.0009,0.11,0.023
0.035,-0.302,0.0656,1.0002,-0.3018,0.0653,1.001,0.125,0.022
0.04,-0.3021,0.0656,1.0002,-0.302,0.0657,1.0009,0.139,0.021
0.045,-0.3022,0.0657,1.0002,-0.3019,0.0659,1.001,0.153,0.02
0.05,-0.3023,0.0658,1.0002,-0.3019,0.0659,1.001,0.165,0.02
0.055,-0.3024,0.0658,1.0002,-0.3019,0.0661,1.0013,0.177,0.02
0.06,-0.3025,0.0659,1.0002,-0.3021,0.0661,1.0012,0.188,0.019
0.065,-0.3026,0.066,1.0002,-0.3024,0.0661,1.0012,0.198,0.019
0.07,-0.3027,0.066,1.0002,-0.3026,0.0662,1.0009,0.208,0.02
0.075,-0.3027,0.0661,1.0002,-0.3025,0.0663,1.001,0.216,0.02
0.08,-0.3028,0.0662,1.0002,-0.3028,0.0664,1.0008,0.224,0.021
0.085,-0.3028,0.0662,1.0002,-0.3027,0.0663,1.001,0.231,0.021
0.09,-0.3029,0.0663,1.0002,-0.3029,0.0662,1.0007,0.237,0.022
0.095,-0.3029,0.0664,1.0002,-0.3029,0.0663,1.0006,0.243,0.023
0.1,-0.3029,0.0664,1.0002,-0.3029,0.0661,1.0009,0.247,0.024
0.105,-0.3029,0.0665,1.0003,-0.3031,0.0662,1.0008,0.251,0.026
0.11,-0.3029,0.0666,1.0003,-0.3032,0.0663,1.0007,0.255,0.027
0.115,-0.3029,0.0666,1.0003,-0.303,0.0663,1.0009,0.258,0.029
0.12,-0.3029,0.0667,1.0003,-0.303,0.0664,1.0008,0.26,0.031
0.125,-0.3028,0.0668,1.0003,-0.3028,0.0665,1.001,0.261,0.032
0.13,-0.3028,0.0668,1.0003,-0.3028,0.0667,1.0011,0.262,0.034
0.135,-0.3028,0.0669,1.0004,-0.3027,0.0667,1.0012,0.263,0.036
0.14,-0.3027,0.067,1.0004,-0.3026,0.0668,1.0011,0.263,0.038
0.145,-0.3026,0.067,1.0004,-0.3027,0.067,1.001,0.263,0.041
0.15,-0.3025,0.0671,1.0004,-0.3025,0.0671,1.0012,0.263,0.043
0.155,-0.3024,0.0672,1.0004,-0.3023,0.0672,1.001,0.262,0.045
0.16,-0.3024,0.0672,1.0005,-0.3023,0.067,1.0011,0.261,0.047
0.165,-0.3022,0.0673,1.0005,-0.3021,0.0673,1.0011,0.261,0.049
0.17,-0.3021,0.0674,1.0005,-0.3018,0.0675,1.0009,0.26,0.051
0.175,-0.302,0.0674,1.0005,-0.3019,0.0674,1.001,0.26,0.053
0.18,-0.3019,0.0675,1.0005,-0.3017,0.0674,1.001,0.26,0.055
0.185,-0.3017,0.0676,1.0006,-0.3018,0.0676,1.0009,0.26,0.057
0.19,-0.3016,0.0676,1.0006,-0.3013,0.0676,1.0009,0.262,0.059
0.195,-0.3014,0.0677,1.0006,-0.3014,0.0676,1.001,0.264,0.06
0.2,-0.3012,0.0677,1.0006,-0.3012,0.0678,1.0011,0.267,0.062
0.205,-0.301,0.0678,1.0006,-0.3008,0.0679,1.0012,0.271,0.064
0.21,-0.3008,0.0679,1.0007,-0.3009,0.0679,1.0012,0.276,0.065
0.215,-0.3006,0.0679,1.0007,-0.3006,0.068,1.0012,0.283,0.067
0.22,-0.3004,0.068,1.0007,-0.3005,0.0681,1.0013,0.291,0.068
0.225,-0.3002,0.0681,1.0007,-0.3003,0.0682,1.0013,0.301,0.069
0.23,-0.3,0.0681,1.0007,-0.3001,0.0682,1.0012,0.312,0.071
0.235,-0.2997,0.0682,1.0007,-0.2998,0.0685,1.0012,0.325,0.072
0.24,-0.2995,0.0682,1.0007,-0.2997,0.0683,1.0012,0.34,0.073
0.245,-0.2992,0.0683,1.0007,-0.2994,0.0682,1.001,0.356,0.074
0.25,-0.299,0.0684,1.0007,-0.2991,0.0685,1.0009,0.374,0.074
0.255,-0.2987,0.0684,1.0008,-0.2989,0.0686,1.001,0.394,0.075
0.26,-0.2984,0.0685,1.0008,-0.2985,0.0685,1.0011,0.415,0.076
0.265,-0.2981,0.0685,1.0008,-0.2983,0.0685,1.0012,0.437,0.076
0.27,-0.2978,0.0686,1.0008,-0.298,0.0686,1.0013,0.461,0.076
0.275,-0.2975,0.0686,1.0008,-0.2976,0.0688,1.0011,0.487,0.077
0.28,-0.2972,0.0687,1.0008,-0.2973,0.0686,1.0011,0.514,0.077
0.285,-0.2968,0.0688,1.0008,-0.297,0.0686,1.0011,0.542,0.077
0.29,-0.2965,0.0688,1.0008,-0.2965,0.0688,1.001,0.572,0.077
0.295,-0.2961,0.0689,1.0008,-0.2963,0.0688,1.001,0.602,0.076
0.3,-0.2958,0.0689,1.0008,-0.2959,0.0687,1.0007,0.634,0.076
0.305,-0.2954,0.069,1.0008,-0.2957,0.0689,1.0007,0.668,0.076
0.31,-0.295,0.069,1.0008,-0.2951,0.0689,1.0008,0.702,0.075
0.315,-0.2946,0.0691,1.0007,-0.2946,0.0689,1.0009,0.737,0.075
0.32,-0.2942,0.0692,1.0007,-0.2943,0.069,1.0009,0.774,0.074
0.325,-0.2938,0.0692,1.0007,-0.2937,0.0691,1.0009,0.812,0.074
0.33,-0.2934,0.0693,1.0007,-0.2936,0.0692,1.0009,0.85,0.073
0.335,-0.293,0.0693,1.0007,-0.2931,0.0693,1.0009,0.89,0.072
0.34,-0.2926,0.0694,1.0007,-0.2927,0.0694,1.001,0.931,0.072
0.345,-0.2921,0.0694,1.0007,-0.2923,0.0693,1.001,0.973,0.071
0.35,-0.2917,0.0695,1.0007,-0.2919,0.0695,1.0009,1.016,0.07
0.355,-0.2912,0.0695,1.0007,-0.2913,0.0695,1.0009,1.06,0.07
0.36,-0.2907,0.0696,1.0007,-0.291,0.0696,1.0009,1.104,0.069
0.365,-0.2903,0.0697,1.0007,-0.2908,0.0696,1.0011,1.15,0.068
0.37,-0.2898,0.0697,1.0007,-0.29,0.0696,1.0014,1.197,0.067
0.375,-0.2893,0.0698,1.0007,-0.2895,0.0698,1.0013,1.245,0.066
0.38,-0.2888,0.0698,1.0007,-0.289,0.0698,1.0013,1.293,0.065
0.385,-0.2883,0.0699,1.0006,-0.2885,0.0699,1.0012,1.343,0.064
0.39,-0.2878,0.0699,1.0006,-0.288,0.07,1.0014,1.393,0.063
0.395,-0.2872,0.07,1.0006,-0.2875,0.07,1.0012,1.444,0.062
0.4,-0.2867,0.07,1.0006,-0.287,0.0701,1.0012,1.496,0.061
0.405,-0.2861,0.0701,1.0006,-0.2863,0.0701,1.001,1.549,0.06
0.41,-0.2856,0.0701,1.0006,-0.2861,0.0701,1.001,1.603,0.058
0.415,-0.285,0.0702,1.0006,-0.2852,0.07,1.0011,1.658,0.057
0.42,-0.2845,0.0702,1.0006,-0.2845,0.0701,1.0009,1.714,0.056
0.425,-0.2839,0.0703,1.0005,-0.2839,0.0702,1.0013,1.77,0.054
0.43,-0.2833,0.0703,1.0005,-0.2833,0.0702,1.0016,1.827,0.053
0.435,-0.2827,0.0704,1.0005,-0.2828,0.0704,1.0018,1.886,0.051
0.44,-0.2821,0.0704,1.0005,-0.2821,0.0706,1.0017,1.944,0.05
0.445,-0.2815,0.0705,1.0005,-0.2816,0.0702,1.0017,2.004,0.048
0.45,-0.2809,0.0705,1.0005,-0.2812,0.0705,1.0017,2.065,0.046
0.455,-0.2803,0.0705,1.0004,-0.2805,0.0704,1.0018,2.126,0.045
0.46,-0.2796,0.0706,1.0004,-0.28,0.0706,1.0017,2.188,0.043
0.465,-0.279,0.0706,1.0004,-0.2792,0.0707,1.0019,2.251,0.041
0.47,-0.2784,0.0707,1.0004,-0.2785,0.0708,1.0021,2.315,0.039
0.475,-0.2777,0.0707,1.0004,-0.278,0.0707,1.0021,2.38,0.036
0.48,-0.277,0.0708,1.0003,-0.2772,0.0707,1.0019,2.445,0.034
0.485,-0.2764,0.0708,1.0003,-0.2767,0.0708,1.0016,2.511,0.032
0.49,-0.2757,0.0709,1.0003,-0.276,0.0708,1.0015,2.578,0.029
0.495,-0.275,0.0709,1.0003,-0.2754,0.0708,1.0013,2.646,0.026
0.5,-0.2743,0.0709,1.0002,-0.2745,0.0707,1.0012,2.715,0.024
0.505,-0.2736,0.071,1.0002,-0.2741,0.0709,1.001,2.784,0.021
0.51,-0.2729,0.071,1.0002,-0.2731,0.071,1.0007,2.854,0.018
0.515,-0.2722,0.0711,1.0002,-0.2725,0.071,1.0005,2.925,0.016
0.52,-0.2715,0.0711,1.0001,-0.272,0.0712,1.0003,2.996,0.013
0.525,-0.2707,0.0711,1.0001,-0.2711,0.071,1.0002,3.068,0.01
0.53,-0.27,0.0712,1.0001,-0.2704,0.0711,1.0003,3.141,0.008
0.535,-0.2693,0.0712,1.0001,-0.2696,0.071,1.0002,3.215,0.006
0.54,-0.2685,0.0712,1.0,-0.269,0.0713,1.0,3.289,0.003
0.545,-0.2678,0.0713,1.0,-0.2682,0.0711,0.9999,3.364,0.001
0.55,-0.267,0.0713,1.0,-0.2673,0.0713,0.9995,3.439,0.0
0.555,-0.2662,0.0714,1.0,-0.2665,0.0715,0.9996,3.515,0.002
0.56,-0.2655,0.0714,1.0,-0.2657,0.0715,0.9997,3.592,0.003
0.565,-0.2647,0.0714,1.0,-0.2649,0.0713,0.9996,3.67,0.004
0.57,-0.2639,0.0715,1.0,-0.2641,0.0715,0.9994,3.748,0.004
0.575,-0.2631,0.0715,1.0,-0.2634,0.0715,0.9992,3.827,0.004
0.58,-0.2623,0.0715,1.0,-0.2626,0.0716,0.9992,3.906,0.004
0.585,-0.2615,0.0716,1.0,-0.2618,0.0715,0.9991,3.986,0.003
0.59,-0.2607,0.0716,1.0,-0.261,0.0715,0.9995,4.067,0.002
0.595,-0.2599,0.0716,1.0,-0.2601,0.0716,0.9994,4.148,0.001
0.6,-0.259,0.0716,1.0,-0.2596,0.0717,0.9993,4.23,0.001
0.605,-0.2582,0.0717,1.0,-0.2587,0.0716,0.9991,4.312,0.003
0.61,-0.2574,0.0717,1.0001,-0.2579,0.0716,0.9992,4.395,0.006
0.615,-0.2565,0.0717,1.0001,-0.257,0.0717,0.9992,4.479,0.009
0.62,-0.2557,0.0718,1.0001,-0.2561,0.0719,0.9993,4.563,0.012
0.625,-0.2548,0.0718,1.0002,-0.2555,0.0718,0.9992,4.648,0.016
0.63,-0.254,0.0718,1.0002,-0.2545,0.072,0.9994,4.733,0.02
0.635,-0.2531,0.0718,1.0002,-0.2535,0.0719,0.9991,4.819,0.024
0.64,-0.2522,0.0719,1.0003,-0.2525,0.0718,0.999,4.905,0.029
0.645,-0.2514,0.0719,1.0003,-0.2515,0.072,0.9991,4.992,0.034
0.65,-0.2505,0.0719,1.0004,-0.2508,0.072,0.9991,5.079,0.039
0.655,-0.2496,0.0719,1.0004,-0.2497,0.0719,0.9993,5.167,0.044
0.66,-0.2487,0.072,1.0005,-0.2491,0.0719,0.9993,5.255,0.049
0.665,-0.2478,0.072,1.0005,-0.2482,0.0719,0.9993,5.344,0.055
0.67,-0.2469,0.072,1.0006,-0.2473,0.072,0.9995,5.433,0.06
0.675,-0.246,0.072,1.0007,-0.2462,0.0718,0.9996,5.523,0.066
0.68,-0.2451,0.072,1.0007,-0.2453,0.072,0.9996,5.613,0.072
0.685,-0.2442,0.0721,1.0008,-0.2443,0.0717,0.9999,5.704,0.078
0.69,-0.2433,0.0721,1.0008,-0.2435,0.0722,1.0001,5.795,0.084
0.695,-0.2424,0.0721,1.0009,-0.2427,0.0722,1.0004,5.887,0.09
0.7,-0.2415,0.0721,1.001,-0.2417,0.0722,1.0006,5.979,0.096
0.705,-0.2405,0.0721,1.001,-0.2408,0.0721,1.0004,6.071,0.102
0.71,-0.2396,0.0721,1.0011,-0.2399,0.0723,1.0004,6.164,0.107
0.715,-0.2387,0.0722,1.0011,-0.2392,0.0722,1.0002,6.257,0.113
0.72,-0.2377,0.0722,1.0012,-0.2379,0.072,1.0001,6.351,0.118
0.725,-0.2368,0.0722,1.0012,-0.2373,0.0721,1.0001,6.445,0.123
0.73,-0.2358,0.0722,1.0013,-0.2363,0.0723,1.0003,6.54,0.128
0.735,-0.2349,0.0722,1.0013,-0.2354,0.0721,1.0001,6.635,0.133
0.74,-0.2339,0.0722,1.0014,-0.2344,0.0721,0.9999,6.73,0.137
0.745,-0.2329,0.0722,1.0014,-0.2336,0.0721,1.0,6.826,0.142
0.75,-0.232,0.0722,1.0015,-0.2325,0.0722,1.0,6.922,0.146
0.755,-0.231,0.0723,1.0015,-0.2316,0.0722,1.0002,7.018,0.15
0.76,-0.23,0.0723,1.0015,-0.2303,0.0724,1.0003,7.115,0.154
0.765,-0.2291,0.0723,1.0016,-0.2293,0.0722,1.0002,7.212,0.157
0.77,-0.2281,0.0723,1.0016,-0.2282,0.0724,1.0002,7.31,0.161
0.775,-0.2271,0.0723,1.0016,-0.2274,0.0723,1.0005,7.408,0.164
0.78,-0.2261,0.0723,1.0017,-0.2264,0.0723,1.0006,7.506,0.167
0.785,-0.2251,0.0723,1.0017,-0.2257,0.0723,1.0006,7.604,0.17
0.79,-0.2241,0.0723,1.0017,-0.2244,0.0723,1.0005,7.703,0.172
0.795,-0.2231,0.0723,1.0017,-0.2236,0.0724,1.0007,7.802,0.175
0.8,-0.2221,0.0723,1.0018,-0.2225,0.0724,1.0007,7.901,0.177
0.805,-0.2211,0.0723,1.0018,-0.2218,0.0723,1.001,8.001,0.179
0.81,-0.2201,0.0723,1.0018,-0.2205,0.0725,1.0009,8.101,0.181
0.815,-0.2191,0.0723,1.0018,-0.2195,0.0723,1.0007,8.201,0.182
0.82,-0.2181,0.0723,1.0018,-0.2184,0.0723,1.0008,8.301,0.184
0.825,-0.2171,0.0723,1.0018,-0.2175,0.0723,1.0009,8.402,0.185
0.83,-0.2161,0.0723,1.0019,-0.2166,0.0722,1.0009,8.503,0.186
0.835,-0.2151,0.0723,1.0019,-0.2155,0.0723,1.0008,8.604,0.186
0.84,-0.2141,0.0723,1.0019,-0.2146,0.0724,1.0009,8.706,0.187
0.845,-0.2131,0.0723,1.0019,-0.2134,0.0723,1.0011,8.807,0.187
0.85,-0.212,0.0723,1.0019,-0.2124,0.0723,1.0012,8.909,0.187
0.855,-0.211,0.0723,1.0019,-0.2115,0.0723,1.001,9.011,0.187
0.86,-0.21,0.0723,1.0019,-0.2104,0.0723,1.0012,9.113,0.187
0.865,-0.209,0.0723,1.0019,-0.2093,0.0723,1.0012,9.216,0.186
0.87,-0.2079,0.0723,1.0018,-0.2082,0.0724,1.0012,9.318,0.185
0.875,-0.2069,0.0723,1.0018,-0.2072,0.0723,1.0013,9.421,0.184
0.88,-0.2059,0.0723,1.0018,-0.2063,0.0724,1.0009,9.524,0.182
0.885,-0.2048,0.0723,1.0018,-0.2052,0.0722,1.001,9.627,0.18
0.89,-0.2038,0.0723,1.0018,-0.2041,0.0724,1.0011,9.73,0.178
0.895,-0.2028,0.0723,1.0018,-0.2032,0.0724,1.0011,9.834,0.176
0.9,-0.2017,0.0723,1.0017,-0.2022,0.0723,1.0011,9.938,0.173
0.905,-0.2007,0.0723,1.0017,-0.2011,0.0725,1.0012,10.041,0.17
0.91,-0.1996,0.0722,1.0017,-0.2001,0.0725,1.0009,10.145,0.167
0.915,-0.1986,0.0722,1.0016,-0.1989,0.0722,1.0011,10.249,0.163
0.92,-0.1975,0.0722,1.0016,-0.1978,0.0721,1.001,10.353,0.16
0.925,-0.1965,0.0722,1.0016,-0.1969,0.0721,1.0012,10.458,0.156
0.93,-0.1954,0.0722,1.0015,-0.196,0.0722,1.0012,10.562,0.152
0.935,-0.1944,0.0722,1.0015,-0.1947,0.072,1.001,10.666,0.148
0.94,-0.1934,0.0722,1.0014,-0.1937,0.0722,1.001,10.771,0.143
0.945,-0.1923,0.0722,1.0014,-0.1928,0.0719,1.001,10.875,0.139
0.95,-0.1913,0.0722,1.0013,-0.1917,0.0721,1.0009,10.98,0.134
0.955,-0.1902,0.0721,1.0013,-0.1904,0.0718,1.001,11.085,0.129
0.96,-0.1892,0.0721,1.0012,-0.1895,0.0719,1.0009,11.189,0.124
0.965,-0.1881,0.0721,1.0012,-0.1885,0.0719,1.0009,11.294,0.119
0.97,-0.1871,0.0721,1.0011,-0.1874,0.072,1.0009,11.399,0.113
0.975,-0.186,0.0721,1.0011,-0.1865,0.072,1.0006,11.504,0.108
0.98,-0.1849,0.072,1.001,-0.1853,0.0719,1.0006,11.609,0.103
0.985,-0.1839,0.072,1.001,-0.1841,0.0721,1.0003,11.714,0.097
0.99,-0.1828,0.072,1.0009,-0.1832,0.0721,1.0004,11.819,0.092
0.995,-0.1818,0.072,1.0009,-0.1822,0.072,1.0003,11.923,0.086
1.0,-0.1807,0.072,1.0008,-0.1812,0.0722,1.0001,12.028,0.081
1.005,-0.1797,0.0719,1.0008,-0.1802,0.0722,1.0,12.133,0.076
1.01,-0.1786,0.0719,1.0007,-0.179,0.0721,0.9997,12.238,0.071
1.015,-0.1776,0.0719,1.0007,-0.178,0.0719,0.9999,12.343,0.066
1.02,-0.1765,0.0719,1.0006,-0.1769,0.072,1.0,12.447,0.061
1.025,-0.1755,0.0718,1.0006,-0.1758,0.072,0.9998,12.552,0.057
1.03,-0.1744,0.0718,1.0005,-0.1749,0.0717,1.0,12.656,0.052
1.035,-0.1734,0.0718,1.0005,-0.1737,0.0717,0.9999,12.761,0.048
1.04,-0.1723,0.0718,1.0004,-0.1728,0.0717,0.9996,12.865,0.044
1.045,-0.1713,0.0717,1.0004,-0.1719,0.0716,0.9996,12.97,0.04
1.05,-0.1703,0.0717,1.0004,-0.1706,0.0716,0.9996,13.074,0.037
1.055,-0.1692,0.0717,1.0003,-0.1696,0.0717,0.9996,13.178,0.034
1.06,-0.1682,0.0716,1.0003,-0.1687,0.0716,0.9995,13.282,0.031
1.065,-0.1671,0.0716,1.0003,-0.1678,0.0716,0.9992,13.386,0.029
1.07,-0.1661,0.0716,1.0003,-0.1665,0.0715,0.9991,13.489,0.026
1.075,-0.1651,0.0715,1.0002,-0.1658,0.0714,0.9987,13.593,0.025
1.08,-0.164,0.0715,1.0002,-0.1645,0.0717,0.9988,13.696,0.023
1.085,-0.163,0.0715,1.0002,-0.1634,0.0716,0.9987,13.8,0.022
1.09,-0.1619,0.0714,1.0002,-0.1623,0.0715,0.9985,13.903,0.021
1.095,-0.1609,0.0714,1.0002,-0.1615,0.0715,0.9985,14.006,0.021
1.1,-0.1599,0.0714,1.0002,-0.1601,0.0714,0.9982,14.108,0.021
1.105,-0.1589,0.0713,1.0002,-0.1591,0.0715,0.9982,14.211,0.021
1.11,-0.1578,0.0713,1.0002,-0.1582,0.0714,0.9982,14.313,0.022
1.115,-0.1568,0.0713,1.0002,-0.1572,0.0714,0.9982,14.415,0.024
1.12,-0.1558,0.0712,1.0003,-0.1562,0.0712,0.9982,14.517,0.026
1.125,-0.1548,0.0712,1.0003,-0.1551,0.0709,0.9979,14.619,0.028
1.13,-0.1538,0.0711,1.0003,-0.1541,0.0711,0.9979,14.72,0.03
1.135,-0.1527,0.0711,1.0003,-0.1531,0.071,0.9981,14.821,0.034
1.14,-0.1517,0.0711,1.0004,-0.1519,0.0711,0.9981,14.922,0.037
1.145,-0.1507,0.071,1.0004,-0.1511,0.0712,0.9981,15.023,0.041
1.15,-0.1497,0.071,1.0005,-0.15,0.0709,0.9981,15.123,0.046
1.155,-0.1487,0.0709,1.0005,-0.149,0.071,0.9981,15.223,0.051
1.16,-0.1477,0.0709,1.0006,-0.148,0.0709,0.9983,15.323,0.056
1.165,-0.1467,0.0709,1.0006,-0.147,0.071,0.9985,15.422,0.062
1.17,-0.1457,0.0708,1.0007,-0.146,0.0707,0.9982,15.521,0.068
1.175,-0.1447,0.0708,1.0007,-0.1452,0.0708,0.9982,15.62,0.074
1.18,-0.1437,0.0707,1.0008,-0.144,0.071,0.9985,15.719,0.081
1.185,-0.1428,0.0707,1.0009,-0.143,0.0708,0.9987,15.817,0.088
1.19,-0.1418,0.0706,1.001,-0.1422,0.0706,0.9989,15.915,0.096
1.195,-0.1408,0.0706,1.001,-0.1413,0.0707,0.9989,16.013,0.103
1.2,-0.1398,0.0705,1.0011,-0.1401,0.0705,0.9991,16.11,0.11
1.205,-0.1388,0.0705,1.0012,-0.1391,0.0704,0.9992,16.207,0.118
1.21,-0.1379,0.0704,1.0013,-0.1381,0.0702,0.9993,16.304,0.126
1.215,-0.1369,0.0704,1.0013,-0.1372,0.0701,0.9995,16.4,0.133
1.22,-0.136,0.0703,1.0014,-0.1364,0.0704,0.9998,16.496,0.141
1.225,-0.135,0.0703,1.0015,-0.1354,0.0702,1.0,16.592,0.148
1.23,-0.134,0.0702,1.0016,-0.1344,0.0703,0.9998,16.687,0.156
1.235,-0.1331,0.0702,1.0016,-0.1335,0.0703,0.9998,16.782,0.163
1.24,-0.1321,0.0701,1.0017,-0.1325,0.0701,0.9998,16.877,0.169
1.245,-0.1312,0.0701,1.0018,-0.1315,0.0701,0.9996,16.971,0.176
1.25,-0.1303,0.07,1.0018,-0.1306,0.0702,0.9998,17.065,0.182
1.255,-0.1293,0.07,1.0019,-0.1296,0.07,0.9999,17.158,0.188
1.26,-0.1284,0.0699,1.0019,-0.1289,0.0702,0.9998,17.252,0.193
1.265,-0.1274,0.0699,1.002,-0.128,0.07,0.9999,17.344,0.199
1.27,-0.1265,0.0698,1.002,-0.1271,0.0699,1.0001,17.437,0.203
1.275,-0.1256,0.0697,1.0021,-0.1261,0.0696,1.0,17.529,0.207
1.28,-0.1247,0.0697,1.0021,-0.1251,0.0697,0.9999,17.621,0.211
1.285,-0.1238,0.0696,1.0021,-0.1241,0.0696,1.0001,17.712,0.215
1.29,-0.1229,0.0696,1.0022,-0.1232,0.0694,1.0002,17.803,0.218
1.295,-0.122,0.0695,1.0022,-0.1223,0.0695,0.9999,17.893,0.22
1.3,-0.1211,0.0695,1.0022,-0.1213,0.0693,1.0001,17.983,0.222
1.305,-0.1202,0.0694,1.0022,-0.1205,0.0694,0.9999,18.073,0.224
1.31,-0.1193,0.0693,1.0022,-0.1194,0.0692,0.9998,18.162,0.225
1.315,-0.1184,0.0693,1.0023,-0.1187,0.0692,0.9998,18.251,0.226
1.32,-0.1175,0.0692,1.0023,-0.1178,0.0692,0.9999,18.339,0.226
1.325,-0.1166,0.0692,1.0023,-0.1169,0.0694,0.9997,18.427,0.226
1.33,-0.1157,0.0691,1.0023,-0.1162,0.0691,0.9999,18.514,0.225
1.335,-0.1149,0.069,1.0022,-0.1151,0.069,0.9999,18.601,0.224
1.34,-0.114,0.069,1.0022,-0.1143,0.069,0.9998,18.687,0.223
1.345,-0.1131,0.0689,1.0022,-0.1133,0.069,0.9998,18.773,0.221
1.35,-0.1123,0.0688,1.0022,-0.1125,0.0689,0.9998,18.859,0.219
1.355,-0.1114,0.0688,1.0022,-0.1118,0.0687,0.9997,18.944,0.217
1.36,-0.1106,0.0687,1.0021,-0.1109,0.0689,0.9997,19.029,0.214
1.365,-0.1097,0.0686,1.0021,-0.11,0.0687,0.9996,19.113,0.211
1.37,-0.1089,0.0686,1.0021,-0.1092,0.0688,0.9995,19.196,0.208
1.375,-0.1081,0.0685,1.002,-0.1086,0.0687,0.9994,19.279,0.205
1.38,-0.1072,0.0684,1.002,-0.1074,0.0684,0.9997,19.362,0.201
1.385,-0.1064,0.0684,1.002,-0.1066,0.0685,0.9997,19.444,0.198
1.39,-0.1056,0.0683,1.0019,-0.1058,0.0683,0.9998,19.525,0.194
1.395,-0.1048,0.0682,1.0019,-0.1052,0.0681,0.9998,19.606,0.19
1.4,-0.104,0.0682,1.0019,-0.1041,0.0681,0.9995,19.687,0.186
1.405,-0.1032,0.0681,1.0018,-0.1034,0.068,0.9994,19.767,0.182
1.41,-0.1024,0.068,1.0018,-0.1027,0.068,0.9995,19.846,0.177
1.415,-0.1016,0.068,1.0017,-0.1021,0.068,0.9997,19.925,0.173
1.42,-0.1008,0.0679,1.0017,-0.1013,0.0679,0.9998,20.003,0.169
1.425,-0.1,0.0678,1.0016,-0.1003,0.0677,0.9998,20.081,0.165
1.43,-0.0993,0.0678,1.0016,-0.0997,0.0677,0.9999,20.158,0.16
1.435,-0.0985,0.0677,1.0016,-0.0987,0.0678,0.9999,20.235,0.156
1.44,-0.0977,0.0676,1.0015,-0.0981,0.0677,0.9997,20.311,0.152
1.445,-0.097,0.0675,1.0015,-0.0973,0.0675,0.9995,20.386,0.148
1.45,-0.0962,0.0675,1.0014,-0.0964,0.0675,0.9996,20.461,0.143
1.455,-0.0955,0.0674,1.0014,-0.0957,0.0674,0.9997,20.535,0.139
1.46,-0.0948,0.0673,1.0014,-0.095,0.0671,0.9997,20.609,0.135
1.465,-0.094,0.0672,1.0013,-0.0943,0.0674,0.9999,20.682,0.131
1.47,-0.0933,0.0672,1.0013,-0.0932,0.0672,0.9995,20.754,0.127
1.475,-0.0926,0.0671,1.0012,-0.0927,0.0672,0.9995,20.826,0.123
1.48,-0.0919,0.067,1.0012,-0.092,0.0671,0.9997,20.897,0.119
1.485,-0.0912,0.0669,1.0012,-0.0914,0.067,0.9996,20.968,0.116
1.49,-0.0905,0.0669,1.0011,-0.0906,0.0671,0.9994,21.038,0.112
1.495,-0.0898,0.0668,1.0011,-0.09,0.0668,0.9993,21.107,0.109
1.5,-0.0891,0.0667,1.0011,-0.0894,0.067,0.9995,21.176,0.105
1.505,-0.0884,0.0666,1.001,-0.0886,0.0667,0.9996,21.244,0.102
1.51,-0.0877,0.0665,1.001,-0.0882,0.0666,0.9997,21.311,0.099
1.515,-0.0871,0.0665,1.001,-0.0873,0.0664,0.9996,21.378,0.096
1.52,-0.0864,0.0664,1.0009,-0.0865,0.0663,0.9996,21.444,0.093
1.525,-0.0857,0.0663,1.0009,-0.0859,0.0666,0.9997,21.51,0.09
1.53,-0.0851,0.0662,1.0009,-0.0852,0.0662,0.9995,21.575,0.087
1.535,-0.0844,0.0661,1.0008,-0.0846,0.066,0.9994,21.639,0.084
1.54,-0.0838,0.0661,1.0008,-0.084,0.0661,0.9993,21.703,0.081
1.545,-0.0832,0.066,1.0008,-0.0834,0.0662,0.9995,21.766,0.079
1.55,-0.0826,0.0659,1.0008,-0.0828,0.0659,0.9994,21.828,0.076
1.555,-0.0819,0.0658,1.0007,-0.0821,0.0657,0.9996,21.89,0.074
1.56,-0.0813,0.0657,1.0007,-0.0817,0.0658,0.9996,21.951,0.072
1.565,-0.0807,0.0657,1.0007,-0.0811,0.0657,0.9996,22.011,0.069
1.57,-0.0801,0.0656,1.0007,-0.0803,0.0656,0.9994,22.07,0.067
1.575,-0.0795,0.0655,1.0007,-0.0798,0.0655,0.9994,22.129,0.065
1.58,-0.079,0.0654,1.0006,-0.0792,0.0655,0.9994,22.188,0.064
1.585,-0.0784,0.0653,1.0006,-0.0786,0.0652,0.9992,22.245,0.062
1.59,-0.0778,0.0653,1.0006,-0.0782,0.0652,0.9991,22.302,0.06
1.595,-0.0772,0.0652,1.0006,-0.0773,0.0652,0.9991,22.358,0.058
1.6,-0.0767,0.0651,1.0006,-0.0768,0.065,0.9987,22.413,0.057
1.605,-0.0761,0.065,1.0006,-0.0764,0.0652,0.9986,22.468,0.055
1.61,-0.0756,0.0649,1.0005,-0.0759,0.065,0.9986,22.522,0.054
1.615,-0.0751,0.0648,1.0005,-0.0754,0.0647,0.9985,22.576,0.053
1.62,-0.0745,0.0648,1.0005,-0.0747,0.0649,0.9988,22.628,0.052
1.625,-0.074,0.0647,1.0005,-0.0741,0.0647,0.9987,22.68,0.051
1.63,-0.0735,0.0646,1.0005,-0.0737,0.0646,0.9989,22.731,0.05
1.635,-0.073,0.0645,1.0005,-0.0731,0.0646,0.9989,22.782,0.049
1.64,-0.0725,0.0644,1.0005,-0.0726,0.0645,0.9989,22.831,0.048
1.645,-0.072,0.0643,1.0005,-0.0723,0.0645,0.9989,22.88,0.047
1.65,-0.0715,0.0642,1.0005,-0.0717,0.0642,0.9985,22.929,0.047
1.655,-0.0711,0.0642,1.0005,-0.0712,0.0645,0.9983,22.976,0.046
1.66,-0.0706,0.0641,1.0005,-0.0708,0.064,0.9982,23.023,0.046
1.665,-0.0701,0.064,1.0005,-0.0705,0.0641,0.9982,23.069,0.045
1.67,-0.0697,0.0639,1.0005,-0.0701,0.0638,0.9982,23.115,0.045
1.675,-0.0692,0.0638,1.0004,-0.0697,0.0638,0.9984,23.159,0.045
1.68,-0.0688,0.0637,1.0004,-0.069,0.0637,0.9982,23.203,0.045
1.685,-0.0684,0.0636,1.0004,-0.0685,0.0636,0.9984,23.246,0.045
1.69,-0.0679,0.0635,1.0004,-0.0681,0.0636,0.9985,23.289,0.045
1.695,-0.0675,0.0635,1.0004,-0.0677,0.0635,0.9987,23.33,0.045
1.7,-0.0671,0.0634,1.0004,-0.0672,0.0635,0.9987,23.371,0.045
1.705,-0.0667,0.0633,1.0004,-0.0668,0.0634,0.9986,23.411,0.045
1.71,-0.0663,0.0632,1.0005,-0.0665,0.0634,0.9986,23.451,0.045
1.715,-0.0659,0.0631,1.0005,-0.0662,0.0631,0.9988,23.489,0.045
1.72,-0.0656,0.063,1.0005,-0.0657,0.0632,0.9988,23.527,0.045
1.725,-0.0652,0.0629,1.0004,-0.0654,0.0628,0.999,23.564,0.045
1.73,-0.0648,0.0628,1.0004,-0.065,0.063,0.9989,23.6,0.045
1.735,-0.0645,0.0628,1.0004,-0.0647,0.0629,0.999,23.636,0.044
1.74,-0.0641,0.0627,1.0004,-0.0643,0.0627,0.9987,23.671,0.044
1.745,-0.0638,0.0626,1.0004,-0.0638,0.0625,0.9987,23.705,0.043
1.75,-0.0635,0.0625,1.0004,-0.0638,0.0627,0.9984,23.738,0.042
1.755,-0.0631,0.0624,1.0004,-0.0633,0.0625,0.9983,23.771,0.041
1.76,-0.0628,0.0623,1.0004,-0.063,0.0625,0.9983,23.802,0.04
1.765,-0.0625,0.0622,1.0004,-0.0626,0.0624,0.9984,23.833,0.039
1.77,-0.0622,0.0621,1.0004,-0.0624,0.0622,0.9983,23.863,0.037
1.775,-0.0619,0.062,1.0004,-0.0621,0.0624,0.9983,23.893,0.035
1.78,-0.0616,0.062,1.0003,-0.0616,0.0623,0.9982,23.921,0.034
1.785,-0.0614,0.0619,1.0003,-0.0615,0.062,0.9983,23.949,0.032
1.79,-0.0611,0.0618,1.0003,-0.0612,0.0619,0.9983,23.976,0.029
1.795,-0.0608,0.0617,1.0003,-0.0611,0.0619,0.998,24.003,0.027
1.8,-0.0606,0.0616,1.0002,-0.0606,0.0617,0.9982,24.028,0.025
1.805,-0.0603,0.0615,1.0002,-0.0603,0.0615,0.9985,24.053,0.022
1.81,-0.0601,0.0614,1.0002,-0.0604,0.0614,0.9986,24.077,0.019
1.815,-0.0599,0.0614,1.0002,-0.0599,0.0614,0.9984,24.1,0.017
1.82,-0.0596,0.0613,1.0001,-0.06,0.0613,0.9987,24.122,0.014
1.825,-0.0594,0.0612,1.0001,-0.0596,0.0614,0.9987,24.144,0.011
1.83,-0.0592,0.0611,1.0001,-0.0593,0.061,0.9984,24.164,0.008
1.835,-0.059,0.061,1.0,-0.0594,0.061,0.9984,24.184,0.004
1.84,-0.0588,0.0609,1.0,-0.059,0.0611,0.9982,24.203,0.001
1.845,-0.0587,0.0608,1.0,-0.0589,0.0608,0.9982,24.221,0.002
1.85,-0.0585,0.0608,0.9999,-0.0585,0.0608,0.9984,24.239,0.006
1.855,-0.0583,0.0607,0.9999,-0.0586,0.0607,0.9985,24.256,0.01
1.86,-0.0582,0.0606,0.9999,-0.0582,0.0607,0.9985,24.271,0.014
1.865,-0.058,0.0605,0.9998,-0.0581,0.0606,0.9984,24.287,0.017
1.87,-0.0579,0.0604,0.9998,-0.0579,0.0607,0.9984,24.301,0.021
1.875,-0.0577,0.0604,0.9997,-0.0578,0.0604,0.9988,24.314,0.025
1.88,-0.0576,0.0603,0.9997,-0.0577,0.0604,0.9988,24.327,0.029
1.885,-0.0575,0.0602,0.9997,-0.0576,0.0603,0.9989,24.339,0.034
1.89,-0.0574,0.0601,0.9996,-0.0574,0.0601,0.9991,24.35,0.038
1.895,-0.0573,0.06,0.9996,-0.0574,0.06,0.9989,24.36,0.042
1.9,-0.0572,0.06,0.9995,-0.0573,0.06,0.9987,24.369,0.046
1.905,-0.0571,0.0599,0.9995,-0.0573,0.0599,0.9985,24.378,0.051
1.91,-0.057,0.0598,0.9994,-0.0571,0.0598,0.9983,24.385,0.056
1.915,-0.057,0.0597,0.9994,-0.057,0.0598,0.998,24.392,0.06
1.92,-0.0569,0.0597,0.9994,-0.0569,0.0596,0.9981,24.398,0.065
1.925,-0.0569,0.0596,0.9993,-0.057,0.0597,0.9981,24.404,0.069
1.93,-0.0568,0.0595,0.9993,-0.0569,0.0595,0.9979,24.408,0.074
1.935,-0.0568,0.0594,0.9992,-0.057,0.0595,0.9979,24.412,0.079
1.94,-0.0568,0.0594,0.9992,-0.0569,0.0594,0.998,24.414,0.083
1.945,-0.0567,0.0593,0.9991,-0.0565,0.0593,0.998,24.416,0.088
1.95,-0.0567,0.0592,0.9991,-0.0568,0.0593,0.9977,24.417,0.092
1.955,-0.0567,0.0591,0.999,-0.0567,0.0591,0.9977,24.418,0.096
1.96,-0.0567,0.0591,0.999,-0.0566,0.0593,0.9974,24.417,0.1
1.965,-0.0567,0.059,0.999,-0.0567,0.059,0.9975,24.416,0.104
1.97,-0.0568,0.0589,0.9989,-0.0567,0.0591,0.9978,24.414,0.108
1.975,-0.0568,0.0589,0.9989,-0.0568,0.059,0.9977,24.41,0.112
1.98,-0.0568,0.0588,0.9988,-0.0567,0.0589,0.9976,24.407,0.115
1.985,-0.0569,0.0587,0.9988,-0.0567,0.0587,0.9977,24.402,0.118
1.99,-0.057,0.0587,0.9988,-0.0569,0.0588,0.9979,24.396,0.121
1.995,-0.057,0.0586,0.9988,-0.0571,0.0586,0.9976,24.39,0.124
2.0,-0.0571,0.0585,0.9987,-0.0571,0.0587,0.9975,24.383,0.127
2.005,-0.0572,0.0585,0.9987,-0.0572,0.0586,0.9977,24.375,0.129
2.01,-0.0573,0.0584,0.9987,-0.0573,0.0583,0.9978,24.366,0.131
2.015,-0.0574,0.0583,0.9987,-0.0575,0.0582,0.9982,24.356,0.134
2.02,-0.0575,0.0583,0.9986,-0.0573,0.0581,0.9979,24.346,0.135
2.025,-0.0576,0.0582,0.9986,-0.0577,0.0579,0.998,24.334,0.137
2.03,-0.0577,0.0581,0.9986,-0.0577,0.058,0.9979,24.322,0.139
2.035,-0.0578,0.0581,0.9986,-0.0579,0.0579,0.9978,24.309,0.14
2.04,-0.058,0.058,0.9986,-0.0579,0.058,0.9976,24.296,0.141
2.045,-0.0581,0.058,0.9986,-0.0581,0.0578,0.9977,24.281,0.142
2.05,-0.0583,0.0579,0.9986,-0.0582,0.0578,0.9977,24.266,0.143
2.055,-0.0584,0.0578,0.9986,-0.0584,0.0578,0.9977,24.249,0.144
2.06,-0.0586,0.0578,0.9986,-0.0587,0.0578,0.9977,24.232,0.145
2.065,-0.0588,0.0577,0.9985,-0.0587,0.0576,0.9979,24.214,0.145
2.07,-0.059,0.0577,0.9985,-0.0589,0.0575,0.9976,24.196,0.145
2.075,-0.0592,0.0576,0.9985,-0.0591,0.0576,0.9975,24.176,0.145
2.08,-0.0594,0.0576,0.9985,-0.0594,0.0575,0.9974,24.156,0.145
2.085,-0.0596,0.0575,0.9985,-0.0596,0.0575,0.9972,24.135,0.145
2.09,-0.0598,0.0575,0.9985,-0.0598,0.0576,0.9975,24.113,0.145
2.095,-0.0601,0.0574,0.9986,-0.0601,0.0575,0.9974,24.09,0.145
2.1,-0.0603,0.0573,0.9986,-0.0604,0.0574,0.9974,24.067,0.144
2.105,-0.0605,0.0573,0.9986,-0.0604,0.0576,0.9973,24.042,0.143
2.11,-0.0608,0.0572,0.9986,-0.0607,0.0575,0.9971,24.017,0.143
2.115,-0.061,0.0572,0.9986,-0.0611,0.0573,0.9971,23.992,0.142
2.12,-0.0613,0.0571,0.9986,-0.0612,0.0572,0.9971,23.965,0.141
2.125,-0.0616,0.0571,0.9986,-0.0618,0.057,0.9973,23.937,0.14
2.13,-0.0619,0.057,0.9986,-0.062,0.0569,0.9975,23.909,0.138
2.135,-0.0622,0.057,0.9986,-0.0622,0.0569,0.9975,23.88,0.137
2.14,-0.0625,0.0569,0.9986,-0.0626,0.0568,0.9974,23.85,0.135
2.145,-0.0628,0.0569,0.9987,-0.0628,0.0567,0.9977,23.819,0.133
2.15,-0.0631,0.0568,0.9987,-0.0632,0.0568,0.9974,23.788,0.131
2.155,-0.0634,0.0568,0.9987,-0.0635,0.0567,0.9974,23.756,0.129
2.16,-0.0638,0.0567,0.9987,-0.0638,0.0566,0.9973,23.723,0.127
2.165,-0.0641,0.0567,0.9987,-0.0641,0.0565,0.9973,23.689,0.125
2.17,-0.0644,0.0566,0.9988,-0.0644,0.0566,0.9972,23.654,0.123
2.175,-0.0648,0.0566,0.9988,-0.0647,0.0566,0.9971,23.619,0.12
2.18,-0.0652,0.0565,0.9988,-0.0652,0.0565,0.997,23.582,0.118
2.185,-0.0655,0.0565,0.9988,-0.0653,0.0565,0.997,23.545,0.115
2.19,-0.0659,0.0565,0.9989,-0.0658,0.0564,0.9971,23.508,0.113
2.195,-0.0663,0.0564,0.9989,-0.0662,0.0564,0.997,23.469,0.11
2.2,-0.0667,0.0564,0.9989,-0.0666,0.0564,0.9971,23.43,0.107
2.205,-0.0671,0.0563,0.999,-0.067,0.0565,0.9968,23.39,0.105
2.21,-0.0675,0.0563,0.999,-0.0675,0.0563,0.9968,23.349,0.102
2.215,-0.0679,0.0562,0.999,-0.0678,0.0564,0.9969,23.307,0.099
2.22,-0.0684,0.0562,0.999,-0.0683,0.0565,0.9969,23.264,0.096
2.225,-0.0688,0.0562,0.9991,-0.0686,0.0563,0.9968,23.221,0.093
2.23,-0.0692,0.0561,0.9991,-0.0692,0.0561,0.9969,23.177,0.089
2.235,-0.0697,0.0561,0.9991,-0.0697,0.0561,0.9969,23.132,0.086
2.24,-0.0701,0.056,0.9992,-0.0702,0.0561,0.9972,23.087,0.083
2.245,-0.0706,0.056,0.9992,-0.0706,0.0559,0.9975,23.041,0.079
2.25,-0.0711,0.056,0.9992,-0.0709,0.0562,0.9975,22.993,0.075
2.255,-0.0716,0.0559,0.9993,-0.0716,0.0562,0.9978,22.946,0.072
2.26,-0.072,0.0559,0.9993,-0.072,0.0561,0.9981,22.897,0.068
2.265,-0.0725,0.0558,0.9994,-0.0725,0.0559,0.9984,22.848,0.064
2.27,-0.073,0.0558,0.9994,-0.073,0.0559,0.9986,22.798,0.061
2.275,-0.0736,0.0558,0.9994,-0.0736,0.0558,0.9987,22.747,0.057
2.28,-0.0741,0.0557,0.9995,-0.074,0.0557,0.9989,22.696,0.053
2.285,-0.0746,0.0557,0.9995,-0.0746,0.0558,0.9991,22.643,0.05
2.29,-0.0751,0.0557,0.9995,-0.075,0.0556,0.9991,22.59,0.047
2.295,-0.0757,0.0556,0.9996,-0.0755,0.0555,0.9989,22.537,0.043
2.3,-0.0762,0.0556,0.9996,-0.0764,0.0556,0.9989,22.482,0.04
2.305,-0.0768,0.0556,0.9996,-0.0765,0.0555,0.999,22.427,0.038
2.31,-0.0773,0.0555,0.9997,-0.0773,0.0555,0.9991,22.371,0.035
2.315,-0.0779,0.0555,0.9997,-0.0778,0.0556,0.9992,22.315,0.032
2.32,-0.0785,0.0555,0.9997,-0.0785,0.0554,0.9993,22.258,0.03
2.325,-0.079,0.0554,0.9997,-0.0789,0.0554,0.9991,22.2,0.028
2.33,-0.0796,0.0554,0.9997,-0.0795,0.0556,0.9992,22.141,0.027
2.335,-0.0802,0.0554,0.9997,-0.0799,0.0555,0.9991,22.082,0.025
2.34,-0.0808,0.0554,0.9998,-0.0807,0.0553,0.9993,22.022,0.024
2.345,-0.0814,0.0553,0.9998,-0.0812,0.0552,0.9994,21.961,0.023
2.35,-0.082,0.0553,0.9998,-0.0819,0.0554,0.9992,21.9,0.022
2.355,-0.0827,0.0553,0.9998,-0.0826,0.0552,0.9993,21.838,0.022
2.36,-0.0833,0.0552,0.9998,-0.0832,0.055,0.9992,21.775,0.022
2.365,-0.0839,0.0552,0.9998,-0.0837,0.0553,0.9992,21.712,0.022
2.37,-0.0846,0.0552,0.9998,-0.0844,0.0554,0.9993,21.648,0.022
2.375,-0.0852,0.0552,0.9998,-0.0849,0.0554,0.9991,21.583,0.023
2.38,-0.0859,0.0551,0.9998,-0.0858,0.0553,0.999,21.518,0.024
2.385,-0.0865,0.0551,0.9997,-0.0864,0.0553,0.9989,21.452,0.025
2.39,-0.0872,0.0551,0.9997,-0.0872,0.0552,0.9991,21.385,0.027
2.395,-0.0879,0.0551,0.9997,-0.0876,0.055,0.9989,21.318,0.028
2.4,-0.0886,0.0551,0.9997,-0.0884,0.0553,0.9988,21.25,0.03
2.405,-0.0893,0.055,0.9997,-0.0892,0.0552,0.9989,21.181,0.033
2.41,-0.09,0.055,0.9997,-0.0899,0.055,0.9991,21.112,0.035
2.415,-0.0907,0.055,0.9996,-0.0906,0.055,0.9991,21.042,0.037
2.42,-0.0914,0.055,0.9996,-0.0914,0.055,0.9993,20.971,0.04
2.425,-0.0921,0.055,0.9996,-0.092,0.055,0.9993,20.9,0.043
2.43,-0.0928,0.0549,0.9995,-0.0927,0.0548,0.9995,20.828,0.046
2.435,-0.0935,0.0549,0.9995,-0.0933,0.055,0.9995,20.756,0.049
2.44,-0.0943,0.0549,0.9995,-0.0941,0.055,0.9994,20.683,0.052
2.445,-0.095,0.0549,0.9994,-0.0949,0.0547,0.9993,20.609,0.056
2.45,-0.0957,0.0549,0.9994,-0.0957,0.0548,0.9996,20.535,0.059
2.455,-0.0965,0.0549,0.9994,-0.0964,0.0548,0.9996,20.46,0.063
2.46,-0.0972,0.0549,0.9993,-0.0971,0.0549,0.9997,20.384,0.067
2.465,-0.098,0.0548,0.9993,-0.0978,0.0549,0.9995,20.308,0.071
2.47,-0.0988,0.0548,0.9992,-0.0986,0.0548,0.9994,20.231,0.075
2.475,-0.0996,0.0548,0.9992,-0.0994,0.0548,0.9994,20.154,0.08
2.48,-0.1003,0.0548,0.9992,-0.1001,0.0547,0.9992,20.076,0.084
2.485,-0.1011,0.0548,0.9991,-0.101,0.0547,0.9992,19.997,0.089
2.49,-0.1019,0.0548,0.9991,-0.1019,0.0548,0.9991,19.918,0.094
2.495,-0.1027,0.0548,0.999,-0.1025,0.055,0.9988,19.838,0.099
2.5,-0.1035,0.0548,0.999,-0.1032,0.0549,0.9986,19.758,0.104
2.505,-0.1043,0.0548,0.9989,-0.1039,0.055,0.9986,19.677,0.109
2.51,-0.1051,0.0548,0.9989,-0.1049,0.0548,0.9985,19.596,0.114
2.515,-0.106,0.0548,0.9988,-0.1058,0.0548,0.9989,19.513,0.119
2.52,-0.1068,0.0548,0.9988,-0.1066,0.0551,0.999,19.431,0.124
2.525,-0.1076,0.0548,0.9987,-0.1076,0.0548,0.9989,19.347,0.129
2.53,-0.1085,0.0548,0.9987,-0.1084,0.0547,0.9987,19.264,0.134
2.535,-0.1093,0.0548,0.9986,-0.1094,0.0547,0.9988,19.179,0.139
2.54,-0.1102,0.0548,0.9986,-0.1101,0.0548,0.9988,19.094,0.143
2.545,-0.111,0.0548,0.9985,-0.1111,0.0548,0.9987,19.009,0.148
2.55,-0.1119,0.0548,0.9985,-0.1117,0.0547,0.9985,18.923,0.152
2.555,-0.1128,0.0548,0.9984,-0.1127,0.0548,0.9985,18.836,0.157
2.56,-0.1136,0.0548,0.9984,-0.1133,0.0548,0.9985,18.749,0.161
2.565,-0.1145,0.0548,0.9984,-0.1143,0.0546,0.9983,18.661,0.165
2.57,-0.1154,0.0548,0.9983,-0.1151,0.0548,0.9985,18.573,0.168
2.575,-0.1163,0.0548,0.9983,-0.1159,0.0547,0.9983,18.484,0.172
2.58,-0.1172,0.0548,0.9982,-0.1167,0.0548,0.9982,18.394,0.175
2.585,-0.1181,0.0548,0.9982,-0.1176,0.0546,0.998,18.305,0.178
2.59,-0.119,0.0548,0.9982,-0.1187,0.0547,0.998,18.214,0.181
2.595,-0.1199,0.0548,0.9982,-0.1196,0.0546,0.9979,18.123,0.183
2.6,-0.1208,0.0548,0.9981,-0.1202,0.0548,0.9977,18.032,0.185
2.605,-0.1217,0.0548,0.9981,-0.1214,0.0548,0.9978,17.94,0.187
2.61,-0.1227,0.0548,0.9981,-0.1226,0.0549,0.9979,17.847,0.189
2.615,-0.1236,0.0549,0.9981,-0.1233,0.0548,0.998,17.754,0.19
2.62,-0.1245,0.0549,0.9981,-0.1244,0.0548,0.998,17.661,0.191
2.625,-0.1255,0.0549,0.9981,-0.1252,0.055,0.9982,17.567,0.191
2.63,-0.1264,0.0549,0.9981,-0.1263,0.0549,0.9982,17.472,0.191
2.635,-0.1274,0.0549,0.9981,-0.1273,0.0548,0.9978,17.378,0.191
2.64,-0.1283,0.0549,0.9981,-0.1283,0.055,0.9978,17.282,0.191
2.645,-0.1293,0.055,0.9981,-0.1291,0.055,0.9978,17.186,0.191
2.65,-0.1302,0.055,0.9981,-0.13,0.0547,0.9977,17.09,0.19
2.655,-0.1312,0.055,0.9981,-0.131,0.055,0.9978,16.993,0.189
2.66,-0.1322,0.055,0.9981,-0.1321,0.055,0.9979,16.896,0.188
2.665,-0.1331,0.0551,0.9981,-0.1329,0.055,0.9977,16.799,0.187
2.67,-0.1341,0.0551,0.9981,-0.1339,0.055,0.9977,16.7,0.186
2.675,-0.1351,0.0551,0.9982,-0.135,0.055,0.9977,16.602,0.184
2.68,-0.1361,0.0551,0.9982,-0.1358,0.0551,0.9976,16.503,0.182
2.685,-0.1371,0.0552,0.9982,-0.1369,0.0551,0.9975,16.404,0.181
2.69,-0.1381,0.0552,0.9982,-0.138,0.0553,0.9975,16.304,0.179
2.695,-0.1391,0.0552,0.9982,-0.1388,0.0552,0.9977,16.204,0.176
2.7,-0.1401,0.0552,0.9983,-0.1399,0.0553,0.9977,16.103,0.174
2.705,-0.1411,0.0553,0.9983,-0.141,0.0554,0.9975,16.002,0.172
2.71,-0.1421,0.0553,0.9983,-0.1419,0.0552,0.9973,15.9,0.169
2.715,-0.1431,0.0553,0.9983,-0.1429,0.0554,0.9972,15.799,0.167
2.72,-0.1442,0.0554,0.9984,-0.1441,0.0552,0.9973,15.696,0.164
2.725,-0.1452,0.0554,0.9984,-0.1451,0.0553,0.9975,15.594,0.162
2.73,-0.1462,0.0554,0.9984,-0.146,0.0553,0.9977,15.491,0.159
2.735,-0.1473,0.0555,0.9984,-0.1471,0.0553,0.9978,15.388,0.156
2.74,-0.1483,0.0555,0.9985,-0.148,0.0552,0.9977,15.284,0.153
2.745,-0.1493,0.0555,0.9985,-0.1492,0.0554,0.9975,15.18,0.15
2.75,-0.1504,0.0556,0.9985,-0.1502,0.0556,0.9973,15.075,0.147
2.755,-0.1514,0.0556,0.9986,-0.1511,0.0557,0.9973,14.97,0.144
2.76,-0.1525,0.0557,0.9986,-0.1522,0.0556,0.9971,14.865,0.141
2.765,-0.1535,0.0557,0.9986,-0.1533,0.0557,0.997,14.76,0.138
2.77,-0.1546,0.0557,0.9987,-0.1546,0.0558,0.9969,14.654,0.135
2.775,-0.1557,0.0558,0.9987,-0.1554,0.0559,0.9967,14.548,0.131
2.78,-0.1567,0.0558,0.9987,-0.1564,0.0559,0.9967,14.441,0.128
2.785,-0.1578,0.0559,0.9988,-0.1574,0.0561,0.9965,14.334,0.125
2.79,-0.1589,0.0559,0.9988,-0.1587,0.0559,0.9968,14.227,0.121
2.795,-0.1599,0.0559,0.9988,-0.1597,0.056,0.9968,14.12,0.117
2.8,-0.161,0.056,0.9989,-0.1607,0.056,0.9969,14.012,0.114
2.805,-0.1621,0.056,0.9989,-0.1619,0.0562,0.9972,13.904,0.11
2.81,-0.1632,0.0561,0.9989,-0.1629,0.0561,0.9974,13.795,0.106
2.815,-0.1643,0.0561,0.999,-0.1641,0.056,0.9977,13.686,0.102
2.82,-0.1654,0.0562,0.999,-0.1651,0.0562,0.9975,13.577,0.097
2.825,-0.1664,0.0562,0.9991,-0.1662,0.0562,0.9974,13.468,0.093
2.83,-0.1675,0.0563,0.9991,-0.1674,0.0562,0.9973,13.358,0.089
2.835,-0.1686,0.0563,0.9992,-0.1684,0.0563,0.9974,13.248,0.085
2.84,-0.1697,0.0564,0.9992,-0.1694,0.0564,0.9974,13.138,0.08
2.845,-0.1708,0.0564,0.9992,-0.1706,0.0564,0.9976,13.028,0.076
2.85,-0.1719,0.0565,0.9993,-0.1716,0.0565,0.9977,12.917,0.071
2.855,-0.1731,0.0566,0.9993,-0.1726,0.0565,0.9977,12.806,0.067
2.86,-0.1742,0.0566,0.9994,-0.1737,0.0567,0.9978,12.695,0.062
2.865,-0.1753,0.0567,0.9994,-0.1749,0.0568,0.9978,12.583,0.057
2.87,-0.1764,0.0567,0.9995,-0.176,0.0568,0.9978,12.472,0.053
2.875,-0.1775,0.0568,0.9995,-0.1772,0.0569,0.9975,12.36,0.048
2.88,-0.1786,0.0568,0.9996,-0.1782,0.0568,0.9977,12.248,0.044
2.885,-0.1798,0.0569,0.9996,-0.1793,0.0568,0.9978,12.136,0.04
2.89,-0.1809,0.057,0.9996,-0.1807,0.0567,0.998,12.023,0.035
2.895,-0.182,0.057,0.9997,-0.1818,0.0571,0.9982,11.91,0.031
2.9,-0.1831,0.0571,0.9997,-0.1829,0.0572,0.9981,11.798,0.027
2.905,-0.1843,0.0572,0.9998,-0.1842,0.057,0.9981,11.685,0.023
2.91,-0.1854,0.0572,0.9998,-0.1853,0.0572,0.9984,11.571,0.019
2.915,-0.1865,0.0573,0.9998,-0.1864,0.0572,0.9986,11.458,0.016
2.92,-0.1876,0.0574,0.9999,-0.1875,0.0573,0.9988,11.345,0.012
2.925,-0.1888,0.0574,0.9999,-0.1886,0.0574,0.9988,11.231,0.009
2.93,-0.1899,0.0575,0.9999,-0.1899,0.0574,0.9988,11.117,0.005
2.935,-0.1911,0.0576,1.0,-0.1908,0.0574,0.9991,11.003,0.002
2.94,-0.1922,0.0576,1.0,-0.1918,0.0575,0.9992,10.889,0.0
2.945,-0.1933,0.0577,1.0,-0.1927,0.0578,0.9992,10.775,0.003
2.95,-0.1945,0.0578,1.0001,-0.1942,0.0577,0.9992,10.661,0.005
2.955,-0.1956,0.0579,1.0001,-0.1952,0.0579,0.9993,10.547,0.007
2.96,-0.1968,0.0579,1.0001,-0.1962,0.0579,0.9995,10.432,0.009
2.965,-0.1979,0.058,1.0001,-0.1975,0.0581,0.9998,10.318,0.01
2.97,-0.199,0.0581,1.0001,-0.1987,0.0581,1.0003,10.203,0.011
2.975,-0.2002,0.0582,1.0001,-0.1999,0.0581,1.0002,10.088,0.012
2.98,-0.2013,0.0582,1.0001,-0.2011,0.0582,1.0,9.974,0.012
2.985,-0.2025,0.0583,1.0001,-0.2021,0.0582,1.0,9.859,0.012
2.99,-0.2036,0.0584,1.0001,-0.2031,0.0584,0.9999,9.744,0.012
2.995,-0.2048,0.0585,1.0001,-0.2046,0.0583,1.0,9.629,0.011
3.0,-0.2059,0.0585,1.0001,-0.2059,0.0585,0.9999,9.514,0.01
3.005,-0.2071,0.0586,1.0001,-0.2069,0.0586,1.0,9.399,0.008
3.01,-0.2082,0.0587,1.0001,-0.2081,0.0586,1.0003,9.285,0.007
3.015,-0.2094,0.0588,1.0,-0.2091,0.0588,1.0002,9.17,0.004
3.02,-0.2105,0.0589,1.0,-0.2102,0.0587,1.0002,9.055,0.002
3.025,-0.2116,0.0589,1.0,-0.2114,0.0589,1.0003,8.94,0.001
3.03,-0.2128,0.059,1.0,-0.2125,0.0589,1.0005,8.825,0.005
3.035,-0.2139,0.0591,0.9999,-0.2136,0.0591,1.0006,8.71,0.008
3.04,-0.2151,0.0592,0.9999,-0.2147,0.0591,1.0006,8.595,0.012
3.045,-0.2162,0.0593,0.9998,-0.216,0.0592,1.0008,8.48,0.016
3.05,-0.2174,0.0594,0.9998,-0.2171,0.0594,1.0007,8.365,0.021
3.055,-0.2185,0.0595,0.9997,-0.2183,0.0596,1.0006,8.25,0.026
3.06,-0.2197,0.0595,0.9997,-0.2194,0.0594,1.0005,8.135,0.031
3.065,-0.2208,0.0596,0.9996,-0.2207,0.0597,1.0009,8.021,0.036
3.07,-0.222,0.0597,0.9996,-0.2218,0.0599,1.0006,7.906,0.042
3.075,-0.2231,0.0598,0.9995,-0.2229,0.06,1.0005,7.791,0.048
3.08,-0.2242,0.0599,0.9995,-0.2241,0.0599,1.0007,7.677,0.054
3.085,-0.2254,0.06,0.9994,-0.2253,0.0601,1.0006,7.562,0.06
3.09,-0.2265,0.0601,0.9993,-0.2262,0.0601,1.0004,7.447,0.066
3.095,-0.2277,0.0602,0.9993,-0.2274,0.0601,1.0004,7.333,0.073
3.1,-0.2288,0.0603,0.9992,-0.2286,0.0601,1.0001,7.218,0.08
3.105,-0.23,0.0603,0.9991,-0.2297,0.0604,1.0,7.104,0.086
3.11,-0.2311,0.0604,0.9991,-0.2309,0.0605,1.0,6.989,0.093
3.115,-0.2322,0.0605,0.999,-0.2319,0.0604,1.0001,6.875,0.099
3.12,-0.2334,0.0606,0.9989,-0.2329,0.0605,1.0,6.761,0.106
3.125,-0.2345,0.0607,0.9989,-0.2341,0.0608,0.9997,6.647,0.113
3.13,-0.2356,0.0608,0.9988,-0.2353,0.0607,0.9995,6.532,0.119
3.135,-0.2368,0.0609,0.9987,-0.2364,0.0608,0.9996,6.418,0.125
3.14,-0.2379,0.061,0.9987,-0.2376,0.0608,0.9996,6.304,0.131
3.145,-0.2391,0.0611,0.9986,-0.2388,0.0611,0.9996,6.19,0.137
3.15,-0.2402,0.0612,0.9986,-0.2399,0.0611,0.9995,6.077,0.143
3.155,-0.2413,0.0613,0.9985,-0.2411,0.0613,0.9996,5.963,0.148
3.16,-0.2425,0.0614,0.9985,-0.242,0.0614,0.9995,5.849,0.153
3.165,-0.2436,0.0615,0.9984,-0.2433,0.0615,0.9993,5.736,0.157
3.17,-0.2447,0.0616,0.9984,-0.2443,0.0617,0.9993,5.623,0.161
3.175,-0.2458,0.0617,0.9983,-0.2455,0.0618,0.9992,5.509,0.165
3.18,-0.247,0.0618,0.9983,-0.2467,0.0619,0.9989,5.396,0.169
3.185,-0.2481,0.0619,0.9983,-0.2477,0.062,0.9989,5.283,0.172
3.19,-0.2492,0.062,0.9983,-0.2489,0.0622,0.9989,5.171,0.174
3.195,-0.2503,0.0621,0.9982,-0.25,0.0623,0.9989,5.058,0.176
3.2,-0.2515,0.0622,0.9982,-0.2512,0.0624,0.9988,4.945,0.178
3.205,-0.2526,0.0623,0.9982,-0.2522,0.0622,0.9986,4.833,0.179
3.21,-0.2537,0.0624,0.9982,-0.2534,0.0626,0.9986,4.721,0.179
3.215,-0.2548,0.0626,0.9982,-0.2545,0.0626,0.9985,4.609,0.179
3.22,-0.2559,0.0627,0.9982,-0.2556,0.0626,0.9984,4.497,0.179
3.225,-0.257,0.0628,0.9982,-0.2567,0.0626,0.998,4.385,0.177
3.23,-0.2582,0.0629,0.9982,-0.2577,0.0628,0.9979,4.274,0.176
3.235,-0.2593,0.063,0.9983,-0.2591,0.0629,0.9978,4.162,0.173
3.24,-0.2604,0.0631,0.9983,-0.26,0.063,0.998,4.051,0.17
3.245,-0.2615,0.0632,0.9983,-0.2612,0.0633,0.9979,3.94,0.167
3.25,-0.2626,0.0633,0.9984,-0.2624,0.0632,0.998,3.83,0.163
3.255,-0.2637,0.0634,0.9984,-0.2634,0.0634,0.9979,3.719,0.158
3.26,-0.2648,0.0635,0.9985,-0.2646,0.0635,0.9974,3.609,0.153
3.265,-0.2659,0.0637,0.9985,-0.2656,0.0637,0.9975,3.499,0.147
3.27,-0.267,0.0638,0.9986,-0.2666,0.0636,0.9976,3.389,0.141
3.275,-0.2681,0.0639,0.9987,-0.2678,0.0639,0.9978,3.279,0.135
3.28,-0.2691,0.064,0.9987,-0.2689,0.0639,0.9975,3.17,0.127
3.285,-0.2702,0.0641,0.9988,-0.2698,0.0639,0.9974,3.061,0.12
3.29,-0.2713,0.0642,0.9989,-0.2709,0.0641,0.9976,2.952,0.111
3.295,-0.2724,0.0644,0.999,-0.272,0.0641,0.9978,2.844,0.103
3.3,-0.2735,0.0645,0.9991,-0.2732,0.0642,0.9979,2.735,0.094
3.305,-0.2746,0.0646,0.9992,-0.2742,0.0645,0.9978,2.628,0.084
3.31,-0.2756,0.0647,0.9993,-0.2754,0.0647,0.9978,2.52,0.074
3.315,-0.2767,0.0648,0.9994,-0.2764,0.0648,0.9977,2.413,0.064
3.32,-0.2778,0.0649,0.9995,-0.2775,0.065,0.9977,2.306,0.054
3.325,-0.2788,0.0651,0.9996,-0.2787,0.0651,0.9976,2.199,0.043
3.33,-0.2799,0.0652,0.9997,-0.2798,0.0653,0.9977,2.093,0.032
3.335,-0.281,0.0653,0.9998,-0.2808,0.0656,0.9977,1.987,0.021
3.34,-0.282,0.0654,0.9999,-0.2816,0.0658,0.9976,1.881,0.009
3.345,-0.2831,0.0655,1.0,-0.2827,0.0657,0.9979,1.776,0.003
3.35,-0.2841,0.0657,1.0001,-0.2838,0.0657,0.9982,1.672,0.015
3.355,-0.2852,0.0658,1.0003,-0.2849,0.0655,0.9984,1.567,0.026
3.36,-0.2862,0.0659,1.0004,-0.2859,0.066,0.9985,1.464,0.039
3.365,-0.2873,0.066,1.0005,-0.2869,0.0658,0.9988,1.361,0.051
3.37,-0.2883,0.0662,1.0006,-0.288,0.066,0.9991,1.258,0.063
3.375,-0.2893,0.0663,1.0007,-0.289,0.0662,0.999,1.157,0.075
3.38,-0.2904,0.0664,1.0009,-0.29,0.0664,0.9988,1.056,0.087
3.385,-0.2914,0.0665,1.001,-0.2913,0.0664,0.9991,0.956,0.099
3.39,-0.2924,0.0667,1.0011,-0.2923,0.0665,0.9993,0.857,0.11
3.395,-0.2934,0.0668,1.0012,-0.2932,0.0667,0.9997,0.76,0.122
3.4,-0.2944,0.0669,1.0013,-0.2943,0.0668,0.9998,0.665,0.133
3.405,-0.2954,0.067,1.0014,-0.2954,0.0669,1.0001,0.572,0.144
3.41,-0.2965,0.0672,1.0015,-0.2963,0.0672,1.0001,0.484,0.155
3.415,-0.2975,0.0673,1.0017,-0.2973,0.0673,1.0004,0.402,0.165
3.42,-0.2985,0.0674,1.0018,-0.2984,0.0674,1.0007,0.332,0.175
3.425,-0.2995,0.0676,1.0018,-0.2993,0.0675,1.001,0.281,0.185
3.43,-0.3004,0.0677,1.0019,-0.3002,0.0676,1.0012,0.261,0.194
3.435,-0.3014,0.0678,1.002,-0.3012,0.0678,1.0012,0.278,0.203
3.44,-0.3024,0.068,1.0021,-0.3023,0.068,1.0012,0.325,0.211
3.445,-0.3034,0.0681,1.0022,-0.3031,0.068,1.0016,0.392,0.219
3.45,-0.3044,0.0682,1.0023,-0.3041,0.0682,1.0018,0.471,0.226
3.455,-0.3053,0.0683,1.0023,-0.3051,0.0682,1.0018,0.555,0.232
3.46,-0.3063,0.0685,1.0024,-0.3061,0.0686,1.0022,0.643,0.238
3.465,-0.3073,0.0686,1.0024,-0.307,0.0685,1.0021,0.732,0.244
3.47,-0.3082,0.0687,1.0025,-0.3079,0.0688,1.0022,0.824,0.248
3.475,-0.3092,0.0689,1.0025,-0.309,0.0688,1.0022,0.915,0.252
3.48,-0.3101,0.069,1.0026,-0.31,0.0692,1.0025,1.008,0.255
3.485,-0.3111,0.0691,1.0026,-0.3108,0.069,1.0028,1.1,0.258
3.49,-0.312,0.0693,1.0026,-0.3118,0.0693,1.0024,1.193,0.26
3.495,-0.3129,0.0694,1.0026,-0.3128,0.0695,1.0023,1.285,0.261
3.5,-0.3139,0.0695,1.0026,-0.3137,0.0695,1.0022,1.377,0.262
3.505,-0.3148,0.0697,1.0026,-0.3147,0.0698,1.0024,1.469,0.262
3.51,-0.3157,0.0698,1.0026,-0.3156,0.0697,1.0021,1.561,0.262
3.515,-0.3166,0.0699,1.0026,-0.3165,0.07,1.002,1.653,0.26
3.52,-0.3175,0.0701,1.0026,-0.3174,0.07,1.0019,1.744,0.259
3.525,-0.3185,0.0702,1.0026,-0.3183,0.0701,1.002,1.835,0.256
3.53,-0.3194,0.0703,1.0025,-0.319,0.0704,1.0019,1.925,0.254
3.535,-0.3203,0.0705,1.0025,-0.3198,0.0705,1.0019,2.015,0.25
3.54,-0.3211,0.0706,1.0025,-0.3207,0.0706,1.0017,2.105,0.247
3.545,-0.322,0.0708,1.0024,-0.3217,0.0707,1.0017,2.194,0.243
3.55,-0.3229,0.0709,1.0024,-0.3226,0.0709,1.0019,2.283,0.238
3.555,-0.3238,0.071,1.0023,-0.3233,0.071,1.0017,2.372,0.233
3.56,-0.3247,0.0712,1.0023,-0.3244,0.071,1.0015,2.46,0.228
3.565,-0.3255,0.0713,1.0022,-0.3251,0.0712,1.001,2.547,0.223
3.57,-0.3264,0.0714,1.0022,-0.326,0.0713,1.0013,2.634,0.218
3.575,-0.3273,0.0716,1.0021,-0.3271,0.0715,1.0012,2.721,0.212
3.58,-0.3281,0.0717,1.0021,-0.328,0.0717,1.0013,2.807,0.206
3.585,-0.329,0.0718,1.002,-0.3288,0.0717,1.0012,2.893,0.201
3.59,-0.3298,0.072,1.0019,-0.3296,0.072,1.0014,2.978,0.195
3.595,-0.3306,0.0721,1.0019,-0.3305,0.0719,1.0013,3.063,0.189
3.6,-0.3315,0.0723,1.0018,-0.3314,0.0722,1.0011,3.147,0.183
3.605,-0.3323,0.0724,1.0018,-0.3324,0.0724,1.0013,3.231,0.177
3.61,-0.3331,0.0725,1.0017,-0.3333,0.0724,1.0014,3.314,0.171
3.615,-0.3339,0.0727,1.0017,-0.3338,0.0726,1.0012,3.397,0.166
3.62,-0.3348,0.0728,1.0016,-0.3347,0.0728,1.0012,3.479,0.16
3.625,-0.3356,0.073,1.0015,-0.3354,0.0728,1.0013,3.561,0.155
3.63,-0.3364,0.0731,1.0015,-0.3362,0.0729,1.0014,3.642,0.149
3.635,-0.3372,0.0732,1.0014,-0.3372,0.073,1.0013,3.723,0.144
3.64,-0.338,0.0734,1.0014,-0.3377,0.0732,1.0012,3.803,0.139
3.645,-0.3387,0.0735,1.0013,-0.3386,0.0733,1.0012,3.883,0.134
3.65,-0.3395,0.0736,1.0013,-0.339,0.0733,1.001,3.962,0.129
3.655,-0.3403,0.0738,1.0012,-0.34,0.0736,1.0007,4.04,0.124
3.66,-0.3411,0.0739,1.0012,-0.3407,0.0738,1.0008,4.119,0.12
3.665,-0.3418,0.0741,1.0012,-0.3416,0.0739,1.0007,4.196,0.115
3.67,-0.3426,0.0742,1.0011,-0.3424,0.0742,1.0007,4.273,0.111
3.675,-0.3433,0.0743,1.0011,-0.3431,0.0741,1.0009,4.35,0.107
3.68,-0.3441,0.0745,1.001,-0.344,0.0744,1.0008,4.426,0.103
3.685,-0.3448,0.0746,1.001,-0.3448,0.0745,1.0009,4.501,0.1
3.69,-0.3456,0.0747,1.001,-0.3457,0.0749,1.0008,4.576,0.097
3.695,-0.3463,0.0749,1.0009,-0.3462,0.0748,1.0007,4.65,0.094
3.7,-0.347,0.075,1.0009,-0.347,0.075,1.001,4.724,0.091
3.705,-0.3477,0.0751,1.0009,-0.3475,0.0752,1.0008,4.797,0.089
3.71,-0.3485,0.0753,1.0009,-0.3483,0.0753,1.0008,4.87,0.087
3.715,-0.3492,0.0754,1.0008,-0.3489,0.0753,1.0006,4.942,0.085
3.72,-0.3499,0.0755,1.0008,-0.3497,0.0754,1.0003,5.014,0.083
3.725,-0.3506,0.0757,1.0008,-0.3505,0.0755,1.0004,5.085,0.082
3.73,-0.3513,0.0758,1.0008,-0.3511,0.0756,1.0005,5.155,0.081
3.735,-0.3519,0.0759,1.0008,-0.3519,0.0758,1.0,5.225,0.08
3.74,-0.3526,0.0761,1.0008,-0.3523,0.0759,1.0001,5.294,0.08
3.745,-0.3533,0.0762,1.0008,-0.3531,0.0761,1.0001,5.363,0.08
3.75,-0.354,0.0763,1.0008,-0.354,0.0762,1.0001,5.431,0.08
3.755,-0.3546,0.0764,1.0008,-0.3545,0.0763,1.0,5.498,0.08
3.76,-0.3553,0.0766,1.0008,-0.3551,0.0765,1.0002,5.565,0.081
3.765,-0.3559,0.0767,1.0008,-0.3558,0.0766,1.0002,5.631,0.082
3.77,-0.3566,0.0768,1.0008,-0.3564,0.0766,1.0002,5.697,0.084
3.775,-0.3572,0.077,1.0009,-0.3571,0.0769,1.0005,5.762,0.086
3.78,-0.3579,0.0771,1.0009,-0.3577,0.0771,1.0005,5.827,0.088
3.785,-0.3585,0.0772,1.0009,-0.3583,0.0772,1.0006,5.891,0.09
3.79,-0.3591,0.0773,1.0009,-0.359,0.0773,1.0003,5.954,0.092
3.795,-0.3597,0.0774,1.0009,-0.3597,0.0774,1.0001,6.017,0.095
3.8,-0.3603,0.0776,1.001,-0.3601,0.0774,1.0001,6.079,0.097
3.805,-0.3609,0.0777,1.001,-0.3608,0.0776,1.0,6.14,0.1
3.81,-0.3615,0.0778,1.001,-0.3613,0.0776,1.0001,6.201,0.103
3.815,-0.3621,0.0779,1.0011,-0.3619,0.0779,1.0001,6.262,0.106
3.82,-0.3627,0.0781,1.0011,-0.3626,0.0781,1.0001,6.321,0.11
3.825,-0.3633,0.0782,1.0011,-0.3633,0.0781,1.0001,6.38,0.113
3.83,-0.3639,0.0783,1.0012,-0.3637,0.0781,1.0,6.439,0.116
3.835,-0.3644,0.0784,1.0012,-0.3645,0.0783,1.0003,6.497,0.12
3.84,-0.365,0.0785,1.0012,-0.3649,0.0785,1.0004,6.554,0.123
3.845,-0.3655,0.0786,1.0013,-0.3654,0.0784,1.0003,6.61,0.127
3.85,-0.3661,0.0787,1.0013,-0.3659,0.0786,1.0003,6.666,0.13
3.855,-0.3666,0.0789,1.0013,-0.3665,0.0787,1.0004,6.722,0.134
3.86,-0.3672,0.079,1.0014,-0.3671,0.0788,1.0007,6.777,0.137
3.865,-0.3677,0.0791,1.0014,-0.3676,0.079,1.0006,6.831,0.14
3.87,-0.3682,0.0792,1.0014,-0.3681,0.079,1.0006,6.884,0.143
3.875,-0.3687,0.0793,1.0015,-0.3687,0.0793,1.0006,6.937,0.146
3.88,-0.3692,0.0794,1.0015,-0.3692,0.0793,1.0008,6.989,0.148
3.885,-0.3697,0.0795,1.0015,-0.3697,0.0796,1.0007,7.041,0.151
3.89,-0.3702,0.0796,1.0015,-0.3699,0.0796,1.0007,7.092,0.153
3.895,-0.3707,0.0797,1.0016,-0.3706,0.0796,1.0009,7.142,0.155
3.9,-0.3712,0.0798,1.0016,-0.371,0.0799,1.0014,7.192,0.157
3.905,-0.3717,0.0799,1.0016,-0.3716,0.08,1.0012,7.241,0.158
3.91,-0.3722,0.08,1.0016,-0.3719,0.0803,1.0012,7.289,0.16
3.915,-0.3726,0.0801,1.0016,-0.3726,0.0802,1.0014,7.337,0.161
3.92,-0.3731,0.0802,1.0016,-0.3731,0.0802,1.0015,7.384,0.161
3.925,-0.3736,0.0803,1.0016,-0.3734,0.0802,1.0016,7.431,0.162
3.93,-0.374,0.0804,1.0016,-0.3739,0.0803,1.0015,7.477,0.162
3.935,-0.3744,0.0805,1.0016,-0.3746,0.0805,1.0019,7.522,0.161
3.94,-0.3749,0.0806,1.0016,-0.375,0.0805,1.002,7.566,0.161
3.945,-0.3753,0.0807,1.0016,-0.3751,0.0807,1.0018,7.61,0.159
3.95,-0.3757,0.0808,1.0016,-0.3758,0.0807,1.0017,7.653,0.158
3.955,-0.3761,0.0809,1.0016,-0.3761,0.0808,1.0014,7.696,0.156
3.96,-0.3766,0.081,1.0015,-0.3764,0.0809,1.0013,7.737,0.154
3.965,-0.377,0.0811,1.0015,-0.3769,0.0809,1.0014,7.779,0.152
3.97,-0.3774,0.0812,1.0015,-0.3773,0.0812,1.0014,7.819,0.149
3.975,-0.3777,0.0812,1.0015,-0.3776,0.0813,1.0012,7.859,0.146
3.98,-0.3781,0.0813,1.0014,-0.378,0.0813,1.0018,7.898,0.143
3.985,-0.3785,0.0814,1.0014,-0.3784,0.0812,1.0017,7.937,0.139
3.99,-0.3789,0.0815,1.0014,-0.3787,0.0814,1.0018,7.974,0.135
3.995,-0.3792,0.0816,1.0013,-0.3791,0.0815,1.0014,8.011,0.131
4.0,-0.3796,0.0817,1.0013,-0.3796,0.0818,1.0015,8.048,0.127
4.005,-0.3799,0.0817,1.0012,-0.3799,0.0819,1.0016,8.084,0.123
4.01,-0.3803,0.0818,1.0012,-0.3803,0.0819,1.0017,8.119,0.118
4.015,-0.3806,0.0819,1.0011,-0.3807,0.0818,1.0016,8.153,0.113
4.02,-0.3809,0.082,1.0011,-0.381,0.0818,1.0016,8.187,0.108
4.025,-0.3813,0.082,1.001,-0.3813,0.0822,1.0014,8.22,0.103
4.03,-0.3816,0.0821,1.001,-0.3817,0.0822,1.0013,8.252,0.098
4.035,-0.3819,0.0822,1.0009,-0.3821,0.0823,1.0014,8.284,0.092
4.04,-0.3822,0.0823,1.0009,-0.3822,0.0821,1.0016,8.315,0.087
4.045,-0.3825,0.0823,1.0008,-0.3825,0.0823,1.0015,8.345,0.081
4.05,-0.3828,0.0824,1.0008,-0.3828,0.082,1.0015,8.375,0.075
4.055,-0.3831,0.0825,1.0007,-0.3833,0.0823,1.0014,8.404,0.069
4.06,-0.3833,0.0825,1.0006,-0.3831,0.0823,1.0012,8.432,0.063
4.065,-0.3836,0.0826,1.0006,-0.3834,0.0827,1.0013,8.46,0.057
4.07,-0.3839,0.0826,1.0005,-0.3839,0.0826,1.0012,8.487,0.051
4.075,-0.3841,0.0827,1.0004,-0.3841,0.0827,1.001,8.513,0.044
4.08,-0.3844,0.0828,1.0004,-0.3843,0.0828,1.001,8.539,0.038
4.085,-0.3846,0.0828,1.0003,-0.3844,0.0829,1.0008,8.564,0.032
4.09,-0.3849,0.0829,1.0003,-0.3847,0.083,1.0006,8.588,0.025
4.095,-0.3851,0.0829,1.0002,-0.3852,0.083,1.0006,8.612,0.019
4.1,-0.3853,0.083,1.0001,-0.3852,0.0829,1.0007,8.635,0.013
4.105,-0.3855,0.083,1.0001,-0.3855,0.083,1.0008,8.657,0.007
4.11,-0.3857,0.0831,1.0,-0.3857,0.0831,1.0005,8.679,0.001
4.115,-0.3859,0.0831,1.0,-0.3859,0.0831,1.0005,8.7,0.005
4.12,-0.3861,0.0832,0.9999,-0.3863,0.0832,1.0006,8.72,0.01
4.125,-0.3863,0.0832,0.9998,-0.3864,0.0832,1.0006,8.74,0.015
4.13,-0.3865,0.0833,0.9998,-0.3865,0.0833,1.0004,8.758,0.021
4.135,-0.3867,0.0833,0.9997,-0.3869,0.0835,1.0005,8.777,0.026
4.14,-0.3869,0.0834,0.9997,-0.3869,0.083,1.0005,8.794,0.03
4.145,-0.387,0.0834,0.9997,-0.387,0.0835,1.0005,8.811,0.035
4.15,-0.3872,0.0834,0.9996,-0.3873,0.0833,1.0007,8.827,0.039
4.155,-0.3873,0.0835,0.9996,-0.3874,0.0834,1.0008,8.843,0.043
4.16,-0.3875,0.0835,0.9995,-0.3874,0.0835,1.0006,8.858,0.046
4.165,-0.3876,0.0836,0.9995,-0.3877,0.0834,1.0006,8.872,0.05
4.17,-0.3877,0.0836,0.9995,-0.3876,0.0835,1.0005,8.886,0.053
4.175,-0.3879,0.0836,0.9994,-0.3879,0.0837,1.0002,8.898,0.055
4.18,-0.388,0.0837,0.9994,-0.3879,0.0839,1.0001,8.911,0.058
4.185,-0.3881,0.0837,0.9994,-0.3883,0.084,1.0001,8.922,0.06
4.19,-0.3882,0.0837,0.9994,-0.3883,0.0839,1.0001,8.933,0.062
4.195,-0.3883,0.0837,0.9994,-0.388,0.084,1.0002,8.944,0.063
4.2,-0.3884,0.0838,0.9994,-0.3885,0.0838,1.0,8.953,0.064
4.205,-0.3885,0.0838,0.9993,-0.3885,0.0838,1.0001,8.962,0.065
4.21,-0.3886,0.0838,0.9993,-0.3888,0.0837,1.0001,8.971,0.066
4.215,-0.3886,0.0838,0.9993,-0.3886,0.0839,1.0,8.978,0.066
4.22,-0.3887,0.0839,0.9993,-0.3888,0.0838,0.9999,8.985,0.066
4.225,-0.3888,0.0839,0.9993,-0.3889,0.0838,0.9997,8.992,0.066
4.23,-0.3888,0.0839,0.9993,-0.3888,0.0836,0.9997,8.998,0.065
4.235,-0.3889,0.0839,0.9994,-0.3891,0.0838,0.9994,9.003,0.064
4.24,-0.3889,0.0839,0.9994,-0.3891,0.0839,0.9995,9.007,0.063
4.245,-0.389,0.0839,0.9994,-0.3891,0.0839,0.9995,9.011,0.061
4.25,-0.389,0.084,0.9994,-0.3891,0.084,0.9994,9.015,0.059
4.255,-0.389,0.084,0.9994,-0.3889,0.0841,0.9995,9.017,0.056
4.26,-0.389,0.084,0.9995,-0.3889,0.0841,0.9996,9.019,0.054
4.265,-0.389,0.084,0.9995,-0.3891,0.0841,0.9996,9.021,0.051
4.27,-0.389,0.084,0.9995,-0.3891,0.0842,0.9997,9.022,0.048
4.275,-0.389,0.084,0.9996,-0.3889,0.0841,0.9999,9.022,0.044
4.28,-0.389,0.084,0.9996,-0.3891,0.0842,0.9997,9.021,0.04
4.285,-0.389,0.084,0.9996,-0.3892,0.084,0.9996,9.02,0.037
4.29,-0.389,0.084,0.9997,-0.389,0.084,0.9996,9.019,0.032
4.295,-0.389,0.084,0.9997,-0.3892,0.0841,0.9997,9.017,0.028
4.3,-0.389,0.084,0.9998,-0.389,0.0843,0.9998,9.014,0.024
4.305,-0.3889,0.084,0.9998,-0.389,0.0841,0.9997,9.01,0.02
4.31,-0.3889,0.084,0.9999,-0.389,0.0841,0.9998,9.006,0.015
4.315,-0.3888,0.084,0.9999,-0.3889,0.084,0.9999,9.002,0.01
4.32,-0.3888,0.084,0.9999,-0.3889,0.084,0.9999,8.996,0.006
4.325,-0.3887,0.084,1.0,-0.3889,0.0838,0.9998,8.991,0.001
4.33,-0.3887,0.084,1.0,-0.3886,0.0841,0.9998,8.984,0.004
4.335,-0.3886,0.084,1.0001,-0.3888,0.0838,0.9997,8.977,0.008
4.34,-0.3885,0.084,1.0001,-0.3887,0.084,0.9995,8.969,0.013
4.345,-0.3884,0.084,1.0002,-0.3886,0.0838,0.9994,8.961,0.017
4.35,-0.3883,0.084,1.0002,-0.3886,0.0838,0.9994,8.952,0.022
4.355,-0.3883,0.084,1.0003,-0.3885,0.084,0.9995,8.943,0.026
4.36,-0.3882,0.084,1.0003,-0.3883,0.084,0.9997,8.933,0.03
4.365,-0.388,0.0839,1.0003,-0.3881,0.0841,0.9996,8.923,0.034
4.37,-0.3879,0.0839,1.0004,-0.3881,0.084,0.9999,8.912,0.039
4.375,-0.3878,0.0839,1.0004,-0.388,0.0839,0.9998,8.9,0.042
4.38,-0.3877,0.0839,1.0005,-0.388,0.0839,0.9997,8.888,0.046
4.385,-0.3876,0.0839,1.0005,-0.3877,0.084,0.9996,8.875,0.05
4.39,-0.3874,0.0838,1.0005,-0.3877,0.084,0.9996,8.861,0.053
4.395,-0.3873,0.0838,1.0006,-0.3874,0.0839,0.9998,8.848,0.056
4.4,-0.3872,0.0838,1.0006,-0.3872,0.0841,0.9997,8.833,0.059
4.405,-0.387,0.0838,1.0006,-0.3872,0.0839,0.9997,8.818,0.062
4.41,-0.3869,0.0838,1.0007,-0.3869,0.0839,0.9998,8.803,0.065
4.415,-0.3867,0.0837,1.0007,-0.3867,0.0839,1.0002,8.787,0.068
4.42,-0.3865,0.0837,1.0007,-0.3865,0.0837,1.0002,8.77,0.07
4.425,-0.3864,0.0837,1.0007,-0.3864,0.0836,1.0002,8.753,0.072
4.43,-0.3862,0.0837,1.0007,-0.3864,0.0837,1.0001,8.735,0.074
4.435,-0.386,0.0836,1.0008,-0.3863,0.0836,1.0002,8.717,0.075
4.44,-0.3858,0.0836,1.0008,-0.3859,0.0834,1.0001,8.698,0.077
4.445,-0.3856,0.0836,1.0008,-0.3858,0.0834,1.0002,8.679,0.078
4.45,-0.3854,0.0835,1.0008,-0.3855,0.0833,1.0002,8.659,0.079
4.455,-0.3852,0.0835,1.0008,-0.3854,0.0833,1.0004,8.639,0.079
4.46,-0.385,0.0835,1.0008,-0.3852,0.0834,1.0004,8.618,0.08
4.465,-0.3848,0.0834,1.0008,-0.3849,0.0834,1.0006,8.597,0.08
4.47,-0.3846,0.0834,1.0008,-0.3848,0.0833,1.0005,8.575,0.08
4.475,-0.3844,0.0833,1.0008,-0.3846,0.0832,1.0006,8.553,0.08
4.48,-0.3842,0.0833,1.0008,-0.3843,0.0831,1.0008,8.53,0.079
4.485,-0.3839,0.0833,1.0008,-0.384,0.083,1.0008,8.506,0.079
4.49,-0.3837,0.0832,1.0008,-0.3838,0.083,1.001,8.483,0.078
4.495,-0.3835,0.0832,1.0008,-0.3836,0.0831,1.001,8.458,0.077
4.5,-0.3832,0.0831,1.0008,-0.3833,0.0831,1.0012,8.433,0.076
4.505,-0.383,0.0831,1.0007,-0.3831,0.083,1.0014,8.408,0.074
4.51,-0.3827,0.083,1.0007,-0.3827,0.083,1.0015,8.382,0.072
4.515,-0.3825,0.083,1.0007,-0.3826,0.083,1.0015,8.356,0.071
4.52,-0.3822,0.0829,1.0007,-0.3825,0.0829,1.0016,8.329,0.068
4.525,-0.3819,0.0829,1.0007,-0.3821,0.083,1.0013,8.302,0.066
4.53,-0.3816,0.0828,1.0006,-0.3818,0.0829,1.0011,8.274,0.063
4.535,-0.3814,0.0828,1.0006,-0.3816,0.0829,1.0009,8.246,0.06
4.54,-0.3811,0.0827,1.0006,-0.3811,0.0828,1.0009,8.217,0.057
4.545,-0.3808,0.0827,1.0005,-0.3809,0.0827,1.0008,8.188,0.054
4.55,-0.3805,0.0826,1.0005,-0.3807,0.0826,1.001,8.158,0.051
4.555,-0.3802,0.0826,1.0005,-0.3806,0.0826,1.0009,8.128,0.047
4.56,-0.3799,0.0825,1.0004,-0.3802,0.0825,1.0009,8.097,0.044
4.565,-0.3796,0.0824,1.0004,-0.3798,0.0826,1.0011,8.066,0.04
4.57,-0.3793,0.0824,1.0004,-0.3794,0.0824,1.0008,8.035,0.036
4.575,-0.379,0.0823,1.0003,-0.3792,0.0824,1.0009,8.003,0.032
4.58,-0.3787,0.0822,1.0003,-0.3787,0.0822,1.0008,7.971,0.029
4.585,-0.3783,0.0822,1.0002,-0.3784,0.0822,1.0007,7.938,0.025
4.59,-0.378,0.0821,1.0002,-0.378,0.0819,1.0006,7.905,0.021
4.595,-0.3777,0.082,1.0002,-0.3777,0.0821,1.0006,7.871,0.017
4.6,-0.3774,0.082,1.0001,-0.3773,0.0817,1.0006,7.837,0.013
4.605,-0.377,0.0819,1.0001,-0.3769,0.0818,1.0004,7.802,0.009
4.61,-0.3767,0.0818,1.0001,-0.3767,0.0816,1.0,7.767,0.006
4.615,-0.3763,0.0818,1.0,-0.3764,0.0818,1.0,7.732,0.002
4.62,-0.376,0.0817,1.0,-0.3761,0.0818,0.9998,7.696,0.002
4.625,-0.3756,0.0816,1.0,-0.3758,0.0817,0.9994,7.66,0.005
4.63,-0.3753,0.0815,0.9999,-0.3754,0.0816,0.9993,7.623,0.008
4.635,-0.3749,0.0815,0.9999,-0.3753,0.0816,0.9993,7.586,0.011
4.64,-0.3745,0.0814,0.9999,-0.3748,0.0814,0.9994,7.549,0.014
4.645,-0.3742,0.0813,0.9998,-0.3743,0.0815,0.9996,7.511,0.016
4.65,-0.3738,0.0812,0.9998,-0.3741,0.0811,0.9995,7.473,0.018
4.655,-0.3734,0.0811,0.9998,-0.3735,0.081,0.9994,7.434,0.02
4.66,-0.373,0.0811,0.9998,-0.3734,0.0813,0.9992,7.395,0.022
4.665,-0.3727,0.081,0.9998,-0.3729,0.0808,0.9992,7.356,0.023
4.67,-0.3723,0.0809,0.9998,-0.3725,0.081,0.9993,7.316,0.024
4.675,-0.3719,0.0808,0.9998,-0.3721,0.0808,0.9991,7.276,0.025
4.68,-0.3715,0.0807,0.9997,-0.3715,0.0808,0.999,7.235,0.025
4.685,-0.3711,0.0806,0.9997,-0.3713,0.0808,0.9991,7.194,0.025
4.69,-0.3707,0.0805,0.9997,-0.3706,0.0806,0.9991,7.153,0.025
4.695,-0.3703,0.0804,0.9998,-0.3704,0.0804,0.9989,7.112,0.025
4.7,-0.3699,0.0803,0.9998,-0.3701,0.0803,0.9991,7.07,0.024
4.705,-0.3695,0.0803,0.9998,-0.3697,0.0802,0.9989,7.028,0.023
4.71,-0.369,0.0802,0.9998,-0.3693,0.0803,0.9989,6.985,0.022
4.715,-0.3686,0.0801,0.9998,-0.3688,0.0801,0.9989,6.942,0.021
4.72,-0.3682,0.08,0.9998,-0.3684,0.0802,0.9991,6.899,0.02
4.725,-0.3678,0.0799,0.9998,-0.3681,0.0798,0.9992,6.855,0.018
4.73,-0.3673,0.0798,0.9998,-0.3677,0.0799,0.9993,6.812,0.016
4.735,-0.3669,0.0797,0.9999,-0.3672,0.0797,0.9994,6.767,0.014
4.74,-0.3665,0.0796,0.9999,-0.3666,0.0796,0.9993,6.723,0.012
4.745,-0.366,0.0795,0.9999,-0.3662,0.0796,0.9995,6.678,0.009
4.75,-0.3656,0.0794,0.9999,-0.3659,0.0794,0.9996,6.633,0.007
4.755,-0.3652,0.0793,1.0,-0.3655,0.0793,0.9994,6.587,0.005
4.76,-0.3647,0.0792,1.0,-0.365,0.0794,0.9994,6.542,0.002
4.765,-0.3643,0.079,1.0,-0.3644,0.0792,0.9995,6.496,0.0
4.77,-0.3638,0.0789,1.0,-0.364,0.079,0.9993,6.449,0.003
4.775,-0.3634,0.0788,1.0,-0.3635,0.0789,0.9995,6.403,0.005
4.78,-0.3629,0.0787,1.0001,-0.3633,0.0787,0.9998,6.356,0.007
4.785,-0.3625,0.0786,1.0001,-0.3626,0.0787,1.0,6.309,0.009
4.79,-0.362,0.0785,1.0001,-0.3622,0.0783,0.9998,6.261,0.011
4.795,-0.3615,0.0784,1.0001,-0.3618,0.0785,0.9997,6.214,0.012
4.8,-0.3611,0.0783,1.0001,-0.3613,0.0783,0.9997,6.166,0.014
4.805,-0.3606,0.0782,1.0002,-0.3607,0.0782,0.9996,6.118,0.015
4.81,-0.3601,0.0781,1.0002,-0.3603,0.0782,0.9994,6.069,0.016
4.815,-0.3596,0.0779,1.0002,-0.3598,0.0782,0.9992,6.02,0.017
4.82,-0.3592,0.0778,1.0002,-0.3594,0.0779,0.9993,5.971,0.018
4.825,-0.3587,0.0777,1.0002,-0.3588,0.0778,0.9992,5.922,0.018
4.83,-0.3582,0.0776,1.0002,-0.3584,0.0779,0.9994,5.873,0.018
4.835,-0.3577,0.0775,1.0002,-0.3582,0.0776,0.9994,5.823,0.018
4.84,-0.3572,0.0774,1.0002,-0.3575,0.0775,0.9993,5.773,0.018
4.845,-0.3568,0.0772,1.0002,-0.357,0.0773,0.9994,5.723,0.018
4.85,-0.3563,0.0771,1.0002,-0.3565,0.0773,0.9994,5.673,0.017
4.855,-0.3558,0.077,1.0002,-0.356,0.0772,0.9996,5.622,0.016
4.86,-0.3553,0.0769,1.0001,-0.3553,0.077,0.9996,5.571,0.015
4.865,-0.3548,0.0768,1.0001,-0.3549,0.0769,0.9995,5.52,0.014
4.87,-0.3543,0.0766,1.0001,-0.3546,0.0767,0.9997,5.469,0.012
4.875,-0.3538,0.0765,1.0001,-0.354,0.0766,0.9995,5.417,0.011
4.88,-0.3533,0.0764,1.0001,-0.3535,0.0765,0.9994,5.366,0.009
4.885,-0.3528,0.0763,1.0001,-0.3532,0.0764,0.9996,5.314,0.007
4.89,-0.3523,0.0761,1.0,-0.3527,0.0762,0.9997,5.262,0.005
4.895,-0.3518,0.076,1.0,-0.3521,0.0761,0.9999,5.21,0.002
4.9,-0.3513,0.0759,1.0,-0.3516,0.076,0.9998,5.158,0.0
4.905,-0.3508,0.0758,1.0,-0.3511,0.0759,1.0001,5.105,0.003
4.91,-0.3502,0.0757,0.9999,-0.3505,0.0756,1.0001,5.053,0.006
4.915,-0.3497,0.0755,0.9999,-0.35,0.0757,1.0002,5.0,0.009
4.92,-0.3492,0.0754,0.9999,-0.3494,0.0752,0.9999,4.947,0.012
4.925,-0.3487,0.0753,0.9998,-0.349,0.0754,0.9999,4.894,0.016
4.93,-0.3482,0.0751,0.9998,-0.3485,0.0753,0.9998,4.841,0.019
4.935,-0.3477,0.075,0.9998,-0.3478,0.0751,0.9999,4.787,0.023
4.94,-0.3471,0.0749,0.9997,-0.3473,0.075,0.9999,4.734,0.027
4.945,-0.3466,0.0748,0.9997,-0.3467,0.0749,0.9999,4.681,0.031
4.95,-0.3461,0.0746,0.9997,-0.3462,0.0747,0.9996,4.627,0.035
4.955,-0.3456,0.0745,0.9996,-0.3458,0.0744,0.9995,4.573,0.039
4.96,-0.3451,0.0744,0.9996,-0.3453,0.0745,0.9996,4.519,0.043
4.965,-0.3445,0.0743,0.9995,-0.3446,0.0744,0.9998,4.465,0.047
4.97,-0.344,0.0741,0.9995,-0.3441,0.0744,0.9997,4.411,0.051
4.975,-0.3435,0.074,0.9995,-0.3436,0.0739,0.9996,4.357,0.055
4.98,-0.343,0.0739,0.9994,-0.3431,0.074,0.9997,4.303,0.059
4.985,-0.3424,0.0737,0.9994,-0.3423,0.0737,0.9996,4.249,0.063
4.99,-0.3419,0.0736,0.9993,-0.3419,0.0738,0.9997,4.195,0.067
4.995,-0.3414,0.0735,0.9993,-0.3414,0.0736,0.9997,4.14,0.071
5.0,-0.3408,0.0734,0.9993,-0.341,0.0733,0.9998,4.086,0.074
5.005,-0.3403,0.0732,0.9992,-0.3406,0.0733,0.9998,4.031,0.078
5.01,-0.3398,0.0731,0.9992,-0.3402,0.073,1.0002,3.977,0.082
5.015,-0.3393,0.073,0.9991,-0.3395,0.0731,1.0006,3.922,0.085
5.02,-0.3387,0.0728,0.9991,-0.3391,0.0728,1.0004,3.868,0.088
5.025,-0.3382,0.0727,0.9991,-0.3384,0.0727,1.0005,3.813,0.092
5.03,-0.3377,0.0726,0.999,-0.3379,0.0726,1.0002,3.758,0.095
5.035,-0.3371,0.0724,0.999,-0.3373,0.0724,1.0003,3.703,0.098
5.04,-0.3366,0.0723,0.999,-0.3367,0.0725,1.0004,3.648,0.102
5.045,-0.3361,0.0722,0.999,-0.3363,0.0722,1.0002,3.593,0.105
5.05,-0.3355,0.0721,0.9989,-0.3357,0.072,0.9996,3.538,0.108
5.055,-0.335,0.0719,0.9989,-0.3352,0.0719,0.9997,3.484,0.111
5.06,-0.3345,0.0718,0.9989,-0.3348,0.0719,0.9998,3.429,0.114
5.065,-0.3339,0.0717,0.9988,-0.3343,0.0717,0.9998,3.374,0.117
5.07,-0.3334,0.0715,0.9988,-0.3335,0.0717,0.9998,3.319,0.12
5.075,-0.3329,0.0714,0.9988,-0.3331,0.0715,0.9993,3.264,0.123
5.08,-0.3323,0.0713,0.9987,-0.3325,0.0714,0.9994,3.209,0.125
5.085,-0.3318,0.0712,0.9987,-0.332,0.0711,0.9992,3.154,0.128
5.09,-0.3312,0.071,0.9987,-0.3317,0.0711,0.9987,3.099,0.131
5.095,-0.3307,0.0709,0.9987,-0.3311,0.0709,0.9989,3.044,0.133
5.1,-0.3302,0.0708,0.9986,-0.3305,0.0709,0.999,2.989,0.135
5.105,-0.3296,0.0706,0.9986,-0.3301,0.0707,0.9988,2.934,0.137
5.11,-0.3291,0.0705,0.9986,-0.3293,0.0704,0.9991,2.879,0.139
5.115,-0.3286,0.0704,0.9986,-0.3289,0.0705,0.9991,2.825,0.141
5.12,-0.328,0.0702,0.9986,-0.3284,0.0703,0.999,2.77,0.142
5.125,-0.3275,0.0701,0.9986,-0.3276,0.0702,0.9986,2.715,0.143
5.13,-0.327,0.07,0.9986,-0.3272,0.0701,0.9989,2.661,0.144
5.135,-0.3265,0.0699,0.9986,-0.3268,0.07,0.9983,2.606,0.145
5.14,-0.3259,0.0697,0.9985,-0.3261,0.07,0.9984,2.552,0.145
5.145,-0.3254,0.0696,0.9985,-0.3256,0.0698,0.9984,2.498,0.145
5.15,-0.3249,0.0695,0.9986,-0.3253,0.0697,0.9984,2.444,0.145
5.155,-0.3243,0.0693,0.9986,-0.3245,0.0693,0.9986,2.389,0.144
5.16,-0.3238,0.0692,0.9986,-0.324,0.0692,0.9988,2.335,0.144
5.165,-0.3233,0.0691,0.9986,-0.3235,0.069,0.9988,2.282,0.143
5.17,-0.3228,0.069,0.9986,-0.3231,0.069,0.9987,2.228,0.141
5.175,-0.3222,0.0688,0.9986,-0.3227,0.0687,0.9988,2.174,0.14
5.18,-0.3217,0.0687,0.9986,-0.322,0.0686,0.9988,2.121,0.138
5.185,-0.3212,0.0686,0.9986,-0.3215,0.0685,0.9985,2.067,0.136
5.19,-0.3207,0.0685,0.9987,-0.321,0.0683,0.9983,2.014,0.133
5.195,-0.3202,0.0683,0.9987,-0.3204,0.0684,0.9984,1.961,0.131
5.2,-0.3197,0.0682,0.9987,-0.3199,0.0681,0.9985,1.908,0.128
5.205,-0.3191,0.0681,0.9987,-0.3194,0.0682,0.9988,1.855,0.126
5.21,-0.3186,0.068,0.9988,-0.3188,0.0681,0.9989,1.802,0.123
5.215,-0.3181,0.0678,0.9988,-0.3184,0.0681,0.999,1.75,0.12
5.22,-0.3176,0.0677,0.9988,-0.3178,0.0678,0.999,1.697,0.117
5.225,-0.3171,0.0676,0.9989,-0.3173,0.0678,0.9992,1.645,0.114
5.23,-0.3166,0.0675,0.9989,-0.3168,0.0676,0.9991,1.593,0.11
5.235,-0.3161,0.0673,0.9989,-0.3162,0.0675,0.9989,1.541,0.107
5.24,-0.3156,0.0672,0.999,-0.3158,0.0673,0.9985,1.489,0.104
5.245,-0.3151,0.0671,0.999,-0.3154,0.0673,0.9985,1.438,0.1
5.25,-0.3146,0.067,0.999,-0.3147,0.0671,0.9984,1.386,0.097
5.255,-0.3141,0.0669,0.9991,-0.3143,0.0668,0.9982,1.335,0.094
5.26,-0.3136,0.0667,0.9991,-0.314,0.0668,0.9983,1.284,0.09
5.265,-0.3131,0.0666,0.9991,-0.3134,0.0667,0.9983,1.234,0.087
5.27,-0.3126,0.0665,0.9992,-0.313,0.0667,0.9986,1.183,0.084
5.275,-0.3121,0.0664,0.9992,-0.3123,0.0663,0.9986,1.133,0.08
5.28,-0.3116,0.0663,0.9992,-0.3118,0.0665,0.9986,1.083,0.077
5.285,-0.3111,0.0661,0.9993,-0.3112,0.0662,0.9985,1.033,0.074
5.29,-0.3106,0.066,0.9993,-0.3108,0.0662,0.9985,0.983,0.071
5.295,-0.3101,0.0659,0.9993,-0.3103,0.066,0.9984,0.934,0.068
5.3,-0.3097,0.0658,0.9994,-0.3098,0.0659,0.9987,0.885,0.065
5.305,-0.3092,0.0657,0.9994,-0.3094,0.0657,0.999,0.836,0.062
5.31,-0.3087,0.0656,0.9994,-0.3089,0.0658,0.9991,0.788,0.059
5.315,-0.3082,0.0655,0.9994,-0.3082,0.0654,0.999,0.739,0.057
5.32,-0.3077,0.0653,0.9995,-0.308,0.0653,0.9992,0.691,0.054
5.325,-0.3073,0.0652,0.9995,-0.3075,0.0653,0.9993,0.644,0.052
5.33,-0.3068,0.0651,0.9995,-0.3073,0.0651,0.9992,0.597,0.05
5.335,-0.3063,0.065,0.9995,-0.3066,0.065,0.9994,0.55,0.048
5.34,-0.3059,0.0649,0.9995,-0.3061,0.0652,0.9993,0.504,0.047
5.345,-0.3054,0.0648,0.9995,-0.3056,0.0651,0.9993,0.458,0.045
5.35,-0.3049,0.0647,0.9996,-0.3053,0.0648,0.9994,0.413,0.044
5.355,-0.3045,0.0646,0.9996,-0.3047,0.0645,0.9992,0.369,0.043
5.36,-0.304,0.0645,0.9996,-0.3043,0.0646,0.9994,0.326,0.042
5.365,-0.3036,0.0644,0.9996,-0.3038,0.0642,0.9994,0.284,0.042
5.37,-0.3031,0.0643,0.9996,-0.3034,0.0643,0.9993,0.244,0.041
5.375,-0.3027,0.0642,0.9996,-0.3028,0.0642,0.9993,0.207,0.041
5.38,-0.3022,0.0641,0.9996,-0.3022,0.0641,0.9996,0.175,0.041
5.385,-0.3018,0.064,0.9996,-0.302,0.064,0.9998,0.15,0.041
5.39,-0.3013,0.0638,0.9996,-0.3014,0.0638,0.9998,0.136,0.042
5.395,-0.3009,0.0637,0.9996,-0.3009,0.0639,0.9997,0.136,0.043
5.4,-0.3005,0.0636,0.9996,-0.3005,0.0636,0.9997,0.151,0.044
5.405,-0.3,0.0635,0.9996,-0.3,0.0639,0.9998,0.176,0.045
5.41,-0.2996,0.0634,0.9995,-0.2998,0.0635,1.0001,0.207,0.046
5.415,-0.2992,0.0633,0.9995,-0.2992,0.0634,1.0001,0.242,0.048
5.42,-0.2987,0.0633,0.9995,-0.2986,0.0633,1.0,0.279,0.05
5.425,-0.2983,0.0632,0.9995,-0.2984,0.0632,1.0,0.318,0.052
5.43,-0.2979,0.0631,0.9995,-0.2979,0.0631,1.0,0.358,0.054
5.435,-0.2975,0.063,0.9994,-0.2976,0.063,1.0001,0.398,0.057
5.44,-0.2971,0.0629,0.9994,-0.2971,0.0629,1.0002,0.438,0.059
5.445,-0.2967,0.0628,0.9994,-0.2968,0.0627,1.0001,0.478,0.062
5.45,-0.2962,0.0627,0.9993,-0.2966,0.0627,0.9999,0.519,0.065
5.455,-0.2958,0.0626,0.9993,-0.296,0.0627,0.9999,0.559,0.069
5.46,-0.2954,0.0625,0.9993,-0.2956,0.0627,0.9999,0.599,0.072
5.465,-0.295,0.0624,0.9992,-0.2952,0.0625,0.9998,0.639,0.076
5.47,-0.2946,0.0623,0.9992,-0.2948,0.0624,0.9997,0.679,0.08
5.475,-0.2942,0.0622,0.9992,-0.2943,0.0624,0.9996,0.719,0.084
5.48,-0.2939,0.0621,0.9991,-0.2938,0.0621,0.9995,0.758,0.088
5.485,-0.2935,0.0621,0.9991,-0.2936,0.0621,0.9997,0.798,0.092
5.49,-0.2931,0.062,0.999,-0.2933,0.0621,0.9996,0.836,0.096
5.495,-0.2927,0.0619,0.999,-0.2929,0.0621,0.9997,0.875,0.1
5.5,-0.2923,0.0618,0.999,-0.2923,0.0619,0.9996,0.914,0.104
5.505,-0.2919,0.0617,0.9989,-0.2918,0.0618,0.9996,0.952,0.108
5.51,-0.2916,0.0616,0.9989,-0.2915,0.0618,0.9995,0.99,0.112
5.515,-0.2912,0.0616,0.9988,-0.2912,0.0619,0.9997,1.027,0.116
5.52,-0.2908,0.0615,0.9988,-0.2908,0.0617,0.9995,1.064,0.12
5.525,-0.2905,0.0614,0.9988,-0.2905,0.0616,0.9994,1.101,0.123
5.53,-0.2901,0.0613,0.9987,-0.2902,0.0615,0.999,1.138,0.127
5.535,-0.2897,0.0612,0.9987,-0.2899,0.0612,0.9987,1.174,0.131
5.54,-0.2894,0.0612,0.9987,-0.2895,0.0611,0.9985,1.21,0.135
5.545,-0.289,0.0611,0.9986,-0.2891,0.0611,0.9985,1.246,0.138
5.55,-0.2887,0.061,0.9986,-0.2887,0.0608,0.9985,1.281,0.141
5.555,-0.2883,0.0609,0.9986,-0.2885,0.0608,0.9984,1.317,0.144
5.56,-0.288,0.0609,0.9985,-0.2881,0.0608,0.9983,1.351,0.147
5.565,-0.2877,0.0608,0.9985,-0.2878,0.0609,0.9984,1.386,0.15
5.57,-0.2873,0.0607,0.9985,-0.2875,0.0606,0.9981,1.42,0.152
5.575,-0.287,0.0607,0.9985,-0.2872,0.0607,0.9979,1.453,0.154
5.58,-0.2867,0.0606,0.9984,-0.2868,0.0607,0.9976,1.487,0.156
5.585,-0.2863,0.0605,0.9984,-0.2866,0.0606,0.9977,1.519,0.158
5.59,-0.286,0.0605,0.9984,-0.2863,0.0602,0.9977,1.552,0.159
5.595,-0.2857,0.0604,0.9984,-0.2859,0.0604,0.9975,1.584,0.16
5.6,-0.2854,0.0603,0.9984,-0.2854,0.0603,0.9973,1.616,0.16
5.605,-0.2851,0.0603,0.9984,-0.285,0.0604,0.9971,1.648,0.161
5.61,-0.2848,0.0602,0.9984,-0.2848,0.0603,0.9972,1.679,0.161
5.615,-0.2845,0.0602,0.9984,-0.2847,0.0601,0.9971,1.709,0.16
5.62,-0.2842,0.0601,0.9984,-0.2844,0.0601,0.9971,1.74,0.16
5.625,-0.2839,0.06,0.9984,-0.2841,0.0601,0.9972,1.77,0.159
5.63,-0.2836,0.06,0.9984,-0.2837,0.0601,0.9973,1.799,0.157
5.635,-0.2833,0.0599,0.9984,-0.2834,0.06,0.9974,1.828,0.156
5.64,-0.283,0.0599,0.9985,-0.283,0.06,0.9974,1.857,0.154
5.645,-0.2827,0.0598,0.9985,-0.2829,0.0598,0.9972,1.886,0.152
5.65,-0.2825,0.0598,0.9985,-0.2827,0.0598,0.9972,1.914,0.149
5.655,-0.2822,0.0597,0.9985,-0.2822,0.0598,0.9973,1.941,0.146
5.66,-0.2819,0.0597,0.9986,-0.282,0.0597,0.9975,1.969,0.143
5.665,-0.2816,0.0596,0.9986,-0.2818,0.0597,0.9976,1.995,0.14
5.67,-0.2814,0.0596,0.9986,-0.2817,0.0595,0.9975,2.022,0.137
5.675,-0.2811,0.0595,0.9987,-0.2814,0.0594,0.9976,2.048,0.134
5.68,-0.2809,0.0595,0.9987,-0.281,0.0594,0.9977,2.073,0.13
5.685,-0.2806,0.0594,0.9987,-0.2808,0.0593,0.9978,2.099,0.127
5.69,-0.2804,0.0594,0.9988,-0.2806,0.0595,0.9978,2.124,0.123
5.695,-0.2801,0.0593,0.9988,-0.2802,0.0593,0.9978,2.148,0.12
5.7,-0.2799,0.0593,0.9988,-0.2801,0.0592,0.9978,2.172,0.116
5.705,-0.2797,0.0593,0.9989,-0.2798,0.0592,0.9981,2.196,0.112
5.71,-0.2794,0.0592,0.9989,-0.2795,0.0592,0.9981,2.219,0.109
5.715,-0.2792,0.0592,0.9989,-0.2793,0.0594,0.9981,2.242,0.105
5.72,-0.279,0.0591,0.999,-0.2791,0.0592,0.9983,2.264,0.102
5.725,-0.2788,0.0591,0.999,-0.2787,0.0591,0.9982,2.286,0.098
5.73,-0.2786,0.0591,0.999,-0.2787,0.0592,0.9981,2.308,0.095
5.735,-0.2783,0.059,0.9991,-0.2785,0.059,0.9981,2.329,0.092
5.74,-0.2781,0.059,0.9991,-0.2782,0.0591,0.9982,2.35,0.089
5.745,-0.2779,0.059,0.9991,-0.2778,0.0592,0.9981,2.371,0.087
5.75,-0.2777,0.0589,0.9992,-0.2778,0.059,0.9981,2.391,0.084
5.755,-0.2775,0.0589,0.9992,-0.2777,0.0591,0.9983,2.411,0.082
5.76,-0.2773,0.0589,0.9992,-0.2775,0.0589,0.9984,2.43,0.08
5.765,-0.2772,0.0588,0.9992,-0.2774,0.0589,0.9982,2.449,0.079
5.77,-0.277,0.0588,0.9992,-0.2772,0.0586,0.9981,2.468,0.077
5.775,-0.2768,0.0588,0.9992,-0.2769,0.0586,0.9981,2.486,0.076
5.78,-0.2766,0.0587,0.9992,-0.2766,0.0585,0.9981,2.504,0.076
5.785,-0.2764,0.0587,0.9992,-0.2765,0.0586,0.9981,2.521,0.075
5.79,-0.2763,0.0587,0.9993,-0.2765,0.0586,0.9982,2.538,0.075
5.795,-0.2761,0.0587,0.9993,-0.2761,0.0587,0.9985,2.555,0.075
5.8,-0.276,0.0586,0.9992,-0.2762,0.0585,0.9985,2.571,0.075
5.805,-0.2758,0.0586,0.9992,-0.2758,0.0585,0.9984,2.587,0.076
5.81,-0.2756,0.0586,0.9992,-0.2757,0.0587,0.9987,2.602,0.077
5.815,-0.2755,0.0586,0.9992,-0.2754,0.0586,0.999,2.617,0.079
5.82,-0.2753,0.0585,0.9992,-0.2752,0.0586,0.9991,2.632,0.08
5.825,-0.2752,0.0585,0.9992,-0.2751,0.0587,0.9994,2.646,0.082
5.83,-0.2751,0.0585,0.9992,-0.2751,0.0586,0.9994,2.66,0.085
5.835,-0.2749,0.0585,0.9991,-0.275,0.0586,0.9994,2.673,0.088
5.84,-0.2748,0.0585,0.9991,-0.2749,0.0586,0.9996,2.686,0.091
5.845,-0.2747,0.0584,0.9991,-0.2748,0.0585,0.9997,2.699,0.094
5.85,-0.2746,0.0584,0.999,-0.2746,0.0584,0.9999,2.711,0.098
5.855,-0.2744,0.0584,0.999,-0.2745,0.0584,1.0,2.723,0.103
5.86,-0.2743,0.0584,0.9989,-0.2743,0.0584,0.9998,2.735,0.108
5.865,-0.2742,0.0584,0.9989,-0.2742,0.0583,0.9999,2.746,0.113
5.87,-0.2741,0.0584,0.9988,-0.274,0.0583,1.0,2.757,0.119
5.875,-0.274,0.0583,0.9987,-0.2741,0.0583,1.0001,2.767,0.125
5.88,-0.2739,0.0583,0.9987,-0.2741,0.0584,1.0003,2.777,0.132
5.885,-0.2738,0.0583,0.9986,-0.274,0.0583,1.0004,2.786,0.139
5.89,-0.2737,0.0583,0.9985,-0.2736,0.0584,1.0003,2.796,0.147
5.895,-0.2736,0.0583,0.9984,-0.2736,0.0583,1.0005,2.804,0.156
5.9,-0.2735,0.0583,0.9984,-0.2734,0.0582,1.0004,2.813,0.164
5.905,-0.2735,0.0583,0.9983,-0.2734,0.0581,1.0003,2.821,0.173
5.91,-0.2734,0.0583,0.9982,-0.2734,0.0584,1.0,2.828,0.183
5.915,-0.2733,0.0583,0.9981,-0.2731,0.0584,1.0001,2.836,0.193
5.92,-0.2732,0.0583,0.998,-0.2735,0.0582,1.0002,2.843,0.204
5.925,-0.2732,0.0583,0.9979,-0.2732,0.0584,1.0002,2.849,0.215
5.93,-0.2731,0.0583,0.9977,-0.2733,0.0583,1.0002,2.855,0.226
5.935,-0.2731,0.0583,0.9976,-0.2731,0.0581,1.0,2.861,0.238
5.94,-0.273,0.0583,0.9975,-0.273,0.0584,1.0001,2.866,0.25
5.945,-0.2729,0.0583,0.9974,-0.2732,0.0584,1.0,2.871,0.262
5.95,-0.2729,0.0583,0.9973,-0.273,0.0582,1.0001,2.875,0.275
5.955,-0.2729,0.0583,0.9971,-0.2728,0.0581,1.0003,2.879,0.287
5.96,-0.2728,0.0583,0.997,-0.2729,0.0582,1.0002,2.883,0.3
5.965,-0.2728,0.0583,0.9969,-0.2729,0.0582,1.0001,2.886,0.314
5.97,-0.2728,0.0583,0.9967,-0.2728,0.0582,1.0001,2.889,0.327
5.975,-0.2727,0.0583,0.9966,-0.2727,0.0583,1.0,2.891,0.341
5.98,-0.2727,0.0583,0.9965,-0.2727,0.0584,0.9997,2.893,0.354
5.985,-0.2727,0.0583,0.9963,-0.2725,0.0584,0.9995,2.895,0.368
5.99,-0.2727,0.0583,0.9962,-0.2725,0.0586,0.9993,2.896,0.382
5.995,-0.2727,0.0583,0.996,-0.2729,0.0582,0.9994,2.897,0.396
6.0,-0.2727,0.0583,0.9959,-0.2725,0.0584,0.9992,2.897,0.41
6.005,-0.2727,0.0583,0.9958,-0.2727,0.0586,0.999,2.897,0.423
6.01,-0.2727,0.0583,0.9956,-0.2727,0.0583,0.9991,2.897,0.437
6.015,-0.2727,0.0584,0.9955,-0.2728,0.0584,0.999,2.896,0.45
6.02,-0.2727,0.0584,0.9954,-0.2726,0.0585,0.9989,2.894,0.464
6.025,-0.2727,0.0584,0.9952,-0.2728,0.0587,0.9986,2.893,0.477
6.03,-0.2727,0.0584,0.9951,-0.2727,0.0585,0.9982,2.89,0.49
6.035,-0.2727,0.0584,0.995,-0.273,0.0584,0.998,2.888,0.502
6.04,-0.2728,0.0584,0.9949,-0.2728,0.0584,0.9976,2.885,0.515
6.045,-0.2728,0.0585,0.9947,-0.2727,0.0586,0.9975,2.881,0.527
6.05,-0.2728,0.0585,0.9946,-0.2728,0.0585,0.9973,2.877,0.539
6.055,-0.2729,0.0585,0.9945,-0.2728,0.0586,0.997,2.873,0.55
6.06,-0.2729,0.0585,0.9944,-0.2726,0.0585,0.9967,2.868,0.561
6.065,-0.273,0.0585,0.9943,-0.273,0.0584,0.9964,2.863,0.571
6.07,-0.273,0.0586,0.9942,-0.2729,0.0584,0.9959,2.857,0.58
6.075,-0.2731,0.0586,0.9941,-0.2731,0.0585,0.9958,2.851,0.59
6.08,-0.2731,0.0586,0.994,-0.2732,0.0585,0.9958,2.844,0.598
6.085,-0.2732,0.0586,0.9939,-0.2734,0.0586,0.9957,2.837,0.606
6.09,-0.2733,0.0587,0.9939,-0.2734,0.0586,0.9956,2.829,0.613
6.095,-0.2734,0.0587,0.9938,-0.2734,0.0586,0.9955,2.821,0.619
6.1,-0.2734,0.0587,0.9938,-0.2735,0.0587,0.9955,2.813,0.625
6.105,-0.2735,0.0588,0.9937,-0.2735,0.0589,0.9953,2.804,0.629
6.11,-0.2736,0.0588,0.9937,-0.2737,0.0588,0.995,2.795,0.633
6.115,-0.2737,0.0588,0.9936,-0.2735,0.0589,0.995,2.785,0.636
6.12,-0.2738,0.0589,0.9936,-0.2739,0.059,0.9949,2.775,0.639
6.125,-0.2739,0.0589,0.9936,-0.2738,0.0591,0.9948,2.764,0.64
6.13,-0.274,0.0589,0.9936,-0.2738,0.0588,0.9949,2.753,0.641
6.135,-0.2741,0.059,0.9936,-0.274,0.0589,0.9945,2.741,0.641
6.14,-0.2742,0.059,0.9936,-0.2741,0.059,0.9942,2.729,0.64
6.145,-0.2743,0.0591,0.9936,-0.2744,0.0589,0.9943,2.716,0.638
6.15,-0.2745,0.0591,0.9936,-0.2743,0.059,0.9944,2.703,0.636
6.155,-0.2746,0.0591,0.9937,-0.2745,0.0593,0.9942,2.69,0.632
6.16,-0.2747,0.0592,0.9937,-0.2747,0.0591,0.9942,2.676,0.628
6.165,-0.2749,0.0592,0.9938,-0.2747,0.0593,0.9942,2.662,0.623
6.17,-0.275,0.0593,0.9938,-0.2749,0.0593,0.994,2.647,0.618
6.175,-0.2752,0.0593,0.9939,-0.275,0.0595,0.9938,2.632,0.612
6.18,-0.2753,0.0594,0.994,-0.2752,0.0597,0.9937,2.616,0.605
6.185,-0.2755,0.0594,0.994,-0.2755,0.0594,0.9938,2.6,0.597
6.19,-0.2756,0.0595,0.9941,-0.2758,0.0595,0.9938,2.584,0.589
6.195,-0.2758,0.0595,0.9942,-0.2758,0.0594,0.9937,2.567,0.58
6.2,-0.2759,0.0596,0.9943,-0.2758,0.0595,0.9936,2.549,0.571
6.205,-0.2761,0.0596,0.9944,-0.2761,0.0596,0.9935,2.532,0.562
6.21,-0.2763,0.0597,0.9945,-0.2762,0.0597,0.9933,2.514,0.552
6.215,-0.2765,0.0597,0.9946,-0.2764,0.0596,0.9932,2.495,0.541
6.22,-0.2766,0.0598,0.9947,-0.2767,0.0597,0.9934,2.476,0.53
6.225,-0.2768,0.0598,0.9948,-0.2768,0.0598,0.9935,2.457,0.519
6.23,-0.277,0.0599,0.9949,-0.2769,0.0598,0.9937,2.437,0.507
6.235,-0.2772,0.06,0.995,-0.277,0.06,0.9939,2.417,0.495
6.24,-0.2774,0.06,0.9952,-0.2774,0.06,0.9941,2.396,0.483
6.245,-0.2776,0.0601,0.9953,-0.2775,0.0601,0.9942,2.375,0.471
6.25,-0.2778,0.0601,0.9954,-0.2777,0.06,0.9942,2.354,0.458
6.255,-0.278,0.0602,0.9955,-0.2778,0.0603,0.9943,2.332,0.445
6.26,-0.2782,0.0603,0.9957,-0.278,0.0603,0.9944,2.31,0.433
6.265,-0.2785,0.0603,0.9958,-0.2784,0.0603,0.9944,2.288,0.42
6.27,-0.2787,0.0604,0.9959,-0.2784,0.0606,0.9942,2.265,0.408
6.275,-0.2789,0.0605,0.996,-0.2788,0.0605,0.9943,2.242,0.395
6.28,-0.2791,0.0605,0.9962,-0.279,0.0608,0.9944,2.219,0.383
6.285,-0.2793,0.0606,0.9963,-0.2793,0.0607,0.9947,2.195,0.371
6.29,-0.2796,0.0607,0.9964,-0.2793,0.0607,0.9945,2.171,0.359
6.295,-0.2798,0.0608,0.9965,-0.2798,0.0609,0.9952,2.147,0.348
6.3,-0.28,0.0608,0.9966,-0.2799,0.0609,0.9955,2.122,0.337
6.305,-0.2803,0.0609,0.9967,-0.2802,0.0608,0.9954,2.097,0.326
6.31,-0.2805,0.061,0.9968,-0.2804,0.0608,0.9956,2.072,0.315
6.315,-0.2808,0.0611,0.9969,-0.2806,0.0607,0.9957,2.046,0.306
6.32,-0.281,0.0611,0.997,-0.281,0.0611,0.9957,2.02,0.296
6.325,-0.2813,0.0612,0.9971,-0.2812,0.0609,0.9959,1.994,0.287
6.33,-0.2815,0.0613,0.9972,-0.2815,0.0609,0.9959,1.967,0.279
6.335,-0.2818,0.0614,0.9973,-0.2817,0.0613,0.9964,1.94,0.271
6.34,-0.2821,0.0615,0.9974,-0.2819,0.0612,0.9966,1.913,0.264
6.345,-0.2823,0.0615,0.9974,-0.2823,0.0613,0.9969,1.886,0.257
6.35,-0.2826,0.0616,0.9975,-0.2823,0.0615,0.997,1.858,0.251
6.355,-0.2829,0.0617,0.9975,-0.2828,0.0617,0.9972,1.83,0.246
6.36,-0.2831,0.0618,0.9976,-0.283,0.0617,0.9975,1.802,0.242
6.365,-0.2834,0.0619,0.9976,-0.2833,0.062,0.9975,1.773,0.239
6.37,-0.2837,0.062,0.9976,-0.2835,0.0619,0.9977,1.744,0.236
6.375,-0.2839,0.062,0.9977,-0.284,0.0621,0.998,1.715,0.234
6.38,-0.2842,0.0621,0.9977,-0.2841,0.0623,0.9981,1.686,0.233
6.385,-0.2845,0.0622,0.9977,-0.2845,0.0622,0.998,1.657,0.233
6.39,-0.2848,0.0623,0.9977,-0.2847,0.0622,0.9981,1.627,0.233
6.395,-0.2851,0.0624,0.9977,-0.285,0.0623,0.9978,1.597,0.235
6.4,-0.2854,0.0625,0.9976,-0.2854,0.0623,0.9978,1.567,0.237
6.405,-0.2857,0.0626,0.9976,-0.2857,0.0624,0.9979,1.537,0.241
6.41,-0.286,0.0627,0.9976,-0.2859,0.0625,0.9979,1.506,0.245
6.415,-0.2863,0.0628,0.9975,-0.2862,0.0627,0.998,1.475,0.25
6.42,-0.2866,0.0629,0.9974,-0.2865,0.0629,0.9981,1.444,0.255
6.425,-0.2869,0.063,0.9974,-0.2866,0.0629,0.9981,1.413,0.262
6.43,-0.2872,0.0631,0.9973,-0.287,0.0629,0.9982,1.381,0.269
6.435,-0.2875,0.0632,0.9972,-0.2875,0.063,0.9982,1.35,0.277
6.44,-0.2878,0.0633,0.9971,-0.2877,0.0633,0.9983,1.318,0.285
6.445,-0.2881,0.0634,0.9971,-0.288,0.0633,0.9982,1.285,0.294
6.45,-0.2884,0.0635,0.997,-0.2883,0.0634,0.9981,1.253,0.304
6.455,-0.2887,0.0636,0.9969,-0.2886,0.0635,0.9981,1.221,0.314
6.46,-0.289,0.0637,0.9967,-0.2889,0.0636,0.9982,1.188,0.325
6.465,-0.2894,0.0638,0.9966,-0.2893,0.0638,0.9982,1.155,0.336
6.47,-0.2897,0.0639,0.9965,-0.2898,0.0636,0.9979,1.122,0.348
6.475,-0.29,0.064,0.9964,-0.2898,0.0638,0.9978,1.088,0.36
6.48,-0.2903,0.0641,0.9963,-0.2904,0.0641,0.9978,1.055,0.372
6.485,-0.2907,0.0642,0.9962,-0.2905,0.064,0.998,1.021,0.385
6.49,-0.291,0.0643,0.996,-0.291,0.0643,0.998,0.987,0.398
6.495,-0.2913,0.0644,0.9959,-0.2914,0.0644,0.998,0.953,0.41
6.5,-0.2917,0.0645,0.9958,-0.2915,0.0643,0.9979,0.919,0.423
6.505,-0.292,0.0646,0.9956,-0.2921,0.0645,0.9977,0.885,0.436
6.51,-0.2923,0.0647,0.9955,-0.2923,0.0648,0.9975,0.85,0.449
6.515,-0.2927,0.0648,0.9954,-0.2924,0.0647,0.9973,0.815,0.462
6.52,-0.293,0.0649,0.9952,-0.2928,0.0648,0.9971,0.781,0.475
6.525,-0.2934,0.065,0.9951,-0.293,0.065,0.9972,0.746,0.488
6.53,-0.2937,0.0651,0.995,-0.2936,0.0651,0.9974,0.711,0.5
6.535,-0.2941,0.0653,0.9949,-0.294,0.0652,0.9975,0.676,0.512
6.54,-0.2944,0.0654,0.9948,-0.2944,0.065,0.9977,0.64,0.524
6.545,-0.2948,0.0655,0.9946,-0.2945,0.0653,0.9975,0.605,0.536
6.55,-0.2951,0.0656,0.9945,-0.295,0.0656,0.9971,0.57,0.547
6.555,-0.2955,0.0657,0.9944,-0.2955,0.0656,0.9972,0.535,0.557
6.56,-0.2959,0.0658,0.9943,-0.2958,0.0658,0.9975,0.501,0.567
6.565,-0.2962,0.0659,0.9942,-0.296,0.066,0.9972,0.466,0.577
6.57,-0.2966,0.066,0.9941,-0.2966,0.0662,0.9971,0.432,0.586
6.575,-0.297,0.0661,0.9941,-0.297,0.066,0.9969,0.399,0.595
6.58,-0.2973,0.0662,0.994,-0.2971,0.0664,0.9966,0.366,0.603
6.585,-0.2977,0.0664,0.9939,-0.2976,0.0664,0.9967,0.335,0.611
6.59,-0.2981,0.0665,0.9938,-0.2982,0.0665,0.9964,0.305,0.618
6.595,-0.2985,0.0666,0.9938,-0.2984,0.0666,0.9964,0.277,0.624
6.6,-0.2989,0.0667,0.9937,-0.2988,0.0668,0.9964,0.253,0.63
6.605,-0.2992,0.0668,0.9936,-0.2991,0.0669,0.9963,0.233,0.635
6.61,-0.2996,0.0669,0.9936,-0.2994,0.0669,0.996,0.218,0.64
6.615,-0.3,0.067,0.9936,-0.2998,0.0673,0.9959,0.209,0.644
6.62,-0.3004,0.0672,0.9935,-0.3001,0.067,0.9959,0.209,0.647
6.625,-0.3008,0.0673,0.9935,-0.3006,0.0673,0.996,0.216,0.65
6.63,-0.3012,0.0674,0.9935,-0.301,0.0673,0.9957,0.231,0.652
6.635,-0.3016,0.0675,0.9935,-0.3016,0.0672,0.9956,0.251,0.653
6.64,-0.302,0.0676,0.9935,-0.3019,0.0673,0.9955,0.276,0.654
6.645,-0.3024,0.0677,0.9935,-0.3022,0.0674,0.9954,0.305,0.654
6.65,-0.3028,0.0679,0.9935,-0.3026,0.0678,0.9955,0.337,0.654
6.655,-0.3032,0.068,0.9935,-0.3031,0.0679,0.9956,0.371,0.653
6.66,-0.3036,0.0681,0.9935,-0.3033,0.068,0.9955,0.407,0.651
6.665,-0.304,0.0682,0.9935,-0.3038,0.0681,0.9954,0.444,0.649
6.67,-0.3044,0.0683,0.9935,-0.3042,0.0682,0.9953,0.481,0.646
6.675,-0.3048,0.0684,0.9936,-0.3046,0.0684,0.9952,0.52,0.643
6.68,-0.3052,0.0686,0.9936,-0.3053,0.0685,0.9953,0.56,0.639
6.685,-0.3057,0.0687,0.9937,-0.3055,0.0688,0.9953,0.6,0.634
6.69,-0.3061,0.0688,0.9937,-0.306,0.0687,0.9953,0.641,0.629
6.695,-0.3065,0.0689,0.9938,-0.3064,0.069,0.9954,0.682,0.624
6.7,-0.3069,0.069,0.9938,-0.3068,0.069,0.9954,0.723,0.618
6.705,-0.3073,0.0691,0.9939,-0.307,0.0692,0.9952,0.765,0.612
6.71,-0.3078,0.0693,0.9939,-0.3074,0.0693,0.9952,0.807,0.606
6.715,-0.3082,0.0694,0.994,-0.308,0.0693,0.9953,0.85,0.599
6.72,-0.3086,0.0695,0.9941,-0.3083,0.0694,0.9952,0.892,0.591
6.725,-0.309,0.0696,0.9942,-0.3087,0.0696,0.995,0.935,0.584
6.73,-0.3095,0.0697,0.9942,-0.3094,0.0695,0.995,0.978,0.576
6.735,-0.3099,0.0698,0.9943,-0.3097,0.0697,0.995,1.022,0.568
6.74,-0.3103,0.07,0.9944,-0.3101,0.0696,0.9952,1.065,0.56
6.745,-0.3107,0.0701,0.9945,-0.3106,0.0699,0.9952,1.109,0.552
6.75,-0.3112,0.0702,0.9946,-0.3112,0.0701,0.9951,1.153,0.543
6.755,-0.3116,0.0703,0.9947,-0.3116,0.0702,0.9949,1.197,0.534
6.76,-0.312,0.0704,0.9947,-0.3121,0.0703,0.9947,1.241,0.526
6.765,-0.3125,0.0706,0.9948,-0.3125,0.0705,0.9949,1.286,0.517
6.77,-0.3129,0.0707,0.9949,-0.3126,0.0707,0.9953,1.33,0.508
6.775,-0.3133,0.0708,0.995,-0.3133,0.0708,0.9952,1.375,0.499
6.78,-0.3138,0.0709,0.9951,-0.3135,0.0708,0.9952,1.419,0.491
6.785,-0.3142,0.071,0.9952,-0.3139,0.0708,0.9952,1.464,0.482
6.79,-0.3147,0.0711,0.9953,-0.3144,0.071,0.9951,1.509,0.473
6.795,-0.3151,0.0713,0.9954,-0.3148,0.0713,0.9952,1.554,0.465
6.8,-0.3155,0.0714,0.9954,-0.3152,0.0712,0.9953,1.599,0.456
6.805,-0.316,0.0715,0.9955,-0.3156,0.0714,0.9955,1.644,0.448
6.81,-0.3164,0.0716,0.9956,-0.3161,0.0714,0.9955,1.689,0.44
6.815,-0.3169,0.0717,0.9957,-0.3165,0.0718,0.9956,1.734,0.432
6.82,-0.3173,0.0718,0.9958,-0.3171,0.0719,0.9956,1.779,0.424
6.825,-0.3177,0.0719,0.9958,-0.3175,0.072,0.9958,1.825,0.417
6.83,-0.3182,0.0721,0.9959,-0.3179,0.0721,0.9958,1.87,0.409
6.835,-0.3186,0.0722,0.996,-0.3185,0.0721,0.9957,1.915,0.402
6.84,-0.3191,0.0723,0.996,-0.3188,0.0723,0.996,1.96,0.395
6.845,-0.3195,0.0724,0.9961,-0.3194,0.0723,0.9958,2.006,0.389
6.85,-0.32,0.0725,0.9962,-0.3199,0.0725,0.9961,2.051,0.383
6.855,-0.3204,0.0726,0.9962,-0.3204,0.0725,0.996,2.096,0.377
6.86,-0.3208,0.0727,0.9963,-0.3208,0.0727,0.9963,2.142,0.371
6.865,-0.3213,0.0728,0.9963,-0.3213,0.0729,0.9962,2.187,0.366
6.87,-0.3217,0.073,0.9964,-0.3216,0.073,0.9962,2.232,0.361
6.875,-0.3222,0.0731,0.9964,-0.3221,0.073,0.9963,2.278,0.356
6.88,-0.3226,0.0732,0.9965,-0.3227,0.073,0.9961,2.323,0.352
6.885,-0.3231,0.0733,0.9965,-0.323,0.073,0.9962,2.368,0.348
6.89,-0.3235,0.0734,0.9966,-0.3234,0.0733,0.9963,2.413,0.344
6.895,-0.3239,0.0735,0.9966,-0.3239,0.0733,0.9963,2.459,0.341
6.9,-0.3244,0.0736,0.9966,-0.3243,0.0736,0.9962,2.504,0.338
6.905,-0.3248,0.0737,0.9967,-0.3247,0.0735,0.9962,2.549,0.335
6.91,-0.3253,0.0738,0.9967,-0.3251,0.0737,0.9962,2.594,0.333
6.915,-0.3257,0.0739,0.9967,-0.3256,0.0738,0.9963,2.639,0.33
6.92,-0.3261,0.0741,0.9967,-0.3261,0.074,0.9964,2.684,0.329
6.925,-0.3266,0.0742,0.9967,-0.3266,0.074,0.9967,2.73,0.327
6.93,-0.327,0.0743,0.9967,-0.3269,0.0742,0.9965,2.775,0.326
6.935,-0.3275,0.0744,0.9968,-0.3273,0.0744,0.9963,2.82,0.325
6.94,-0.3279,0.0745,0.9968,-0.3277,0.0745,0.9965,2.865,0.324
6.945,-0.3283,0.0746,0.9968,-0.3281,0.0745,0.9964,2.91,0.324
6.95,-0.3288,0.0747,0.9968,-0.3286,0.0748,0.9965,2.955,0.324
6.955,-0.3292,0.0748,0.9968,-0.329,0.0746,0.9967,2.999,0.324
6.96,-0.3297,0.0749,0.9968,-0.3294,0.0749,0.9965,3.044,0.324
6.965,-0.3301,0.075,0.9968,-0.3298,0.075,0.9965,3.089,0.324
6.97,-0.3305,0.0751,0.9968,-0.3304,0.0751,0.9965,3.134,0.325
6.975,-0.331,0.0752,0.9967,-0.3307,0.0753,0.9965,3.178,0.325
6.98,-0.3314,0.0753,0.9967,-0.3311,0.0751,0.9966,3.223,0.326
6.985,-0.3318,0.0754,0.9967,-0.3317,0.0753,0.9962,3.268,0.327
6.99,-0.3323,0.0755,0.9967,-0.3321,0.0754,0.9965,3.312,0.327
6.995,-0.3327,0.0756,0.9967,-0.3326,0.0754,0.9965,3.356,0.328
7.0,-0.3331,0.0757,0.9967,-0.3328,0.0756,0.9963,3.401,0.329
7.005,-0.3336,0.0758,0.9967,-0.3334,0.0757,0.9965,3.445,0.33
7.01,-0.334,0.0759,0.9967,-0.3339,0.0756,0.9961,3.489,0.331
7.015,-0.3344,0.076,0.9967,-0.3344,0.076,0.9962,3.533,0.331
7.02,-0.3349,0.0761,0.9967,-0.3349,0.0761,0.9962,3.577,0.332
7.025,-0.3353,0.0762,0.9967,-0.3354,0.0762,0.9961,3.621,0.332
7.03,-0.3357,0.0763,0.9967,-0.3358,0.0763,0.9961,3.665,0.333
7.035,-0.3362,0.0764,0.9967,-0.336,0.0762,0.996,3.709,0.333
7.04,-0.3366,0.0765,0.9967,-0.3366,0.0763,0.9962,3.752,0.333
7.045,-0.337,0.0766,0.9967,-0.3368,0.0765,0.9965,3.796,0.333
7.05,-0.3374,0.0766,0.9967,-0.3374,0.0766,0.9967,3.839,0.333
7.055,-0.3379,0.0767,0.9967,-0.3377,0.0767,0.9967,3.883,0.333
7.06,-0.3383,0.0768,0.9967,-0.3381,0.0769,0.997,3.926,0.332
7.065,-0.3387,0.0769,0.9967,-0.3384,0.0771,0.9971,3.969,0.332
7.07,-0.3391,0.077,0.9967,-0.339,0.077,0.9975,4.012,0.331
7.075,-0.3396,0.0771,0.9967,-0.3392,0.0769,0.9973,4.055,0.33
7.08,-0.34,0.0772,0.9967,-0.3398,0.0772,0.9971,4.098,0.33
7.085,-0.3404,0.0773,0.9967,-0.3403,0.0772,0.9974,4.141,0.329
7.09,-0.3408,0.0773,0.9967,-0.3407,0.0774,0.9976,4.183,0.328
7.095,-0.3413,0.0774,0.9967,-0.3411,0.0773,0.9976,4.226,0.327
7.1,-0.3417,0.0775,0.9967,-0.3416,0.0773,0.9975,4.268,0.327
7.105,-0.3421,0.0776,0.9967,-0.342,0.0774,0.9977,4.31,0.326
7.11,-0.3425,0.0777,0.9967,-0.3426,0.0777,0.9977,4.352,0.325
7.115,-0.3429,0.0778,0.9968,-0.3427,0.0779,0.9977,4.394,0.325
7.12,-0.3433,0.0778,0.9968,-0.3432,0.0778,0.9977,4.436,0.324
7.125,-0.3437,0.0779,0.9968,-0.3436,0.0778,0.9976,4.477,0.323
7.13,-0.3441,0.078,0.9968,-0.344,0.078,0.9976,4.518,0.323
7.135,-0.3445,0.0781,0.9968,-0.3446,0.078,0.9977,4.56,0.322
7.14,-0.345,0.0781,0.9968,-0.345,0.0781,0.9977,4.601,0.321
7.145,-0.3454,0.0782,0.9968,-0.3453,0.0783,0.9975,4.642,0.321
7.15,-0.3458,0.0783,0.9968,-0.3455,0.0783,0.9976,4.683,0.32
7.155,-0.3462,0.0784,0.9968,-0.346,0.0785,0.9976,4.723,0.319
7.16,-0.3466,0.0784,0.9968,-0.3466,0.0783,0.9976,4.764,0.319
7.165,-0.347,0.0785,0.9968,-0.3469,0.0785,0.9974,4.804,0.318
7.17,-0.3474,0.0786,0.9968,-0.3474,0.0785,0.9977,4.844,0.317
7.175,-0.3478,0.0786,0.9968,-0.3478,0.0785,0.9975,4.884,0.317
7.18,-0.3482,0.0787,0.9968,-0.348,0.0785,0.9973,4.924,0.316
7.185,-0.3486,0.0788,0.9968,-0.3485,0.0789,0.9976,4.964,0.315
7.19,-0.3489,0.0788,0.9969,-0.3488,0.079,0.9977,5.003,0.315
7.195,-0.3493,0.0789,0.9969,-0.3491,0.0789,0.9978,5.043,0.314
7.2,-0.3497,0.079,0.9969,-0.3495,0.0791,0.9978,5.082,0.313
7.205,-0.3501,0.079,0.9969,-0.3498,0.0791,0.9977,5.121,0.312
7.21,-0.3505,0.0791,0.9969,-0.3502,0.0792,0.9979,5.159,0.311
7.215,-0.3509,0.0791,0.9969,-0.3506,0.079,0.9979,5.198,0.31
7.22,-0.3513,0.0792,0.9969,-0.351,0.0791,0.9978,5.237,0.309
7.225,-0.3516,0.0793,0.9969,-0.3515,0.0792,0.9976,5.275,0.308
7.23,-0.352,0.0793,0.9969,-0.3518,0.0792,0.9976,5.313,0.307
7.235,-0.3524,0.0794,0.9969,-0.3523,0.0793,0.9975,5.351,0.306
7.24,-0.3528,0.0794,0.997,-0.3528,0.0795,0.9975,5.388,0.304
7.245,-0.3531,0.0795,0.997,-0.3532,0.0794,0.9977,5.426,0.303
7.25,-0.3535,0.0795,0.997,-0.3535,0.0795,0.9976,5.463,0.302
7.255,-0.3539,0.0796,0.997,-0.3538,0.0796,0.9975,5.5,0.3
7.26,-0.3543,0.0796,0.997,-0.3542,0.0796,0.9976,5.537,0.299
7.265,-0.3546,0.0797,0.997,-0.3546,0.0797,0.9976,5.573,0.298
7.27,-0.355,0.0797,0.997,-0.3548,0.0797,0.9973,5.61,0.296
7.275,-0.3553,0.0798,0.9971,-0.3553,0.0798,0.9973,5.646,0.294
7.28,-0.3557,0.0798,0.9971,-0.3555,0.0798,0.9972,5.682,0.293
7.285,-0.3561,0.0799,0.9971,-0.356,0.08,0.9973,5.717,0.291
7.29,-0.3564,0.0799,0.9971,-0.3564,0.08,0.9977,5.753,0.289
7.295,-0.3568,0.08,0.9971,-0.3567,0.0801,0.9977,5.788,0.287
7.3,-0.3571,0.08,0.9971,-0.3571,0.0801,0.9978,5.823,0.285
7.305,-0.3575,0.0801,0.9972,-0.3575,0.0802,0.9978,5.858,0.283
7.31,-0.3578,0.0801,0.9972,-0.3575,0.0802,0.9979,5.893,0.281
7.315,-0.3582,0.0802,0.9972,-0.3582,0.0802,0.998,5.927,0.279
7.32,-0.3585,0.0802,0.9972,-0.3584,0.0804,0.9978,5.961,0.276
7.325,-0.3588,0.0802,0.9973,-0.3588,0.0802,0.998,5.995,0.274
7.33,-0.3592,0.0803,0.9973,-0.359,0.0802,0.9978,6.029,0.272
7.335,-0.3595,0.0803,0.9973,-0.3595,0.0802,0.9977,6.062,0.269
7.34,-0.3598,0.0804,0.9973,-0.3597,0.0806,0.9978,6.095,0.267
7.345,-0.3602,0.0804,0.9974,-0.3601,0.0804,0.9978,6.128,0.264
7.35,-0.3605,0.0804,0.9974,-0.3602,0.0804,0.998,6.161,0.262
7.355,-0.3608,0.0805,0.9974,-0.3607,0.0805,0.9979,6.193,0.259
7.36,-0.3611,0.0805,0.9974,-0.361,0.0805,0.9979,6.225,0.257
7.365,-0.3615,0.0805,0.9975,-0.3613,0.0805,0.998,6.257,0.254
7.37,-0.3618,0.0806,0.9975,-0.3619,0.0806,0.9979,6.288,0.252
7.375,-0.3621,0.0806,0.9975,-0.362,0.0805,0.9978,6.32,0.249
7.38,-0.3624,0.0806,0.9975,-0.3624,0.0806,0.9977,6.351,0.247
7.385,-0.3627,0.0807,0.9976,-0.3627,0.0808,0.9975,6.382,0.244
7.39,-0.363,0.0807,0.9976,-0.363,0.0807,0.9975,6.412,0.242
7.395,-0.3633,0.0807,0.9976,-0.3633,0.0807,0.9974,6.442,0.239
7.4,-0.3636,0.0807,0.9976,-0.3635,0.0809,0.9973,6.472,0.237
7.405,-0.3639,0.0808,0.9977,-0.3638,0.0808,0.9975,6.502,0.234
7.41,-0.3642,0.0808,0.9977,-0.3642,0.0809,0.9975,6.531,0.232
7.415,-0.3645,0.0808,0.9977,-0.3644,0.0808,0.9976,6.561,0.229
7.42,-0.3648,0.0809,0.9977,-0.3647,0.0808,0.9975,6.589,0.227
7.425,-0.3651,0.0809,0.9978,-0.3649,0.0808,0.9977,6.618,0.224
7.43,-0.3654,0.0809,0.9978,-0.3652,0.0808,0.9979,6.646,0.222
7.435,-0.3657,0.0809,0.9978,-0.3657,0.0809,0.9979,6.674,0.219
7.44,-0.366,0.0809,0.9978,-0.3659,0.0809,0.9979,6.702,0.217
7.445,-0.3662,0.081,0.9979,-0.3661,0.0809,0.9978,6.729,0.214
7.45,-0.3665,0.081,0.9979,-0.3663,0.0811,0.9973,6.757,0.212
7.455,-0.3668,0.081,0.9979,-0.3666,0.081,0.9971,6.783,0.209
7.46,-0.367,0.081,0.9979,-0.3668,0.0812,0.9973,6.81,0.207
7.465,-0.3673,0.081,0.998,-0.3672,0.0812,0.9973,6.836,0.204
7.47,-0.3676,0.0811,0.998,-0.3673,0.0812,0.9974,6.862,0.202
7.475,-0.3678,0.0811,0.998,-0.3678,0.081,0.9972,6.888,0.2
7.48,-0.3681,0.0811,0.998,-0.368,0.0811,0.997,6.913,0.197
7.485,-0.3683,0.0811,0.9981,-0.3683,0.081,0.9968,6.938,0.195
7.49,-0.3686,0.0811,0.9981,-0.3683,0.081,0.997,6.963,0.192
7.495,-0.3688,0.0811,0.9981,-0.3688,0.081,0.9973,6.987,0.19
7.5,-0.3691,0.0811,0.9981,-0.3689,0.081,0.9972,7.012,0.187
7.505,-0.3693,0.0812,0.9982,-0.3693,0.0809,0.997,7.035,0.184
7.51,-0.3696,0.0812,0.9982,-0.3694,0.0812,0.997,7.059,0.182
7.515,-0.3698,0.0812,0.9982,-0.3698,0.0812,0.9972,7.082,0.179
7.52,-0.37,0.0812,0.9982,-0.37,0.0812,0.9973,7.105,0.176
7.525,-0.3703,0.0812,0.9983,-0.3703,0.0811,0.9974,7.128,0.173
7.53,-0.3705,0.0812,0.9983,-0.3704,0.081,0.9974,7.15,0.17
7.535,-0.3707,0.0812,0.9983,-0.3707,0.0811,0.9974,7.172,0.167
7.54,-0.3709,0.0812,0.9984,-0.3709,0.081,0.9973,7.194,0.163
7.545,-0.3712,0.0812,0.9984,-0.371,0.0812,0.9974,7.215,0.16
7.55,-0.3714,0.0812,0.9984,-0.3713,0.0812,0.9973,7.236,0.157
7.555,-0.3716,0.0812,0.9985,-0.3716,0.0812,0.9974,7.256,0.153
7.56,-0.3718,0.0812,0.9985,-0.3717,0.0812,0.9978,7.277,0.15
7.565,-0.372,0.0812,0.9985,-0.372,0.0814,0.9979,7.297,0.146
7.57,-0.3722,0.0812,0.9986,-0.3721,0.0814,0.9976,7.316,0.143
7.575,-0.3724,0.0812,0.9986,-0.3722,0.0813,0.9975,7.336,0.139
7.58,-0.3726,0.0812,0.9986,-0.3723,0.0813,0.9978,7.355,0.136
7.585,-0.3728,0.0812,0.9987,-0.3727,0.0812,0.9977,7.373,0.132
7.59,-0.373,0.0812,0.9987,-0.3727,0.0813,0.998,7.391,0.128
7.595,-0.3732,0.0812,0.9988,-0.3729,0.0812,0.9982,7.409,0.125
7.6,-0.3733,0.0812,0.9988,-0.3733,0.0811,0.9983,7.427,0.121
7.605,-0.3735,0.0812,0.9988,-0.3734,0.0811,0.9984,7.444,0.117
7.61,-0.3737,0.0812,0.9989,-0.3736,0.0813,0.9985,7.461,0.114
7.615,-0.3739,0.0812,0.9989,-0.3736,0.0813,0.9986,7.478,0.11
7.62,-0.374,0.0812,0.9989,-0.3736,0.0813,0.9984,7.494,0.107
7.625,-0.3742,0.0812,0.999,-0.3743,0.0813,0.9986,7.509,0.103
7.63,-0.3743,0.0812,0.999,-0.3743,0.0812,0.9986,7.525,0.1
7.635,-0.3745,0.0811,0.999,-0.3745,0.0813,0.9987,7.54,0.097
7.64,-0.3747,0.0811,0.9991,-0.3745,0.0811,0.9986,7.555,0.093
7.645,-0.3748,0.0811,0.9991,-0.3749,0.0813,0.9984,7.569,0.09
7.65,-0.3749,0.0811,0.9991,-0.375,0.0811,0.9984,7.583,0.087
7.655,-0.3751,0.0811,0.9992,-0.3749,0.0808,0.9985,7.596,0.084
7.66,-0.3752,0.0811,0.9992,-0.3751,0.081,0.9981,7.61,0.081
7.665,-0.3754,0.0811,0.9992,-0.3753,0.0811,0.9981,7.622,0.078
7.67,-0.3755,0.0811,0.9992,-0.3754,0.0811,0.9982,7.635,0.076
7.675,-0.3756,0.081,0.9993,-0.3758,0.0811,0.9983,7.647,0.073
7.68,-0.3757,0.081,0.9993,-0.3758,0.081,0.9982,7.659,0.07
7.685,-0.3759,0.081,0.9993,-0.3758,0.081,0.9982,7.67,0.067
7.69,-0.376,0.081,0.9994,-0.3761,0.081,0.9984,7.681,0.065
7.695,-0.3761,0.081,0.9994,-0.3759,0.081,0.9983,7.691,0.062
7.7,-0.3762,0.0809,0.9994,-0.3762,0.0811,0.9984,7.702,0.06
7.705,-0.3763,0.0809,0.9994,-0.3761,0.081,0.9983,7.711,0.057
7.71,-0.3764,0.0809,0.9995,-0.3763,0.0809,0.9985,7.721,0.055
7.715,-0.3765,0.0809,0.9995,-0.3765,0.081,0.9988,7.73,0.052
7.72,-0.3766,0.0808,0.9995,-0.3765,0.081,0.999,7.739,0.049
7.725,-0.3767,0.0808,0.9995,-0.3765,0.0809,0.9989,7.747,0.047
7.73,-0.3768,0.0808,0.9996,-0.3767,0.0808,0.999,7.755,0.044
7.735,-0.3769,0.0808,0.9996,-0.3767,0.0806,0.9991,7.762,0.042
7.74,-0.3769,0.0807,0.9996,-0.3771,0.0807,0.9992,7.769,0.04
7.745,-0.377,0.0807,0.9996,-0.3769,0.0807,0.9993,7.776,0.037
7.75,-0.3771,0.0807,0.9996,-0.377,0.0806,0.9997,7.782,0.035
7.755,-0.3771,0.0807,0.9997,-0.3771,0.0805,0.9995,7.788,0.033
7.76,-0.3772,0.0806,0.9997,-0.3771,0.0807,0.9995,7.794,0.031
7.765,-0.3773,0.0806,0.9997,-0.3774,0.0807,0.9994,7.799,0.029
7.77,-0.3773,0.0806,0.9997,-0.3771,0.0807,0.9994,7.804,0.027
7.775,-0.3774,0.0805,0.9997,-0.3775,0.0804,0.9997,7.808,0.026
7.78,-0.3774,0.0805,0.9998,-0.3773,0.0805,1.0,7.812,0.024
7.785,-0.3775,0.0805,0.9998,-0.3775,0.0806,0.9998,7.815,0.023
7.79,-0.3775,0.0804,0.9998,-0.3772,0.0804,0.9997,7.818,0.022
7.795,-0.3775,0.0804,0.9998,-0.3775,0.0804,0.9998,7.821,0.021
7.8,-0.3776,0.0804,0.9998,-0.3776,0.0802,0.9998,7.823,0.021
7.805,-0.3776,0.0803,0.9998,-0.3776,0.0804,0.9998,7.825,0.02
7.81,-0.3776,0.0803,0.9998,-0.3776,0.0805,1.0001,7.827,0.02
7.815,-0.3776,0.0803,0.9998,-0.3777,0.0803,1.0,7.828,0.02
7.82,-0.3776,0.0802,0.9998,-0.3777,0.0803,1.0002,7.828,0.02
7.825,-0.3777,0.0802,0.9998,-0.3777,0.0804,1.0001,7.829,0.02
7.83,-0.3777,0.0801,0.9998,-0.3777,0.0801,1.0003,7.829,0.02
7.835,-0.3777,0.0801,0.9998,-0.3777,0.08,1.0002,7.828,0.02
7.84,-0.3777,0.0801,0.9998,-0.3777,0.08,1.0004,7.827,0.021
7.845,-0.3777,0.08,0.9998,-0.3778,0.08,1.0002,7.826,0.022
7.85,-0.3776,0.08,0.9998,-0.3777,0.0799,1.0003,7.824,0.023
7.855,-0.3776,0.0799,0.9998,-0.3776,0.0801,1.0004,7.822,0.024
7.86,-0.3776,0.0799,0.9998,-0.3775,0.08,1.0004,7.819,0.025
7.865,-0.3776,0.0798,0.9997,-0.3776,0.0799,1.0005,7.816,0.026
7.87,-0.3776,0.0798,0.9997,-0.3775,0.0799,1.0006,7.813,0.027
7.875,-0.3775,0.0798,0.9997,-0.3775,0.0799,1.0004,7.809,0.029
7.88,-0.3775,0.0797,0.9997,-0.3775,0.0798,1.0002,7.805,0.031
7.885,-0.3775,0.0797,0.9997,-0.3776,0.0798,1.0002,7.801,0.032
7.89,-0.3774,0.0796,0.9997,-0.3774,0.0797,1.0002,7.796,0.035
7.895,-0.3774,0.0796,0.9996,-0.3776,0.0798,1.0,7.79,0.037
7.9,-0.3773,0.0795,0.9996,-0.3775,0.0796,1.0,7.784,0.039
7.905,-0.3773,0.0795,0.9996,-0.3774,0.0796,0.9999,7.778,0.041
7.91,-0.3772,0.0794,0.9996,-0.3775,0.0796,1.0002,7.772,0.043
7.915,-0.3772,0.0794,0.9995,-0.3771,0.0795,0.9999,7.765,0.046
7.92,-0.3771,0.0793,0.9995,-0.3771,0.0794,0.9999,7.758,0.048
7.925,-0.377,0.0793,0.9995,-0.3772,0.0793,0.9999,7.75,0.05
7.93,-0.377,0.0792,0.9995,-0.377,0.0792,0.9998,7.742,0.053
7.935,-0.3769,0.0792,0.9994,-0.3768,0.079,0.9997,7.733,0.055
7.94,-0.3768,0.0791,0.9994,-0.3767,0.0791,0.9997,7.725,0.057
7.945,-0.3767,0.0791,0.9994,-0.3769,0.079,0.9995,7.715,0.06
7.95,-0.3766,0.079,0.9994,-0.3767,0.0789,0.9995,7.706,0.062
7.955,-0.3765,0.0789,0.9994,-0.3765,0.079,0.9995,7.696,0.064
7.96,-0.3764,0.0789,0.9993,-0.3765,0.0786,0.9993,7.686,0.065
7.965,-0.3763,0.0788,0.9993,-0.3763,0.0789,0.9993,7.675,0.067
7.97,-0.3762,0.0788,0.9993,-0.3762,0.0788,0.9989,7.664,0.068
7.975,-0.3761,0.0787,0.9993,-0.3762,0.0788,0.999,7.653,0.07
7.98,-0.376,0.0787,0.9993,-0.3761,0.0787,0.9991,7.641,0.071
7.985,-0.3759,0.0786,0.9993,-0.376,0.0786,0.9989,7.629,0.071
7.99,-0.3758,0.0786,0.9993,-0.376,0.0786,0.9988,7.616,0.072
7.995,-0.3757,0.0785,0.9993,-0.3758,0.0786,0.9988,7.603,0.072
8.0,-0.3755,0.0785,0.9993,-0.3757,0.0783,0.9987,7.59,0.072
8.005,-0.3754,0.0784,0.9993,-0.3755,0.0783,0.9988,7.577,0.071
8.01,-0.3753,0.0783,0.9993,-0.3753,0.0783,0.9989,7.563,0.07
8.015,-0.3752,0.0783,0.9993,-0.3752,0.0782,0.9988,7.548,0.069
8.02,-0.375,0.0782,0.9993,-0.3749,0.0782,0.9986,7.534,0.067
8.025,-0.3749,0.0782,0.9994,-0.3748,0.0782,0.9986,7.519,0.065
8.03,-0.3747,0.0781,0.9994,-0.3747,0.078,0.9987,7.503,0.062
8.035,-0.3746,0.078,0.9994,-0.3745,0.0781,0.9988,7.488,0.059
8.04,-0.3744,0.078,0.9994,-0.3744,0.0781,0.9989,7.472,0.056
8.045,-0.3743,0.0779,0.9995,-0.3742,0.0781,0.9989,7.455,0.052
8.05,-0.3741,0.0779,0.9995,-0.3741,0.0778,0.999,7.438,0.048
8.055,-0.3739,0.0778,0.9996,-0.3738,0.0781,0.9988,7.421,0.044
8.06,-0.3738,0.0777,0.9996,-0.3736,0.0779,0.999,7.404,0.039
8.065,-0.3736,0.0777,0.9997,-0.3735,0.0777,0.999,7.386,0.034
8.07,-0.3734,0.0776,0.9997,-0.3735,0.0777,0.9991,7.368,0.028
8.075,-0.3733,0.0776,0.9998,-0.3734,0.0777,0.999,7.349,0.022
8.08,-0.3731,0.0775,0.9998,-0.3732,0.0775,0.9989,7.33,0.016
8.085,-0.3729,0.0774,0.9999,-0.3732,0.0773,0.9986,7.311,0.009
8.09,-0.3727,0.0774,1.0,-0.373,0.0772,0.9989,7.292,0.003
8.095,-0.3725,0.0773,1.0,-0.3726,0.0775,0.999,7.272,0.005
8.1,-0.3723,0.0772,1.0001,-0.3724,0.0771,0.9989,7.252,0.012
8.105,-0.3721,0.0772,1.0002,-0.3722,0.0769,0.9991,7.231,0.02
8.11,-0.3719,0.0771,1.0003,-0.372,0.0771,0.9991,7.21,0.028
8.115,-0.3717,0.077,1.0004,-0.372,0.0769,0.9995,7.189,0.036
8.12,-0.3715,0.077,1.0004,-0.3717,0.077,0.9995,7.167,0.044
8.125,-0.3713,0.0769,1.0005,-0.3714,0.0768,0.9997,7.146,0.053
8.13,-0.3711,0.0768,1.0006,-0.3711,0.0769,0.9998,7.123,0.061
8.135,-0.3709,0.0768,1.0007,-0.371,0.0767,1.0003,7.101,0.07
8.14,-0.3707,0.0767,1.0008,-0.3709,0.0767,1.0003,7.078,0.079
8.145,-0.3704,0.0766,1.0009,-0.3707,0.0766,1.0001,7.055,0.087
8.15,-0.3702,0.0766,1.001,-0.3704,0.0766,1.0,7.031,0.096
8.155,-0.37,0.0765,1.001,-0.37,0.0766,1.0,7.008,0.105
8.16,-0.3697,0.0764,1.0011,-0.3696,0.0765,1.0,6.984,0.113
8.165,-0.3695,0.0764,1.0012,-0.3696,0.0765,0.9999,6.959,0.122
8.17,-0.3693,0.0763,1.0013,-0.3694,0.0764,1.0001,6.935,0.13
8.175,-0.369,0.0762,1.0014,-0.3689,0.0762,1.0002,6.909,0.138
8.18,-0.3688,0.0762,1.0015,-0.3687,0.0761,1.0003,6.884,0.146
8.185,-0.3685,0.0761,1.0015,-0.3684,0.0762,1.0007,6.858,0.153
8.19,-0.3683,0.076,1.0016,-0.3683,0.0762,1.0008,6.833,0.161
8.195,-0.368,0.076,1.0017,-0.3681,0.076,1.0008,6.806,0.168
8.2,-0.3678,0.0759,1.0017,-0.368,0.076,1.0007,6.78,0.175
8.205,-0.3675,0.0758,1.0018,-0.3676,0.0759,1.0006,6.753,0.181
8.21,-0.3672,0.0757,1.0019,-0.3675,0.0757,1.0006,6.725,0.188
8.215,-0.367,0.0757,1.0019,-0.3672,0.0756,1.0005,6.698,0.194
8.22,-0.3667,0.0756,1.002,-0.3669,0.0756,1.0009,6.67,0.199
8.225,-0.3664,0.0755,1.002,-0.3665,0.0756,1.0012,6.642,0.205
8.23,-0.3662,0.0754,1.0021,-0.3663,0.0755,1.0012,6.613,0.21
8.235,-0.3659,0.0754,1.0021,-0.3659,0.0754,1.0011,6.585,0.215
8.24,-0.3656,0.0753,1.0022,-0.3656,0.0753,1.0012,6.555,0.219
8.245,-0.3653,0.0752,1.0022,-0.3654,0.0751,1.0012,6.526,0.224
8.25,-0.365,0.0752,1.0023,-0.3652,0.0751,1.0015,6.496,0.228
8.255,-0.3647,0.0751,1.0023,-0.3649,0.075,1.0016,6.466,0.231
8.26,-0.3644,0.075,1.0023,-0.3646,0.075,1.0017,6.436,0.235
8.265,-0.3641,0.0749,1.0024,-0.3641,0.0749,1.0018,6.406,0.238
8.27,-0.3638,0.0749,1.0024,-0.364,0.0748,1.0018,6.375,0.24
8.275,-0.3635,0.0748,1.0024,-0.3637,0.075,1.0017,6.344,0.243
8.28,-0.3632,0.0747,1.0024,-0.3633,0.0746,1.0015,6.312,0.245
8.285,-0.3629,0.0746,1.0025,-0.363,0.0745,1.0017,6.281,0.247
8.29,-0.3626,0.0745,1.0025,-0.3628,0.0746,1.0014,6.249,0.248
8.295,-0.3623,0.0745,1.0025,-0.3626,0.0744,1.0016,6.217,0.249
8.3,-0.362,0.0744,1.0025,-0.362,0.0746,1.0015,6.184,0.25
8.305,-0.3617,0.0743,1.0025,-0.3617,0.0744,1.0015,6.151,0.251
8.31,-0.3613,0.0742,1.0025,-0.3616,0.0743,1.0015,6.118,0.252
8.315,-0.361,0.0742,1.0025,-0.3613,0.0743,1.0014,6.085,0.252
8.32,-0.3607,0.0741,1.0025,-0.3609,0.0742,1.0014,6.052,0.253
8.325,-0.3603,0.074,1.0025,-0.3606,0.0742,1.0014,6.018,0.253
8.33,-0.36,0.0739,1.0025,-0.3601,0.074,1.0014,5.984,0.253
8.335,-0.3597,0.0738,1.0025,-0.3598,0.074,1.0017,5.95,0.254
8.34,-0.3593,0.0738,1.0025,-0.3594,0.0738,1.0015,5.915,0.254
8.345,-0.359,0.0737,1.0025,-0.3589,0.0736,1.0017,5.881,0.254
8.35,-0.3587,0.0736,1.0025,-0.3587,0.0736,1.0014,5.846,0.254
8.355,-0.3583,0.0735,1.0025,-0.3585,0.0736,1.0014,5.811,0.254
8.36,-0.358,0.0734,1.0025,-0.3581,0.0734,1.0014,5.776,0.255
8.365,-0.3576,0.0734,1.0025,-0.3578,0.0732,1.0017,5.74,0.255
8.37,-0.3573,0.0733,1.0026,-0.3574,0.0735,1.0016,5.704,0.255
8.375,-0.3569,0.0732,1.0026,-0.3571,0.0735,1.0017,5.669,0.256
8.38,-0.3566,0.0731,1.0026,-0.3568,0.0731,1.0018,5.632,0.256
8.385,-0.3562,0.073,1.0026,-0.3562,0.0731,1.0019,5.596,0.257
8.39,-0.3559,0.073,1.0026,-0.356,0.073,1.0019,5.56,0.258
8.395,-0.3555,0.0729,1.0026,-0.3557,0.073,1.0019,5.523,0.259
8.4,-0.3551,0.0728,1.0026,-0.3556,0.0728,1.002,5.486,0.26
8.405,-0.3548,0.0727,1.0026,-0.355,0.0728,1.002,5.449,0.261
8.41,-0.3544,0.0726,1.0026,-0.3548,0.0726,1.0017,5.412,0.263
8.415,-0.3541,0.0726,1.0026,-0.3542,0.0725,1.002,5.375,0.264
8.42,-0.3537,0.0725,1.0027,-0.3539,0.0725,1.0022,5.337,0.266
8.425,-0.3533,0.0724,1.0027,-0.3536,0.0723,1.0025,5.299,0.267
8.43,-0.3529,0.0723,1.0027,-0.3531,0.0721,1.0024,5.261,0.269
8.435,-0.3526,0.0722,1.0027,-0.3528,0.0721,1.0025,5.223,0.271
8.44,-0.3522,0.0722,1.0027,-0.3523,0.0721,1.0027,5.185,0.273
8.445,-0.3518,0.0721,1.0027,-0.3517,0.0721,1.0026,5.147,0.275
8.45,-0.3514,0.072,1.0028,-0.3517,0.0718,1.0027,5.108,0.277
8.455,-0.3511,0.0719,1.0028,-0.3513,0.0719,1.0028,5.07,0.279
8.46,-0.3507,0.0718,1.0028,-0.3508,0.0719,1.0029,5.031,0.281
8.465,-0.3503,0.0717,1.0028,-0.3503,0.0718,1.0027,4.992,0.282
8.47,-0.3499,0.0717,1.0028,-0.3502,0.0717,1.0027,4.953,0.284
8.475,-0.3495,0.0716,1.0029,-0.3497,0.0715,1.0029,4.914,0.286
8.48,-0.3492,0.0715,1.0029,-0.3495,0.0715,1.0027,4.875,0.288
8.485,-0.3488,0.0714,1.0029,-0.3491,0.0712,1.0028,4.835,0.29
8.49,-0.3484,0.0713,1.0029,-0.3487,0.0715,1.0031,4.796,0.291
8.495,-0.348,0.0712,1.0029,-0.3482,0.0714,1.0029,4.756,0.293
8.5,-0.3476,0.0712,1.0029,-0.3477,0.0713,1.0027,4.716,0.294
8.505,-0.3472,0.0711,1.003,-0.3473,0.0712,1.0028,4.676,0.296
8.51,-0.3468,0.071,1.003,-0.3469,0.0711,1.0025,4.636,0.297
8.515,-0.3464,0.0709,1.003,-0.3466,0.0711,1.0026,4.596,0.298
8.52,-0.346,0.0708,1.003,-0.3463,0.0709,1.0028,4.555,0.3
8.525,-0.3456,0.0707,1.003,-0.3459,0.0706,1.0028,4.515,0.301
8.53,-0.3452,0.0706,1.003,-0.3454,0.0707,1.0026,4.475,0.302
8.535,-0.3448,0.0706,1.003,-0.345,0.0705,1.0024,4.434,0.303
8.54,-0.3444,0.0705,1.003,-0.3445,0.0703,1.0027,4.393,0.303
8.545,-0.344,0.0704,1.003,-0.3443,0.0704,1.0027,4.353,0.304
8.55,-0.3436,0.0703,1.0031,-0.3438,0.0703,1.0025,4.312,0.305
8.555,-0.3432,0.0702,1.0031,-0.3435,0.0702,1.0026,4.271,0.306
8.56,-0.3428,0.0701,1.0031,-0.343,0.0701,1.0025,4.23,0.307
8.565,-0.3424,0.07,1.0031,-0.3429,0.07,1.0023,4.189,0.307
8.57,-0.342,0.0699,1.0031,-0.3423,0.0698,1.0022,4.148,0.308
8.575,-0.3416,0.0699,1.0031,-0.3417,0.0699,1.0024,4.107,0.308
8.58,-0.3412,0.0698,1.0031,-0.3412,0.0697,1.0026,4.066,0.309
8.585,-0.3408,0.0697,1.0031,-0.341,0.0696,1.0029,4.024,0.31
8.59,-0.3404,0.0696,1.0031,-0.3406,0.0697,1.0028,3.983,0.31
8.595,-0.34,0.0695,1.0031,-0.3401,0.0696,1.0029,3.942,0.311
8.6,-0.3396,0.0694,1.0031,-0.3398,0.0695,1.0028,3.9,0.312
8.605,-0.3392,0.0693,1.0031,-0.3392,0.0695,1.0026,3.859,0.312
8.61,-0.3388,0.0692,1.0031,-0.339,0.0694,1.0025,3.818,0.313
8.615,-0.3384,0.0692,1.0031,-0.3385,0.0694,1.0024,3.776,0.313
8.62,-0.338,0.0691,1.0031,-0.3379,0.0692,1.0026,3.735,0.314
8.625,-0.3376,0.069,1.0031,-0.3377,0.069,1.0024,3.693,0.314
8.63,-0.3372,0.0689,1.0032,-0.3372,0.0691,1.0024,3.652,0.315
8.635,-0.3367,0.0688,1.0032,-0.3369,0.0689,1.0023,3.61,0.316
8.64,-0.3363,0.0687,1.0032,-0.3366,0.0687,1.0021,3.569,0.316
8.645,-0.3359,0.0686,1.0032,-0.3361,0.0686,1.0022,3.527,0.317
8.65,-0.3355,0.0685,1.0032,-0.3357,0.0686,1.0021,3.486,0.318
8.655,-0.3351,0.0684,1.0032,-0.3353,0.0685,1.0018,3.444,0.319
8.66,-0.3347,0.0684,1.0032,-0.3348,0.0683,1.0018,3.403,0.32
8.665,-0.3343,0.0683,1.0032,-0.3345,0.0681,1.0017,3.361,0.321
8.67,-0.3339,0.0682,1.0032,-0.334,0.0681,1.0018,3.32,0.322
8.675,-0.3335,0.0681,1.0032,-0.3338,0.068,1.0016,3.278,0.324
8.68,-0.3331,0.068,1.0033,-0.3333,0.0678,1.0015,3.237,0.325
8.685,-0.3327,0.0679,1.0033,-0.3329,0.068,1.0015,3.195,0.327
8.69,-0.3323,0.0678,1.0033,-0.3327,0.0679,1.0015,3.154,0.329
8.695,-0.3318,0.0677,1.0033,-0.332,0.0676,1.0014,3.112,0.331
8.7,-0.3314,0.0676,1.0033,-0.3316,0.0677,1.0014,3.071,0.333
8.705,-0.331,0.0676,1.0034,-0.3313,0.0677,1.0013,3.03,0.335
8.71,-0.3306,0.0675,1.0034,-0.3309,0.0674,1.0012,2.988,0.338
8.715,-0.3302,0.0674,1.0034,-0.3305,0.0676,1.0012,2.947,0.34
8.72,-0.3298,0.0673,1.0034,-0.33,0.0672,1.0013,2.906,0.343
8.725,-0.3294,0.0672,1.0035,-0.3296,0.0671,1.0012,2.865,0.346
8.73,-0.329,0.0671,1.0035,-0.3292,0.0671,1.0013,2.824,0.349
8.735,-0.3286,0.067,1.0035,-0.3289,0.0671,1.0014,2.783,0.352
8.74,-0.3282,0.0669,1.0036,-0.3284,0.067,1.0014,2.742,0.355
8.745,-0.3278,0.0668,1.0036,-0.3279,0.0668,1.0014,2.701,0.358
8.75,-0.3274,0.0667,1.0036,-0.3277,0.0668,1.0013,2.66,0.362
8.755,-0.327,0.0667,1.0037,-0.327,0.0667,1.0016,2.619,0.365
8.76,-0.3266,0.0666,1.0037,-0.3268,0.0665,1.0018,2.579,0.368
8.765,-0.3262,0.0665,1.0037,-0.3263,0.0668,1.0019,2.538,0.372
8.77,-0.3258,0.0664,1.0038,-0.326,0.0665,1.0017,2.498,0.375
8.775,-0.3254,0.0663,1.0038,-0.3256,0.0664,1.0018,2.457,0.378
8.78,-0.325,0.0662,1.0038,-0.325,0.0662,1.0019,2.417,0.382
8.785,-0.3246,0.0661,1.0038,-0.3249,0.0661,1.0018,2.377,0.385
8.79,-0.3242,0.066,1.0039,-0.3244,0.0659,1.0021,2.337,0.388
8.795,-0.3238,0.0659,1.0039,-0.3241,0.0659,1.002,2.297,0.391
8.8,-0.3234,0.0659,1.0039,-0.3236,0.0658,1.0018,2.257,0.393
8.805,-0.323,0.0658,1.004,-0.3235,0.0658,1.0019,2.217,0.396
8.81,-0.3226,0.0657,1.004,-0.3229,0.0658,1.0019,2.177,0.398
8.815,-0.3222,0.0656,1.004,-0.3224,0.0656,1.0019,2.138,0.4
8.82,-0.3218,0.0655,1.004,-0.3219,0.0654,1.0019,2.098,0.402
8.825,-0.3214,0.0654,1.004,-0.3216,0.0653,1.0019,2.059,0.403
8.83,-0.321,0.0653,1.004,-0.3212,0.0654,1.0021,2.02,0.404
8.835,-0.3206,0.0652,1.0041,-0.3208,0.0654,1.002,1.981,0.405
8.84,-0.3202,0.0651,1.0041,-0.3203,0.0653,1.0018,1.942,0.406
8.845,-0.3199,0.0651,1.0041,-0.3201,0.0652,1.0019,1.903,0.406
8.85,-0.3195,0.065,1.0041,-0.3195,0.065,1.0019,1.864,0.407
8.855,-0.3191,0.0649,1.0041,-0.3193,0.065,1.0021,1.826,0.406
8.86,-0.3187,0.0648,1.0041,-0.3187,0.0647,1.002,1.788,0.406
8.865,-0.3183,0.0647,1.0041,-0.3183,0.0649,1.0022,1.749,0.405
8.87,-0.3179,0.0646,1.004,-0.3181,0.0646,1.0023,1.711,0.404
8.875,-0.3176,0.0645,1.004,-0.3177,0.0644,1.0024,1.674,0.403
8.88,-0.3172,0.0644,1.004,-0.3174,0.0643,1.0023,1.636,0.401
8.885,-0.3168,0.0643,1.004,-0.317,0.0643,1.0021,1.599,0.399
8.89,-0.3164,0.0643,1.004,-0.3166,0.064,1.0025,1.561,0.397
8.895,-0.316,0.0642,1.0039,-0.3164,0.0641,1.0025,1.524,0.394
8.9,-0.3157,0.0641,1.0039,-0.3158,0.0642,1.0024,1.488,0.392
8.905,-0.3153,0.064,1.0039,-0.3154,0.0641,1.0024,1.451,0.388
8.91,-0.3149,0.0639,1.0038,-0.3152,0.0639,1.0023,1.415,0.385
8.915,-0.3146,0.0638,1.0038,-0.3149,0.0637,1.0022,1.379,0.381
8.92,-0.3142,0.0637,1.0038,-0.3144,0.0638,1.0024,1.343,0.377
8.925,-0.3138,0.0636,1.0037,-0.3141,0.0637,1.0021,1.307,0.372
8.93,-0.3135,0.0636,1.0037,-0.3137,0.0635,1.0021,1.272,0.368
8.935,-0.3131,0.0635,1.0036,-0.313,0.0636,1.002,1.237,0.363
8.94,-0.3127,0.0634,1.0036,-0.3128,0.0636,1.002,1.202,0.358
8.945,-0.3124,0.0633,1.0035,-0.3124,0.0634,1.0023,1.168,0.352
8.95,-0.312,0.0632,1.0035,-0.3122,0.0633,1.0024,1.134,0.346
8.955,-0.3116,0.0631,1.0034,-0.3117,0.0631,1.0026,1.1,0.341
8.96,-0.3113,0.063,1.0033,-0.3113,0.0629,1.0024,1.067,0.335
8.965,-0.3109,0.0629,1.0033,-0.311,0.0631,1.0027,1.034,0.328
8.97,-0.3106,0.0628,1.0032,-0.3108,0.0628,1.0029,1.002,0.322
8.975,-0.3102,0.0628,1.0032,-0.3105,0.0628,1.003,0.969,0.315
8.98,-0.3099,0.0627,1.0031,-0.3099,0.0626,1.0029,0.938,0.309
8.985,-0.3095,0.0626,1.003,-0.3099,0.0626,1.0029,0.907,0.301
8.99,-0.3092,0.0625,1.0029,-0.3095,0.0626,1.0029,0.876,0.294
8.995,-0.3088,0.0624,1.0029,-0.309,0.0626,1.003,0.846,0.287
9.0,-0.3085,0.0623,1.0028,-0.3086,0.0624,1.0032,0.817,0.279
9.005,-0.3082,0.0622,1.0027,-0.3082,0.0622,1.0031,0.788,0.272
9.01,-0.3078,0.0622,1.0026,-0.3079,0.0623,1.0031,0.76,0.264
9.015,-0.3075,0.0621,1.0026,-0.3076,0.0621,1.0033,0.733,0.255
9.02,-0.3072,0.062,1.0025,-0.3074,0.0622,1.0033,0.706,0.247
9.025,-0.3068,0.0619,1.0024,-0.3068,0.062,1.0032,0.681,0.238
9.03,-0.3065,0.0618,1.0023,-0.3065,0.0618,1.003,0.656,0.23
9.035,-0.3062,0.0617,1.0022,-0.3064,0.0616,1.0029,0.632,0.221
9.04,-0.3058,0.0616,1.0021,-0.3059,0.0617,1.003,0.61,0.212
9.045,-0.3055,0.0616,1.002,-0.3057,0.0615,1.0031,0.589,0.202
9.05,-0.3052,0.0615,1.0019,-0.3053,0.0614,1.0032,0.569,0.193
9.055,-0.3049,0.0614,1.0018,-0.3052,0.0614,1.0031,0.55,0.184
9.06,-0.3046,0.0613,1.0017,-0.3047,0.0611,1.0031,0.533,0.174
9.065,-0.3042,0.0612,1.0016,-0.3045,0.061,1.0031,0.518,0.164
9.07,-0.3039,0.0611,1.0015,-0.3041,0.061,1.0031,0.504,0.155
9.075,-0.3036,0.061,1.0015,-0.3037,0.061,1.0032,0.493,0.145
9.08,-0.3033,0.061,1.0014,-0.3033,0.0609,1.0033,0.483,0.135
9.085,-0.303,0.0609,1.0013,-0.3029,0.0608,1.0032,0.475,0.125
9.09,-0.3027,0.0608,1.0012,-0.3029,0.0607,1.0031,0.47,0.115
9.095,-0.3024,0.0607,1.0011,-0.3024,0.0607,1.0033,0.467,0.105
9.1,-0.3021,0.0606,1.001,-0.3021,0.0607,1.0031,0.465,0.095
9.105,-0.3018,0.0605,1.0009,-0.3019,0.0607,1.0031,0.466,0.085
9.11,-0.3015,0.0605,1.0008,-0.3015,0.0607,1.0028,0.469,0.075
9.115,-0.3012,0.0604,1.0007,-0.3013,0.0607,1.0026,0.474,0.065
9.12,-0.3009,0.0603,1.0006,-0.3011,0.0603,1.003,0.481,0.055
9.125,-0.3006,0.0602,1.0005,-0.3008,0.0604,1.0028,0.49,0.045
9.13,-0.3003,0.0601,1.0004,-0.3005,0.06,1.0026,0.5,0.035
9.135,-0.3001,0.0601,1.0003,-0.3001,0.0604,1.0025,0.512,0.025
9.14,-0.2998,0.06,1.0002,-0.2998,0.06,1.0027,0.525,0.015
9.145,-0.2995,0.0599,1.0001,-0.2997,0.06,1.0026,0.539,0.005
9.15,-0.2992,0.0598,1.0,-0.2991,0.0599,1.0023,0.554,0.004
9.155,-0.2989,0.0597,0.9999,-0.2989,0.06,1.0023,0.57,0.014
9.16,-0.2987,0.0596,0.9998,-0.2987,0.0597,1.0023,0.587,0.024
9.165,-0.2984,0.0596,0.9997,-0.2982,0.0597,1.0021,0.605,0.033
9.17,-0.2981,0.0595,0.9996,-0.2981,0.0595,1.002,0.623,0.042
9.175,-0.2979,0.0594,0.9995,-0.2979,0.0593,1.002,0.642,0.051
9.18,-0.2976,0.0593,0.9994,-0.2976,0.0594,1.0021,0.661,0.06
9.185,-0.2974,0.0593,0.9993,-0.2975,0.0593,1.0018,0.681,0.068
9.19,-0.2971,0.0592,0.9992,-0.2971,0.0593,1.0019,0.701,0.077
9.195,-0.2969,0.0591,0.9992,-0.297,0.0591,1.0018,0.721,0.085
9.2,-0.2966,0.059,0.9991,-0.2967,0.059,1.0017,0.741,0.093
9.205,-0.2964,0.0589,0.999,-0.2964,0.0589,1.0012,0.762,0.101
9.21,-0.2961,0.0589,0.9989,-0.2963,0.0588,1.0011,0.782,0.108
9.215,-0.2959,0.0588,0.9988,-0.296,0.0589,1.0008,0.803,0.115
9.22,-0.2956,0.0587,0.9988,-0.2957,0.0588,1.0005,0.824,0.122
9.225,-0.2954,0.0586,0.9987,-0.2954,0.0588,1.0001,0.845,0.129
9.23,-0.2952,0.0586,0.9986,-0.2952,0.0587,1.0002,0.866,0.135
9.235,-0.2949,0.0585,0.9986,-0.2951,0.0587,1.0001,0.887,0.141
9.24,-0.2947,0.0584,0.9985,-0.2946,0.0585,0.9998,0.907,0.146
9.245,-0.2945,0.0584,0.9985,-0.2946,0.0584,0.9996,0.928,0.152
9.25,-0.2942,0.0583,0.9984,-0.2945,0.0585,0.9998,0.949,0.156
9.255,-0.294,0.0582,0.9984,-0.2942,0.0581,0.9995,0.969,0.16
9.26,-0.2938,0.0581,0.9984,-0.294,0.0581,0.9994,0.99,0.164
9.265,-0.2936,0.0581,0.9983,-0.2939,0.0584,0.9997,1.01,0.168
9.27,-0.2934,0.058,0.9983,-0.2937,0.058,0.9994,1.03,0.17
9.275,-0.2932,0.0579,0.9983,-0.2932,0.0579,0.9993,1.05,0.173
9.28,-0.293,0.0579,0.9983,-0.2931,0.058,0.9994,1.07,0.175
9.285,-0.2928,0.0578,0.9982,-0.2928,0.0577,0.9996,1.089,0.176
9.29,-0.2926,0.0577,0.9982,-0.2926,0.0577,0.9992,1.109,0.177
9.295,-0.2924,0.0577,0.9982,-0.2924,0.0578,0.9992,1.128,0.178
9.3,-0.2922,0.0576,0.9982,-0.2921,0.0577,0.9989,1.147,0.178
9.305,-0.292,0.0575,0.9982,-0.2918,0.0575,0.9988,1.165,0.178
9.31,-0.2918,0.0575,0.9982,-0.2918,0.0574,0.9987,1.184,0.177
9.315,-0.2916,0.0574,0.9982,-0.2915,0.0574,0.9982,1.202,0.176
9.32,-0.2914,0.0574,0.9983,-0.2913,0.0574,0.9982,1.22,0.175
9.325,-0.2912,0.0573,0.9983,-0.2913,0.0572,0.9979,1.238,0.173
9.33,-0.2911,0.0572,0.9983,-0.291,0.0573,0.9978,1.256,0.17
9.335,-0.2909,0.0572,0.9983,-0.291,0.0573,0.9979,1.273,0.168
9.34,-0.2907,0.0571,0.9984,-0.2907,0.0572,0.998,1.29,0.164
9.345,-0.2905,0.0571,0.9984,-0.2905,0.0571,0.9979,1.307,0.161
9.35,-0.2904,0.057,0.9984,-0.2903,0.0569,0.998,1.324,0.157
9.355,-0.2902,0.0569,0.9985,-0.2903,0.0568,0.9981,1.34,0.152
9.36,-0.29,0.0569,0.9985,-0.2902,0.0568,0.9981,1.356,0.147
9.365,-0.2899,0.0568,0.9986,-0.2901,0.0569,0.9981,1.372,0.142
9.37,-0.2897,0.0568,0.9986,-0.29,0.0567,0.9982,1.388,0.137
9.375,-0.2896,0.0567,0.9987,-0.2898,0.0568,0.9983,1.403,0.131
9.38,-0.2894,0.0567,0.9988,-0.2896,0.0567,0.9985,1.418,0.125
9.385,-0.2893,0.0566,0.9988,-0.2893,0.0565,0.9986,1.433,0.118
9.39,-0.2891,0.0566,0.9989,-0.289,0.0567,0.9985,1.448,0.112
9.395,-0.289,0.0565,0.9989,-0.2888,0.0565,0.9985,1.462,0.105
9.4,-0.2889,0.0565,0.999,-0.2886,0.0566,0.9987,1.476,0.098
9.405,-0.2887,0.0564,0.9991,-0.2887,0.0565,0.9986,1.49,0.092
9.41,-0.2886,0.0564,0.9992,-0.2885,0.0563,0.9986,1.504,0.085
9.415,-0.2885,0.0563,0.9992,-0.2884,0.0564,0.9984,1.517,0.078
9.42,-0.2883,0.0563,0.9993,-0.2883,0.0564,0.9983,1.53,0.071
9.425,-0.2882,0.0562,0.9994,-0.2882,0.0563,0.9983,1.543,0.064
9.43,-0.2881,0.0562,0.9994,-0.2881,0.0563,0.9985,1.556,0.057
9.435,-0.288,0.0561,0.9995,-0.288,0.0563,0.9984,1.568,0.051
9.44,-0.2879,0.0561,0.9996,-0.288,0.0563,0.9982,1.58,0.044
9.445,-0.2877,0.056,0.9996,-0.2879,0.0562,0.9983,1.592,0.038
9.45,-0.2876,0.056,0.9997,-0.2879,0.056,0.9984,1.604,0.031
9.455,-0.2875,0.056,0.9997,-0.2876,0.0562,0.9986,1.615,0.025
9.46,-0.2874,0.0559,0.9998,-0.2876,0.0559,0.9985,1.626,0.019
9.465,-0.2873,0.0559,0.9999,-0.2875,0.0559,0.9987,1.637,0.013
9.47,-0.2872,0.0558,0.9999,-0.2874,0.0558,0.9988,1.647,0.008
9.475,-0.2871,0.0558,1.0,-0.2874,0.0557,0.999,1.658,0.002
9.48,-0.287,0.0558,1.0,-0.2871,0.0557,0.9989,1.668,0.003
9.485,-0.2869,0.0557,1.0001,-0.2869,0.0556,0.999,1.677,0.008
9.49,-0.2868,0.0557,1.0001,-0.2868,0.0558,0.9988,1.687,0.013
9.495,-0.2867,0.0557,1.0002,-0.2866,0.0557,0.999,1.696,0.017
9.5,-0.2867,0.0556,1.0002,-0.2866,0.0555,0.9991,1.705,0.022
9.505,-0.2866,0.0556,1.0003,-0.2865,0.0553,0.9991,1.714,0.026
9.51,-0.2865,0.0556,1.0003,-0.2865,0.0555,0.9993,1.722,0.029
9.515,-0.2864,0.0555,1.0003,-0.2865,0.0554,0.9996,1.73,0.033
9.52,-0.2863,0.0555,1.0004,-0.2862,0.0557,0.9995,1.738,0.036
9.525,-0.2863,0.0555,1.0004,-0.2864,0.0553,0.9995,1.746,0.039
9.53,-0.2862,0.0554,1.0004,-0.2862,0.0555,0.9998,1.753,0.042
9.535,-0.2861,0.0554,1.0004,-0.286,0.0555,1.0002,1.761,0.044
9.54,-0.2861,0.0554,1.0005,-0.2862,0.0555,1.0003,1.767,0.046
9.545,-0.286,0.0554,1.0005,-0.286,0.0555,1.0007,1.774,0.047
9.55,-0.2859,0.0553,1.0005,-0.2861,0.0554,1.0007,1.78,0.048
9.555,-0.2859,0.0553,1.0005,-0.2861,0.0553,1.0007,1.787,0.049
9.56,-0.2858,0.0553,1.0005,-0.2858,0.0551,1.0009,1.793,0.05
9.565,-0.2858,0.0553,1.0005,-0.2857,0.055,1.0011,1.798,0.05
9.57,-0.2857,0.0552,1.0005,-0.2858,0.0552,1.0011,1.804,0.049
9.575,-0.2857,0.0552,1.0005,-0.2857,0.0551,1.0012,1.809,0.049
9.58,-0.2856,0.0552,1.0005,-0.2857,0.0551,1.0012,1.814,0.047
9.585,-0.2856,0.0552,1.0005,-0.2856,0.0553,1.0014,1.818,0.046
9.59,-0.2856,0.0552,1.0004,-0.2856,0.0552,1.0014,1.823,0.044
9.595,-0.2855,0.0551,1.0004,-0.2855,0.0553,1.0015,1.827,0.041
9.6,-0.2855,0.0551,1.0004,-0.2855,0.0552,1.0015,1.831,0.038
9.605,-0.2855,0.0551,1.0003,-0.2855,0.055,1.0017,1.834,0.034
9.61,-0.2854,0.0551,1.0003,-0.2853,0.055,1.0018,1.838,0.03
9.615,-0.2854,0.0551,1.0003,-0.2854,0.0551,1.002,1.841,0.025
9.62,-0.2854,0.0551,1.0002,-0.2855,0.055,1.0018,1.844,0.02
9.625,-0.2853,0.0551,1.0001,-0.2852,0.055,1.0018,1.846,0.015
9.63,-0.2853,0.055,1.0001,-0.2853,0.0549,1.0021,1.849,0.009
9.635,-0.2853,0.055,1.0,-0.2853,0.0548,1.0023,1.851,0.002
9.64,-0.2853,0.055,1.0,-0.2853,0.0549,1.0024,1.853,0.005
9.645,-0.2853,0.055,0.9999,-0.2853,0.0549,1.0024,1.854,0.012
9.65,-0.2853,0.055,0.9998,-0.2852,0.0551,1.0021,1.856,0.02
9.655,-0.2853,0.055,0.9997,-0.2852,0.055,1.002,1.857,0.028
9.66,-0.2853,0.055,0.9996,-0.2852,0.0549,1.0019,1.858,0.037
9.665,-0.2853,0.055,0.9995,-0.2852,0.0547,1.0016,1.859,0.046
9.67,-0.2853,0.055,0.9994,-0.2853,0.055,1.0016,1.859,0.055
9.675,-0.2853,0.0549,0.9994,-0.2852,0.0551,1.0017,1.859,0.065
9.68,-0.2853,0.0549,0.9993,-0.2851,0.0549,1.0016,1.859,0.075
9.685,-0.2853,0.0549,0.9991,-0.2852,0.0549,1.0015,1.859,0.085
9.69,-0.2853,0.0549,0.999,-0.2852,0.0548,1.0013,1.859,0.096
9.695,-0.2853,0.0549,0.9989,-0.2855,0.055,1.0013,1.858,0.106
9.7,-0.2853,0.0549,0.9988,-0.2851,0.0551,1.0012,1.857,0.117
9.705,-0.2853,0.0549,0.9987,-0.2855,0.0549,1.001,1.856,0.128
9.71,-0.2853,0.0549,0.9986,-0.2855,0.055,1.0009,1.855,0.139
9.715,-0.2854,0.0549,0.9985,-0.2853,0.0548,1.0006,1.853,0.15
9.72,-0.2854,0.0549,0.9984,-0.2857,0.0549,1.0006,1.851,0.162
9.725,-0.2854,0.0549,0.9983,-0.2855,0.0549,1.0003,1.849,0.173
9.73,-0.2854,0.0549,0.9982,-0.2854,0.0549,1.0002,1.847,0.184
9.735,-0.2855,0.0549,0.998,-0.2855,0.0549,1.0002,1.844,0.196
9.74,-0.2855,0.0549,0.9979,-0.2855,0.0547,1.0002,1.842,0.207
9.745,-0.2855,0.0549,0.9978,-0.2855,0.0548,1.0,1.839,0.218
9.75,-0.2856,0.0549,0.9977,-0.2856,0.0549,0.9997,1.835,0.229
9.755,-0.2856,0.0549,0.9976,-0.2854,0.0549,0.9997,1.832,0.24
9.76,-0.2857,0.0549,0.9975,-0.2855,0.0549,0.9996,1.828,0.25
9.765,-0.2857,0.0549,0.9974,-0.2856,0.0551,0.9993,1.824,0.26
9.77,-0.2858,0.0549,0.9973,-0.2856,0.055,0.9991,1.82,0.27
9.775,-0.2858,0.0549,0.9972,-0.2854,0.0549,0.9987,1.815,0.28
9.78,-0.2859,0.0549,0.9971,-0.2856,0.055,0.9983,1.811,0.29
9.785,-0.2859,0.0549,0.997,-0.2859,0.0551,0.998,1.806,0.298
9.79,-0.286,0.0549,0.9969,-0.2857,0.055,0.9977,1.801,0.307
9.795,-0.286,0.0549,0.9969,-0.286,0.055,0.9976,1.795,0.315
9.8,-0.2861,0.0549,0.9968,-0.2857,0.055,0.9974,1.79,0.322
9.805,-0.2862,0.055,0.9967,-0.2862,0.0548,0.9975,1.784,0.329
9.81,-0.2862,0.055,0.9967,-0.2863,0.0549,0.9975,1.778,0.335
9.815,-0.2863,0.055,0.9966,-0.2863,0.0548,0.9973,1.771,0.34
9.82,-0.2864,0.055,0.9966,-0.2865,0.0548,0.9973,1.765,0.345
9.825,-0.2865,0.055,0.9965,-0.2864,0.0548,0.9971,1.758,0.349
9.83,-0.2865,0.055,0.9965,-0.2866,0.0548,0.9969,1.751,0.352
9.835,-0.2866,0.055,0.9965,-0.2865,0.0548,0.9969,1.744,0.355
9.84,-0.2867,0.055,0.9964,-0.2868,0.055,0.9967,1.736,0.356
9.845,-0.2868,0.055,0.9964,-0.2868,0.0547,0.9967,1.728,0.357
9.85,-0.2869,0.055,0.9964,-0.2869,0.0549,0.9963,1.72,0.357
9.855,-0.287,0.0551,0.9964,-0.287,0.0548,0.9964,1.712,0.357
9.86,-0.2871,0.0551,0.9964,-0.2872,0.055,0.9964,1.704,0.355
9.865,-0.2872,0.0551,0.9965,-0.2871,0.0551,0.9964,1.695,0.353
9.87,-0.2873,0.0551,0.9965,-0.2872,0.0551,0.9964,1.686,0.35
9.875,-0.2874,0.0551,0.9965,-0.2873,0.0551,0.9964,1.677,0.346
9.88,-0.2875,0.0551,0.9966,-0.2875,0.0552,0.9964,1.668,0.342
9.885,-0.2876,0.0551,0.9966,-0.2873,0.0551,0.9962,1.659,0.337
9.89,-0.2877,0.0552,0.9967,-0.2876,0.0551,0.9961,1.649,0.332
9.895,-0.2878,0.0552,0.9967,-0.2876,0.0551,0.9963,1.639,0.325
9.9,-0.2879,0.0552,0.9968,-0.2877,0.0551,0.9966,1.629,0.318
9.905,-0.288,0.0552,0.9969,-0.2879,0.0553,0.9964,1.619,0.311
9.91,-0.2881,0.0552,0.997,-0.288,0.0552,0.9962,1.609,0.303
9.915,-0.2883,0.0552,0.9971,-0.2881,0.0554,0.9963,1.598,0.295
9.92,-0.2884,0.0553,0.9971,-0.2883,0.0552,0.9967,1.587,0.286
9.925,-0.2885,0.0553,0.9972,-0.2883,0.0555,0.9967,1.577,0.277
9.93,-0.2886,0.0553,0.9973,-0.2884,0.0553,0.9967,1.566,0.268
9.935,-0.2888,0.0553,0.9974,-0.2888,0.0553,0.9966,1.554,0.258
9.94,-0.2889,0.0553,0.9975,-0.2889,0.0555,0.9967,1.543,0.248
9.945,-0.289,0.0554,0.9976,-0.2889,0.0554,0.9967,1.532,0.238
9.95,-0.2892,0.0554,0.9977,-0.2891,0.0553,0.9968,1.52,0.227
9.955,-0.2893,0.0554,0.9978,-0.2892,0.0555,0.997,1.508,0.217
9.96,-0.2894,0.0554,0.9979,-0.2894,0.0554,0.9971,1.497,0.206
9.965,-0.2896,0.0554,0.998,-0.2895,0.0555,0.9973,1.485,0.196
9.97,-0.2897,0.0555,0.9981,-0.2895,0.0553,0.9974,1.473,0.185
9.975,-0.2898,0.0555,0.9983,-0.2899,0.0556,0.9973,1.461,0.175
9.98,-0.29,0.0555,0.9984,-0.29,0.0553,0.9975,1.448,0.165
9.985,-0.2901,0.0555,0.9985,-0.2903,0.0553,0.9976,1.436,0.155
9.99,-0.2903,0.0556,0.9986,-0.2902,0.0556,0.9978,1.424,0.145
9.995,-0.2904,0.0556,0.9986,-0.2904,0.0556,0.9979,1.411,0.135
10.0,-0.2906,0.0556,0.9987,-0.2905,0.0555,0.9981,1.399,0.126
10.005,-0.2907,0.0556,0.9988,-0.2907,0.0556,0.9985,1.386,0.117
10.01,-0.2909,0.0557,0.9989,-0.2907,0.0556,0.9984,1.373,0.109
10.015,-0.291,0.0557,0.999,-0.2909,0.0555,0.9988,1.36,0.101
10.02,-0.2912,0.0557,0.9991,-0.291,0.0558,0.9989,1.348,0.093
10.025,-0.2913,0.0557,0.9991,-0.2911,0.0557,0.999,1.335,0.086
10.03,-0.2915,0.0558,0.9992,-0.2914,0.0559,0.9992,1.322,0.079
10.035,-0.2916,0.0558,0.9993,-0.2916,0.0558,0.9993,1.309,0.073
10.04,-0.2918,0.0558,0.9993,-0.2919,0.0559,0.9993,1.296,0.068
10.045,-0.292,0.0558,0.9994,-0.2919,0.0559,0.9994,1.283,0.064
10.05,-0.2921,0.0559,0.9994,-0.2921,0.0558,0.9992,1.27,0.06
10.055,-0.2923,0.0559,0.9994,-0.2923,0.0557,0.9991,1.257,0.056
10.06,-0.2924,0.0559,0.9995,-0.2925,0.0557,0.9989,1.244,0.054
10.065,-0.2926,0.056,0.9995,-0.2925,0.0559,0.9991,1.231,0.052
10.07,-0.2928,0.056,0.9995,-0.2925,0.0559,0.999,1.217,0.051
10.075,-0.2929,0.056,0.9995,-0.2928,0.0559,0.9991,1.204,0.05
10.08,-0.2931,0.056,0.9995,-0.293,0.056,0.9991,1.191,0.05
10.085,-0.2933,0.0561,0.9995,-0.2932,0.0559,0.9993,1.178,0.051
10.09,-0.2934,0.0561,0.9995,-0.2932,0.0561,0.9994,1.165,0.052
10.095,-0.2936,0.0561,0.9995,-0.2935,0.0562,0.9995,1.152,0.054
10.1,-0.2938,0.0562,0.9994,-0.2939,0.0562,0.9996,1.14,0.057
10.105,-0.2939,0.0562,0.9994,-0.2939,0.0563,0.9995,1.127,0.06
10.11,-0.2941,0.0562,0.9994,-0.2941,0.0563,0.9997,1.114,0.063
10.115,-0.2943,0.0563,0.9993,-0.2943,0.0564,0.9997,1.101,0.067
10.12,-0.2945,0.0563,0.9993,-0.2946,0.0563,1.0,1.088,0.072
10.125,-0.2946,0.0563,0.9992,-0.2947,0.0563,1.0,1.076,0.077
10.13,-0.2948,0.0564,0.9992,-0.2948,0.0565,1.0001,1.063,0.082
10.135,-0.295,0.0564,0.9991,-0.2948,0.0565,1.0,1.051,0.088
10.14,-0.2951,0.0564,0.9991,-0.295,0.0565,0.9998,1.038,0.094
10.145,-0.2953,0.0565,0.999,-0.2952,0.0566,0.9997,1.026,0.101
10.15,-0.2955,0.0565,0.9989,-0.2955,0.0565,0.9996,1.014,0.108
10.155,-0.2957,0.0565,0.9988,-0.2955,0.0563,0.9999,1.001,0.116
10.16,-0.2959,0.0566,0.9988,-0.2959,0.0566,1.0,0.989,0.123
10.165,-0.296,0.0566,0.9987,-0.2959,0.0564,1.0,0.977,0.131
10.17,-0.2962,0.0566,0.9986,-0.2961,0.0565,1.0001,0.966,0.14
10.175,-0.2964,0.0567,0.9985,-0.2963,0.0566,0.9999,0.954,0.148
10.18,-0.2966,0.0567,0.9984,-0.2964,0.0567,0.9999,0.942,0.157
10.185,-0.2968,0.0567,0.9983,-0.2964,0.0568,1.0,0.931,0.166
10.19,-0.297,0.0568,0.9983,-0.2968,0.0568,1.0002,0.92,0.174
10.195,-0.2971,0.0568,0.9982,-0.2971,0.0567,1.0003,0.909,0.183
10.2,-0.2973,0.0568,0.9981,-0.2971,0.0566,1.0002,0.898,0.193
10.205,-0.2975,0.0569,0.998,-0.2973,0.0568,1.0,0.888,0.202
10.21,-0.2977,0.0569,0.9979,-0.2977,0.0568,0.9998,0.877,0.211
10.215,-0.2979,0.057,0.9978,-0.2976,0.0568,0.9994,0.867,0.22
10.22,-0.2981,0.057,0.9977,-0.298,0.057,0.9993,0.857,0.23
10.225,-0.2983,0.057,0.9976,-0.2981,0.057,0.9993,0.848,0.239
10.23,-0.2984,0.0571,0.9975,-0.2985,0.0573,0.9993,0.839,0.248
10.235,-0.2986,0.0571,0.9974,-0.2986,0.0571,0.9995,0.83,0.257
10.24,-0.2988,0.0571,0.9973,-0.2986,0.0572,0.9994,0.821,0.266
10.245,-0.299,0.0572,0.9973,-0.299,0.0573,0.9992,0.813,0.275
10.25,-0.2992,0.0572,0.9972,-0.2992,0.0573,0.9991,0.805,0.283
10.255,-0.2994,0.0573,0.9971,-0.2994,0.0574,0.9988,0.797,0.292
10.26,-0.2996,0.0573,0.997,-0.2995,0.0574,0.9987,0.79,0.3
10.265,-0.2998,0.0574,0.9969,-0.2999,0.0574,0.9985,0.783,0.308
10.27,-0.3,0.0574,0.9968,-0.2998,0.0574,0.9985,0.776,0.316
10.275,-0.3002,0.0574,0.9968,-0.3001,0.0575,0.9984,0.77,0.323
10.28,-0.3004,0.0575,0.9967,-0.3002,0.0576,0.9982,0.765,0.33
10.285,-0.3006,0.0575,0.9966,-0.3004,0.0575,0.9983,0.759,0.336
10.29,-0.3008,0.0576,0.9966,-0.3007,0.0573,0.9985,0.755,0.342
10.295,-0.301,0.0576,0.9965,-0.3009,0.0574,0.9985,0.75,0.348
10.3,-0.3012,0.0577,0.9965,-0.301,0.0576,0.9984,0.746,0.353
10.305,-0.3013,0.0577,0.9964,-0.3013,0.0577,0.9985,0.743,0.358
10.31,-0.3015,0.0577,0.9964,-0.3014,0.058,0.9982,0.74,0.363
10.315,-0.3017,0.0578,0.9963,-0.3017,0.0578,0.9982,0.738,0.367
10.32,-0.3019,0.0578,0.9963,-0.3018,0.0579,0.9983,0.736,0.37
10.325,-0.3021,0.0579,0.9963,-0.3019,0.0581,0.9983,0.735,0.374
10.33,-0.3023,0.0579,0.9962,-0.3022,0.0581,0.9985,0.734,0.377
10.335,-0.3025,0.058,0.9962,-0.3026,0.0581,0.9984,0.734,0.379
10.34,-0.3027,0.058,0.9962,-0.3027,0.058,0.998,0.734,0.382
10.345,-0.303,0.0581,0.9962,-0.303,0.058,0.9979,0.735,0.384
10.35,-0.3032,0.0581,0.9961,-0.3031,0.0581,0.9983,0.737,0.385
10.355,-0.3034,0.0582,0.9961,-0.3032,0.0582,0.9984,0.739,0.387
10.36,-0.3036,0.0582,0.9961,-0.3035,0.0582,0.9985,0.742,0.388
10.365,-0.3038,0.0583,0.9961,-0.3036,0.0581,0.9986,0.745,0.389
10.37,-0.304,0.0583,0.9961,-0.3038,0.0583,0.9988,0.748,0.39
10.375,-0.3042,0.0584,0.9961,-0.3039,0.0582,0.9987,0.753,0.391
10.38,-0.3044,0.0584,0.9961,-0.3044,0.0583,0.9987,0.757,0.392
10.385,-0.3046,0.0585,0.9961,-0.3045,0.0584,0.9985,0.763,0.392
10.39,-0.3048,0.0585,0.9961,-0.3044,0.0584,0.9985,0.769,0.392
10.395,-0.305,0.0586,0.9961,-0.3048,0.0584,0.9985,0.775,0.393
10.4,-0.3052,0.0586,0.9961,-0.3051,0.0586,0.9982,0.782,0.393
10.405,-0.3054,0.0587,0.9961,-0.3053,0.0585,0.998,0.789,0.393
10.41,-0.3056,0.0587,0.9961,-0.3055,0.0588,0.9977,0.797,0.393
10.415,-0.3058,0.0588,0.9961,-0.3058,0.0589,0.9977,0.805,0.393
10.42,-0.306,0.0588,0.9961,-0.3062,0.0587,0.9975,0.814,0.393
10.425,-0.3062,0.0589,0.9961,-0.3062,0.0589,0.9971,0.823,0.393
10.43,-0.3064,0.0589,0.9961,-0.3065,0.059,0.9971,0.832,0.393
10.435,-0.3066,0.059,0.9961,-0.3067,0.059,0.9973,0.842,0.393
10.44,-0.3068,0.0591,0.9961,-0.3069,0.0591,0.9972,0.852,0.393
10.445,-0.307,0.0591,0.9961,-0.3069,0.0592,0.9971,0.863,0.392
10.45,-0.3072,0.0592,0.9961,-0.3073,0.0594,0.9971,0.874,0.392
10.455,-0.3074,0.0592,0.9961,-0.3075,0.0592,0.9972,0.886,0.391
10.46,-0.3076,0.0593,0.9961,-0.3077,0.0593,0.997,0.897,0.39
10.465,-0.3078,0.0593,0.9961,-0.3079,0.0592,0.9969,0.909,0.389
10.47,-0.308,0.0594,0.9961,-0.308,0.0593,0.9972,0.922,0.388
10.475,-0.3083,0.0594,0.9961,-0.3082,0.0594,0.9972,0.934,0.387
10.48,-0.3085,0.0595,0.9961,-0.3084,0.0597,0.9975,0.947,0.386
10.485,-0.3087,0.0595,0.9962,-0.3088,0.0595,0.9977,0.96,0.385
10.49,-0.3089,0.0596,0.9962,-0.3089,0.0598,0.9975,0.974,0.383
10.495,-0.3091,0.0597,0.9962,-0.309,0.0598,0.9974,0.987,0.382
10.5,-0.3093,0.0597,0.9962,-0.3091,0.0598,0.9973,1.001,0.38
10.505,-0.3095,0.0598,0.9962,-0.3093,0.0599,0.997,1.015,0.379
10.51,-0.3097,0.0598,0.9962,-0.3096,0.06,0.9971,1.03,0.377
10.515,-0.3099,0.0599,0.9962,-0.3099,0.0599,0.9971,1.044,0.376
10.52,-0.3101,0.06,0.9963,-0.31,0.0597,0.9969,1.059,0.374
10.525,-0.3103,0.06,0.9963,-0.3103,0.0599,0.9966,1.074,0.373
10.53,-0.3105,0.0601,0.9963,-0.3104,0.0599,0.9965,1.089,0.371
10.535,-0.3107,0.0601,0.9963,-0.3107,0.06,0.9968,1.104,0.369
10.54,-0.3109,0.0602,0.9963,-0.3109,0.06,0.9968,1.119,0.368
10.545,-0.3111,0.0603,0.9963,-0.3111,0.0599,0.997,1.134,0.366
10.55,-0.3113,0.0603,0.9964,-0.3112,0.0603,0.997,1.15,0.364
10.555,-0.3115,0.0604,0.9964,-0.3113,0.0601,0.9969,1.166,0.362
10.56,-0.3117,0.0604,0.9964,-0.3113,0.0606,0.9969,1.182,0.36
10.565,-0.3119,0.0605,0.9964,-0.3116,0.0606,0.997,1.198,0.357
10.57,-0.3121,0.0606,0.9964,-0.3119,0.0605,0.9972,1.214,0.355
10.575,-0.3123,0.0606,0.9965,-0.3122,0.0608,0.9968,1.23,0.353
10.58,-0.3125,0.0607,0.9965,-0.3125,0.0608,0.9967,1.246,0.35
10.585,-0.3127,0.0607,0.9965,-0.3126,0.0608,0.9966,1.262,0.348
10.59,-0.3129,0.0608,0.9965,-0.3127,0.061,0.9967,1.279,0.346
10.595,-0.3131,0.0609,0.9966,-0.313,0.061,0.9967,1.295,0.343
10.6,-0.3133,0.0609,0.9966,-0.3132,0.0608,0.9965,1.312,0.34
10.605,-0.3135,0.061,0.9966,-0.3133,0.061,0.9965,1.328,0.338
10.61,-0.3137,0.0611,0.9966,-0.3136,0.061,0.9964,1.345,0.335
10.615,-0.3139,0.0611,0.9967,-0.3137,0.061,0.9965,1.362,0.332
10.62,-0.314,0.0612,0.9967,-0.314,0.061,0.9964,1.378,0.329
10.625,-0.3142,0.0613,0.9967,-0.3142,0.0612,0.9968,1.395,0.326
10.63,-0.3144,0.0613,0.9968,-0.3144,0.0611,0.9966,1.412,0.323
10.635,-0.3146,0.0614,0.9968,-0.3146,0.0612,0.9966,1.429,0.319
10.64,-0.3148,0.0615,0.9968,-0.3146,0.0615,0.9967,1.446,0.316
10.645,-0.315,0.0615,0.9969,-0.3151,0.0615,0.9968,1.463,0.312
10.65,-0.3152,0.0616,0.9969,-0.3151,0.0615,0.9966,1.479,0.308
10.655,-0.3154,0.0617,0.997,-0.3154,0.0616,0.9966,1.496,0.304
10.66,-0.3156,0.0617,0.997,-0.3155,0.0617,0.9967,1.513,0.3
10.665,-0.3158,0.0618,0.997,-0.3156,0.0619,0.9969,1.53,0.296
10.67,-0.316,0.0618,0.9971,-0.3158,0.0617,0.997,1.547,0.292
10.675,-0.3161,0.0619,0.9971,-0.3163,0.0618,0.9972,1.564,0.287
10.68,-0.3163,0.062,0.9972,-0.3161,0.062,0.9976,1.581,0.282
10.685,-0.3165,0.0621,0.9972,-0.3167,0.062,0.9975,1.598,0.278
10.69,-0.3167,0.0621,0.9973,-0.3166,0.0622,0.9973,1.615,0.273
10.695,-0.3169,0.0622,0.9973,-0.3169,0.0621,0.9973,1.632,0.268
10.7,-0.3171,0.0623,0.9974,-0.3171,0.0622,0.9973,1.649,0.263
10.705,-0.3172,0.0623,0.9974,-0.3173,0.0624,0.9973,1.666,0.258
10.71,-0.3174,0.0624,0.9975,-0.3174,0.0623,0.9975,1.682,0.253
10.715,-0.3176,0.0625,0.9975,-0.3176,0.0625,0.9975,1.699,0.248
10.72,-0.3178,0.0625,0.9976,-0.3178,0.0626,0.9975,1.716,0.243
10.725,-0.318,0.0626,0.9976,-0.3181,0.0626,0.9976,1.733,0.238
10.73,-0.3181,0.0627,0.9977,-0.3182,0.0627,0.9978,1.749,0.233
10.735,-0.3183,0.0627,0.9977,-0.3183,0.0625,0.9977,1.766,0.228
10.74,-0.3185,0.0628,0.9978,-0.3185,0.0627,0.9977,1.782,0.223
10.745,-0.3187,0.0629,0.9978,-0.3188,0.0627,0.9973,1.799,0.219
10.75,-0.3189,0.0629,0.9979,-0.3187,0.0631,0.9974,1.815,0.214
10.755,-0.319,0.063,0.9979,-0.3191,0.0629,0.9975,1.832,0.21
10.76,-0.3192,0.0631,0.9979,-0.3194,0.063,0.9976,1.848,0.205
10.765,-0.3194,0.0631,0.998,-0.3193,0.063,0.9976,1.865,0.201
10.77,-0.3195,0.0632,0.998,-0.3196,0.0632,0.9978,1.881,0.196
10.775,-0.3197,0.0633,0.9981,-0.3199,0.0631,0.998,1.897,0.192
10.78,-0.3199,0.0633,0.9981,-0.3198,0.0633,0.9982,1.913,0.188
10.785,-0.3201,0.0634,0.9982,-0.3201,0.0632,0.9984,1.93,0.184
10.79,-0.3202,0.0635,0.9982,-0.3202,0.0633,0.9984,1.946,0.18
10.795,-0.3204,0.0636,0.9982,-0.3203,0.0638,0.9987,1.962,0.176
10.8,-0.3206,0.0636,0.9983,-0.3205,0.0634,0.9985,1.978,0.172
10.805,-0.3207,0.0637,0.9983,-0.3206,0.0637,0.9985,1.994,0.168
10.81,-0.3209,0.0638,0.9984,-0.3209,0.0638,0.9987,2.01,0.164
10.815,-0.321,0.0638,0.9984,-0.3211,0.0637,0.9988,2.025,0.161
10.82,-0.3212,0.0639,0.9984,-0.321,0.0639,0.999,2.041,0.157
10.825,-0.3214,0.064,0.9985,-0.3213,0.0639,0.9989,2.057,0.154
10.83,-0.3215,0.064,0.9985,-0.3216,0.0638,0.999,2.072,0.151
10.835,-0.3217,0.0641,0.9985,-0.3216,0.0639,0.999,2.088,0.148
10.84,-0.3218,0.0642,0.9985,-0.3217,0.064,0.9992,2.103,0.145
10.845,-0.322,0.0643,0.9986,-0.322,0.0643,0.9991,2.119,0.143
10.85,-0.3222,0.0643,0.9986,-0.3223,0.0646,0.9992,2.134,0.14
10.855,-0.3223,0.0644,0.9986,-0.3223,0.0644,0.9993,2.149,0.138
10.86,-0.3225,0.0645,0.9986,-0.3223,0.0643,0.9993,2.164,0.136
10.865,-0.3226,0.0645,0.9987,-0.3225,0.0645,0.9995,2.179,0.133
10.87,-0.3228,0.0646,0.9987,-0.3229,0.0645,0.9995,2.194,0.132
10.875,-0.3229,0.0647,0.9987,-0.3229,0.0648,0.9997,2.209,0.13
10.88,-0.3231,0.0647,0.9987,-0.3231,0.0647,0.9997,2.224,0.128
10.885,-0.3232,0.0648,0.9987,-0.3233,0.0648,0.9997,2.239,0.127
10.89,-0.3234,0.0649,0.9987,-0.3235,0.065,0.9997,2.253,0.125
10.895,-0.3235,0.0649,0.9988,-0.3234,0.0649,0.9996,2.268,0.124
10.9,-0.3237,0.065,0.9988,-0.3238,0.065,0.9998,2.282,0.123
10.905,-0.3238,0.0651,0.9988,-0.3238,0.0651,0.9997,2.297,0.122
10.91,-0.3239,0.0651,0.9988,-0.3239,0.0652,0.9995,2.311,0.121
10.915,-0.3241,0.0652,0.9988,-0.324,0.0652,0.9996,2.325,0.12
10.92,-0.3242,0.0653,0.9988,-0.3242,0.065,0.9997,2.339,0.12
10.925,-0.3244,0.0653,0.9988,-0.3244,0.0653,0.9996,2.354,0.119
10.93,-0.3245,0.0654,0.9988,-0.3245,0.0653,0.9995,2.368,0.119
10.935,-0.3246,0.0655,0.9988,-0.3244,0.0654,0.9996,2.381,0.118
10.94,-0.3248,0.0655,0.9988,-0.3246,0.0656,0.9995,2.395,0.118
10.945,-0.3249,0.0656,0.9988,-0.3247,0.0656,0.9992,2.409,0.118
10.95,-0.325,0.0657,0.9988,-0.325,0.0657,0.9993,2.423,0.118
10.955,-0.3252,0.0657,0.9988,-0.3253,0.0656,0.9992,2.436,0.118
10.96,-0.3253,0.0658,0.9988,-0.3254,0.0657,0.9991,2.45,0.118
10.965,-0.3254,0.0659,0.9988,-0.3257,0.0657,0.9991,2.463,0.118
10.97,-0.3256,0.0659,0.9988,-0.3258,0.066,0.999,2.476,0.118
10.975,-0.3257,0.066,0.9988,-0.3258,0.066,0.9988,2.49,0.118
10.98,-0.3258,0.0661,0.9988,-0.3259,0.066,0.9988,2.503,0.117
10.985,-0.326,0.0661,0.9988,-0.3261,0.066,0.9986,2.516,0.117
10.99,-0.3261,0.0662,0.9988,-0.3261,0.0662,0.9985,2.529,0.117
10.995,-0.3262,0.0663,0.9988,-0.3262,0.0663,0.9986,2.542,0.116
11.0,-0.3263,0.0663,0.9988,-0.3262,0.0665,0.9985,2.555,0.115
11.005,-0.3265,0.0664,0.9989,-0.3264,0.0664,0.9985,2.567,0.114
11.01,-0.3266,0.0665,0.9989,-0.3264,0.0665,0.9983,2.58,0.113
11.015,-0.3267,0.0665,0.9989,-0.3266,0.0665,0.9982,2.593,0.111
11.02,-0.3268,0.0666,0.9989,-0.3266,0.0666,0.9981,2.606,0.109
11.025,-0.327,0.0667,0.9989,-0.3269,0.0665,0.9982,2.618,0.107
11.03,-0.3271,0.0667,0.999,-0.3268,0.0665,0.9981,2.63,0.105
11.035,-0.3272,0.0668,0.999,-0.3271,0.0668,0.9983,2.643,0.102
11.04,-0.3273,0.0669,0.999,-0.3273,0.0667,0.9981,2.655,0.099
11.045,-0.3274,0.0669,0.999,-0.3275,0.067,0.9981,2.667,0.095
11.05,-0.3276,0.067,0.9991,-0.3278,0.067,0.9979,2.679,0.092
11.055,-0.3277,0.067,0.9991,-0.3277,0.0671,0.9978,2.691,0.087
11.06,-0.3278,0.0671,0.9992,-0.3278,0.0671,0.9979,2.703,0.083
11.065,-0.3279,0.0672,0.9992,-0.3278,0.0671,0.9978,2.715,0.077
11.07,-0.328,0.0672,0.9993,-0.3279,0.0672,0.9977,2.727,0.072
11.075,-0.3281,0.0673,0.9993,-0.3281,0.067,0.9976,2.739,0.066
11.08,-0.3282,0.0674,0.9994,-0.3283,0.0673,0.9977,2.75,0.06
11.085,-0.3284,0.0674,0.9995,-0.3284,0.0673,0.9978,2.762,0.053
11.09,-0.3285,0.0675,0.9995,-0.3285,0.0674,0.9976,2.773,0.046
11.095,-0.3286,0.0675,0.9996,-0.3285,0.0675,0.9976,2.785,0.038
11.1,-0.3287,0.0676,0.9997,-0.3286,0.0677,0.9976,2.796,0.03
11.105,-0.3288,0.0677,0.9998,-0.3286,0.0678,0.9977,2.807,0.022
11.11,-0.3289,0.0677,0.9999,-0.3286,0.0677,0.9979,2.819,0.013
11.115,-0.329,0.0678,1.0,-0.3289,0.0679,0.9982,2.83,0.004
11.12,-0.3291,0.0678,1.0001,-0.3289,0.068,0.9981,2.84,0.005
11.125,-0.3292,0.0679,1.0002,-0.3291,0.068,0.9984,2.851,0.015
11.13,-0.3293,0.068,1.0003,-0.3293,0.0679,0.9985,2.862,0.025
11.135,-0.3294,0.068,1.0004,-0.3295,0.0679,0.9984,2.873,0.035
11.14,-0.3295,0.0681,1.0005,-0.3295,0.0681,0.9986,2.883,0.045
11.145,-0.3296,0.0681,1.0006,-0.3296,0.068,0.9988,2.894,0.056
11.15,-0.3297,0.0682,1.0007,-0.3297,0.0681,0.9989,2.904,0.066
11.155,-0.3298,0.0682,1.0008,-0.3298,0.0682,0.9989,2.914,0.076
11.16,-0.3299,0.0683,1.0009,-0.33,0.0681,0.9989,2.924,0.087
11.165,-0.33,0.0684,1.001,-0.3303,0.0683,0.9991,2.934,0.097
11.17,-0.3301,0.0684,1.0011,-0.33,0.0683,0.9993,2.944,0.108
11.175,-0.3302,0.0685,1.0012,-0.3301,0.0684,0.9995,2.954,0.118
11.18,-0.3303,0.0685,1.0013,-0.3303,0.0686,0.9997,2.964,0.128
11.185,-0.3304,0.0686,1.0014,-0.3303,0.0687,1.0,2.973,0.138
11.19,-0.3304,0.0686,1.0015,-0.3306,0.0687,1.0,2.982,0.148
11.195,-0.3305,0.0687,1.0016,-0.3304,0.0687,1.0001,2.992,0.157
11.2,-0.3306,0.0687,1.0017,-0.3307,0.0688,1.0001,3.001,0.166
11.205,-0.3307,0.0688,1.0017,-0.3306,0.0688,1.0002,3.01,0.175
11.21,-0.3308,0.0689,1.0018,-0.3306,0.069,1.0001,3.019,0.183
11.215,-0.3309,0.0689,1.0019,-0.3307,0.0689,1.0006,3.027,0.191
11.22,-0.3309,0.069,1.002,-0.3308,0.0691,1.0006,3.036,0.199
11.225,-0.331,0.069,1.0021,-0.331,0.0689,1.0009,3.044,0.207
11.23,-0.3311,0.0691,1.0021,-0.3308,0.0689,1.0011,3.053,0.213
11.235,-0.3312,0.0691,1.0022,-0.331,0.069,1.0011,3.061,0.22
11.24,-0.3312,0.0692,1.0023,-0.3313,0.0691,1.0013,3.069,0.226
11.245,-0.3313,0.0692,1.0023,-0.3312,0.0691,1.0013,3.077,0.231
11.25,-0.3314,0.0693,1.0024,-0.3313,0.0693,1.0012,3.084,0.236
11.255,-0.3315,0.0693,1.0024,-0.3315,0.0693,1.0013,3.092,0.241
11.26,-0.3315,0.0694,1.0024,-0.3316,0.0693,1.0015,3.099,0.245
11.265,-0.3316,0.0694,1.0025,-0.3316,0.0694,1.0018,3.106,0.248
11.27,-0.3317,0.0695,1.0025,-0.3315,0.0695,1.002,3.113,0.251
11.275,-0.3317,0.0695,1.0025,-0.3317,0.0695,1.0024,3.12,0.253
11.28,-0.3318,0.0696,1.0025,-0.3319,0.0697,1.0026,3.127,0.255
11.285,-0.3318,0.0696,1.0026,-0.3318,0.0698,1.0026,3.133,0.256
11.29,-0.3319,0.0697,1.0026,-0.3318,0.0698,1.0028,3.14,0.256
11.295,-0.3319,0.0697,1.0026,-0.3318,0.0697,1.003,3.146,0.256
11.3,-0.332,0.0698,1.0026,-0.3319,0.0698,1.003,3.152,0.255
11.305,-0.3321,0.0698,1.0025,-0.3319,0.07,1.0026,3.158,0.254
11.31,-0.3321,0.0699,1.0025,-0.332,0.0699,1.0025,3.164,0.252
11.315,-0.3322,0.0699,1.0025,-0.3322,0.0698,1.0027,3.169,0.249
11.32,-0.3322,0.07,1.0025,-0.3321,0.07,1.0027,3.174,0.246
11.325,-0.3322,0.07,1.0024,-0.3321,0.0701,1.0029,3.18,0.242
11.33,-0.3323,0.0701,1.0024,-0.3322,0.07,1.0027,3.185,0.237
11.335,-0.3323,0.0701,1.0023,-0.3321,0.07,1.0027,3.189,0.232
11.34,-0.3324,0.0702,1.0023,-0.3323,0.07,1.0025,3.194,0.227
11.345,-0.3324,0.0702,1.0022,-0.3323,0.0701,1.0028,3.198,0.221
11.35,-0.3324,0.0702,1.0021,-0.3325,0.0702,1.0028,3.203,0.214
11.355,-0.3325,0.0703,1.0021,-0.3325,0.0702,1.0028,3.207,0.207
11.36,-0.3325,0.0703,1.002,-0.3325,0.0703,1.0028,3.211,0.2
11.365,-0.3325,0.0704,1.0019,-0.3324,0.0704,1.0029,3.214,0.192
11.37,-0.3326,0.0704,1.0018,-0.3326,0.0703,1.0027,3.218,0.184
11.375,-0.3326,0.0705,1.0018,-0.3327,0.0706,1.0026,3.221,0.176
11.38,-0.3326,0.0705,1.0017,-0.3328,0.0704,1.0022,3.225,0.167
11.385,-0.3326,0.0706,1.0016,-0.3328,0.0706,1.0023,3.228,0.158
11.39,-0.3327,0.0706,1.0015,-0.3328,0.0706,1.0024,3.231,0.149
11.395,-0.3327,0.0706,1.0014,-0.3327,0.0707,1.0021,3.233,0.14
11.4,-0.3327,0.0707,1.0013,-0.3327,0.0709,1.0022,3.236,0.131
11.405,-0.3327,0.0707,1.0012,-0.3327,0.0708,1.0024,3.238,0.122
11.41,-0.3327,0.0708,1.0011,-0.3328,0.0709,1.0023,3.241,0.112
11.415,-0.3328,0.0708,1.001,-0.3327,0.0709,1.0021,3.243,0.103
11.42,-0.3328,0.0708,1.0009,-0.3328,0.0708,1.0021,3.245,0.094
11.425,-0.3328,0.0709,1.0008,-0.3326,0.0708,1.0019,3.247,0.084
11.43,-0.3328,0.0709,1.0008,-0.3325,0.0708,1.0018,3.248,0.075
11.435,-0.3328,0.071,1.0007,-0.3327,0.0709,1.0019,3.25,0.066
11.44,-0.3328,0.071,1.0006,-0.3328,0.071,1.0016,3.251,0.057
11.445,-0.3328,0.071,1.0005,-0.3326,0.0711,1.0017,3.252,0.048
11.45,-0.3328,0.0711,1.0004,-0.3328,0.0709,1.0015,3.253,0.04
11.455,-0.3328,0.0711,1.0003,-0.3326,0.0709,1.0012,3.254,0.032
11.46,-0.3328,0.0711,1.0002,-0.333,0.0709,1.0011,3.255,0.024
11.465,-0.3328,0.0712,1.0002,-0.333,0.071,1.0011,3.255,0.016
11.47,-0.3328,0.0712,1.0001,-0.333,0.0711,1.0011,3.256,0.009
11.475,-0.3328,0.0712,1.0,-0.3328,0.0712,1.001,3.256,0.002
11.48,-0.3328,0.0713,1.0,-0.3331,0.0712,1.0012,3.256,0.004
11.485,-0.3328,0.0713,0.9999,-0.3329,0.0714,1.0011,3.256,0.01
11.49,-0.3328,0.0713,0.9998,-0.3329,0.0715,1.0009,3.256,0.016
11.495,-0.3328,0.0714,0.9998,-0.3328,0.0714,1.0009,3.256,0.021
11.5,-0.3328,0.0714,0.9997,-0.333,0.0713,1.0009,3.255,0.026
11.505,-0.3328,0.0714,0.9997,-0.3328,0.0715,1.0009,3.255,0.03
11.51,-0.3327,0.0715,0.9997,-0.3328,0.0714,1.0008,3.254,0.034
11.515,-0.3327,0.0715,0.9996,-0.3327,0.0715,1.0009,3.253,0.038
11.52,-0.3327,0.0715,0.9996,-0.3327,0.0714,1.0006,3.252,0.041
11.525,-0.3327,0.0715,0.9996,-0.3326,0.0713,1.0004,3.251,0.044
11.53,-0.3327,0.0716,0.9995,-0.3325,0.0715,1.0001,3.25,0.046
11.535,-0.3327,0.0716,0.9995,-0.3325,0.0715,0.9998,3.248,0.048
11.54,-0.3326,0.0716,0.9995,-0.3326,0.0715,1.0,3.247,0.049
11.545,-0.3326,0.0717,0.9995,-0.3325,0.0713,0.9999,3.245,0.05
11.55,-0.3326,0.0717,0.9995,-0.3325,0.0716,0.9997,3.243,0.05
11.555,-0.3326,0.0717,0.9995,-0.3326,0.0716,0.9996,3.241,0.05
11.56,-0.3325,0.0717,0.9995,-0.3327,0.0716,0.9997,3.239,0.05
11.565,-0.3325,0.0717,0.9995,-0.3324,0.0715,0.9997,3.237,0.049
11.57,-0.3325,0.0718,0.9995,-0.3325,0.0716,0.9996,3.235,0.048
11.575,-0.3325,0.0718,0.9995,-0.3326,0.0718,0.9992,3.232,0.046
11.58,-0.3324,0.0718,0.9996,-0.3326,0.0719,0.999,3.229,0.044
11.585,-0.3324,0.0718,0.9996,-0.3326,0.0719,0.9989,3.227,0.041
11.59,-0.3324,0.0718,0.9996,-0.3326,0.0719,0.9988,3.224,0.038
11.595,-0.3323,0.0719,0.9997,-0.3323,0.0719,0.9989,3.22,0.035
11.6,-0.3323,0.0719,0.9997,-0.3324,0.0719,0.9988,3.217,0.031
11.605,-0.3322,0.0719,0.9997,-0.3322,0.0719,0.9989,3.214,0.027
11.61,-0.3322,0.0719,0.9998,-0.3321,0.0718,0.999,3.21,0.023
11.615,-0.3322,0.0719,0.9998,-0.3322,0.072,0.9989,3.207,0.018
11.62,-0.3321,0.0719,0.9999,-0.332,0.072,0.999,3.203,0.013
11.625,-0.3321,0.0719,0.9999,-0.332,0.0718,0.9993,3.199,0.007
11.63,-0.332,0.0719,1.0,-0.332,0.0717,0.9993,3.195,0.001
11.635,-0.332,0.072,1.0,-0.332,0.0717,0.9996,3.19,0.005
11.64,-0.3319,0.072,1.0001,-0.332,0.0719,0.9996,3.186,0.011
11.645,-0.3319,0.072,1.0002,-0.3316,0.072,0.9996,3.181,0.017
11.65,-0.3318,0.072,1.0002,-0.3319,0.072,0.9996,3.177,0.024
11.655,-0.3318,0.072,1.0003,-0.3321,0.0719,0.9995,3.172,0.031
11.66,-0.3317,0.072,1.0004,-0.3318,0.0721,0.9997,3.167,0.038
11.665,-0.3317,0.072,1.0004,-0.3318,0.072,0.9998,3.161,0.044
11.67,-0.3316,0.072,1.0005,-0.3318,0.0722,0.9998,3.156,0.051
11.675,-0.3316,0.072,1.0006,-0.3318,0.0723,0.9998,3.151,0.058
11.68,-0.3315,0.072,1.0006,-0.3317,0.0722,1.0,3.145,0.065
11.685,-0.3315,0.072,1.0007,-0.3313,0.0721,1.0,3.139,0.071
11.69,-0.3314,0.072,1.0008,-0.3314,0.0721,1.0001,3.133,0.078
11.695,-0.3313,0.072,1.0008,-0.3314,0.0721,1.0001,3.127,0.084
11.7,-0.3313,0.072,1.0009,-0.3314,0.0719,1.0003,3.121,0.091
11.705,-0.3312,0.072,1.001,-0.3311,0.072,1.0002,3.114,0.097
11.71,-0.3311,0.072,1.001,-0.3311,0.0719,1.0003,3.108,0.103
11.715,-0.3311,0.072,1.0011,-0.331,0.0719,1.0002,3.101,0.108
11.72,-0.331,0.072,1.0011,-0.3311,0.0717,1.0001,3.094,0.114
11.725,-0.3309,0.072,1.0012,-0.3311,0.0719,1.0002,3.087,0.119
11.73,-0.3308,0.072,1.0012,-0.3309,0.0721,1.0005,3.08,0.124
11.735,-0.3308,0.072,1.0013,-0.3308,0.0721,1.0007,3.072,0.128
11.74,-0.3307,0.072,1.0013,-0.3307,0.0719,1.001,3.065,0.133
11.745,-0.3306,0.072,1.0014,-0.3306,0.072,1.0013,3.057,0.137
11.75,-0.3305,0.072,1.0014,-0.3307,0.072,1.0014,3.049,0.14
11.755,-0.3305,0.072,1.0014,-0.3307,0.072,1.0016,3.041,0.143
11.76,-0.3304,0.0719,1.0015,-0.3303,0.0719,1.0015,3.033,0.146
11.765,-0.3303,0.0719,1.0015,-0.3304,0.072,1.0018,3.025,0.149
11.77,-0.3302,0.0719,1.0015,-0.3303,0.0721,1.0021,3.016,0.15
11.775,-0.3301,0.0719,1.0015,-0.3302,0.0721,1.0021,3.008,0.152
11.78,-0.33,0.0719,1.0015,-0.3301,0.0721,1.0021,2.999,0.153
11.785,-0.33,0.0719,1.0015,-0.33,0.0719,1.0021,2.99,0.153
11.79,-0.3299,0.0719,1.0015,-0.33,0.0719,1.002,2.981,0.153
11.795,-0.3298,0.0719,1.0015,-0.3298,0.0719,1.0021,2.972,0.152
11.8,-0.3297,0.0718,1.0015,-0.3296,0.0718,1.0021,2.962,0.151
11.805,-0.3296,0.0718,1.0015,-0.3296,0.0719,1.0022,2.953,0.149
11.81,-0.3295,0.0718,1.0015,-0.3295,0.0718,1.0022,2.943,0.146
11.815,-0.3294,0.0718,1.0014,-0.3294,0.0717,1.0022,2.933,0.143
11.82,-0.3293,0.0718,1.0014,-0.3291,0.0717,1.0023,2.923,0.14
11.825,-0.3292,0.0718,1.0014,-0.3293,0.0716,1.002,2.913,0.136
11.83,-0.3291,0.0717,1.0013,-0.329,0.0717,1.002,2.903,0.131
11.835,-0.329,0.0717,1.0013,-0.3291,0.0716,1.0022,2.893,0.126
11.84,-0.3289,0.0717,1.0012,-0.3289,0.0717,1.0018,2.882,0.121
11.845,-0.3288,0.0717,1.0012,-0.3289,0.0717,1.0018,2.871,0.115
11.85,-0.3287,0.0717,1.0011,-0.3287,0.0716,1.0015,2.86,0.109
11.855,-0.3286,0.0716,1.001,-0.3287,0.0717,1.0015,2.849,0.102
11.86,-0.3285,0.0716,1.001,-0.3284,0.0718,1.0016,2.838,0.095
11.865,-0.3283,0.0716,1.0009,-0.3283,0.0716,1.0015,2.827,0.088
11.87,-0.3282,0.0716,1.0008,-0.3283,0.0717,1.0016,2.816,0.08
11.875,-0.3281,0.0715,1.0007,-0.328,0.0716,1.0015,2.804,0.073
11.88,-0.328,0.0715,1.0006,-0.3282,0.0716,1.0015,2.793,0.065
11.885,-0.3279,0.0715,1.0006,-0.3281,0.0715,1.0015,2.781,0.057
11.89,-0.3278,0.0715,1.0005,-0.3277,0.0714,1.0014,2.769,0.049
11.895,-0.3277,0.0714,1.0004,-0.3277,0.0716,1.0011,2.757,0.04
11.9,-0.3275,0.0714,1.0003,-0.3275,0.0715,1.0011,2.745,0.032
11.905,-0.3274,0.0714,1.0002,-0.3273,0.0716,1.0011,2.733,0.024
11.91,-0.3273,0.0714,1.0002,-0.3274,0.0713,1.0009,2.721,0.016
11.915,-0.3272,0.0713,1.0001,-0.3272,0.0713,1.0007,2.708,0.007
11.92,-0.3271,0.0713,1.0,-0.3272,0.0715,1.0007,2.696,0.001
11.925,-0.3269,0.0713,0.9999,-0.327,0.0712,1.0005,2.683,0.009
11.93,-0.3268,0.0713,0.9998,-0.3268,0.0713,1.0003,2.67,0.016
11.935,-0.3267,0.0712,0.9998,-0.3267,0.0713,1.0003,2.657,0.024
11.94,-0.3266,0.0712,0.9997,-0.3267,0.0712,1.0001,2.645,0.031
11.945,-0.3264,0.0712,0.9996,-0.3266,0.071,1.0001,2.631,0.037
11.95,-0.3263,0.0711,0.9996,-0.3265,0.071,0.9999,2.618,0.044
11.955,-0.3262,0.0711,0.9995,-0.3263,0.0711,0.9997,2.605,0.05
11.96,-0.3261,0.0711,0.9994,-0.3261,0.071,0.9996,2.592,0.055
11.965,-0.3259,0.071,0.9994,-0.3259,0.071,0.9995,2.578,0.06
11.97,-0.3258,0.071,0.9994,-0.3259,0.071,0.9994,2.565,0.065
11.975,-0.3257,0.071,0.9993,-0.3257,0.0709,0.9995,2.551,0.069
11.98,-0.3255,0.0709,0.9993,-0.3254,0.0709,0.9992,2.538,0.072
11.985,-0.3254,0.0709,0.9993,-0.3254,0.0709,0.999,2.524,0.075
11.99,-0.3253,0.0709,0.9992,-0.3253,0.0707,0.9987,2.51,0.077
11.995,-0.3251,0.0708,0.9992,-0.3252,0.0708,0.9987,2.496,0.078
12.0,-0.325,0.0708,0.9992,-0.3251,0.0707,0.9988,2.482,0.079
12.005,-0.3249,0.0707,0.9992,-0.3249,0.0708,0.9985,2.468,0.079
12.01,-0.3247,0.0707,0.9992,-0.3248,0.0709,0.9983,2.454,0.078
12.015,-0.3246,0.0707,0.9992,-0.3245,0.0706,0.9982,2.44,0.076
12.02,-0.3245,0.0706,0.9993,-0.3245,0.0707,0.9984,2.426,0.074
12.025,-0.3243,0.0706,0.9993,-0.3242,0.0705,0.9984,2.412,0.071
12.03,-0.3242,0.0706,0.9993,-0.3242,0.0706,0.9982,2.397,0.067
12.035,-0.324,0.0705,0.9994,-0.3241,0.0706,0.9981,2.383,0.062
12.04,-0.3239,0.0705,0.9994,-0.324,0.0707,0.998,2.368,0.057
12.045,-0.3238,0.0704,0.9995,-0.3238,0.0705,0.9981,2.353,0.051
12.05,-0.3236,0.0704,0.9996,-0.3239,0.0704,0.9979,2.339,0.044
12.055,-0.3235,0.0703,0.9996,-0.3233,0.0703,0.9977,2.324,0.036
12.06,-0.3233,0.0703,0.9997,-0.3234,0.0704,0.9974,2.309,0.028
12.065,-0.3232,0.0703,0.9998,-0.3234,0.0703,0.9975,2.294,0.019
12.07,-0.323,0.0702,0.9999,-0.3231,0.0702,0.9975,2.279,0.009
12.075,-0.3229,0.0702,1.0,-0.323,0.07,0.9973,2.264,0.002
12.08,-0.3228,0.0701,1.0001,-0.323,0.0701,0.9973,2.249,0.014
12.085,-0.3226,0.0701,1.0003,-0.3226,0.0702,0.9974,2.234,0.026
12.09,-0.3225,0.07,1.0004,-0.3225,0.0699,0.9975,2.219,0.038
12.095,-0.3223,0.07,1.0005,-0.3224,0.0698,0.9974,2.203,0.052
12.1,-0.3222,0.0699,1.0007,-0.3221,0.07,0.9974,2.188,0.066
12.105,-0.322,0.0699,1.0008,-0.322,0.0699,0.9975,2.173,0.081
12.11,-0.3219,0.0698,1.001,-0.3219,0.0701,0.9979,2.157,0.096
12.115,-0.3217,0.0698,1.0011,-0.3217,0.0699,0.9981,2.141,0.112
12.12,-0.3216,0.0697,1.0013,-0.3217,0.0697,0.9982,2.126,0.128
12.125,-0.3214,0.0697,1.0014,-0.3214,0.0696,0.9985,2.11,0.145
12.13,-0.3213,0.0696,1.0016,-0.3212,0.0697,0.9986,2.094,0.161
12.135,-0.3211,0.0696,1.0018,-0.3213,0.0695,0.9987,2.078,0.179
12.14,-0.321,0.0695,1.002,-0.3213,0.0694,0.999,2.062,0.196
12.145,-0.3208,0.0695,1.0021,-0.321,0.0695,0.9991,2.046,0.214
12.15,-0.3207,0.0694,1.0023,-0.3209,0.0693,0.9991,2.03,0.232
12.155,-0.3205,0.0694,1.0025,-0.3206,0.0693,0.9992,2.014,0.249
12.16,-0.3204,0.0693,1.0027,-0.3206,0.0695,0.9993,1.997,0.267
12.165,-0.3202,0.0693,1.0028,-0.3203,0.0694,0.9996,1.981,0.285
12.17,-0.32,0.0692,1.003,-0.3201,0.0691,0.9999,1.964,0.302
12.175,-0.3199,0.0692,1.0032,-0.3198,0.0692,1.0,1.948,0.32
12.18,-0.3197,0.0691,1.0034,-0.3196,0.0691,1.0001,1.931,0.337
12.185,-0.3196,0.069,1.0035,-0.3197,0.0691,1.0001,1.914,0.354
12.19,-0.3194,0.069,1.0037,-0.3193,0.0688,1.0004,1.898,0.37
12.195,-0.3192,0.0689,1.0039,-0.3194,0.069,1.0005,1.881,0.386
12.2,-0.3191,0.0689,1.004,-0.319,0.0687,1.0009,1.864,0.402
12.205,-0.3189,0.0688,1.0042,-0.3188,0.0688,1.0011,1.847,0.417
12.21,-0.3188,0.0688,1.0043,-0.3187,0.0687,1.0014,1.829,0.432
12.215,-0.3186,0.0687,1.0045,-0.3186,0.0687,1.0015,1.812,0.446
12.22,-0.3184,0.0686,1.0046,-0.3184,0.0688,1.0017,1.795,0.46
12.225,-0.3183,0.0686,1.0047,-0.3184,0.0686,1.0019,1.777,0.473
12.23,-0.3181,0.0685,1.0049,-0.3181,0.0687,1.0021,1.76,0.485
12.235,-0.3179,0.0684,1.005,-0.318,0.0687,1.0022,1.742,0.497
12.24,-0.3178,0.0684,1.0051,-0.3179,0.0686,1.0023,1.724,0.508
12.245,-0.3176,0.0683,1.0052,-0.3177,0.0683,1.0024,1.706,0.518
12.25,-0.3174,0.0683,1.0053,-0.3174,0.0684,1.0027,1.688,0.528
12.255,-0.3172,0.0682,1.0054,-0.3173,0.0682,1.0024,1.67,0.536
12.26,-0.3171,0.0681,1.0054,-0.3171,0.0681,1.0027,1.652,0.544
12.265,-0.3169,0.0681,1.0055,-0.3171,0.068,1.003,1.634,0.551
12.27,-0.3167,0.068,1.0056,-0.3169,0.0679,1.0033,1.616,0.558
12.275,-0.3165,0.0679,1.0056,-0.3167,0.0678,1.0036,1.597,0.563
12.28,-0.3164,0.0679,1.0057,-0.3166,0.0679,1.0038,1.579,0.568
12.285,-0.3162,0.0678,1.0057,-0.3166,0.0678,1.0039,1.56,0.572
12.29,-0.316,0.0677,1.0058,-0.3161,0.0679,1.0042,1.541,0.575
12.295,-0.3158,0.0677,1.0058,-0.316,0.0679,1.0045,1.523,0.578
12.3,-0.3157,0.0676,1.0058,-0.3157,0.0678,1.0047,1.504,0.579
12.305,-0.3155,0.0675,1.0058,-0.3156,0.0678,1.0047,1.485,0.58
12.31,-0.3153,0.0675,1.0058,-0.3154,0.0678,1.0047,1.466,0.58
12.315,-0.3151,0.0674,1.0058,-0.3152,0.0674,1.0048,1.447,0.579
12.32,-0.3149,0.0673,1.0058,-0.3149,0.0676,1.005,1.428,0.577
12.325,-0.3148,0.0672,1.0057,-0.3148,0.0674,1.0048,1.409,0.575
12.33,-0.3146,0.0672,1.0057,-0.3147,0.0671,1.0048,1.39,0.572
12.335,-0.3144,0.0671,1.0057,-0.3144,0.0672,1.0048,1.371,0.568
12.34,-0.3142,0.067,1.0056,-0.3145,0.0672,1.0049,1.351,0.563
12.345,-0.314,0.067,1.0056,-0.3144,0.0672,1.0049,1.332,0.558
12.35,-0.3138,0.0669,1.0055,-0.314,0.0668,1.0047,1.313,0.552
12.355,-0.3137,0.0668,1.0055,-0.3139,0.0668,1.0048,1.294,0.546
12.36,-0.3135,0.0668,1.0054,-0.3136,0.0667,1.0048,1.274,0.54
12.365,-0.3133,0.0667,1.0053,-0.3132,0.0669,1.0047,1.255,0.533
12.37,-0.3131,0.0666,1.0053,-0.313,0.0667,1.0048,1.236,0.525
12.375,-0.3129,0.0665,1.0052,-0.3129,0.0665,1.0047,1.217,0.518
12.38,-0.3127,0.0665,1.0051,-0.3126,0.0665,1.0047,1.197,0.51
12.385,-0.3125,0.0664,1.005,-0.3125,0.0663,1.0047,1.178,0.502
12.39,-0.3124,0.0663,1.0049,-0.3124,0.0663,1.0047,1.159,0.493
12.395,-0.3122,0.0663,1.0048,-0.3123,0.0664,1.0048,1.139,0.485
12.4,-0.312,0.0662,1.0048,-0.312,0.0662,1.0047,1.12,0.477
12.405,-0.3118,0.0661,1.0047,-0.3118,0.0662,1.0045,1.101,0.468
12.41,-0.3116,0.0661,1.0046,-0.3117,0.0663,1.0042,1.082,0.46
12.415,-0.3114,0.066,1.0045,-0.3114,0.066,1.0043,1.063,0.452
12.42,-0.3112,0.0659,1.0044,-0.3112,0.0661,1.0043,1.044,0.444
12.425,-0.311,0.0658,1.0044,-0.3111,0.0658,1.0041,1.025,0.436
12.43,-0.3109,0.0658,1.0043,-0.3109,0.0658,1.0042,1.005,0.429
12.435,-0.3107,0.0657,1.0042,-0.3107,0.0657,1.004,0.986,0.422
12.44,-0.3105,0.0656,1.0041,-0.3105,0.0656,1.0038,0.968,0.415
12.445,-0.3103,0.0656,1.0041,-0.3103,0.0655,1.0035,0.949,0.408
12.45,-0.3101,0.0655,1.004,-0.3101,0.0655,1.0034,0.93,0.402
12.455,-0.3099,0.0654,1.004,-0.31,0.0655,1.0033,0.911,0.396
12.46,-0.3097,0.0654,1.0039,-0.3098,0.0654,1.0035,0.892,0.391
12.465,-0.3096,0.0653,1.0039,-0.3097,0.0654,1.0035,0.874,0.387
12.47,-0.3094,0.0652,1.0038,-0.3095,0.0652,1.0035,0.855,0.382
12.475,-0.3092,0.0652,1.0038,-0.3093,0.0652,1.0038,0.836,0.379
12.48,-0.309,0.0651,1.0038,-0.3091,0.0652,1.0036,0.818,0.376
12.485,-0.3088,0.065,1.0037,-0.3089,0.0651,1.0035,0.8,0.374
12.49,-0.3086,0.065,1.0037,-0.3089,0.065,1.0034,0.781,0.372
12.495,-0.3085,0.0649,1.0037,-0.3085,0.0649,1.0035,0.763,0.371
12.5,-0.3083,0.0648,1.0037,-0.3083,0.0648,1.0036,0.745,0.371
12.505,-0.3081,0.0648,1.0037,-0.3081,0.0649,1.0036,0.727,0.371
12.51,-0.3079,0.0647,1.0037,-0.3079,0.0647,1.0034,0.709,0.372
12.515,-0.3077,0.0646,1.0037,-0.3076,0.0647,1.0034,0.692,0.373
12.52,-0.3075,0.0646,1.0037,-0.3076,0.0646,1.0034,0.674,0.375
12.525,-0.3074,0.0645,1.0038,-0.3074,0.0645,1.0032,0.656,0.377
12.53,-0.3072,0.0644,1.0038,-0.3072,0.0645,1.0031,0.639,0.38
12.535,-0.307,0.0644,1.0038,-0.3069,0.0646,1.0032,0.622,0.383
12.54,-0.3068,0.0643,1.0039,-0.307,0.0641,1.0034,0.605,0.387
12.545,-0.3066,0.0643,1.0039,-0.3068,0.0644,1.0035,0.588,0.391
12.55,-0.3065,0.0642,1.004,-0.3065,0.0644,1.0035,0.571,0.396
12.555,-0.3063,0.0641,1.004,-0.3065,0.0643,1.0034,0.555,0.401
12.56,-0.3061,0.0641,1.0041,-0.3062,0.0642,1.0033,0.538,0.407
12.565,-0.3059,0.064,1.0041,-0.3058,0.0642,1.0031,0.522,0.413
12.57,-0.3058,0.0639,1.0042,-0.3058,0.0639,1.0032,0.506,0.419
12.575,-0.3056,0.0639,1.0043,-0.3057,0.0639,1.0031,0.49,0.426
12.58,-0.3054,0.0638,1.0043,-0.3056,0.0639,1.0033,0.475,0.433
12.585,-0.3052,0.0638,1.0044,-0.3054,0.0635,1.0031,0.46,0.44
12.59,-0.3051,0.0637,1.0045,-0.3053,0.0635,1.003,0.445,0.448
12.595,-0.3049,0.0636,1.0046,-0.3048,0.0637,1.0031,0.43,0.455
12.6,-0.3047,0.0636,1.0046,-0.3048,0.0637,1.0028,0.416,0.463
12.605,-0.3045,0.0635,1.0047,-0.3048,0.0634,1.0027,0.402,0.471
12.61,-0.3044,0.0635,1.0048,-0.3045,0.0634,1.0028,0.388,0.48
12.615,-0.3042,0.0634,1.0049,-0.3042,0.0636,1.0028,0.375,0.488
12.62,-0.304,0.0634,1.005,-0.304,0.0636,1.0029,0.362,0.497
12.625,-0.3038,0.0633,1.0051,-0.3038,0.0635,1.0029,0.35,0.505
12.63,-0.3037,0.0633,1.0051,-0.3038,0.0632,1.0028,0.338,0.514
12.635,-0.3035,0.0632,1.0052,-0.3035,0.0633,1.0029,0.327,0.523
12.64,-0.3033,0.0631,1.0053,-0.3036,0.0631,1.003,0.317,0.532
12.645,-0.3031,0.0631,1.0054,-0.3031,0.0631,1.0029,0.307,0.541
12.65,-0.303,0.063,1.0055,-0.303,0.063,1.003,0.298,0.55
12.655,-0.3028,0.063,1.0056,-0.3029,0.0629,1.0032,0.29,0.559
12.66,-0.3026,0.0629,1.0057,-0.3026,0.063,1.0034,0.282,0.568
12.665,-0.3025,0.0629,1.0058,-0.3025,0.0629,1.0036,0.276,0.576
12.67,-0.3023,0.0628,1.0059,-0.3022,0.0626,1.0039,0.271,0.585
12.675,-0.3021,0.0628,1.0059,-0.3021,0.0627,1.004,0.266,0.594
12.68,-0.3019,0.0627,1.006,-0.3021,0.0627,1.0042,0.263,0.602
12.685,-0.3018,0.0627,1.0061,-0.3017,0.0626,1.0041,0.261,0.61
12.69,-0.3016,0.0626,1.0062,-0.3016,0.0625,1.0042,0.26,0.618
12.695,-0.3014,0.0626,1.0063,-0.3013,0.0627,1.0044,0.26,0.625
12.7,-0.3013,0.0625,1.0063,-0.3011,0.0626,1.0045,0.262,0.632
12.705,-0.3011,0.0625,1.0064,-0.3013,0.0624,1.0048,0.264,0.639
12.71,-0.3009,0.0624,1.0064,-0.301,0.0625,1.0047,0.268,0.645
12.715,-0.3008,0.0624,1.0065,-0.3008,0.0625,1.0046,0.273,0.651
12.72,-0.3006,0.0623,1.0066,-0.3007,0.0624,1.0046,0.278,0.656
12.725,-0.3004,0.0623,1.0066,-0.3005,0.0625,1.0042,0.285,0.661
12.73,-0.3003,0.0622,1.0066,-0.3003,0.0625,1.0045,0.292,0.665
12.735,-0.3001,0.0622,1.0067,-0.3003,0.0623,1.0046,0.3,0.668
12.74,-0.2999,0.0622,1.0067,-0.3003,0.0622,1.0048,0.309,0.671
12.745,-0.2998,0.0621,1.0067,-0.2996,0.0621,1.0049,0.319,0.674
12.75,-0.2996,0.0621,1.0068,-0.2997,0.0622,1.0053,0.329,0.676
12.755,-0.2994,0.062,1.0068,-0.2995,0.062,1.0051,0.339,0.677
12.76,-0.2993,0.062,1.0068,-0.2993,0.0621,1.0056,0.35,0.678
12.765,-0.2991,0.0619,1.0068,-0.2991,0.062,1.0058,0.362,0.678
12.77,-0.2989,0.0619,1.0068,-0.299,0.0619,1.0061,0.374,0.677
12.775,-0.2988,0.0618,1.0068,-0.2988,0.0619,1.0062,0.386,0.676
12.78,-0.2986,0.0618,1.0067,-0.2986,0.0618,1.006,0.398,0.674
12.785,-0.2984,0.0618,1.0067,-0.2985,0.0619,1.006,0.411,0.671
12.79,-0.2983,0.0617,1.0067,-0.2981,0.0617,1.006,0.424,0.668
12.795,-0.2981,0.0617,1.0066,-0.2982,0.0615,1.0064,0.437,0.664
12.8,-0.298,0.0616,1.0066,-0.298,0.0616,1.0065,0.451,0.659
12.805,-0.2978,0.0616,1.0065,-0.2978,0.0616,1.0066,0.464,0.654
12.81,-0.2976,0.0616,1.0065,-0.2976,0.0614,1.0067,0.478,0.648
12.815,-0.2975,0.0615,1.0064,-0.2976,0.0616,1.0067,0.492,0.641
12.82,-0.2973,0.0615,1.0063,-0.2974,0.0614,1.0067,0.506,0.634
12.825,-0.2971,0.0614,1.0063,-0.2971,0.0614,1.0067,0.52,0.626
12.83,-0.297,0.0614,1.0062,-0.297,0.0614,1.0068,0.534,0.617
12.835,-0.2968,0.0614,1.0061,-0.297,0.0614,1.0068,0.549,0.608
12.84,-0.2967,0.0613,1.006,-0.2968,0.0615,1.0068,0.563,0.598
12.845,-0.2965,0.0613,1.0059,-0.2966,0.0614,1.0068,0.578,0.587
12.85,-0.2963,0.0613,1.0058,-0.2965,0.0613,1.0069,0.592,0.576
12.855,-0.2962,0.0612,1.0056,-0.2962,0.0614,1.0068,0.607,0.564
12.86,-0.296,0.0612,1.0055,-0.296,0.0612,1.0068,0.622,0.551
12.865,-0.2959,0.0612,1.0054,-0.296,0.0613,1.0066,0.636,0.538
12.87,-0.2957,0.0611,1.0052,-0.2957,0.0611,1.0066,0.651,0.525
12.875,-0.2955,0.0611,1.0051,-0.2956,0.061,1.0063,0.666,0.511
12.88,-0.2954,0.061,1.005,-0.2955,0.0611,1.0062,0.68,0.497
12.885,-0.2952,0.061,1.0048,-0.2952,0.061,1.0061,0.695,0.482
12.89,-0.2951,0.061,1.0047,-0.2951,0.0611,1.0061,0.71,0.467
12.895,-0.2949,0.0609,1.0045,-0.2951,0.0611,1.006,0.724,0.452
12.9,-0.2947,0.0609,1.0044,-0.2948,0.0611,1.0061,0.739,0.436
12.905,-0.2946,0.0609,1.0042,-0.2946,0.061,1.0059,0.754,0.421
12.91,-0.2944,0.0609,1.004,-0.2946,0.0609,1.0055,0.768,0.405
12.915,-0.2943,0.0608,1.0039,-0.2945,0.0608,1.0053,0.783,0.389
12.92,-0.2941,0.0608,1.0037,-0.2945,0.0609,1.0053,0.797,0.373
12.925,-0.294,0.0608,1.0036,-0.2942,0.0607,1.0051,0.812,0.357
12.93,-0.2938,0.0607,1.0034,-0.294,0.0608,1.005,0.826,0.341
12.935,-0.2937,0.0607,1.0032,-0.2938,0.0606,1.0048,0.841,0.325
12.94,-0.2935,0.0607,1.0031,-0.2937,0.0606,1.0048,0.855,0.309
12.945,-0.2934,0.0607,1.0029,-0.2934,0.0608,1.0049,0.869,0.293
12.95,-0.2932,0.0606,1.0028,-0.2933,0.0607,1.0048,0.883,0.278
12.955,-0.2931,0.0606,1.0026,-0.293,0.0606,1.0046,0.897,0.263
12.96,-0.2929,0.0606,1.0025,-0.293,0.0607,1.0044,0.911,0.248
12.965,-0.2928,0.0606,1.0023,-0.2929,0.0608,1.0044,0.925,0.233
12.97,-0.2926,0.0605,1.0022,-0.2927,0.0605,1.0043,0.938,0.219
12.975,-0.2925,0.0605,1.002,-0.2926,0.0605,1.0042,0.952,0.205
12.98,-0.2923,0.0605,1.0019,-0.2924,0.0606,1.0041,0.966,0.191
12.985,-0.2922,0.0605,1.0018,-0.2925,0.0606,1.0037,0.979,0.178
12.99,-0.2921,0.0605,1.0017,-0.2922,0.0604,1.0035,0.992,0.165
12.995,-0.2919,0.0604,1.0015,-0.2918,0.0606,1.0032,1.005,0.153
13.0,-0.2918,0.0604,1.0014,-0.2918,0.0604,1.0033,1.018,0.141
13.005,-0.2916,0.0604,1.0013,-0.2916,0.0605,1.0033,1.031,0.13
13.01,-0.2915,0.0604,1.0012,-0.2917,0.0604,1.0031,1.044,0.119
13.015,-0.2914,0.0604,1.0011,-0.2914,0.0603,1.0029,1.057,0.109
13.02,-0.2912,0.0604,1.001,-0.2913,0.0604,1.0027,1.069,0.099
13.025,-0.2911,0.0604,1.0009,-0.2911,0.0601,1.0024,1.082,0.09
13.03,-0.291,0.0603,1.0008,-0.291,0.0603,1.0024,1.094,0.081
13.035,-0.2909,0.0603,1.0007,-0.2909,0.0602,1.0019,1.106,0.073
13.04,-0.2907,0.0603,1.0007,-0.2908,0.0603,1.0016,1.118,0.065
13.045,-0.2906,0.0603,1.0006,-0.2906,0.0603,1.0014,1.13,0.058
13.05,-0.2905,0.0603,1.0005,-0.2906,0.0601,1.0015,1.142,0.052
13.055,-0.2904,0.0603,1.0005,-0.2903,0.0603,1.0013,1.153,0.047
13.06,-0.2902,0.0603,1.0004,-0.2903,0.0603,1.0012,1.165,0.042
13.065,-0.2901,0.0603,1.0004,-0.2902,0.0603,1.0011,1.176,0.037
13.07,-0.29,0.0603,1.0003,-0.2899,0.0602,1.0009,1.187,0.034
13.075,-0.2899,0.0602,1.0003,-0.2902,0.0603,1.0009,1.199,0.031
13.08,-0.2898,0.0602,1.0003,-0.2898,0.0604,1.0006,1.21,0.029
13.085,-0.2896,0.0602,1.0003,-0.2897,0.0601,1.0004,1.221,0.027
13.09,-0.2895,0.0602,1.0003,-0.2895,0.0602,1.0001,1.231,0.027
13.095,-0.2894,0.0602,1.0003,-0.2896,0.0601,1.0002,1.242,0.027
13.1,-0.2893,0.0602,1.0003,-0.2894,0.0603,1.0002,1.252,0.027
13.105,-0.2892,0.0602,1.0003,-0.2893,0.0601,1.0002,1.263,0.028
13.11,-0.2891,0.0602,1.0003,-0.2892,0.0602,1.0001,1.273,0.03
13.115,-0.289,0.0602,1.0003,-0.289,0.0601,1.0001,1.283,0.032
13.12,-0.2889,0.0602,1.0004,-0.2889,0.0603,0.9999,1.293,0.035
13.125,-0.2888,0.0602,1.0004,-0.2886,0.0599,0.9999,1.303,0.039
13.13,-0.2887,0.0602,1.0004,-0.2886,0.0599,0.9999,1.313,0.043
13.135,-0.2886,0.0602,1.0005,-0.2885,0.0601,0.9999,1.322,0.048
13.14,-0.2885,0.0602,1.0005,-0.2886,0.0602,1.0,1.332,0.053
13.145,-0.2884,0.0602,1.0006,-0.2886,0.0601,0.9999,1.341,0.058
13.15,-0.2883,0.0602,1.0006,-0.2882,0.06,0.9995,1.35,0.064
13.155,-0.2882,0.0602,1.0007,-0.2883,0.0601,0.9994,1.359,0.07
13.16,-0.2881,0.0602,1.0008,-0.2883,0.0602,0.9995,1.368,0.076
13.165,-0.288,0.0602,1.0008,-0.2881,0.0602,0.9997,1.377,0.083
13.17,-0.2879,0.0602,1.0009,-0.2881,0.0602,0.9996,1.386,0.09
13.175,-0.2878,0.0602,1.001,-0.2878,0.0603,0.9997,1.394,0.098
13.18,-0.2877,0.0602,1.001,-0.2879,0.0601,0.9996,1.403,0.105
13.185,-0.2876,0.0602,1.0011,-0.2878,0.06,0.9997,1.411,0.112
13.19,-0.2875,0.0602,1.0012,-0.2876,0.0601,0.9997,1.419,0.12
13.195,-0.2874,0.0602,1.0013,-0.2873,0.0602,0.9998,1.427,0.128
13.2,-0.2874,0.0602,1.0014,-0.2872,0.06,0.9998,1.435,0.136
13.205,-0.2873,0.0602,1.0014,-0.2872,0.0602,0.9998,1.443,0.143
13.21,-0.2872,0.0602,1.0015,-0.2871,0.0603,0.9998,1.45,0.151
13.215,-0.2871,0.0602,1.0016,-0.287,0.0601,0.9998,1.458,0.159
13.22,-0.287,0.0602,1.0017,-0.2869,0.0602,0.9999,1.465,0.167
13.225,-0.287,0.0602,1.0017,-0.287,0.0601,1.0001,1.473,0.174
13.23,-0.2869,0.0602,1.0018,-0.287,0.06,1.0,1.48,0.182
13.235,-0.2868,0.0602,1.0019,-0.2868,0.0602,1.0,1.487,0.189
13.24,-0.2867,0.0602,1.002,-0.2868,0.0603,1.0001,1.494,0.196
13.245,-0.2867,0.0602,1.002,-0.2866,0.0603,1.0,1.501,0.203
13.25,-0.2866,0.0602,1.0021,-0.2866,0.0604,1.0003,1.507,0.209
13.255,-0.2865,0.0602,1.0022,-0.2867,0.0602,1.0006,1.514,0.215
13.26,-0.2864,0.0602,1.0022,-0.2865,0.0603,1.0007,1.521,0.221
13.265,-0.2864,0.0602,1.0023,-0.2864,0.0603,1.0009,1.527,0.227
13.27,-0.2863,0.0602,1.0023,-0.2866,0.0603,1.001,1.533,0.232
13.275,-0.2862,0.0602,1.0024,-0.2864,0.0602,1.0009,1.54,0.236
13.28,-0.2862,0.0602,1.0024,-0.2862,0.0602,1.0012,1.546,0.241
13.285,-0.2861,0.0602,1.0024,-0.2863,0.0602,1.0009,1.552,0.245
13.29,-0.286,0.0602,1.0025,-0.2859,0.0603,1.001,1.558,0.248
13.295,-0.286,0.0602,1.0025,-0.286,0.0603,1.0011,1.564,0.251
13.3,-0.2859,0.0602,1.0025,-0.2859,0.0602,1.0011,1.569,0.254
13.305,-0.2859,0.0602,1.0026,-0.2858,0.0602,1.0012,1.575,0.256
13.31,-0.2858,0.0602,1.0026,-0.2856,0.0601,1.001,1.58,0.258
13.315,-0.2857,0.0602,1.0026,-0.2857,0.0601,1.001,1.586,0.259
13.32,-0.2857,0.0602,1.0026,-0.2857,0.0599,1.0011,1.591,0.26
13.325,-0.2856,0.0602,1.0026,-0.2856,0.0603,1.0014,1.596,0.261
13.33,-0.2856,0.0603,1.0026,-0.2855,0.0602,1.0015,1.601,0.261
13.335,-0.2855,0.0603,1.0026,-0.2856,0.0603,1.0016,1.606,0.261
13.34,-0.2855,0.0603,1.0026,-0.2855,0.0602,1.0018,1.611,0.26
13.345,-0.2854,0.0603,1.0026,-0.2853,0.0604,1.0019,1.616,0.259
13.35,-0.2854,0.0603,1.0026,-0.2853,0.0602,1.0017,1.621,0.257
13.355,-0.2853,0.0603,1.0026,-0.2853,0.0603,1.0017,1.625,0.255
13.36,-0.2853,0.0603,1.0025,-0.2854,0.0604,1.0019,1.63,0.253
13.365,-0.2852,0.0603,1.0025,-0.2853,0.0603,1.0018,1.635,0.25
13.37,-0.2852,0.0603,1.0025,-0.2852,0.0604,1.0016,1.639,0.247
13.375,-0.2851,0.0603,1.0024,-0.2851,0.0603,1.0017,1.643,0.244
13.38,-0.2851,0.0603,1.0024,-0.2852,0.0603,1.0018,1.647,0.24
13.385,-0.285,0.0603,1.0024,-0.2851,0.0603,1.0017,1.651,0.236
13.39,-0.285,0.0603,1.0023,-0.2852,0.0604,1.0017,1.655,0.232
13.395,-0.2849,0.0604,1.0023,-0.2852,0.0603,1.0018,1.659,0.228
13.4,-0.2849,0.0604,1.0022,-0.2849,0.0604,1.002,1.663,0.223
13.405,-0.2848,0.0604,1.0022,-0.285,0.0604,1.0023,1.667,0.218
13.41,-0.2848,0.0604,1.0021,-0.2848,0.0602,1.0023,1.67,0.213
13.415,-0.2848,0.0604,1.0021,-0.2846,0.0605,1.0024,1.674,0.208
13.42,-0.2847,0.0604,1.002,-0.2848,0.0604,1.0024,1.677,0.202
13.425,-0.2847,0.0604,1.002,-0.2847,0.0605,1.0026,1.681,0.197
13.43,-0.2847,0.0604,1.0019,-0.2848,0.0605,1.0027,1.684,0.191
13.435,-0.2846,0.0604,1.0019,-0.2847,0.0604,1.0024,1.687,0.185
13.44,-0.2846,0.0604,1.0018,-0.2849,0.0605,1.0024,1.69,0.179
13.445,-0.2846,0.0605,1.0017,-0.2848,0.0604,1.0025,1.692,0.173
13.45,-0.2845,0.0605,1.0017,-0.2846,0.0605,1.0023,1.695,0.166
13.455,-0.2845,0.0605,1.0016,-0.2847,0.0605,1.0022,1.698,0.16
13.46,-0.2845,0.0605,1.0015,-0.2846,0.0603,1.0021,1.7,0.153
13.465,-0.2844,0.0605,1.0015,-0.2844,0.0604,1.0022,1.702,0.147
13.47,-0.2844,0.0605,1.0014,-0.2845,0.0605,1.0022,1.705,0.14
13.475,-0.2844,0.0605,1.0013,-0.2845,0.0603,1.0022,1.707,0.133
13.48,-0.2844,0.0605,1.0013,-0.2845,0.0604,1.0023,1.709,0.126
13.485,-0.2843,0.0605,1.0012,-0.2845,0.0604,1.0022,1.71,0.119
13.49,-0.2843,0.0605,1.0011,-0.2843,0.0604,1.0023,1.712,0.112
13.495,-0.2843,0.0606,1.0011,-0.2842,0.0607,1.0021,1.713,0.105
13.5,-0.2843,0.0606,1.001,-0.2845,0.0606,1.0018,1.715,0.099
13.505,-0.2843,0.0606,1.0009,-0.2844,0.0608,1.0016,1.716,0.092
13.51,-0.2843,0.0606,1.0008,-0.2844,0.0606,1.0015,1.717,0.085
13.515,-0.2842,0.0606,1.0008,-0.2842,0.0609,1.0015,1.718,0.078
13.52,-0.2842,0.0606,1.0007,-0.2843,0.0607,1.0014,1.719,0.071
13.525,-0.2842,0.0606,1.0006,-0.2842,0.0608,1.0012,1.72,0.064
13.53,-0.2842,0.0606,1.0006,-0.2842,0.0608,1.0013,1.72,0.057
13.535,-0.2842,0.0607,1.0005,-0.2843,0.0607,1.0015,1.72,0.051
13.54,-0.2842,0.0607,1.0004,-0.2843,0.0608,1.0014,1.721,0.044
13.545,-0.2842,0.0607,1.0004,-0.2844,0.0606,1.0012,1.721,0.038
13.55,-0.2842,0.0607,1.0003,-0.2842,0.0606,1.0009,1.72,0.032
13.555,-0.2842,0.0607,1.0003,-0.2843,0.0607,1.001,1.72,0.026
13.56,-0.2842,0.0607,1.0002,-0.2844,0.0607,1.0009,1.72,0.02
13.565,-0.2842,0.0607,1.0001,-0.2843,0.0609,1.0011,1.719,0.014
13.57,-0.2842,0.0607,1.0001,-0.2844,0.0607,1.001,1.718,0.008
13.575,-0.2842,0.0608,1.0,-0.2844,0.0608,1.0008,1.717,0.003
13.58,-0.2842,0.0608,1.0,-0.2842,0.0607,1.0006,1.716,0.002
13.585,-0.2842,0.0608,0.9999,-0.2843,0.0606,1.0007,1.715,0.008
13.59,-0.2842,0.0608,0.9999,-0.2843,0.0606,1.0004,1.713,0.013
13.595,-0.2843,0.0608,0.9998,-0.2842,0.0607,1.0004,1.711,0.018
13.6,-0.2843,0.0608,0.9998,-0.2843,0.0608,1.0003,1.71,0.022
13.605,-0.2843,0.0609,0.9997,-0.2841,0.0608,1.0003,1.708,0.027
13.61,-0.2843,0.0609,0.9997,-0.2841,0.0607,1.0004,1.705,0.031
13.615,-0.2843,0.0609,0.9996,-0.2842,0.0607,1.0004,1.703,0.036
13.62,-0.2844,0.0609,0.9996,-0.2843,0.0609,1.0001,1.7,0.04
13.625,-0.2844,0.0609,0.9996,-0.2845,0.0607,0.9999,1.698,0.044
13.63,-0.2844,0.0609,0.9995,-0.2844,0.0609,1.0003,1.695,0.048
13.635,-0.2844,0.0609,0.9995,-0.2845,0.0609,1.0001,1.692,0.051
13.64,-0.2845,0.061,0.9995,-0.2843,0.0609,1.0003,1.689,0.055
13.645,-0.2845,0.061,0.9994,-0.2846,0.061,1.0001,1.685,0.058
13.65,-0.2845,0.061,0.9994,-0.2843,0.0608,1.0001,1.682,0.062
13.655,-0.2846,0.061,0.9994,-0.2844,0.0612,1.0001,1.678,0.065
13.66,-0.2846,0.061,0.9993,-0.2847,0.061,1.0001,1.674,0.068
13.665,-0.2846,0.061,0.9993,-0.2847,0.0611,0.9999,1.67,0.071
13.67,-0.2847,0.061,0.9993,-0.2845,0.0611,1.0,1.666,0.073
13.675,-0.2847,0.0611,0.9992,-0.2847,0.061,1.0001,1.662,0.076
13.68,-0.2848,0.0611,0.9992,-0.285,0.0611,0.9999,1.658,0.079
13.685,-0.2848,0.0611,0.9992,-0.2849,0.061,0.9999,1.653,0.081
13.69,-0.2848,0.0611,0.9992,-0.2848,0.0612,1.0002,1.648,0.084
13.695,-0.2849,0.0611,0.9991,-0.2849,0.0611,1.0,1.644,0.086
13.7,-0.2849,0.0611,0.9991,-0.2851,0.0611,1.0001,1.639,0.088
13.705,-0.285,0.0611,0.9991,-0.2849,0.0611,1.0002,1.634,0.091
13.71,-0.285,0.0612,0.9991,-0.2851,0.0612,1.0002,1.628,0.093
13.715,-0.2851,0.0612,0.999,-0.285,0.0612,1.0002,1.623,0.095
13.72,-0.2851,0.0612,0.999,-0.2852,0.0612,1.0,1.618,0.098
13.725,-0.2852,0.0612,0.999,-0.2852,0.0612,1.0003,1.612,0.1
13.73,-0.2852,0.0612,0.999,-0.2849,0.0612,1.0003,1.606,0.102
13.735,-0.2853,0.0612,0.999,-0.2852,0.0612,1.0002,1.6,0.105
13.74,-0.2854,0.0612,0.9989,-0.2852,0.0611,1.0001,1.594,0.108
13.745,-0.2854,0.0612,0.9989,-0.2853,0.0612,1.0001,1.588,0.11
13.75,-0.2855,0.0613,0.9989,-0.2852,0.0613,1.0001,1.582,0.113
13.755,-0.2855,0.0613,0.9988,-0.2856,0.061,1.0001,1.576,0.116
13.76,-0.2856,0.0613,0.9988,-0.2855,0.0612,1.0002,1.569,0.119
13.765,-0.2857,0.0613,0.9988,-0.2855,0.061,1.0003,1.562,0.122
13.77,-0.2857,0.0613,0.9987,-0.2856,0.0612,1.0003,1.556,0.125
13.775,-0.2858,0.0613,0.9987,-0.2857,0.0612,0.9999,1.549,0.129
13.78,-0.2859,0.0613,0.9987,-0.2857,0.0614,1.0001,1.542,0.132
13.785,-0.2859,0.0613,0.9986,-0.2859,0.0611,1.0,1.535,0.136
13.79,-0.286,0.0614,0.9986,-0.286,0.0614,1.0002,1.528,0.14
13.795,-0.2861,0.0614,0.9986,-0.2861,0.0615,1.0003,1.521,0.144
13.8,-0.2862,0.0614,0.9985,-0.2861,0.0613,1.0003,1.514,0.148
13.805,-0.2862,0.0614,0.9985,-0.2865,0.0614,1.0002,1.506,0.152
13.81,-0.2863,0.0614,0.9984,-0.2862,0.0615,1.0002,1.499,0.156
13.815,-0.2864,0.0614,0.9984,-0.2864,0.0614,1.0,1.491,0.161
13.82,-0.2865,0.0614,0.9983,-0.2866,0.0613,0.9998,1.484,0.166
13.825,-0.2865,0.0614,0.9983,-0.2867,0.0615,0.9999,1.476,0.17
13.83,-0.2866,0.0614,0.9982,-0.2867,0.0616,0.9998,1.468,0.175
13.835,-0.2867,0.0615,0.9982,-0.2868,0.0617,0.9999,1.46,0.18
13.84,-0.2868,0.0615,0.9981,-0.2868,0.0613,0.9994,1.452,0.185
13.845,-0.2869,0.0615,0.9981,-0.2868,0.0616,0.9995,1.444,0.19
13.85,-0.2869,0.0615,0.998,-0.2869,0.0616,0.9994,1.436,0.196
13.855,-0.287,0.0615,0.998,-0.287,0.0614,0.9993,1.427,0.201
13.86,-0.2871,0.0615,0.9979,-0.2871,0.0614,0.9993,1.419,0.206
13.865,-0.2872,0.0615,0.9979,-0.2872,0.0617,0.9995,1.41,0.211
13.87,-0.2873,0.0615,0.9978,-0.2873,0.0616,0.9997,1.402,0.217
13.875,-0.2874,0.0615,0.9978,-0.2872,0.0615,0.9996,1.393,0.222
13.88,-0.2875,0.0615,0.9977,-0.2875,0.0615,0.9997,1.384,0.227
13.885,-0.2876,0.0615,0.9977,-0.2875,0.0615,0.9995,1.375,0.232
13.89,-0.2876,0.0615,0.9976,-0.2876,0.0616,0.9995,1.366,0.237
13.895,-0.2877,0.0615,0.9976,-0.2878,0.0617,0.9994,1.357,0.242
13.9,-0.2878,0.0616,0.9975,-0.2879,0.0616,0.9994,1.348,0.246
13.905,-0.2879,0.0616,0.9975,-0.2881,0.0615,0.9991,1.339,0.251
13.91,-0.288,0.0616,0.9974,-0.2882,0.0616,0.9991,1.329,0.256
13.915,-0.2881,0.0616,0.9974,-0.2882,0.0617,0.9988,1.32,0.26
13.92,-0.2882,0.0616,0.9974,-0.2883,0.0616,0.9985,1.31,0.265
13.925,-0.2883,0.0616,0.9973,-0.2886,0.0618,0.9985,1.301,0.269
13.93,-0.2884,0.0616,0.9973,-0.2886,0.0616,0.9982,1.291,0.273
13.935,-0.2885,0.0616,0.9972,-0.2887,0.0615,0.9982,1.281,0.277
13.94,-0.2886,0.0616,0.9972,-0.2885,0.0617,0.9979,1.271,0.281
13.945,-0.2887,0.0616,0.9972,-0.2887,0.0618,0.9979,1.261,0.284
13.95,-0.2888,0.0616,0.9971,-0.2888,0.0618,0.9981,1.251,0.288
13.955,-0.2889,0.0616,0.9971,-0.289,0.0617,0.9982,1.24,0.291
13.96,-0.289,0.0616,0.9971,-0.2889,0.0615,0.9981,1.23,0.294
13.965,-0.2891,0.0616,0.997,-0.289,0.0614,0.9982,1.219,0.296
13.97,-0.2893,0.0616,0.997,-0.2891,0.0615,0.9981,1.209,0.299
13.975,-0.2894,0.0616,0.997,-0.2891,0.0616,0.9982,1.198,0.301
13.98,-0.2895,0.0616,0.997,-0.2893,0.0615,0.9981,1.187,0.303
13.985,-0.2896,0.0616,0.997,-0.2894,0.0614,0.9979,1.176,0.304
13.99,-0.2897,0.0616,0.9969,-0.2896,0.0616,0.9978,1.165,0.306
13.995,-0.2898,0.0616,0.9969,-0.2898,0.0618,0.998,1.154,0.307
14.0,-0.2899,0.0616,0.9969,-0.2899,0.0618,0.9982,1.143,0.308
14.005,-0.2901,0.0616,0.9969,-0.2902,0.0616,0.9984,1.131,0.309
14.01,-0.2902,0.0616,0.9969,-0.2905,0.0618,0.9981,1.12,0.31
14.015,-0.2903,0.0616,0.9969,-0.2902,0.0617,0.9981,1.108,0.311
14.02,-0.2904,0.0616,0.9969,-0.2904,0.0616,0.9979,1.097,0.311
14.025,-0.2905,0.0617,0.9969,-0.2905,0.0618,0.9977,1.085,0.312
14.03,-0.2907,0.0617,0.9969,-0.2908,0.0618,0.9976,1.074,0.312
14.035,-0.2908,0.0617,0.9969,-0.291,0.0618,0.9977,1.062,0.312
14.04,-0.2909,0.0617,0.9969,-0.2909,0.0619,0.9976,1.05,0.312
14.045,-0.291,0.0617,0.9969,-0.291,0.0618,0.9978,1.038,0.312
14.05,-0.2912,0.0617,0.9969,-0.2912,0.0617,0.9978,1.026,0.312
14.055,-0.2913,0.0617,0.9969,-0.2912,0.0618,0.9979,1.014,0.311
14.06,-0.2914,0.0617,0.9969,-0.2915,0.0615,0.9983,1.002,0.311
14.065,-0.2916,0.0617,0.9969,-0.2913,0.0617,0.9984,0.989,0.311
14.07,-0.2917,0.0617,0.9969,-0.2915,0.0618,0.9982,0.977,0.31
14.075,-0.2918,0.0617,0.9969,-0.2917,0.0618,0.998,0.965,0.31
14.08,-0.292,0.0617,0.9969,-0.2918,0.0615,0.9979,0.952,0.309
14.085,-0.2921,0.0617,0.9969,-0.292,0.0617,0.998,0.94,0.309
14.09,-0.2922,0.0617,0.9969,-0.2922,0.0617,0.9978,0.927,0.308
14.095,-0.2924,0.0617,0.9969,-0.2923,0.0617,0.9975,0.915,0.308
14.1,-0.2925,0.0617,0.9969,-0.2925,0.0617,0.9973,0.902,0.308
14.105,-0.2926,0.0617,0.9969,-0.2926,0.0617,0.9976,0.889,0.308
14.11,-0.2928,0.0617,0.9969,-0.2927,0.0617,0.9976,0.877,0.308
14.115,-0.2929,0.0617,0.9969,-0.293,0.0615,0.9976,0.864,0.308
14.12,-0.293,0.0617,0.9969,-0.2931,0.0618,0.9975,0.851,0.308
14.125,-0.2932,0.0617,0.9969,-0.2934,0.0618,0.9977,0.839,0.308
14.13,-0.2933,0.0617,0.9969,-0.2933,0.0617,0.9976,0.826,0.308
14.135,-0.2935,0.0617,0.9969,-0.2932,0.0618,0.9977,0.813,0.309
14.14,-0.2936,0.0617,0.9969,-0.2934,0.0617,0.9977,0.8,0.309
14.145,-0.2937,0.0617,0.9969,-0.2936,0.0616,0.9977,0.787,0.31
14.15,-0.2939,0.0617,0.9969,-0.2936,0.0617,0.9977,0.774,0.31
14.155,-0.294,0.0617,0.9969,-0.2941,0.0619,0.9976,0.761,0.31
14.16,-0.2942,0.0617,0.9969,-0.2942,0.0618,0.9977,0.748,0.311
14.165,-0.2943,0.0617,0.9969,-0.2942,0.0616,0.9974,0.735,0.312
14.17,-0.2945,0.0617,0.9969,-0.2944,0.0616,0.9975,0.722,0.312
14.175,-0.2946,0.0617,0.9969,-0.2946,0.0617,0.9977,0.709,0.313
14.18,-0.2948,0.0617,0.9969,-0.2948,0.0619,0.9977,0.696,0.313
14.185,-0.2949,0.0617,0.9969,-0.2948,0.0617,0.9977,0.683,0.314
14.19,-0.2951,0.0617,0.9969,-0.2949,0.0617,0.9976,0.671,0.314
14.195,-0.2952,0.0617,0.9969,-0.2951,0.0618,0.9976,0.658,0.315
14.2,-0.2953,0.0617,0.9968,-0.2953,0.0617,0.9975,0.645,0.315
14.205,-0.2955,0.0617,0.9968,-0.2956,0.0617,0.9974,0.632,0.316
14.21,-0.2956,0.0617,0.9968,-0.2955,0.0617,0.9974,0.619,0.316
14.215,-0.2958,0.0617,0.9968,-0.2957,0.0617,0.9973,0.606,0.317
14.22,-0.2959,0.0617,0.9968,-0.2957,0.0616,0.9972,0.593,0.317
14.225,-0.2961,0.0617,0.9968,-0.2958,0.0618,0.9971,0.581,0.317
14.23,-0.2963,0.0617,0.9968,-0.2962,0.0617,0.9972,0.568,0.317
14.235,-0.2964,0.0617,0.9968,-0.2962,0.0619,0.9972,0.556,0.317
14.24,-0.2966,0.0617,0.9968,-0.2967,0.0618,0.9971,0.543,0.316
14.245,-0.2967,0.0618,0.9968,-0.2968,0.0616,0.9971,0.531,0.316
14.25,-0.2969,0.0618,0.9968,-0.2968,0.0616,0.9971,0.519,0.315
14.255,-0.297,0.0618,0.9969,-0.297,0.0617,0.9969,0.507,0.315
14.26,-0.2972,0.0618,0.9969,-0.2972,0.0618,0.9968,0.495,0.314
14.265,-0.2973,0.0618,0.9969,-0.2974,0.0617,0.9968,0.483,0.312
14.27,-0.2975,0.0618,0.9969,-0.2975,0.0617,0.9968,0.472,0.311
14.275,-0.2976,0.0618,0.9969,-0.2975,0.0617,0.9966,0.461,0.309
14.28,-0.2978,0.0618,0.9969,-0.2978,0.0619,0.9968,0.45,0.308
14.285,-0.298,0.0618,0.9969,-0.2978,0.0619,0.9971,0.439,0.306
14.29,-0.2981,0.0618,0.997,-0.2981,0.0618,0.997,0.428,0.303
14.295,-0.2983,0.0618,0.997,-0.2981,0.0617,0.9972,0.418,0.301
14.3,-0.2984,0.0618,0.997,-0.2983,0.0618,0.9974,0.408,0.298
14.305,-0.2986,0.0618,0.997,-0.2985,0.062,0.9973,0.398,0.296
14.31,-0.2988,0.0618,0.9971,-0.2988,0.0618,0.9972,0.389,0.293
14.315,-0.2989,0.0618,0.9971,-0.2988,0.0618,0.997,0.38,0.289
14.32,-0.2991,0.0618,0.9971,-0.299,0.0616,0.9972,0.372,0.286
14.325,-0.2992,0.0618,0.9972,-0.2992,0.0617,0.9971,0.364,0.283
14.33,-0.2994,0.0618,0.9972,-0.2993,0.062,0.9971,0.357,0.279
14.335,-0.2996,0.0619,0.9972,-0.2997,0.0618,0.9971,0.35,0.275
14.34,-0.2997,0.0619,0.9973,-0.2997,0.0618,0.9973,0.344,0.271
14.345,-0.2999,0.0619,0.9973,-0.3,0.0618,0.9971,0.338,0.268
14.35,-0.3,0.0619,0.9974,-0.2998,0.0618,0.9972,0.334,0.263
14.355,-0.3002,0.0619,0.9974,-0.3002,0.062,0.9972,0.329,0.259
14.36,-0.3004,0.0619,0.9975,-0.3003,0.0618,0.9973,0.326,0.255
14.365,-0.3005,0.0619,0.9975,-0.3005,0.062,0.9973,0.323,0.251
14.37,-0.3007,0.0619,0.9975,-0.3006,0.0621,0.9974,0.322,0.246
14.375,-0.3008,0.0619,0.9976,-0.301,0.0619,0.9975,0.321,0.242
14.38,-0.301,0.0619,0.9976,-0.3008,0.0621,0.9976,0.32,0.237
14.385,-0.3012,0.0619,0.9977,-0.301,0.0617,0.9976,0.321,0.232
14.39,-0.3013,0.0619,0.9977,-0.3012,0.0619,0.9976,0.322,0.227
14.395,-0.3015,0.0619,0.9978,-0.3015,0.062,0.9977,0.324,0.223
14.4,-0.3017,0.0619,0.9978,-0.3018,0.062,0.9978,0.327,0.218
14.405,-0.3018,0.0619,0.9979,-0.3018,0.0619,0.998,0.331,0.213
14.41,-0.302,0.062,0.9979,-0.302,0.062,0.998,0.336,0.208
14.415,-0.3021,0.062,0.998,-0.3024,0.0619,0.998,0.341,0.203
14.42,-0.3023,0.062,0.998,-0.3024,0.0619,0.998,0.346,0.199
14.425,-0.3025,0.062,0.9981,-0.3026,0.0619,0.9978,0.353,0.194
14.43,-0.3026,0.062,0.9981,-0.3027,0.0621,0.9978,0.36,0.19
14.435,-0.3028,0.062,0.9981,-0.3028,0.0621,0.9979,0.368,0.185
14.44,-0.3029,0.062,0.9982,-0.3031,0.062,0.998,0.376,0.181
14.445,-0.3031,0.062,0.9982,-0.303,0.062,0.998,0.385,0.177
14.45,-0.3033,0.062,0.9983,-0.3029,0.0621,0.9979,0.394,0.172
14.455,-0.3034,0.062,0.9983,-0.3032,0.0621,0.998,0.403,0.168
14.46,-0.3036,0.062,0.9984,-0.3035,0.0621,0.9981,0.413,0.164
14.465,-0.3038,0.0621,0.9984,-0.3037,0.062,0.998,0.424,0.161
14.47,-0.3039,0.0621,0.9984,-0.304,0.0623,0.9979,0.434,0.157
14.475,-0.3041,0.0621,0.9985,-0.3041,0.062,0.9983,0.445,0.153
14.48,-0.3042,0.0621,0.9985,-0.3043,0.0621,0.9983,0.457,0.149
14.485,-0.3044,0.0621,0.9985,-0.3044,0.062,0.9981,0.468,0.146
14.49,-0.3046,0.0621,0.9986,-0.3046,0.0621,0.9983,0.48,0.142
14.495,-0.3047,0.0621,0.9986,-0.3047,0.0621,0.9984,0.492,0.139
14.5,-0.3049,0.0621,0.9986,-0.3049,0.0621,0.9982,0.505,0.136
14.505,-0.3051,0.0621,0.9987,-0.3051,0.0621,0.9983,0.517,0.132
14.51,-0.3052,0.0621,0.9987,-0.3052,0.062,0.9984,0.53,0.129
14.515,-0.3054,0.0622,0.9987,-0.3054,0.0623,0.9983,0.543,0.126
14.52,-0.3055,0.0622,0.9988,-0.3057,0.0622,0.9984,0.556,0.123
14.525,-0.3057,0.0622,0.9988,-0.3057,0.0621,0.9984,0.569,0.121
14.53,-0.3059,0.0622,0.9988,-0.3058,0.0624,0.9982,0.582,0.118
14.535,-0.306,0.0622,0.9988,-0.3062,0.0624,0.9981,0.596,0.115
14.54,-0.3062,0.0622,0.9989,-0.3063,0.0622,0.9982,0.609,0.113
14.545,-0.3063,0.0622,0.9989,-0.3063,0.0622,0.9981,0.623,0.11
14.55,-0.3065,0.0622,0.9989,-0.3063,0.0623,0.9979,0.637,0.107
14.555,-0.3067,0.0622,0.999,-0.3067,0.0622,0.998,0.651,0.105
14.56,-0.3068,0.0623,0.999,-0.3068,0.0622,0.998,0.665,0.102
14.565,-0.307,0.0623,0.999,-0.307,0.0622,0.998,0.679,0.099
14.57,-0.3072,0.0623,0.999,-0.3073,0.0623,0.9981,0.693,0.097
14.575,-0.3073,0.0623,0.9991,-0.3072,0.0623,0.9982,0.707,0.094
14.58,-0.3075,0.0623,0.9991,-0.3073,0.0623,0.9983,0.721,0.091
14.585,-0.3076,0.0623,0.9991,-0.3076,0.0624,0.9984,0.735,0.088
14.59,-0.3078,0.0623,0.9991,-0.3079,0.0623,0.9985,0.75,0.086
14.595,-0.308,0.0623,0.9992,-0.308,0.0623,0.9984,0.764,0.083
14.6,-0.3081,0.0624,0.9992,-0.3079,0.0624,0.9984,0.778,0.08
14.605,-0.3083,0.0624,0.9992,-0.3081,0.0622,0.9984,0.793,0.077
14.61,-0.3084,0.0624,0.9993,-0.3084,0.0625,0.9982,0.807,0.074
14.615,-0.3086,0.0624,0.9993,-0.3085,0.0624,0.9985,0.822,0.072
14.62,-0.3087,0.0624,0.9993,-0.3085,0.0623,0.9987,0.836,0.069
14.625,-0.3089,0.0624,0.9993,-0.3087,0.0625,0.9988,0.851,0.066
14.63,-0.3091,0.0624,0.9994,-0.3089,0.0622,0.9989,0.865,0.063
14.635,-0.3092,0.0625,0.9994,-0.3091,0.0624,0.9988,0.88,0.06
14.64,-0.3094,0.0625,0.9994,-0.3093,0.0623,0.9987,0.894,0.057
14.645,-0.3095,0.0625,0.9995,-0.3095,0.0624,0.9987,0.909,0.054
14.65,-0.3097,0.0625,0.9995,-0.3096,0.0624,0.9988,0.924,0.051
14.655,-0.3098,0.0625,0.9995,-0.3099,0.0624,0.9986,0.938,0.049
14.66,-0.31,0.0625,0.9995,-0.3102,0.0624,0.9988,0.953,0.046
14.665,-0.3102,0.0626,0.9996,-0.3101,0.0625,0.9987,0.967,0.043
14.67,-0.3103,0.0626,0.9996,-0.3103,0.0627,0.9987,0.982,0.04
14.675,-0.3105,0.0626,0.9996,-0.3104,0.0628,0.9988,0.996,0.037
14.68,-0.3106,0.0626,0.9997,-0.3105,0.0628,0.9986,1.011,0.034
14.685,-0.3108,0.0626,0.9997,-0.3108,0.0627,0.9984,1.026,0.031
14.69,-0.3109,0.0626,0.9997,-0.3108,0.0627,0.9985,1.04,0.029
14.695,-0.3111,0.0627,0.9997,-0.3109,0.0628,0.9984,1.055,0.026
14.7,-0.3112,0.0627,0.9998,-0.3111,0.0629,0.9984,1.069,0.023
14.705,-0.3114,0.0627,0.9998,-0.3113,0.0628,0.9985,1.084,0.02
14.71,-0.3115,0.0627,0.9998,-0.3113,0.063,0.9986,1.098,0.017
14.715,-0.3117,0.0627,0.9999,-0.3115,0.0628,0.9985,1.112,0.014
14.72,-0.3118,0.0628,0.9999,-0.3118,0.0629,0.9986,1.127,0.011
14.725,-0.312,0.0628,0.9999,-0.3119,0.0628,0.9986,1.141,0.007
14.73,-0.3121,0.0628,1.0,-0.3121,0.0627,0.9986,1.155,0.004
14.735,-0.3123,0.0628,1.0,-0.3125,0.0627,0.9984,1.17,0.001
14.74,-0.3124,0.0628,1.0,-0.3125,0.0627,0.9983,1.184,0.002
14.745,-0.3126,0.0629,1.0001,-0.3124,0.0628,0.9983,1.198,0.006
14.75,-0.3127,0.0629,1.0001,-0.3129,0.0628,0.998,1.212,0.009
14.755,-0.3129,0.0629,1.0001,-0.3128,0.0628,0.998,1.226,0.013
14.76,-0.313,0.0629,1.0002,-0.313,0.0628,0.998,1.24,0.016
14.765,-0.3132,0.0629,1.0002,-0.3132,0.0628,0.9975,1.254,0.02
14.77,-0.3133,0.063,1.0002,-0.3134,0.0629,0.9977,1.268,0.024
14.775,-0.3135,0.063,1.0003,-0.3136,0.063,0.9979,1.282,0.028
14.78,-0.3136,0.063,1.0003,-0.3136,0.0629,0.998,1.296,0.032
14.785,-0.3138,0.063,1.0004,-0.3139,0.0631,0.9981,1.31,0.036
14.79,-0.3139,0.0631,1.0004,-0.3139,0.0631,0.9981,1.323,0.041
14.795,-0.314,0.0631,1.0005,-0.3143,0.0631,0.9982,1.337,0.045
14.8,-0.3142,0.0631,1.0005,-0.3143,0.0631,0.9983,1.351,0.05
14.805,-0.3143,0.0631,1.0005,-0.3144,0.0633,0.9981,1.364,0.055
14.81,-0.3145,0.0632,1.0006,-0.3146,0.0633,0.9983,1.378,0.06
14.815,-0.3146,0.0632,1.0006,-0.3145,0.0633,0.9986,1.392,0.065
14.82,-0.3148,0.0632,1.0007,-0.3147,0.0634,0.9988,1.405,0.07
14.825,-0.3149,0.0632,1.0008,-0.3145,0.0632,0.9988,1.419,0.075
14.83,-0.315,0.0633,1.0008,-0.315,0.0631,0.999,1.432,0.08
14.835,-0.3152,0.0633,1.0009,-0.315,0.0633,0.9988,1.446,0.086
14.84,-0.3153,0.0633,1.0009,-0.3151,0.0632,0.9992,1.459,0.091
14.845,-0.3154,0.0633,1.001,-0.3154,0.0631,0.9992,1.473,0.097
14.85,-0.3156,0.0634,1.001,-0.3156,0.0632,0.9991,1.486,0.102
14.855,-0.3157,0.0634,1.0011,-0.3157,0.0634,0.9989,1.499,0.107
14.86,-0.3159,0.0634,1.0011,-0.316,0.0633,0.9989,1.512,0.112
14.865,-0.316,0.0635,1.0012,-0.3159,0.0636,0.9992,1.525,0.118
14.87,-0.3161,0.0635,1.0012,-0.316,0.0636,0.9994,1.539,0.123
14.875,-0.3163,0.0635,1.0013,-0.3162,0.0637,0.9995,1.552,0.128
14.88,-0.3164,0.0635,1.0013,-0.3164,0.0636,0.9995,1.565,0.133
14.885,-0.3165,0.0636,1.0014,-0.3164,0.0638,0.9995,1.577,0.138
14.89,-0.3167,0.0636,1.0014,-0.3166,0.0637,0.9996,1.59,0.143
14.895,-0.3168,0.0636,1.0015,-0.3167,0.0638,0.9998,1.603,0.147
14.9,-0.3169,0.0637,1.0015,-0.3169,0.0637,0.9994,1.616,0.152
14.905,-0.3171,0.0637,1.0016,-0.3171,0.0637,0.9995,1.629,0.156
14.91,-0.3172,0.0637,1.0016,-0.3173,0.0638,0.9993,1.641,0.16
14.915,-0.3173,0.0638,1.0016,-0.3172,0.0638,0.9993,1.654,0.164
14.92,-0.3174,0.0638,1.0017,-0.3175,0.0637,0.9996,1.666,0.168
14.925,-0.3176,0.0638,1.0017,-0.3175,0.0636,0.9995,1.679,0.172
14.93,-0.3177,0.0639,1.0018,-0.3177,0.0637,0.9995,1.691,0.176
14.935,-0.3178,0.0639,1.0018,-0.3178,0.0638,1.0,1.703,0.18
14.94,-0.3179,0.0639,1.0018,-0.3181,0.0638,1.0,1.715,0.183
14.945,-0.3181,0.064,1.0019,-0.318,0.0638,1.0003,1.728,0.186
14.95,-0.3182,0.064,1.0019,-0.3181,0.064,1.0006,1.74,0.19
14.955,-0.3183,0.064,1.0019,-0.3181,0.0641,1.0006,1.752,0.193
14.96,-0.3184,0.0641,1.002,-0.3183,0.0639,1.0006,1.763,0.196
14.965,-0.3186,0.0641,1.002,-0.3182,0.064,1.0007,1.775,0.199
14.97,-0.3187,0.0642,1.002,-0.3184,0.0642,1.0006,1.787,0.202
14.975,-0.3188,0.0642,1.002,-0.3187,0.0645,1.0006,1.799,0.204
14.98,-0.3189,0.0642,1.0021,-0.3188,0.0645,1.0008,1.81,0.206
14.985,-0.319,0.0643,1.0021,-0.3189,0.0643,1.0009,1.822,0.209
14.99,-0.3191,0.0643,1.0021,-0.3191,0.0645,1.0011,1.833,0.211
14.995,-0.3193,0.0643,1.0021,-0.3192,0.0644,1.0009,1.845,0.213
15.0,-0.3194,0.0644,1.0021,-0.3192,0.0645,1.001,1.856,0.214
15.005,-0.3195,0.0644,1.0022,-0.3195,0.0645,1.0009,1.867,0.216
15.01,-0.3196,0.0645,1.0022,-0.3195,0.0644,1.001,1.878,0.217
15.015,-0.3197,0.0645,1.0022,-0.3196,0.0646,1.001,1.889,0.218
15.02,-0.3198,0.0646,1.0022,-0.3198,0.0645,1.0012,1.899,0.219
15.025,-0.3199,0.0646,1.0022,-0.32,0.0645,1.001,1.91,0.22
15.03,-0.32,0.0646,1.0022,-0.3199,0.0646,1.0012,1.921,0.22
15.035,-0.3201,0.0647,1.0022,-0.3202,0.0646,1.0017,1.931,0.221
15.04,-0.3202,0.0647,1.0022,-0.3202,0.0647,1.0016,1.942,0.221
15.045,-0.3203,0.0648,1.0022,-0.3204,0.0647,1.0016,1.952,0.221
15.05,-0.3205,0.0648,1.0022,-0.3204,0.0648,1.0015,1.962,0.221
15.055,-0.3206,0.0649,1.0022,-0.3205,0.0648,1.0016,1.972,0.22
15.06,-0.3207,0.0649,1.0022,-0.3206,0.0649,1.0016,1.982,0.22
15.065,-0.3208,0.065,1.0022,-0.3208,0.0651,1.0016,1.992,0.219
15.07,-0.3209,0.065,1.0022,-0.3208,0.0651,1.0017,2.002,0.218
15.075,-0.321,0.0651,1.0022,-0.321,0.0651,1.0017,2.012,0.217
15.08,-0.321,0.0651,1.0022,-0.3209,0.0653,1.0017,2.022,0.215
15.085,-0.3211,0.0652,1.0021,-0.3212,0.0651,1.0016,2.031,0.214
15.09,-0.3212,0.0652,1.0021,-0.3212,0.065,1.0017,2.041,0.212
15.095,-0.3213,0.0653,1.0021,-0.3212,0.0649,1.0017,2.05,0.21
15.1,-0.3214,0.0653,1.0021,-0.3212,0.0653,1.0014,2.06,0.208
15.105,-0.3215,0.0654,1.0021,-0.3212,0.0651,1.0011,2.069,0.206
15.11,-0.3216,0.0654,1.002,-0.3215,0.0651,1.0009,2.078,0.204
15.115,-0.3217,0.0655,1.002,-0.3217,0.0656,1.0008,2.087,0.202
15.12,-0.3218,0.0655,1.002,-0.3217,0.0653,1.0006,2.096,0.2
15.125,-0.3219,0.0656,1.002,-0.3219,0.0656,1.0008,2.105,0.197
15.13,-0.322,0.0656,1.002,-0.3218,0.0656,1.0007,2.114,0.195
15.135,-0.322,0.0657,1.0019,-0.322,0.0657,1.0006,2.122,0.193
15.14,-0.3221,0.0657,1.0019,-0.322,0.0657,1.0008,2.131,0.191
15.145,-0.3222,0.0658,1.0019,-0.322,0.0659,1.0008,2.139,0.189
15.15,-0.3223,0.0659,1.0019,-0.3225,0.0658,1.0009,2.148,0.187
15.155,-0.3224,0.0659,1.0018,-0.3223,0.0657,1.0008,2.156,0.185
15.16,-0.3225,0.066,1.0018,-0.3223,0.066,1.0007,2.164,0.183
15.165,-0.3225,0.066,1.0018,-0.3226,0.0661,1.0008,2.172,0.181
15.17,-0.3226,0.0661,1.0018,-0.3225,0.0658,1.0004,2.18,0.18
15.175,-0.3227,0.0661,1.0018,-0.3227,0.066,1.0006,2.187,0.179
15.18,-0.3228,0.0662,1.0018,-0.3226,0.0662,1.0007,2.195,0.178
15.185,-0.3228,0.0662,1.0018,-0.3228,0.0662,1.0008,2.203,0.177
15.19,-0.3229,0.0663,1.0018,-0.3228,0.0665,1.0012,2.21,0.176
15.195,-0.323,0.0664,1.0018,-0.323,0.0662,1.0011,2.217,0.176
15.2,-0.323,0.0664,1.0018,-0.3231,0.0663,1.0009,2.225,0.175
15.205,-0.3231,0.0665,1.0018,-0.3232,0.0664,1.0006,2.232,0.175
15.21,-0.3232,0.0665,1.0018,-0.3231,0.0665,1.0005,2.239,0.176
15.215,-0.3232,0.0666,1.0018,-0.3232,0.0667,1.0007,2.246,0.176
15.22,-0.3233,0.0667,1.0018,-0.3232,0.0666,1.0007,2.252,0.177
15.225,-0.3234,0.0667,1.0018,-0.3236,0.0667,1.0008,2.259,0.178
15.23,-0.3234,0.0668,1.0018,-0.3234,0.0668,1.0008,2.266,0.179
15.235,-0.3235,0.0668,1.0018,-0.3236,0.0669,1.0008,2.272,0.18
15.24,-0.3235,0.0669,1.0018,-0.3235,0.0669,1.0011,2.278,0.182
15.245,-0.3236,0.0669,1.0018,-0.3236,0.067,1.0011,2.284,0.184
15.25,-0.3237,0.067,1.0019,-0.3235,0.0668,1.001,2.29,0.186
15.255,-0.3237,0.0671,1.0019,-0.3237,0.0669,1.0009,2.296,0.188
15.26,-0.3238,0.0671,1.0019,-0.3238,0.0671,1.0009,2.302,0.19
15.265,-0.3238,0.0672,1.0019,-0.3239,0.0672,1.0008,2.308,0.193
15.27,-0.3239,0.0672,1.002,-0.3238,0.0672,1.0009,2.313,0.195
15.275,-0.3239,0.0673,1.002,-0.3239,0.0671,1.0009,2.319,0.198
15.28,-0.324,0.0674,1.002,-0.3238,0.0673,1.0008,2.324,0.202
15.285,-0.324,0.0674,1.002,-0.3241,0.0673,1.001,2.329,0.205
15.29,-0.3241,0.0675,1.0021,-0.3241,0.0674,1.0011,2.334,0.208
15.295,-0.3241,0.0675,1.0021,-0.3242,0.0676,1.001,2.339,0.212
15.3,-0.3241,0.0676,1.0022,-0.3241,0.0675,1.001,2.344,0.216
15.305,-0.3242,0.0677,1.0022,-0.324,0.0677,1.0012,2.349,0.22
15.31,-0.3242,0.0677,1.0022,-0.3242,0.0677,1.0009,2.353,0.224
15.315,-0.3243,0.0678,1.0023,-0.3244,0.0679,1.001,2.358,0.228
15.32,-0.3243,0.0678,1.0023,-0.3242,0.0678,1.001,2.362,0.233
15.325,-0.3243,0.0679,1.0024,-0.3241,0.0679,1.0012,2.366,0.237
15.33,-0.3244,0.068,1.0024,-0.3243,0.0679,1.0012,2.37,0.242
15.335,-0.3244,0.068,1.0025,-0.3244,0.0679,1.0011,2.374,0.247
15.34,-0.3244,0.0681,1.0025,-0.3243,0.0682,1.0011,2.377,0.252
15.345,-0.3244,0.0682,1.0026,-0.3243,0.068,1.0012,2.381,0.257
15.35,-0.3245,0.0682,1.0026,-0.3243,0.0682,1.0013,2.384,0.262
15.355,-0.3245,0.0683,1.0027,-0.3245,0.0683,1.0014,2.388,0.267
15.36,-0.3245,0.0683,1.0027,-0.3247,0.0684,1.0014,2.391,0.272
15.365,-0.3245,0.0684,1.0028,-0.3246,0.0683,1.0014,2.394,0.277
15.37,-0.3246,0.0685,1.0028,-0.3247,0.0684,1.0012,2.397,0.282
15.375,-0.3246,0.0685,1.0029,-0.3247,0.0685,1.0013,2.399,0.288
15.38,-0.3246,0.0686,1.0029,-0.3246,0.0686,1.0015,2.402,0.293
15.385,-0.3246,0.0686,1.003,-0.3247,0.0687,1.0016,2.404,0.298
15.39,-0.3246,0.0687,1.003,-0.3244,0.0686,1.0019,2.407,0.303
15.395,-0.3246,0.0688,1.0031,-0.3248,0.0688,1.0019,2.409,0.309
15.4,-0.3246,0.0688,1.0031,-0.3247,0.069,1.002,2.411,0.314
15.405,-0.3247,0.0689,1.0032,-0.3248,0.0689,1.0019,2.413,0.319
15.41,-0.3247,0.069,1.0032,-0.3246,0.069,1.0019,2.414,0.324
15.415,-0.3247,0.069,1.0033,-0.3247,0.0693,1.0023,2.416,0.328
15.42,-0.3247,0.0691,1.0033,-0.3248,0.0693,1.0023,2.417,0.333
15.425,-0.3247,0.0691,1.0034,-0.3247,0.0692,1.0023,2.418,0.337
15.43,-0.3247,0.0692,1.0034,-0.3247,0.0692,1.0025,2.42,0.341
15.435,-0.3247,0.0693,1.0035,-0.3248,0.0692,1.0025,2.421,0.345
15.44,-0.3247,0.0693,1.0035,-0.3247,0.0692,1.0026,2.421,0.349
15.445,-0.3247,0.0694,1.0035,-0.3246,0.0695,1.0026,2.422,0.353
15.45,-0.3247,0.0695,1.0036,-0.3246,0.0693,1.0024,2.423,0.356
15.455,-0.3247,0.0695,1.0036,-0.3246,0.0696,1.0025,2.423,0.359
15.46,-0.3246,0.0696,1.0036,-0.3247,0.0695,1.0025,2.423,0.361
15.465,-0.3246,0.0696,1.0036,-0.3247,0.0697,1.0028,2.424,0.363
15.47,-0.3246,0.0697,1.0037,-0.3246,0.0696,1.0028,2.424,0.365
15.475,-0.3246,0.0698,1.0037,-0.3246,0.0696,1.0027,2.423,0.367
15.48,-0.3246,0.0698,1.0037,-0.3247,0.0696,1.0027,2.423,0.368
15.485,-0.3246,0.0699,1.0037,-0.3247,0.0696,1.0027,2.423,0.369
15.49,-0.3246,0.07,1.0037,-0.3246,0.0697,1.0029,2.422,0.37
15.495,-0.3245,0.07,1.0037,-0.3247,0.07,1.0033,2.421,0.37
15.5,-0.3245,0.0701,1.0037,-0.3245,0.0701,1.0035,2.421,0.37
15.505,-0.3245,0.0702,1.0037,-0.3244,0.0699,1.0038,2.42,0.369
15.51,-0.3245,0.0702,1.0037,-0.3245,0.0702,1.004,2.418,0.368
15.515,-0.3244,0.0703,1.0037,-0.3243,0.0705,1.0041,2.417,0.367
15.52,-0.3244,0.0703,1.0036,-0.3243,0.0704,1.0041,2.416,0.365
15.525,-0.3244,0.0704,1.0036,-0.3243,0.0704,1.0041,2.414,0.363
15.53,-0.3244,0.0705,1.0036,-0.3241,0.0705,1.0043,2.412,0.36
15.535,-0.3243,0.0705,1.0036,-0.3242,0.0707,1.0043,2.41,0.357
15.54,-0.3243,0.0706,1.0035,-0.3242,0.0707,1.0047,2.408,0.354
15.545,-0.3242,0.0707,1.0035,-0.3242,0.0707,1.0045,2.406,0.35
15.55,-0.3242,0.0707,1.0035,-0.3241,0.0707,1.0045,2.404,0.346
15.555,-0.3242,0.0708,1.0034,-0.3241,0.0709,1.0043,2.401,0.341
15.56,-0.3241,0.0708,1.0034,-0.3244,0.0709,1.0043,2.399,0.336
15.565,-0.3241,0.0709,1.0033,-0.3242,0.0708,1.0043,2.396,0.33
15.57,-0.324,0.071,1.0032,-0.324,0.0709,1.0042,2.393,0.324
15.575,-0.324,0.071,1.0032,-0.3242,0.071,1.0042,2.39,0.318
15.58,-0.3239,0.0711,1.0031,-0.324,0.0711,1.0043,2.387,0.311
15.585,-0.3239,0.0712,1.003,-0.324,0.0709,1.0042,2.383,0.304
15.59,-0.3238,0.0712,1.003,-0.3239,0.0712,1.0041,2.38,0.297
15.595,-0.3238,0.0713,1.0029,-0.3237,0.0711,1.0038,2.376,0.29
15.6,-0.3237,0.0713,1.0028,-0.3237,0.0712,1.0036,2.372,0.282
15.605,-0.3237,0.0714,1.0027,-0.3235,0.0712,1.0037,2.368,0.274
15.61,-0.3236,0.0715,1.0027,-0.3235,0.0712,1.0037,2.364,0.266
15.615,-0.3235,0.0715,1.0026,-0.3236,0.0715,1.0036,2.36,0.258
15.62,-0.3235,0.0716,1.0025,-0.3233,0.0714,1.0035,2.356,0.25
15.625,-0.3234,0.0716,1.0024,-0.3233,0.0715,1.0036,2.351,0.241
15.63,-0.3233,0.0717,1.0023,-0.3233,0.0716,1.0035,2.347,0.233
15.635,-0.3233,0.0718,1.0023,-0.3232,0.0718,1.0033,2.342,0.225
15.64,-0.3232,0.0718,1.0022,-0.3233,0.0719,1.0031,2.337,0.217
15.645,-0.3231,0.0719,1.0021,-0.3231,0.0719,1.0029,2.332,0.209
15.65,-0.3231,0.0719,1.002,-0.3231,0.0718,1.0031,2.327,0.201
15.655,-0.323,0.072,1.0019,-0.323,0.0718,1.0032,2.321,0.193
15.66,-0.3229,0.0721,1.0019,-0.323,0.0719,1.0031,2.316,0.186
15.665,-0.3228,0.0721,1.0018,-0.3229,0.0722,1.003,2.31,0.179
15.67,-0.3228,0.0722,1.0017,-0.323,0.0721,1.0025,2.304,0.172
15.675,-0.3227,0.0722,1.0016,-0.3227,0.0723,1.0022,2.298,0.165
15.68,-0.3226,0.0723,1.0016,-0.3226,0.0724,1.0024,2.292,0.159
15.685,-0.3225,0.0723,1.0015,-0.3224,0.0723,1.0021,2.286,0.153
15.69,-0.3224,0.0724,1.0015,-0.3222,0.0723,1.0024,2.28,0.147
15.695,-0.3223,0.0725,1.0014,-0.3223,0.0723,1.0023,2.273,0.142
15.7,-0.3223,0.0725,1.0014,-0.3224,0.0724,1.0023,2.267,0.137
15.705,-0.3222,0.0726,1.0013,-0.3222,0.0723,1.0019,2.26,0.132
15.71,-0.3221,0.0726,1.0013,-0.3221,0.0723,1.0018,2.253,0.128
15.715,-0.322,0.0727,1.0012,-0.3219,0.0727,1.0018,2.246,0.124
15.72,-0.3219,0.0727,1.0012,-0.322,0.0726,1.0018,2.239,0.121
15.725,-0.3218,0.0728,1.0012,-0.322,0.0727,1.0017,2.232,0.118
15.73,-0.3217,0.0728,1.0012,-0.322,0.0728,1.0017,2.224,0.115
15.735,-0.3216,0.0729,1.0011,-0.3218,0.0729,1.0016,2.217,0.113
15.74,-0.3215,0.0729,1.0011,-0.3217,0.0728,1.0014,2.209,0.112
15.745,-0.3214,0.073,1.0011,-0.3213,0.073,1.0013,2.202,0.11
15.75,-0.3213,0.073,1.0011,-0.3213,0.0731,1.0014,2.194,0.109
15.755,-0.3212,0.0731,1.0011,-0.3213,0.0733,1.0012,2.186,0.109
15.76,-0.3211,0.0731,1.0011,-0.321,0.0733,1.0012,2.178,0.109
15.765,-0.321,0.0732,1.0011,-0.3211,0.073,1.0013,2.17,0.109
15.77,-0.3209,0.0732,1.0011,-0.3209,0.0735,1.0012,2.161,0.11
15.775,-0.3208,0.0733,1.0011,-0.3207,0.0731,1.0008,2.153,0.111
15.78,-0.3206,0.0733,1.0011,-0.3206,0.0732,1.0008,2.144,0.112
15.785,-0.3205,0.0733,1.0011,-0.3205,0.0733,1.0011,2.136,0.114
15.79,-0.3204,0.0734,1.0012,-0.3204,0.0733,1.0012,2.127,0.115
15.795,-0.3203,0.0734,1.0012,-0.3203,0.0734,1.0014,2.118,0.118
15.8,-0.3202,0.0735,1.0012,-0.3202,0.0735,1.0015,2.109,0.12
15.805,-0.3201,0.0735,1.0012,-0.3201,0.0736,1.0015,2.1,0.123
15.81,-0.32,0.0736,1.0013,-0.3201,0.0735,1.0014,2.091,0.126
15.815,-0.3198,0.0736,1.0013,-0.32,0.0734,1.0015,2.082,0.129
15.82,-0.3197,0.0736,1.0013,-0.3198,0.0736,1.0016,2.072,0.132
15.825,-0.3196,0.0737,1.0013,-0.3197,0.0736,1.0014,2.063,0.135
15.83,-0.3195,0.0737,1.0014,-0.3197,0.0735,1.0014,2.053,0.138
15.835,-0.3193,0.0737,1.0014,-0.3194,0.0736,1.0015,2.043,0.141
15.84,-0.3192,0.0738,1.0014,-0.3193,0.0738,1.0017,2.033,0.144
15.845,-0.3191,0.0738,1.0015,-0.319,0.0738,1.0015,2.023,0.146
15.85,-0.319,0.0739,1.0015,-0.3188,0.074,1.0015,2.013,0.149
15.855,-0.3188,0.0739,1.0015,-0.3187,0.0739,1.0018,2.003,0.152
15.86,-0.3187,0.0739,1.0015,-0.3184,0.0742,1.0017,1.993,0.154
15.865,-0.3186,0.074,1.0016,-0.3183,0.0739,1.0015,1.982,0.156
15.87,-0.3184,0.074,1.0016,-0.3183,0.0741,1.0017,1.972,0.158
15.875,-0.3183,0.074,1.0016,-0.3182,0.0741,1.0018,1.961,0.16
15.88,-0.3182,0.0741,1.0016,-0.318,0.0741,1.0019,1.95,0.161
15.885,-0.318,0.0741,1.0016,-0.318,0.0742,1.0021,1.939,0.162
15.89,-0.3179,0.0741,1.0016,-0.318,0.0743,1.0021,1.928,0.163
15.895,-0.3177,0.0741,1.0016,-0.3177,0.0743,1.0021,1.917,0.163
15.9,-0.3176,0.0742,1.0016,-0.3178,0.0743,1.0021,1.906,0.163
15.905,-0.3175,0.0742,1.0016,-0.3178,0.0742,1.0021,1.895,0.163
15.91,-0.3173,0.0742,1.0016,-0.3174,0.0743,1.0021,1.883,0.162
15.915,-0.3172,0.0743,1.0016,-0.3173,0.0744,1.0023,1.872,0.161
15.92,-0.317,0.0743,1.0016,-0.3171,0.0743,1.0023,1.86,0.16
15.925,-0.3169,0.0743,1.0016,-0.3172,0.0742,1.002,1.848,0.158
15.93,-0.3167,0.0743,1.0016,-0.3168,0.0741,1.0022,1.836,0.156
15.935,-0.3166,0.0744,1.0015,-0.3166,0.0742,1.002,1.824,0.153
15.94,-0.3164,0.0744,1.0015,-0.3165,0.0744,1.0021,1.812,0.15
15.945,-0.3162,0.0744,1.0015,-0.3163,0.0743,1.0018,1.8,0.147
15.95,-0.3161,0.0744,1.0014,-0.3161,0.0745,1.0018,1.788,0.143
15.955,-0.3159,0.0745,1.0014,-0.316,0.0744,1.0017,1.776,0.139
15.96,-0.3158,0.0745,1.0013,-0.3157,0.0743,1.0013,1.764,0.134
15.965,-0.3156,0.0745,1.0013,-0.3156,0.0746,1.0013,1.751,0.13
15.97,-0.3154,0.0745,1.0012,-0.3155,0.0744,1.0015,1.739,0.125
15.975,-0.3153,0.0746,1.0012,-0.3153,0.0745,1.0016,1.727,0.12
15.98,-0.3151,0.0746,1.0011,-0.3152,0.0743,1.0014,1.714,0.114
15.985,-0.3149,0.0746,1.0011,-0.315,0.0746,1.0017,1.701,0.108
15.99,-0.3148,0.0746,1.001,-0.3149,0.0748,1.0016,1.689,0.103
15.995,-0.3146,0.0746,1.001,-0.3147,0.0747,1.0014,1.676,0.097
16.0,-0.3144,0.0747,1.0009,-0.3146,0.0746,1.0011,1.663,0.09
16.005,-0.3143,0.0747,1.0008,-0.3143,0.0746,1.0011,1.651,0.084
16.01,-0.3141,0.0747,1.0008,-0.3143,0.0746,1.0012,1.638,0.078
16.015,-0.3139,0.0747,1.0007,-0.314,0.0747,1.0013,1.625,0.071
16.02,-0.3138,0.0747,1.0006,-0.3137,0.0746,1.0012,1.612,0.065
16.025,-0.3136,0.0747,1.0006,-0.3137,0.0748,1.0011,1.599,0.058
16.03,-0.3134,0.0748,1.0005,-0.3135,0.0747,1.0009,1.586,0.052
16.035,-0.3132,0.0748,1.0005,-0.3132,0.0747,1.0009,1.573,0.045
16.04,-0.3131,0.0748,1.0004,-0.3129,0.0747,1.0006,1.56,0.039
16.045,-0.3129,0.0748,1.0003,-0.3129,0.0748,1.0007,1.547,0.032
16.05,-0.3127,0.0748,1.0003,-0.3127,0.075,1.0005,1.534,0.026
16.055,-0.3125,0.0748,1.0002,-0.3127,0.0747,1.0007,1.521,0.02
16.06,-0.3123,0.0748,1.0001,-0.3125,0.075,1.0008,1.508,0.014
16.065,-0.3122,0.0749,1.0001,-0.3124,0.075,1.0008,1.495,0.008
16.07,-0.312,0.0749,1.0,-0.3121,0.075,1.0008,1.482,0.003
16.075,-0.3118,0.0749,1.0,-0.3119,0.0748,1.0007,1.469,0.002
16.08,-0.3116,0.0749,0.9999,-0.3118,0.0748,1.0007,1.456,0.008
16.085,-0.3114,0.0749,0.9999,-0.3115,0.0751,1.0007,1.443,0.013
16.09,-0.3113,0.0749,0.9998,-0.3115,0.0749,1.0006,1.43,0.017
16.095,-0.3111,0.0749,0.9998,-0.3111,0.0751,1.0004,1.417,0.022
16.1,-0.3109,0.0749,0.9997,-0.311,0.0749,1.0002,1.404,0.026
16.105,-0.3107,0.0749,0.9997,-0.3106,0.075,1.0002,1.391,0.03
16.11,-0.3105,0.0749,0.9997,-0.3103,0.075,1.0,1.378,0.034
16.115,-0.3103,0.0749,0.9996,-0.3104,0.0749,1.0001,1.366,0.037
16.12,-0.3101,0.0749,0.9996,-0.3101,0.0748,1.0002,1.353,0.04
16.125,-0.31,0.0749,0.9996,-0.3098,0.0749,1.0001,1.34,0.043
16.13,-0.3098,0.0749,0.9995,-0.3098,0.075,1.0,1.328,0.046
16.135,-0.3096,0.0749,0.9995,-0.3095,0.0749,1.0002,1.315,0.048
16.14,-0.3094,0.0749,0.9995,-0.3095,0.075,0.9999,1.303,0.05
16.145,-0.3092,0.0749,0.9995,-0.3094,0.0749,0.9999,1.29,0.052
16.15,-0.309,0.0749,0.9995,-0.3093,0.0749,0.9997,1.278,0.053
16.155,-0.3088,0.0749,0.9995,-0.3088,0.0749,0.9996,1.266,0.054
16.16,-0.3086,0.0749,0.9994,-0.3087,0.0747,0.9994,1.254,0.055
16.165,-0.3084,0.0749,0.9994,-0.3087,0.0748,0.9993,1.242,0.056
16.17,-0.3082,0.0749,0.9994,-0.3085,0.0746,0.9995,1.23,0.056
16.175,-0.308,0.0749,0.9994,-0.3083,0.0748,0.9997,1.218,0.056
16.18,-0.3078,0.0749,0.9994,-0.3081,0.0751,0.9997,1.206,0.056
16.185,-0.3077,0.0749,0.9994,-0.3079,0.0749,0.9999,1.195,0.056
16.19,-0.3075,0.0749,0.9995,-0.3075,0.075,0.9999,1.184,0.055
16.195,-0.3073,0.0749,0.9995,-0.3073,0.075,1.0001,1.172,0.054
16.2,-0.3071,0.0749,0.9995,-0.3072,0.0751,1.0001,1.161,0.052
16.205,-0.3069,0.0749,0.9995,-0.3069,0.075,1.0001,1.15,0.051
16.21,-0.3067,0.0749,0.9995,-0.3065,0.0751,0.9998,1.14,0.049
16.215,-0.3065,0.0749,0.9995,-0.3064,0.0752,0.9997,1.129,0.048
16.22,-0.3063,0.0749,0.9995,-0.3062,0.0752,0.9992,1.119,0.046
16.225,-0.3061,0.0749,0.9996,-0.306,0.075,0.9992,1.108,0.044
16.23,-0.3059,0.0749,0.9996,-0.3057,0.0751,0.9992,1.098,0.042
16.235,-0.3057,0.0748,0.9996,-0.3057,0.0751,0.999,1.089,0.039
16.24,-0.3055,0.0748,0.9996,-0.3056,0.075,0.9991,1.079,0.037
16.245,-0.3053,0.0748,0.9997,-0.3053,0.0748,0.999,1.07,0.034
16.25,-0.3051,0.0748,0.9997,-0.3053,0.0747,0.9988,1.061,0.031
16.255,-0.3049,0.0748,0.9997,-0.3048,0.0748,0.9988,1.052,0.028
16.26,-0.3047,0.0748,0.9998,-0.3047,0.0748,0.9988,1.044,0.025
16.265,-0.3045,0.0748,0.9998,-0.3046,0.0746,0.9988,1.035,0.021
16.27,-0.3043,0.0748,0.9998,-0.3044,0.0747,0.9989,1.027,0.017
16.275,-0.3041,0.0748,0.9999,-0.3043,0.0748,0.999,1.02,0.014
16.28,-0.3039,0.0748,0.9999,-0.304,0.0747,0.999,1.013,0.01
16.285,-0.3037,0.0747,0.9999,-0.3038,0.0747,0.9989,1.006,0.005
16.29,-0.3035,0.0747,1.0,-0.3038,0.0747,0.9991,0.999,0.001
16.295,-0.3033,0.0747,1.0,-0.3034,0.0748,0.9991,0.993,0.004
16.3,-0.3031,0.0747,1.0001,-0.3032,0.0746,0.9995,0.986,0.008
16.305,-0.3029,0.0747,1.0001,-0.3031,0.0746,0.9995,0.981,0.013
16.31,-0.3027,0.0747,1.0002,-0.3027,0.0748,0.9994,0.976,0.018
16.315,-0.3025,0.0747,1.0002,-0.3024,0.0745,0.9991,0.971,0.023
16.32,-0.3023,0.0747,1.0003,-0.3023,0.0748,0.999,0.966,0.028
16.325,-0.3021,0.0746,1.0003,-0.3021,0.0746,0.9991,0.962,0.033
16.33,-0.3019,0.0746,1.0004,-0.3017,0.0746,0.9991,0.958,0.038
16.335,-0.3017,0.0746,1.0004,-0.3018,0.0746,0.999,0.955,0.042
16.34,-0.3014,0.0746,1.0005,-0.3013,0.0747,0.9991,0.952,0.047
16.345,-0.3012,0.0746,1.0005,-0.3013,0.0746,0.9994,0.949,0.052
16.35,-0.301,0.0746,1.0006,-0.3009,0.0746,0.9998,0.947,0.057
16.355,-0.3008,0.0746,1.0006,-0.3009,0.0744,0.9999,0.945,0.062
16.36,-0.3006,0.0745,1.0007,-0.3006,0.0744,1.0004,0.944,0.067
16.365,-0.3004,0.0745,1.0007,-0.3006,0.0745,1.0005,0.943,0.072
16.37,-0.3002,0.0745,1.0008,-0.3003,0.0743,1.0004,0.942,0.076
16.375,-0.3,0.0745,1.0008,-0.3004,0.0745,1.0004,0.942,0.081
16.38,-0.2998,0.0745,1.0009,-0.3,0.0744,1.0005,0.942,0.085
16.385,-0.2996,0.0745,1.0009,-0.2999,0.0744,1.0006,0.943,0.089
16.39,-0.2994,0.0744,1.0009,-0.2994,0.0744,1.0005,0.944,0.093
16.395,-0.2992,0.0744,1.001,-0.2993,0.0745,1.0003,0.946,0.096
16.4,-0.2989,0.0744,1.001,-0.299,0.0743,1.0002,0.948,0.099
16.405,-0.2987,0.0744,1.001,-0.2988,0.0745,1.0004,0.95,0.102
16.41,-0.2985,0.0744,1.001,-0.2986,0.0743,1.0003,0.953,0.105
16.415,-0.2983,0.0743,1.0011,-0.2984,0.0745,1.0003,0.957,0.107
16.42,-0.2981,0.0743,1.0011,-0.2981,0.0743,1.0003,0.961,0.109
16.425,-0.2979,0.0743,1.0011,-0.2978,0.0743,1.0004,0.965,0.111
16.43,-0.2977,0.0743,1.0011,-0.2976,0.0742,1.0003,0.969,0.112
16.435,-0.2975,0.0743,1.0011,-0.2973,0.0745,1.0003,0.975,0.114
16.44,-0.2972,0.0742,1.0011,-0.2972,0.0743,1.0001,0.98,0.115
16.445,-0.297,0.0742,1.0012,-0.297,0.0742,1.0002,0.986,0.116
16.45,-0.2968,0.0742,1.0012,-0.2969,0.0742,1.0002,0.992,0.116
16.455,-0.2966,0.0742,1.0012,-0.2967,0.0742,1.0003,0.999,0.117
16.46,-0.2964,0.0741,1.0012,-0.2965,0.0743,1.0004,1.006,0.117
16.465,-0.2962,0.0741,1.0012,-0.2964,0.0742,1.0007,1.014,0.117
16.47,-0.296,0.0741,1.0012,-0.2962,0.0742,1.0008,1.021,0.117
16.475,-0.2957,0.0741,1.0012,-0.2959,0.0739,1.001,1.03,0.117
16.48,-0.2955,0.074,1.0012,-0.2956,0.0741,1.001,1.038,0.116
16.485,-0.2953,0.074,1.0012,-0.2956,0.0739,1.0011,1.047,0.115
16.49,-0.2951,0.074,1.0011,-0.2953,0.0741,1.0009,1.057,0.114
16.495,-0.2949,0.074,1.0011,-0.295,0.074,1.0009,1.066,0.113
16.5,-0.2947,0.0739,1.0011,-0.2949,0.074,1.0009,1.076,0.112
16.505,-0.2945,0.0739,1.0011,-0.2945,0.0741,1.0008,1.087,0.11
16.51,-0.2942,0.0739,1.0011,-0.2946,0.0737,1.001,1.097,0.109
16.515,-0.294,0.0739,1.0011,-0.2942,0.0739,1.0011,1.108,0.107
16.52,-0.2938,0.0738,1.001,-0.294,0.0735,1.0008,1.12,0.104
16.525,-0.2936,0.0738,1.001,-0.2937,0.0737,1.001,1.131,0.102
16.53,-0.2934,0.0738,1.001,-0.2934,0.0739,1.0012,1.143,0.099
16.535,-0.2932,0.0737,1.001,-0.2932,0.0738,1.001,1.155,0.096
16.54,-0.2929,0.0737,1.0009,-0.2929,0.0737,1.0011,1.168,0.093
16.545,-0.2927,0.0737,1.0009,-0.2928,0.0737,1.0011,1.18,0.09
16.55,-0.2925,0.0737,1.0009,-0.2925,0.0737,1.001,1.193,0.087
16.555,-0.2923,0.0736,1.0008,-0.2924,0.0736,1.0009,1.206,0.083
16.56,-0.2921,0.0736,1.0008,-0.2922,0.0736,1.0011,1.22,0.08
16.565,-0.2919,0.0736,1.0008,-0.2921,0.0736,1.001,1.233,0.076
16.57,-0.2916,0.0735,1.0007,-0.2918,0.0736,1.0008,1.247,0.072
16.575,-0.2914,0.0735,1.0007,-0.2916,0.0735,1.0009,1.261,0.068
16.58,-0.2912,0.0735,1.0006,-0.2914,0.0734,1.0011,1.275,0.064
16.585,-0.291,0.0734,1.0006,-0.2913,0.0734,1.0011,1.289,0.06
16.59,-0.2908,0.0734,1.0006,-0.2909,0.0734,1.001,1.304,0.056
16.595,-0.2906,0.0734,1.0005,-0.2906,0.0734,1.0009,1.318,0.051
16.6,-0.2903,0.0733,1.0005,-0.2905,0.0731,1.0008,1.333,0.047
16.605,-0.2901,0.0733,1.0004,-0.2902,0.0734,1.0008,1.348,0.043
16.61,-0.2899,0.0733,1.0004,-0.29,0.073,1.0006,1.363,0.039
16.615,-0.2897,0.0732,1.0003,-0.2897,0.0731,1.0006,1.378,0.035
16.62,-0.2895,0.0732,1.0003,-0.2896,0.0731,1.0006,1.393,0.031
16.625,-0.2893,0.0732,1.0003,-0.2894,0.0732,1.0006,1.409,0.027
16.63,-0.2891,0.0731,1.0002,-0.2891,0.0731,1.0009,1.424,0.023
16.635,-0.2889,0.0731,1.0002,-0.2891,0.0732,1.001,1.44,0.019
16.64,-0.2886,0.0731,1.0002,-0.2887,0.0731,1.0009,1.455,0.015
16.645,-0.2884,0.073,1.0001,-0.2885,0.073,1.001,1.471,0.012
16.65,-0.2882,0.073,1.0001,-0.2884,0.0731,1.0011,1.487,0.008
16.655,-0.288,0.0729,1.0,-0.2881,0.0731,1.0009,1.502,0.004
16.66,-0.2878,0.0729,1.0,-0.288,0.073,1.0013,1.518,0.001
16.665,-0.2876,0.0729,1.0,-0.2877,0.073,1.0012,1.534,0.002
16.67,-0.2874,0.0728,0.9999,-0.2874,0.073,1.001,1.55,0.006
16.675,-0.2872,0.0728,0.9999,-0.2873,0.0728,1.001,1.566,0.009
16.68,-0.287,0.0727,0.9999,-0.287,0.0728,1.0011,1.582,0.012
16.685,-0.2868,0.0727,0.9999,-0.2868,0.0726,1.0011,1.598,0.015
16.69,-0.2866,0.0727,0.9998,-0.2867,0.0728,1.0013,1.615,0.018
16.695,-0.2864,0.0726,0.9998,-0.2866,0.0725,1.0012,1.631,0.021
16.7,-0.2862,0.0726,0.9998,-0.2864,0.0725,1.0012,1.647,0.023
16.705,-0.286,0.0725,0.9997,-0.286,0.0726,1.0013,1.663,0.026
16.71,-0.2858,0.0725,0.9997,-0.2857,0.0724,1.0011,1.679,0.029
16.715,-0.2855,0.0725,0.9997,-0.2857,0.0724,1.0012,1.696,0.031
16.72,-0.2853,0.0724,0.9997,-0.2854,0.0723,1.001,1.712,0.034
16.725,-0.2852,0.0724,0.9996,-0.2853,0.0723,1.0009,1.728,0.037
16.73,-0.285,0.0723,0.9996,-0.2851,0.0723,1.001,1.744,0.039
16.735,-0.2848,0.0723,0.9996,-0.285,0.0722,1.001,1.76,0.041
16.74,-0.2846,0.0722,0.9996,-0.2846,0.0723,1.0009,1.777,0.044
16.745,-0.2844,0.0722,0.9995,-0.2843,0.0722,1.0008,1.793,0.046
16.75,-0.2842,0.0722,0.9995,-0.2844,0.072,1.0007,1.809,0.048
16.755,-0.284,0.0721,0.9995,-0.2841,0.0721,1.0005,1.825,0.05
16.76,-0.2838,0.0721,0.9995,-0.2839,0.072,1.0002,1.841,0.053
16.765,-0.2836,0.072,0.9995,-0.2837,0.0719,1.0002,1.857,0.055
16.77,-0.2834,0.072,0.9994,-0.2837,0.0717,1.0003,1.873,0.057
16.775,-0.2832,0.0719,0.9994,-0.2832,0.0718,1.0003,1.889,0.059
16.78,-0.283,0.0719,0.9994,-0.2831,0.0718,1.0,1.905,0.06
16.785,-0.2828,0.0718,0.9994,-0.2827,0.0718,0.9999,1.921,0.062
16.79,-0.2826,0.0718,0.9994,-0.2825,0.0721,0.9999,1.937,0.064
16.795,-0.2825,0.0717,0.9993,-0.2824,0.0717,0.9999,1.952,0.066
16.8,-0.2823,0.0717,0.9993,-0.2823,0.0718,0.9997,1.968,0.067
16.805,-0.2821,0.0716,0.9993,-0.2819,0.0718,0.9998,1.984,0.069
16.81,-0.2819,0.0716,0.9993,-0.282,0.0716,0.9995,1.999,0.07
16.815,-0.2817,0.0715,0.9993,-0.2819,0.0716,0.9997,2.015,0.071
16.82,-0.2816,0.0715,0.9993,-0.2814,0.0715,0.9995,2.03,0.072
16.825,-0.2814,0.0714,0.9993,-0.2812,0.0715,0.9995,2.045,0.073
16.83,-0.2812,0.0714,0.9993,-0.281,0.0716,0.9994,2.061,0.074
16.835,-0.281,0.0713,0.9993,-0.2809,0.0715,0.9991,2.076,0.075
16.84,-0.2808,0.0713,0.9992,-0.2809,0.0713,0.9991,2.091,0.075
16.845,-0.2807,0.0712,0.9992,-0.2807,0.0712,0.9993,2.106,0.076
16.85,-0.2805,0.0712,0.9992,-0.2807,0.0712,0.9993,2.122,0.076
16.855,-0.2803,0.0711,0.9992,-0.2804,0.0711,0.9993,2.137,0.076
16.86,-0.2801,0.071,0.9992,-0.2804,0.0711,0.9996,2.151,0.076
16.865,-0.28,0.071,0.9992,-0.2801,0.071,0.9998,2.166,0.076
16.87,-0.2798,0.0709,0.9992,-0.2799,0.0711,0.9998,2.181,0.076
16.875,-0.2796,0.0709,0.9992,-0.2798,0.0708,1.0,2.196,0.076
16.88,-0.2795,0.0708,0.9992,-0.2797,0.071,1.0001,2.211,0.075
16.885,-0.2793,0.0708,0.9993,-0.2794,0.0709,0.9999,2.225,0.075
16.89,-0.2791,0.0707,0.9993,-0.2792,0.0707,0.9999,2.24,0.074
16.895,-0.279,0.0706,0.9993,-0.2791,0.0708,1.0,2.254,0.073
16.9,-0.2788,0.0706,0.9993,-0.2788,0.0707,0.9997,2.268,0.072
16.905,-0.2787,0.0705,0.9993,-0.2788,0.0706,0.9999,2.283,0.072
16.91,-0.2785,0.0705,0.9993,-0.2785,0.0704,0.9997,2.297,0.071
16.915,-0.2783,0.0704,0.9993,-0.2783,0.0706,0.9999,2.311,0.07
16.92,-0.2782,0.0704,0.9993,-0.2782,0.0707,1.0,2.325,0.069
16.925,-0.278,0.0703,0.9993,-0.2779,0.0705,0.9999,2.339,0.068
16.93,-0.2779,0.0702,0.9993,-0.278,0.0704,1.0,2.353,0.067
16.935,-0.2777,0.0702,0.9993,-0.2777,0.0702,0.9998,2.366,0.066
16.94,-0.2776,0.0701,0.9994,-0.2777,0.07,1.0,2.38,0.065
16.945,-0.2774,0.07,0.9994,-0.2775,0.0701,1.0002,2.394,0.064
16.95,-0.2773,0.07,0.9994,-0.2773,0.0698,1.0003,2.407,0.063
16.955,-0.2771,0.0699,0.9994,-0.2772,0.0699,1.0003,2.421,0.061
16.96,-0.277,0.0699,0.9994,-0.2771,0.0699,1.0002,2.434,0.06
16.965,-0.2768,0.0698,0.9994,-0.2768,0.0699,1.0002,2.447,0.059
16.97,-0.2767,0.0697,0.9994,-0.2768,0.0698,1.0002,2.46,0.058
16.975,-0.2765,0.0697,0.9994,-0.2767,0.0696,1.0002,2.473,0.058
16.98,-0.2764,0.0696,0.9994,-0.2765,0.0697,1.0002,2.486,0.057
16.985,-0.2762,0.0696,0.9994,-0.2765,0.0696,1.0001,2.499,0.056
16.99,-0.2761,0.0695,0.9995,-0.2762,0.0697,1.0004,2.511,0.055
16.995,-0.276,0.0694,0.9995,-0.2759,0.0696,1.0002,2.524,0.054
17.0,-0.2758,0.0694,0.9995,-0.2758,0.0692,1.0002,2.537,0.053
17.005,-0.2757,0.0693,0.9995,-0.2758,0.0693,0.9998,2.549,0.052
17.01,-0.2756,0.0692,0.9995,-0.2758,0.0693,0.9999,2.561,0.051
17.015,-0.2754,0.0692,0.9995,-0.2756,0.0693,0.9997,2.573,0.051
17.02,-0.2753,0.0691,0.9995,-0.2753,0.0691,0.9997,2.585,0.05
17.025,-0.2752,0.069,0.9995,-0.2753,0.069,0.9996,2.597,0.049
17.03,-0.275,0.069,0.9995,-0.2751,0.069,0.9994,2.609,0.048
17.035,-0.2749,0.0689,0.9995,-0.2749,0.0689,0.9992,2.621,0.048
17.04,-0.2748,0.0688,0.9995,-0.2749,0.0688,0.9993,2.632,0.047
17.045,-0.2746,0.0688,0.9995,-0.2747,0.0689,0.9993,2.644,0.046
17.05,-0.2745,0.0687,0.9996,-0.2745,0.0689,0.9992,2.655,0.045
17.055,-0.2744,0.0686,0.9996,-0.2746,0.0687,0.9992,2.666,0.044
17.06,-0.2743,0.0686,0.9996,-0.2745,0.0687,0.9991,2.677,0.043
17.065,-0.2742,0.0685,0.9996,-0.2742,0.0687,0.9989,2.688,0.042
17.07,-0.274,0.0684,0.9996,-0.2741,0.0685,0.9988,2.699,0.041
17.075,-0.2739,0.0684,0.9996,-0.2739,0.0684,0.9984,2.71,0.04
17.08,-0.2738,0.0683,0.9996,-0.2741,0.0684,0.9985,2.72,0.039
17.085,-0.2737,0.0682,0.9996,-0.2738,0.0684,0.9987,2.731,0.037
17.09,-0.2736,0.0682,0.9996,-0.2737,0.0683,0.9986,2.741,0.036
17.095,-0.2735,0.0681,0.9997,-0.2734,0.068,0.9986,2.751,0.034
17.1,-0.2734,0.068,0.9997,-0.2734,0.068,0.9986,2.762,0.033
17.105,-0.2733,0.068,0.9997,-0.2734,0.0679,0.9983,2.771,0.031
17.11,-0.2732,0.0679,0.9997,-0.2733,0.0677,0.9983,2.781,0.029
17.115,-0.2731,0.0678,0.9997,-0.2731,0.0678,0.9982,2.791,0.028
17.12,-0.273,0.0678,0.9997,-0.2729,0.0679,0.9981,2.8,0.026
17.125,-0.2729,0.0677,0.9998,-0.273,0.0677,0.9981,2.81,0.024
17.13,-0.2728,0.0676,0.9998,-0.2727,0.0676,0.9983,2.819,0.021
17.135,-0.2727,0.0676,0.9998,-0.2727,0.0676,0.9984,2.828,0.019
17.14,-0.2726,0.0675,0.9998,-0.2728,0.0676,0.9985,2.837,0.017
17.145,-0.2725,0.0674,0.9999,-0.2726,0.0675,0.9983,2.846,0.014
17.15,-0.2724,0.0674,0.9999,-0.2726,0.0674,0.9984,2.854,0.012
17.155,-0.2723,0.0673,0.9999,-0.2724,0.0673,0.9986,2.863,0.009
17.16,-0.2722,0.0672,0.9999,-0.2722,0.0674,0.9989,2.871,0.006
17.165,-0.2721,0.0671,1.0,-0.2722,0.0672,0.9989,2.879,0.003
17.17,-0.272,0.0671,1.0,-0.2721,0.0671,0.9988,2.887,0.001
17.175,-0.2719,0.067,1.0,-0.2721,0.0669,0.9988,2.895,0.002
17.18,-0.2719,0.0669,1.0001,-0.2718,0.0669,0.9988,2.903,0.005
17.185,-0.2718,0.0669,1.0001,-0.2718,0.0669,0.999,2.91,0.009
17.19,-0.2717,0.0668,1.0001,-0.2717,0.0667,0.9993,2.918,0.012
17.195,-0.2716,0.0667,1.0001,-0.2716,0.0668,0.9996,2.925,0.015
17.2,-0.2716,0.0667,1.0002,-0.2714,0.0665,0.9995,2.932,0.018
17.205,-0.2715,0.0666,1.0002,-0.2714,0.0667,0.9999,2.939,0.021
17.21,-0.2714,0.0665,1.0002,-0.2715,0.0665,0.9999,2.946,0.024
17.215,-0.2713,0.0664,1.0003,-0.2713,0.0664,1.0001,2.952,0.027
17.22,-0.2713,0.0664,1.0003,-0.2712,0.0664,0.9998,2.959,0.031
17.225,-0.2712,0.0663,1.0003,-0.2711,0.0661,0.9997,2.965,0.033
17.23,-0.2711,0.0662,1.0004,-0.2711,0.0664,0.9995,2.971,0.036
17.235,-0.2711,0.0662,1.0004,-0.2711,0.0663,0.9996,2.977,0.039
17.24,-0.271,0.0661,1.0004,-0.271,0.0661,0.9998,2.983,0.042
17.245,-0.271,0.066,1.0004,-0.2708,0.0661,0.9997,2.988,0.044
17.25,-0.2709,0.066,1.0005,-0.2709,0.0659,0.9998,2.994,0.047
17.255,-0.2708,0.0659,1.0005,-0.2709,0.0658,0.9996,2.999,0.049
17.26,-0.2708,0.0658,1.0005,-0.2709,0.066,0.9998,3.004,0.051
17.265,-0.2707,0.0657,1.0005,-0.2709,0.0658,0.9996,3.009,0.054
17.27,-0.2707,0.0657,1.0006,-0.2709,0.0657,0.9998,3.014,0.056
17.275,-0.2706,0.0656,1.0006,-0.2708,0.0656,0.9998,3.019,0.058
17.28,-0.2706,0.0655,1.0006,-0.2704,0.0656,0.9998,3.024,0.06
17.285,-0.2706,0.0655,1.0006,-0.2706,0.0655,0.9999,3.028,0.062
17.29,-0.2705,0.0654,1.0006,-0.2705,0.0654,0.9999,3.032,0.064
17.295,-0.2705,0.0653,1.0007,-0.2704,0.0654,0.9998,3.036,0.066
17.3,-0.2704,0.0652,1.0007,-0.2702,0.0654,1.0,3.04,0.068
17.305,-0.2704,0.0652,1.0007,-0.2702,0.0653,1.0,3.044,0.069
17.31,-0.2704,0.0651,1.0007,-0.2703,0.0651,0.9998,3.048,0.071
17.315,-0.2703,0.065,1.0007,-0.2703,0.0649,1.0,3.051,0.072
17.32,-0.2703,0.065,1.0007,-0.2702,0.0648,0.9999,3.054,0.074
17.325,-0.2703,0.0649,1.0007,-0.2701,0.0649,0.9997,3.058,0.075
17.33,-0.2702,0.0648,1.0008,-0.2703,0.0647,0.9998,3.061,0.076
17.335,-0.2702,0.0648,1.0008,-0.2704,0.0649,0.9999,3.064,0.077
17.34,-0.2702,0.0647,1.0008,-0.2702,0.0647,0.9999,3.066,0.078
17.345,-0.2701,0.0646,1.0008,-0.2702,0.0644,1.0,3.069,0.078
17.35,-0.2701,0.0645,1.0008,-0.2701,0.0644,1.0001,3.071,0.079
17.355,-0.2701,0.0645,1.0008,-0.27,0.0645,1.0001,3.074,0.079
17.36,-0.2701,0.0644,1.0008,-0.2703,0.0645,1.0003,3.076,0.079
17.365,-0.2701,0.0643,1.0008,-0.2699,0.0645,1.0002,3.078,0.079
17.37,-0.27,0.0643,1.0008,-0.2702,0.0645,1.0003,3.08,0.079
17.375,-0.27,0.0642,1.0008,-0.2702,0.0643,1.0004,3.081,0.078
17.38,-0.27,0.0641,1.0008,-0.2701,0.0642,1.0004,3.083,0.077
17.385,-0.27,0.064,1.0008,-0.2698,0.0643,1.0004,3.084,0.076
17.39,-0.27,0.064,1.0007,-0.27,0.0641,1.0006,3.086,0.075
17.395,-0.27,0.0639,1.0007,-0.27,0.064,1.0005,3.087,0.073
17.4,-0.27,0.0638,1.0007,-0.27,0.0639,1.0003,3.088,0.072
17.405,-0.27,0.0638,1.0007,-0.2698,0.0638,1.0005,3.089,0.07
17.41,-0.27,0.0637,1.0007,-0.2701,0.0637,1.0007,3.089,0.067
17.415,-0.27,0.0636,1.0006,-0.27,0.0635,1.001,3.09,0.065
17.42,-0.27,0.0636,1.0006,-0.2701,0.0635,1.0009,3.09,0.062
17.425,-0.27,0.0635,1.0006,-0.2701,0.0635,1.001,3.09,0.059
17.43,-0.27,0.0634,1.0006,-0.2701,0.0633,1.0009,3.09,0.056
17.435,-0.27,0.0634,1.0005,-0.2699,0.0632,1.0011,3.09,0.052
17.44,-0.27,0.0633,1.0005,-0.2699,0.0631,1.0009,3.09,0.048
17.445,-0.27,0.0632,1.0004,-0.2701,0.063,1.0009,3.09,0.044
17.45,-0.27,0.0632,1.0004,-0.27,0.063,1.001,3.089,0.04
17.455,-0.27,0.0631,1.0004,-0.2701,0.063,1.0008,3.089,0.035
17.46,-0.27,0.063,1.0003,-0.2701,0.063,1.0008,3.088,0.031
17.465,-0.27,0.063,1.0003,-0.2702,0.063,1.0006,3.087,0.026
17.47,-0.27,0.0629,1.0002,-0.2701,0.063,1.0003,3.086,0.021
17.475,-0.2701,0.0628,1.0002,-0.2701,0.0629,1.0005,3.085,0.015
17.48,-0.2701,0.0628,1.0001,-0.2702,0.0628,1.0007,3.083,0.01
17.485,-0.2701,0.0627,1.0,-0.27,0.0629,1.0006,3.082,0.004
17.49,-0.2701,0.0626,1.0,-0.2701,0.0628,1.0007,3.08,0.001
17.495,-0.2702,0.0626,0.9999,-0.2702,0.0626,1.0008,3.078,0.007
17.5,-0.2702,0.0625,0.9999,-0.2701,0.0626,1.0008,3.076,0.013
17.505,-0.2702,0.0624,0.9998,-0.2702,0.0626,1.0007,3.074,0.018
17.51,-0.2702,0.0624,0.9998,-0.2702,0.0625,1.0007,3.072,0.024
17.515,-0.2703,0.0623,0.9997,-0.2703,0.0623,1.0008,3.069,0.03
17.52,-0.2703,0.0622,0.9996,-0.2703,0.0622,1.0008,3.067,0.036
17.525,-0.2703,0.0622,0.9996,-0.2704,0.0621,1.0007,3.064,0.042
17.53,-0.2704,0.0621,0.9995,-0.2704,0.0621,1.0005,3.061,0.048
17.535,-0.2704,0.062,0.9995,-0.2706,0.0618,1.0003,3.058,0.054
17.54,-0.2704,0.062,0.9994,-0.2706,0.062,1.0003,3.055,0.061
17.545,-0.2705,0.0619,0.9993,-0.2706,0.0618,1.0002,3.051,0.067
17.55,-0.2705,0.0618,0.9993,-0.2705,0.0617,1.0002,3.048,0.073
17.555,-0.2706,0.0618,0.9992,-0.2705,0.0618,1.0002,3.044,0.079
17.56,-0.2706,0.0617,0.9991,-0.2705,0.0617,1.0,3.04,0.085
17.565,-0.2707,0.0616,0.9991,-0.2706,0.0618,0.9999,3.036,0.091
17.57,-0.2707,0.0616,0.999,-0.2706,0.0617,1.0,3.032,0.097
17.575,-0.2708,0.0615,0.999,-0.2704,0.0617,1.0,3.027,0.103
17.58,-0.2708,0.0615,0.9989,-0.2707,0.0615,0.9998,3.023,0.109
17.585,-0.2709,0.0614,0.9988,-0.271,0.0614,0.9995,3.018,0.115
17.59,-0.2709,0.0613,0.9988,-0.271,0.0614,0.9993,3.013,0.121
17.595,-0.271,0.0613,0.9987,-0.271,0.0612,0.9993,3.008,0.127
17.6,-0.2711,0.0612,0.9987,-0.2712,0.0613,0.9994,3.003,0.132
17.605,-0.2711,0.0611,0.9986,-0.2712,0.061,0.9993,2.998,0.138
17.61,-0.2712,0.0611,0.9986,-0.2713,0.0612,0.9992,2.993,0.143
17.615,-0.2712,0.061,0.9985,-0.2713,0.0612,0.9994,2.987,0.149
17.62,-0.2713,0.061,0.9985,-0.2715,0.0609,0.9994,2.981,0.154
17.625,-0.2714,0.0609,0.9984,-0.2715,0.0611,0.9992,2.975,0.159
17.63,-0.2714,0.0608,0.9984,-0.2713,0.0608,0.9991,2.969,0.163
17.635,-0.2715,0.0608,0.9983,-0.2716,0.0609,0.9986,2.963,0.168
17.64,-0.2716,0.0607,0.9983,-0.2715,0.0607,0.9988,2.957,0.172
17.645,-0.2717,0.0607,0.9982,-0.2716,0.0607,0.9988,2.95,0.176
17.65,-0.2717,0.0606,0.9982,-0.2716,0.0607,0.9986,2.944,0.18
17.655,-0.2718,0.0605,0.9982,-0.2715,0.0605,0.9984,2.937,0.184
17.66,-0.2719,0.0605,0.9981,-0.272,0.0604,0.9983,2.93,0.187
17.665,-0.272,0.0604,0.9981,-0.2719,0.0604,0.9983,2.923,0.19
17.67,-0.2721,0.0604,0.9981,-0.2719,0.0606,0.9986,2.915,0.193
17.675,-0.2721,0.0603,0.998,-0.2722,0.0604,0.9987,2.908,0.196
17.68,-0.2722,0.0603,0.998,-0.2721,0.0603,0.9989,2.9,0.198
17.685,-0.2723,0.0602,0.998,-0.2724,0.0603,0.999,2.893,0.2
17.69,-0.2724,0.0601,0.998,-0.2727,0.0601,0.9991,2.885,0.202
17.695,-0.2725,0.0601,0.998,-0.2727,0.0602,0.9989,2.877,0.203
17.7,-0.2726,0.06,0.998,-0.2728,0.0599,0.9989,2.869,0.205
17.705,-0.2727,0.06,0.9979,-0.2729,0.0602,0.999,2.86,0.206
17.71,-0.2728,0.0599,0.9979,-0.273,0.0599,0.9993,2.852,0.207
17.715,-0.2729,0.0599,0.9979,-0.273,0.0601,0.9992,2.843,0.208
17.72,-0.273,0.0598,0.9979,-0.273,0.0598,0.9991,2.835,0.208
17.725,-0.2731,0.0598,0.9979,-0.2733,0.06,0.999,2.826,0.209
17.73,-0.2732,0.0597,0.9979,-0.2733,0.0599,0.9989,2.817,0.209
17.735,-0.2733,0.0597,0.9979,-0.2734,0.0598,0.9988,2.808,0.21
17.74,-0.2734,0.0596,0.9979,-0.2734,0.0597,0.999,2.798,0.21
17.745,-0.2735,0.0596,0.9979,-0.2735,0.0598,0.9992,2.789,0.21
17.75,-0.2736,0.0595,0.9979,-0.2736,0.0593,0.9993,2.779,0.21
17.755,-0.2737,0.0595,0.9979,-0.2737,0.0592,0.9994,2.77,0.211
17.76,-0.2738,0.0594,0.9979,-0.2739,0.0595,0.9995,2.76,0.211
17.765,-0.2739,0.0594,0.9979,-0.274,0.0593,0.9997,2.75,0.211
17.77,-0.2741,0.0593,0.9979,-0.274,0.0595,0.9995,2.739,0.211
17.775,-0.2742,0.0593,0.9979,-0.2741,0.0594,0.9998,2.729,0.211
17.78,-0.2743,0.0592,0.9979,-0.2742,0.0594,0.9999,2.718,0.212
17.785,-0.2744,0.0592,0.9979,-0.2743,0.0591,0.9998,2.708,0.212
17.79,-0.2745,0.0591,0.9979,-0.2743,0.0593,0.9995,2.697,0.213
17.795,-0.2747,0.0591,0.9979,-0.2746,0.0592,0.9996,2.686,0.214
17.8,-0.2748,0.0591,0.9979,-0.2747,0.0593,0.9994,2.675,0.215
17.805,-0.2749,0.059,0.9978,-0.2749,0.0591,0.9992,2.663,0.216
17.81,-0.275,0.059,0.9978,-0.2751,0.059,0.9991,2.652,0.218
17.815,-0.2752,0.0589,0.9978,-0.2749,0.0589,0.9991,2.641,0.219
17.82,-0.2753,0.0589,0.9978,-0.2752,0.0589,0.999,2.629,0.221
17.825,-0.2754,0.0588,0.9978,-0.2755,0.059,0.9988,2.617,0.224
17.83,-0.2756,0.0588,0.9977,-0.2756,0.0587,0.9988,2.605,0.226
17.835,-0.2757,0.0588,0.9977,-0.2757,0.0587,0.9987,2.593,0.229
17.84,-0.2758,0.0587,0.9977,-0.2758,0.0589,0.9985,2.581,0.231
17.845,-0.276,0.0587,0.9977,-0.2758,0.0587,0.9987,2.569,0.234
17.85,-0.2761,0.0587,0.9976,-0.2758,0.0585,0.9986,2.556,0.238
17.855,-0.2762,0.0586,0.9976,-0.276,0.0587,0.9985,2.544,0.241
17.86,-0.2764,0.0586,0.9976,-0.2763,0.0586,0.9983,2.531,0.244
17.865,-0.2765,0.0586,0.9975,-0.2765,0.0586,0.9983,2.518,0.248
17.87,-0.2767,0.0585,0.9975,-0.2767,0.0585,0.9983,2.505,0.252
17.875,-0.2768,0.0585,0.9974,-0.2769,0.0584,0.9984,2.492,0.256
17.88,-0.2769,0.0585,0.9974,-0.2769,0.0586,0.9982,2.479,0.26
17.885,-0.2771,0.0584,0.9974,-0.2772,0.0583,0.9981,2.466,0.264
17.89,-0.2772,0.0584,0.9973,-0.2774,0.0585,0.998,2.452,0.268
17.895,-0.2774,0.0584,0.9973,-0.2775,0.0583,0.998,2.438,0.272
17.9,-0.2775,0.0584,0.9972,-0.2777,0.0583,0.9975,2.425,0.276
17.905,-0.2777,0.0583,0.9972,-0.2777,0.0583,0.9976,2.411,0.28
17.91,-0.2778,0.0583,0.9972,-0.2779,0.0584,0.9973,2.397,0.284
17.915,-0.278,0.0583,0.9971,-0.2779,0.0582,0.9972,2.383,0.287
17.92,-0.2782,0.0583,0.9971,-0.2779,0.0584,0.9972,2.369,0.291
17.925,-0.2783,0.0582,0.9971,-0.2782,0.0583,0.997,2.354,0.295
17.93,-0.2785,0.0582,0.997,-0.2785,0.0583,0.9971,2.34,0.298
17.935,-0.2786,0.0582,0.997,-0.2786,0.0582,0.9974,2.325,0.301
17.94,-0.2788,0.0582,0.997,-0.2785,0.0581,0.9972,2.31,0.304
17.945,-0.279,0.0582,0.9969,-0.2788,0.0582,0.9974,2.295,0.307
17.95,-0.2791,0.0582,0.9969,-0.2791,0.058,0.9975,2.28,0.31
17.955,-0.2793,0.0581,0.9969,-0.2792,0.058,0.9974,2.265,0.312
17.96,-0.2794,0.0581,0.9969,-0.2793,0.0582,0.9974,2.249,0.314
17.965,-0.2796,0.0581,0.9968,-0.2796,0.058,0.9974,2.234,0.316
17.97,-0.2798,0.0581,0.9968,-0.2797,0.0579,0.9974,2.218,0.317
17.975,-0.28,0.0581,0.9968,-0.28,0.0581,0.9974,2.203,0.319
17.98,-0.2801,0.0581,0.9968,-0.2803,0.058,0.9974,2.187,0.32
17.985,-0.2803,0.0581,0.9968,-0.2802,0.058,0.9972,2.171,0.321
17.99,-0.2805,0.0581,0.9968,-0.2805,0.0579,0.9971,2.155,0.322
17.995,-0.2806,0.0581,0.9968,-0.2807,0.058,0.9972,2.138,0.323
18.0,-0.2808,0.0581,0.9968,-0.2808,0.0582,0.9971,2.122,0.323
18.005,-0.281,0.0581,0.9968,-0.2808,0.0582,0.9969,2.105,0.323
18.01,-0.2812,0.058,0.9968,-0.2808,0.0582,0.9969,2.089,0.324
18.015,-0.2813,0.058,0.9968,-0.2812,0.0581,0.9968,2.072,0.324
18.02,-0.2815,0.058,0.9968,-0.2812,0.058,0.9968,2.055,0.323
18.025,-0.2817,0.058,0.9968,-0.2815,0.058,0.9967,2.038,0.323
18.03,-0.2819,0.058,0.9968,-0.2817,0.0582,0.9969,2.021,0.322
18.035,-0.2821,0.058,0.9968,-0.2819,0.058,0.9967,2.004,0.322
18.04,-0.2823,0.058,0.9968,-0.2821,0.058,0.9964,1.987,0.321
18.045,-0.2824,0.0581,0.9968,-0.2823,0.0582,0.9963,1.97,0.32
18.05,-0.2826,0.0581,0.9968,-0.2827,0.058,0.9964,1.952,0.318
18.055,-0.2828,0.0581,0.9968,-0.2828,0.0579,0.9963,1.935,0.317
18.06,-0.283,0.0581,0.9969,-0.283,0.0581,0.9964,1.917,0.315
18.065,-0.2832,0.0581,0.9969,-0.2832,0.0581,0.9962,1.899,0.313
18.07,-0.2834,0.0581,0.9969,-0.2833,0.0582,0.996,1.882,0.31
18.075,-0.2836,0.0581,0.9969,-0.2837,0.0579,0.9962,1.864,0.308
18.08,-0.2838,0.0581,0.9969,-0.2834,0.0582,0.9962,1.846,0.305
18.085,-0.2839,0.0581,0.997,-0.2839,0.0583,0.9961,1.828,0.302
18.09,-0.2841,0.0581,0.997,-0.284,0.0581,0.9962,1.81,0.299
18.095,-0.2843,0.0581,0.997,-0.284,0.0581,0.9963,1.791,0.296
18.1,-0.2845,0.0582,0.9971,-0.2844,0.0581,0.9963,1.773,0.292
18.105,-0.2847,0.0582,0.9971,-0.2845,0.0582,0.9967,1.755,0.288
18.11,-0.2849,0.0582,0.9972,-0.2851,0.0583,0.997,1.736,0.284
18.115,-0.2851,0.0582,0.9972,-0.285,0.0581,0.997,1.718,0.28
18.12,-0.2853,0.0582,0.9972,-0.2852,0.0581,0.9971,1.699,0.275
18.125,-0.2855,0.0583,0.9973,-0.2855,0.0581,0.997,1.68,0.271
18.13,-0.2857,0.0583,0.9973,-0.2859,0.0582,0.9968,1.662,0.266
18.135,-0.2859,0.0583,0.9974,-0.2859,0.0583,0.9969,1.643,0.262
18.14,-0.2861,0.0583,0.9974,-0.2862,0.0584,0.9971,1.624,0.257
18.145,-0.2863,0.0583,0.9975,-0.2862,0.0585,0.9971,1.605,0.252
18.15,-0.2865,0.0584,0.9975,-0.2865,0.0583,0.9973,1.586,0.248
18.155,-0.2867,0.0584,0.9976,-0.2864,0.0587,0.9973,1.567,0.243
18.16,-0.2869,0.0584,0.9976,-0.2868,0.0582,0.9971,1.548,0.238
18.165,-0.2871,0.0584,0.9977,-0.287,0.0583,0.9971,1.529,0.233
18.17,-0.2873,0.0585,0.9977,-0.2871,0.0583,0.997,1.509,0.228
18.175,-0.2875,0.0585,0.9978,-0.2874,0.0585,0.9971,1.49,0.224
18.18,-0.2877,0.0585,0.9978,-0.2876,0.0585,0.9973,1.471,0.219
18.185,-0.2879,0.0586,0.9979,-0.2878,0.0585,0.9972,1.451,0.214
18.19,-0.2881,0.0586,0.9979,-0.2881,0.0586,0.9973,1.432,0.21
18.195,-0.2883,0.0586,0.998,-0.2882,0.0585,0.9972,1.412,0.205
18.2,-0.2885,0.0587,0.998,-0.2885,0.0586,0.997,1.393,0.2
18.205,-0.2887,0.0587,0.998,-0.2887,0.0587,0.9969,1.373,0.196
18.21,-0.2889,0.0587,0.9981,-0.2887,0.0587,0.9967,1.354,0.191
18.215,-0.2891,0.0588,0.9981,-0.289,0.059,0.9967,1.334,0.187
18.22,-0.2893,0.0588,0.9982,-0.2892,0.0588,0.9964,1.314,0.182
18.225,-0.2895,0.0588,0.9982,-0.2895,0.0588,0.9965,1.295,0.178
18.23,-0.2897,0.0589,0.9983,-0.2897,0.0589,0.9964,1.275,0.173
18.235,-0.2899,0.0589,0.9983,-0.29,0.059,0.9964,1.255,0.169
18.24,-0.2901,0.059,0.9984,-0.29,0.0592,0.9965,1.236,0.164
18.245,-0.2903,0.059,0.9984,-0.2903,0.059,0.9967,1.216,0.16
18.25,-0.2905,0.059,0.9984,-0.2904,0.0591,0.9968,1.196,0.155
18.255,-0.2907,0.0591,0.9985,-0.2907,0.059,0.9969,1.176,0.151
18.26,-0.2909,0.0591,0.9985,-0.2908,0.0591,0.9971,1.156,0.146
18.265,-0.2911,0.0592,0.9986,-0.291,0.0593,0.9969,1.136,0.142
18.27,-0.2913,0.0592,0.9986,-0.2912,0.0593,0.9969,1.116,0.137
18.275,-0.2916,0.0593,0.9987,-0.2914,0.0594,0.997,1.097,0.132
18.28,-0.2918,0.0593,0.9987,-0.2914,0.0593,0.9972,1.077,0.128
18.285,-0.292,0.0594,0.9988,-0.2919,0.0593,0.9973,1.057,0.123
18.29,-0.2922,0.0594,0.9988,-0.2922,0.0593,0.9972,1.037,0.118
18.295,-0.2924,0.0595,0.9989,-0.2923,0.0595,0.9973,1.017,0.114
18.3,-0.2926,0.0595,0.9989,-0.2924,0.0595,0.9975,0.997,0.109
18.305,-0.2928,0.0596,0.999,-0.2929,0.0596,0.9979,0.977,0.104
18.31,-0.293,0.0596,0.999,-0.2928,0.0596,0.9978,0.957,0.1
18.315,-0.2932,0.0597,0.9991,-0.2932,0.0598,0.9979,0.937,0.095
18.32,-0.2934,0.0597,0.9991,-0.2934,0.0596,0.9981,0.917,0.09
18.325,-0.2936,0.0598,0.9991,-0.2935,0.0597,0.9984,0.897,0.086
18.33,-0.2938,0.0598,0.9992,-0.2938,0.0598,0.9986,0.877,0.082
18.335,-0.294,0.0599,0.9992,-0.294,0.0599,0.9988,0.857,0.077
18.34,-0.2942,0.0599,0.9993,-0.2942,0.0599,0.999,0.837,0.073
18.345,-0.2944,0.06,0.9993,-0.2944,0.06,0.9993,0.817,0.07
18.35,-0.2947,0.0601,0.9993,-0.2946,0.06,0.9994,0.798,0.066
18.355,-0.2949,0.0601,0.9994,-0.2949,0.0601,0.9995,0.778,0.063
18.36,-0.2951,0.0602,0.9994,-0.2951,0.0603,0.9998,0.758,0.06
18.365,-0.2953,0.0602,0.9994,-0.2951,0.0603,0.9997,0.739,0.058
18.37,-0.2955,0.0603,0.9994,-0.2954,0.0604,0.9999,0.719,0.056
18.375,-0.2957,0.0604,0.9995,-0.2954,0.0605,1.0001,0.699,0.054
18.38,-0.2959,0.0604,0.9995,-0.2959,0.0605,1.0001,0.68,0.053
18.385,-0.2961,0.0605,0.9995,-0.296,0.0603,0.9998,0.661,0.053
18.39,-0.2963,0.0606,0.9995,-0.2963,0.0606,0.9998,0.642,0.052
18.395,-0.2965,0.0606,0.9995,-0.2963,0.0606,0.9998,0.623,0.053
18.4,-0.2967,0.0607,0.9995,-0.2967,0.0607,0.9998,0.604,0.054
18.405,-0.2969,0.0608,0.9994,-0.2968,0.0608,0.9998,0.585,0.055
18.41,-0.2971,0.0608,0.9994,-0.2972,0.0607,0.9999,0.566,0.057
18.415,-0.2973,0.0609,0.9994,-0.2972,0.061,0.9999,0.547,0.06
18.42,-0.2975,0.061,0.9994,-0.2976,0.061,0.9998,0.529,0.063
18.425,-0.2977,0.0611,0.9993,-0.2977,0.061,0.9999,0.511,0.067
18.43,-0.2979,0.0611,0.9993,-0.2977,0.0608,1.0001,0.493,0.071
18.435,-0.2981,0.0612,0.9993,-0.298,0.0611,1.0004,0.475,0.075
18.44,-0.2983,0.0613,0.9992,-0.2983,0.0612,1.0004,0.458,0.08
18.445,-0.2985,0.0614,0.9992,-0.2984,0.0612,1.0007,0.441,0.085
18.45,-0.2987,0.0614,0.9991,-0.2985,0.0613,1.0005,0.424,0.091
18.455,-0.2989,0.0615,0.999,-0.2988,0.0616,1.0007,0.408,0.096
18.46,-0.2991,0.0616,0.999,-0.299,0.0617,1.0009,0.392,0.103
18.465,-0.2993,0.0617,0.9989,-0.2994,0.0616,1.001,0.377,0.109
18.47,-0.2995,0.0617,0.9988,-0.2996,0.0618,1.0011,0.362,0.116
18.475,-0.2997,0.0618,0.9988,-0.2997,0.062,1.001,0.348,0.124
18.48,-0.2999,0.0619,0.9987,-0.2999,0.0619,1.001,0.334,0.131
18.485,-0.3001,0.062,0.9986,-0.3001,0.0621,1.0008,0.321,0.139
18.49,-0.3003,0.0621,0.9985,-0.3003,0.0621,1.0007,0.309,0.148
18.495,-0.3005,0.0621,0.9984,-0.3004,0.0622,1.0009,0.299,0.156
18.5,-0.3007,0.0622,0.9983,-0.3005,0.0622,1.0008,0.289,0.165
18.505,-0.3009,0.0623,0.9983,-0.3009,0.0624,1.001,0.28,0.174
18.51,-0.3011,0.0624,0.9982,-0.301,0.0623,1.0008,0.273,0.184
18.515,-0.3013,0.0625,0.9981,-0.3013,0.0625,1.0006,0.267,0.193
18.52,-0.3015,0.0626,0.998,-0.3015,0.0625,1.0007,0.263,0.203
18.525,-0.3017,0.0627,0.9979,-0.3015,0.0626,1.0007,0.26,0.213
18.53,-0.3019,0.0627,0.9978,-0.3018,0.0628,1.0005,0.258,0.224
18.535,-0.3021,0.0628,0.9977,-0.3021,0.0629,1.0002,0.259,0.234
18.54,-0.3022,0.0629,0.9976,-0.3022,0.0628,0.9999,0.261,0.244
18.545,-0.3024,0.063,0.9974,-0.3024,0.0631,0.9998,0.265,0.255
18.55,-0.3026,0.0631,0.9973,-0.3026,0.0631,0.9994,0.27,0.266
18.555,-0.3028,0.0632,0.9972,-0.3028,0.0632,0.9994,0.276,0.276
18.56,-0.303,0.0633,0.9971,-0.303,0.0634,0.9992,0.284,0.287
18.565,-0.3032,0.0634,0.997,-0.3032,0.0633,0.9992,0.293,0.297
18.57,-0.3034,0.0635,0.9969,-0.3033,0.0635,0.9992,0.303,0.308
18.575,-0.3036,0.0636,0.9968,-0.3036,0.0636,0.999,0.314,0.318
18.58,-0.3038,0.0637,0.9967,-0.3038,0.0635,0.9991,0.327,0.328
18.585,-0.3039,0.0637,0.9966,-0.3042,0.0638,0.999,0.339,0.338
18.59,-0.3041,0.0638,0.9965,-0.3041,0.0639,0.9989,0.353,0.347
18.595,-0.3043,0.0639,0.9964,-0.3043,0.0639,0.999,0.367,0.356
18.6,-0.3045,0.064,0.9963,-0.3045,0.0639,0.9991,0.382,0.365
18.605,-0.3047,0.0641,0.9963,-0.3046,0.064,0.9988,0.397,0.374
18.61,-0.3049,0.0642,0.9962,-0.3047,0.0642,0.9988,0.413,0.382
18.615,-0.3051,0.0643,0.9961,-0.3049,0.0641,0.9987,0.429,0.39
18.62,-0.3052,0.0644,0.996,-0.3052,0.0645,0.9986,0.446,0.398
18.625,-0.3054,0.0645,0.996,-0.3052,0.0645,0.9983,0.463,0.405
18.63,-0.3056,0.0646,0.9959,-0.3054,0.0644,0.9982,0.48,0.412
18.635,-0.3058,0.0647,0.9958,-0.3057,0.0648,0.998,0.497,0.418
18.64,-0.306,0.0648,0.9958,-0.3059,0.065,0.998,0.515,0.424
18.645,-0.3062,0.0649,0.9957,-0.3062,0.065,0.9979,0.532,0.43
18.65,-0.3063,0.065,0.9956,-0.3064,0.0651,0.9977,0.55,0.435
18.655,-0.3065,0.0651,0.9956,-0.3066,0.065,0.9974,0.568,0.44
18.66,-0.3067,0.0653,0.9956,-0.3067,0.0653,0.9974,0.587,0.444
18.665,-0.3069,0.0654,0.9955,-0.3069,0.0653,0.9975,0.605,0.448
18.67,-0.3071,0.0655,0.9955,-0.307,0.0653,0.9975,0.623,0.451
18.675,-0.3072,0.0656,0.9955,-0.3072,0.0658,0.9976,0.642,0.454
18.68,-0.3074,0.0657,0.9954,-0.3074,0.0657,0.9976,0.661,0.456
18.685,-0.3076,0.0658,0.9954,-0.3074,0.0658,0.9973,0.679,0.458
18.69,-0.3078,0.0659,0.9954,-0.3076,0.0657,0.9973,0.698,0.46
18.695,-0.3079,0.066,0.9954,-0.3076,0.0659,0.9974,0.717,0.461
18.7,-0.3081,0.0661,0.9954,-0.308,0.0662,0.9974,0.736,0.461
18.705,-0.3083,0.0662,0.9954,-0.3082,0.0662,0.9975,0.755,0.461
18.71,-0.3085,0.0663,0.9954,-0.3085,0.0662,0.9974,0.774,0.461
18.715,-0.3087,0.0664,0.9954,-0.3086,0.0666,0.9976,0.793,0.46
18.72,-0.3088,0.0665,0.9954,-0.3087,0.0667,0.9974,0.812,0.459
18.725,-0.309,0.0667,0.9954,-0.309,0.0665,0.9973,0.832,0.458
18.73,-0.3092,0.0668,0.9954,-0.3092,0.0669,0.997,0.851,0.456
18.735,-0.3093,0.0669,0.9955,-0.3093,0.0667,0.9969,0.87,0.454
18.74,-0.3095,0.067,0.9955,-0.3095,0.0669,0.9969,0.889,0.452
18.745,-0.3097,0.0671,0.9955,-0.3097,0.0671,0.9969,0.908,0.45
18.75,-0.3099,0.0672,0.9955,-0.3098,0.0672,0.9967,0.927,0.447
18.755,-0.31,0.0673,0.9956,-0.3099,0.0672,0.9967,0.947,0.445
18.76,-0.3102,0.0675,0.9956,-0.3101,0.0673,0.9963,0.966,0.442
18.765,-0.3104,0.0676,0.9956,-0.3102,0.0674,0.9961,0.985,0.439
18.77,-0.3105,0.0677,0.9956,-0.3104,0.0677,0.9961,1.004,0.436
18.775,-0.3107,0.0678,0.9957,-0.3105,0.0676,0.9957,1.023,0.433
18.78,-0.3109,0.0679,0.9957,-0.3107,0.0679,0.9958,1.042,0.429
18.785,-0.311,0.068,0.9957,-0.3111,0.0679,0.9959,1.061,0.426
18.79,-0.3112,0.0681,0.9958,-0.3112,0.068,0.9959,1.08,0.422
18.795,-0.3114,0.0683,0.9958,-0.3114,0.0682,0.996,1.099,0.419
18.8,-0.3115,0.0684,0.9959,-0.3113,0.0683,0.9959,1.118,0.415
18.805,-0.3117,0.0685,0.9959,-0.3118,0.0683,0.9959,1.137,0.411
18.81,-0.3119,0.0686,0.9959,-0.3119,0.0684,0.9961,1.156,0.407
18.815,-0.312,0.0687,0.996,-0.312,0.0686,0.996,1.175,0.403
18.82,-0.3122,0.0688,0.996,-0.3121,0.0689,0.9961,1.194,0.399
18.825,-0.3123,0.069,0.9961,-0.3124,0.069,0.9966,1.213,0.395
18.83,-0.3125,0.0691,0.9961,-0.3124,0.0691,0.9964,1.232,0.391
18.835,-0.3126,0.0692,0.9961,-0.3126,0.0694,0.9964,1.251,0.386
18.84,-0.3128,0.0693,0.9962,-0.3129,0.0693,0.9966,1.269,0.382
18.845,-0.313,0.0694,0.9962,-0.3128,0.0694,0.9963,1.288,0.378
18.85,-0.3131,0.0695,0.9963,-0.3131,0.0695,0.9961,1.307,0.374
18.855,-0.3133,0.0697,0.9963,-0.3133,0.0696,0.9964,1.325,0.37
18.86,-0.3134,0.0698,0.9963,-0.3132,0.0695,0.9963,1.344,0.366
18.865,-0.3136,0.0699,0.9964,-0.3136,0.0696,0.9964,1.362,0.362
18.87,-0.3137,0.07,0.9964,-0.3136,0.07,0.9964,1.381,0.357
18.875,-0.3139,0.0701,0.9965,-0.3137,0.0699,0.9964,1.399,0.354
18.88,-0.314,0.0703,0.9965,-0.3139,0.0702,0.9965,1.418,0.35
18.885,-0.3142,0.0704,0.9965,-0.314,0.0702,0.9965,1.436,0.346
18.89,-0.3143,0.0705,0.9966,-0.3142,0.0703,0.9965,1.454,0.342
18.895,-0.3145,0.0706,0.9966,-0.3145,0.0705,0.9965,1.472,0.338
18.9,-0.3146,0.0707,0.9967,-0.3146,0.0707,0.9967,1.49,0.334
18.905,-0.3148,0.0708,0.9967,-0.3148,0.0708,0.9965,1.509,0.331
18.91,-0.3149,0.071,0.9967,-0.315,0.0711,0.9966,1.527,0.327
18.915,-0.3151,0.0711,0.9968,-0.3151,0.0712,0.9968,1.544,0.324
18.92,-0.3152,0.0712,0.9968,-0.3153,0.0712,0.9972,1.562,0.32
18.925,-0.3154,0.0713,0.9968,-0.3153,0.0713,0.9971,1.58,0.317
18.93,-0.3155,0.0714,0.9969,-0.3154,0.0714,0.9972,1.598,0.314
18.935,-0.3156,0.0715,0.9969,-0.3156,0.0715,0.9975,1.615,0.311
18.94,-0.3158,0.0717,0.9969,-0.3157,0.0715,0.9973,1.633,0.308
18.945,-0.3159,0.0718,0.9969,-0.3157,0.0718,0.9976,1.65,0.305
18.95,-0.3161,0.0719,0.997,-0.3162,0.0718,0.9979,1.668,0.303
18.955,-0.3162,0.072,0.997,-0.316,0.0719,0.9979,1.685,0.301
18.96,-0.3163,0.0721,0.997,-0.316,0.0718,0.998,1.702,0.299
18.965,-0.3165,0.0722,0.997,-0.3163,0.0719,0.9979,1.719,0.297
18.97,-0.3166,0.0724,0.997,-0.3164,0.0721,0.9977,1.736,0.296
18.975,-0.3167,0.0725,0.9971,-0.3167,0.0722,0.9977,1.753,0.295
18.98,-0.3169,0.0726,0.9971,-0.3168,0.0726,0.9976,1.77,0.294
18.985,-0.317,0.0727,0.9971,-0.3169,0.0725,0.9978,1.786,0.293
18.99,-0.3171,0.0728,0.9971,-0.3172,0.0727,0.9976,1.803,0.293
18.995,-0.3173,0.0729,0.9971,-0.3173,0.073,0.9977,1.819,0.293
19.0,-0.3174,0.073,0.9971,-0.3175,0.0729,0.9975,1.835,0.293
19.005,-0.3175,0.0731,0.9971,-0.3175,0.0731,0.9977,1.851,0.293
19.01,-0.3176,0.0733,0.9971,-0.3175,0.0731,0.9975,1.867,0.294
19.015,-0.3178,0.0734,0.9971,-0.3176,0.0733,0.9977,1.883,0.295
19.02,-0.3179,0.0735,0.997,-0.3177,0.0735,0.9978,1.899,0.296
19.025,-0.318,0.0736,0.997,-0.3178,0.0734,0.9983,1.914,0.297
19.03,-0.3181,0.0737,0.997,-0.3179,0.0736,0.9984,1.93,0.298
19.035,-0.3182,0.0738,0.997,-0.3182,0.0738,0.9982,1.945,0.3
19.04,-0.3183,0.0739,0.997,-0.3183,0.0737,0.9984,1.96,0.302
19.045,-0.3185,0.074,0.997,-0.3184,0.0736,0.9984,1.975,0.304
19.05,-0.3186,0.0741,0.9969,-0.3186,0.074,0.9986,1.99,0.306
19.055,-0.3187,0.0742,0.9969,-0.3186,0.0741,0.9986,2.005,0.308
19.06,-0.3188,0.0743,0.9969,-0.3187,0.0744,0.9985,2.02,0.311
19.065,-0.3189,0.0744,0.9969,-0.319,0.0744,0.9985,2.034,0.314
19.07,-0.319,0.0745,0.9968,-0.319,0.0743,0.9985,2.049,0.316
19.075,-0.3191,0.0746,0.9968,-0.319,0.0747,0.9982,2.063,0.32
19.08,-0.3192,0.0747,0.9968,-0.3193,0.0748,0.9981,2.077,0.323
19.085,-0.3193,0.0749,0.9967,-0.3195,0.0749,0.9982,2.091,0.326
19.09,-0.3194,0.075,0.9967,-0.3193,0.0749,0.9984,2.105,0.33
19.095,-0.3195,0.0751,0.9967,-0.3195,0.0751,0.9985,2.118,0.334
19.1,-0.3196,0.0752,0.9966,-0.3195,0.0751,0.9984,2.132,0.337
19.105,-0.3197,0.0752,0.9966,-0.3195,0.0753,0.9987,2.145,0.341
19.11,-0.3198,0.0753,0.9966,-0.3197,0.0754,0.9986,2.158,0.345
19.115,-0.3199,0.0754,0.9965,-0.3198,0.0754,0.9988,2.171,0.348
19.12,-0.32,0.0755,0.9965,-0.3201,0.0755,0.999,2.184,0.352
19.125,-0.3201,0.0756,0.9964,-0.3199,0.0754,0.999,2.197,0.356
19.13,-0.3202,0.0757,0.9964,-0.3202,0.0755,0.999,2.209,0.36
19.135,-0.3203,0.0758,0.9964,-0.3201,0.0757,0.9989,2.222,0.363
19.14,-0.3204,0.0759,0.9963,-0.3204,0.0758,0.999,2.234,0.367
19.145,-0.3205,0.076,0.9963,-0.3205,0.0759,0.999,2.246,0.371
19.15,-0.3206,0.0761,0.9963,-0.3206,0.0758,0.9988,2.258,0.374
19.155,-0.3206,0.0762,0.9962,-0.3205,0.076,0.9987,2.27,0.378
19.16,-0.3207,0.0763,0.9962,-0.3207,0.0763,0.9988,2.281,0.382
19.165,-0.3208,0.0764,0.9961,-0.3209,0.0762,0.9988,2.292,0.386
19.17,-0.3209,0.0765,0.9961,-0.3209,0.0763,0.9984,2.304,0.389
19.175,-0.321,0.0765,0.9961,-0.3209,0.0765,0.9988,2.315,0.393
19.18,-0.321,0.0766,0.996,-0.321,0.0765,0.9985,2.325,0.396
19.185,-0.3211,0.0767,0.996,-0.321,0.0765,0.9986,2.336,0.4
19.19,-0.3212,0.0768,0.996,-0.3212,0.0767,0.9986,2.347,0.403
19.195,-0.3212,0.0769,0.9959,-0.3211,0.0767,0.9987,2.357,0.406
19.2,-0.3213,0.077,0.9959,-0.3213,0.0769,0.9989,2.367,0.41
19.205,-0.3214,0.077,0.9959,-0.3212,0.077,0.9988,2.377,0.413
19.21,-0.3214,0.0771,0.9958,-0.3214,0.0771,0.9987,2.387,0.415
19.215,-0.3215,0.0772,0.9958,-0.3214,0.0772,0.9986,2.396,0.418
19.22,-0.3216,0.0773,0.9958,-0.3216,0.0771,0.9988,2.406,0.421
19.225,-0.3216,0.0774,0.9958,-0.3215,0.0774,0.9986,2.415,0.423
19.23,-0.3217,0.0774,0.9957,-0.3217,0.0773,0.9984,2.424,0.426
19.235,-0.3218,0.0775,0.9957,-0.322,0.0776,0.9984,2.433,0.428
19.24,-0.3218,0.0776,0.9957,-0.3218,0.0774,0.9981,2.441,0.43
19.245,-0.3219,0.0777,0.9957,-0.3218,0.0777,0.9982,2.45,0.431
19.25,-0.3219,0.0777,0.9957,-0.3218,0.0775,0.9979,2.458,0.433
19.255,-0.322,0.0778,0.9957,-0.3219,0.0778,0.9979,2.466,0.434
19.26,-0.322,0.0779,0.9957,-0.3221,0.0777,0.9979,2.474,0.435
19.265,-0.3221,0.0779,0.9956,-0.3221,0.0778,0.998,2.482,0.436
19.27,-0.3221,0.078,0.9956,-0.3223,0.0779,0.9979,2.489,0.436
19.275,-0.3222,0.0781,0.9956,-0.3222,0.078,0.9977,2.497,0.436
19.28,-0.3222,0.0781,0.9956,-0.3223,0.0778,0.9979,2.504,0.436
19.285,-0.3223,0.0782,0.9956,-0.3222,0.0782,0.9977,2.511,0.436
19.29,-0.3223,0.0783,0.9956,-0.3222,0.0783,0.9977,2.517,0.435
19.295,-0.3223,0.0783,0.9957,-0.3224,0.078,0.9975,2.524,0.434
19.3,-0.3224,0.0784,0.9957,-0.3223,0.0783,0.9977,2.53,0.433
19.305,-0.3224,0.0784,0.9957,-0.3225,0.0783,0.9975,2.536,0.432
19.31,-0.3224,0.0785,0.9957,-0.3225,0.0784,0.9974,2.542,0.43
19.315,-0.3225,0.0786,0.9957,-0.3225,0.0784,0.9975,2.548,0.428
19.32,-0.3225,0.0786,0.9957,-0.3224,0.0785,0.9975,2.554,0.425
19.325,-0.3225,0.0787,0.9958,-0.3225,0.0784,0.9974,2.559,0.423
19.33,-0.3226,0.0787,0.9958,-0.3227,0.0787,0.9975,2.564,0.42
19.335,-0.3226,0.0788,0.9958,-0.323,0.0787,0.9976,2.569,0.416
19.34,-0.3226,0.0788,0.9959,-0.3226,0.0788,0.9976,2.574,0.413
19.345,-0.3226,0.0789,0.9959,-0.3226,0.0788,0.9975,2.578,0.409
19.35,-0.3227,0.0789,0.996,-0.3229,0.079,0.9973,2.583,0.405
19.355,-0.3227,0.079,0.996,-0.3228,0.0789,0.9974,2.587,0.4
19.36,-0.3227,0.079,0.996,-0.3228,0.0791,0.9976,2.591,0.395
19.365,-0.3227,0.079,0.9961,-0.3227,0.0791,0.9976,2.595,0.39
19.37,-0.3227,0.0791,0.9961,-0.3227,0.0791,0.9977,2.598,0.385
19.375,-0.3228,0.0791,0.9962,-0.3228,0.0789,0.9977,2.602,0.38
19.38,-0.3228,0.0791,0.9963,-0.3228,0.0792,0.9976,2.605,0.374
19.385,-0.3228,0.0792,0.9963,-0.3226,0.0791,0.9977,2.608,0.369
19.39,-0.3228,0.0792,0.9964,-0.3226,0.0791,0.9978,2.611,0.363
19.395,-0.3228,0.0792,0.9964,-0.3228,0.0792,0.9978,2.613,0.357
19.4,-0.3228,0.0793,0.9965,-0.3227,0.0792,0.9978,2.615,0.351
19.405,-0.3228,0.0793,0.9965,-0.3227,0.0793,0.9982,2.618,0.345
19.41,-0.3228,0.0793,0.9966,-0.3228,0.0793,0.9983,2.62,0.339
19.415,-0.3228,0.0794,0.9967,-0.323,0.0793,0.9983,2.621,0.333
19.42,-0.3228,0.0794,0.9967,-0.3229,0.0794,0.9986,2.623,0.327
19.425,-0.3228,0.0794,0.9968,-0.3228,0.0793,0.9985,2.624,0.321
19.43,-0.3228,0.0794,0.9968,-0.323,0.0794,0.9986,2.625,0.316
19.435,-0.3228,0.0795,0.9969,-0.3228,0.0793,0.9985,2.626,0.31
19.44,-0.3228,0.0795,0.997,-0.3231,0.0794,0.9985,2.627,0.304
19.445,-0.3228,0.0795,0.997,-0.3229,0.0794,0.9985,2.627,0.299
19.45,-0.3228,0.0795,0.9971,-0.3229,0.0794,0.9984,2.628,0.294
19.455,-0.3228,0.0795,0.9971,-0.3229,0.0795,0.9981,2.628,0.289
19.46,-0.3228,0.0795,0.9972,-0.3231,0.0794,0.9981,2.628,0.284
19.465,-0.3228,0.0795,0.9972,-0.323,0.0795,0.9981,2.627,0.279
19.47,-0.3228,0.0796,0.9973,-0.3228,0.0797,0.998,2.627,0.275
19.475,-0.3228,0.0796,0.9973,-0.3229,0.0795,0.9981,2.626,0.271
19.48,-0.3227,0.0796,0.9973,-0.3228,0.0798,0.998,2.625,0.267
19.485,-0.3227,0.0796,0.9974,-0.3227,0.0796,0.9979,2.624,0.263
19.49,-0.3227,0.0796,0.9974,-0.3227,0.0798,0.9978,2.623,0.26
19.495,-0.3227,0.0796,0.9974,-0.3227,0.0794,0.9979,2.621,0.256
19.5,-0.3227,0.0796,0.9975,-0.3227,0.0796,0.9979,2.619,0.253
19.505,-0.3226,0.0796,0.9975,-0.3228,0.0795,0.9979,2.617,0.25
19.51,-0.3226,0.0796,0.9975,-0.3227,0.0794,0.998,2.615,0.248
19.515,-0.3226,0.0796,0.9975,-0.3228,0.0795,0.9978,2.613,0.245
19.52,-0.3226,0.0796,0.9976,-0.3226,0.0795,0.9979,2.61,0.243
19.525,-0.3225,0.0796,0.9976,-0.3226,0.0797,0.998,2.607,0.241
19.53,-0.3225,0.0796,0.9976,-0.3226,0.0796,0.9979,2.604,0.239
19.535,-0.3225,0.0796,0.9976,-0.3223,0.0797,0.998,2.601,0.237
19.54,-0.3224,0.0795,0.9976,-0.3225,0.0794,0.9983,2.598,0.235
19.545,-0.3224,0.0795,0.9977,-0.3222,0.0795,0.9984,2.594,0.234
19.55,-0.3224,0.0795,0.9977,-0.3222,0.0797,0.9985,2.591,0.233
19.555,-0.3223,0.0795,0.9977,-0.3224,0.0796,0.9984,2.587,0.231
19.56,-0.3223,0.0795,0.9977,-0.3222,0.0795,0.9983,2.582,0.23
19.565,-0.3222,0.0795,0.9977,-0.3222,0.0795,0.9983,2.578,0.229
19.57,-0.3222,0.0795,0.9977,-0.3223,0.0793,0.9984,2.573,0.228
19.575,-0.3222,0.0794,0.9977,-0.322,0.0796,0.9986,2.569,0.228
19.58,-0.3221,0.0794,0.9977,-0.3224,0.0793,0.9989,2.564,0.227
19.585,-0.3221,0.0794,0.9977,-0.3222,0.0792,0.9989,2.559,0.227
19.59,-0.322,0.0794,0.9977,-0.322,0.0795,0.9989,2.553,0.226
19.595,-0.322,0.0793,0.9977,-0.3221,0.0794,0.9992,2.548,0.226
19.6,-0.3219,0.0793,0.9977,-0.3219,0.0795,0.9991,2.542,0.226
19.605,-0.3219,0.0793,0.9977,-0.3221,0.0793,0.9995,2.536,0.226
19.61,-0.3218,0.0793,0.9977,-0.3219,0.0793,0.9996,2.53,0.227
19.615,-0.3217,0.0792,0.9977,-0.3217,0.0793,0.9997,2.523,0.228
19.62,-0.3217,0.0792,0.9977,-0.3217,0.0793,0.9996,2.517,0.228
19.625,-0.3216,0.0792,0.9977,-0.3215,0.0791,0.9993,2.51,0.23
19.63,-0.3216,0.0791,0.9977,-0.3216,0.0792,0.9995,2.503,0.231
19.635,-0.3215,0.0791,0.9977,-0.3215,0.0791,0.9994,2.496,0.232
19.64,-0.3214,0.079,0.9977,-0.3215,0.0791,0.9996,2.488,0.234
19.645,-0.3214,0.079,0.9976,-0.3214,0.0792,0.9996,2.481,0.236
19.65,-0.3213,0.079,0.9976,-0.3215,0.0789,0.9992,2.473,0.238
19.655,-0.3212,0.0789,0.9976,-0.3213,0.0791,0.999,2.465,0.24
19.66,-0.3212,0.0789,0.9976,-0.3212,0.0789,0.9988,2.457,0.243
19.665,-0.3211,0.0788,0.9975,-0.3211,0.0789,0.9989,2.449,0.245
19.67,-0.321,0.0788,0.9975,-0.3212,0.0787,0.9989,2.44,0.248
19.675,-0.321,0.0787,0.9975,-0.3211,0.0787,0.9989,2.432,0.25
19.68,-0.3209,0.0787,0.9975,-0.3209,0.0788,0.9987,2.423,0.253
19.685,-0.3208,0.0786,0.9974,-0.3208,0.0788,0.9988,2.414,0.255
19.69,-0.3207,0.0786,0.9974,-0.3208,0.0786,0.9988,2.405,0.257
19.695,-0.3207,0.0785,0.9974,-0.3207,0.0786,0.9988,2.395,0.26
19.7,-0.3206,0.0785,0.9974,-0.3206,0.0783,0.9987,2.386,0.262
19.705,-0.3205,0.0784,0.9974,-0.3204,0.0785,0.9984,2.376,0.264
19.71,-0.3204,0.0784,0.9973,-0.3207,0.0786,0.9982,2.366,0.266
19.715,-0.3203,0.0783,0.9973,-0.3203,0.0783,0.9981,2.356,0.268
19.72,-0.3203,0.0783,0.9973,-0.3203,0.0785,0.998,2.346,0.269
19.725,-0.3202,0.0782,0.9973,-0.3203,0.0784,0.9983,2.336,0.27
19.73,-0.3201,0.0781,0.9973,-0.3201,0.0783,0.9984,2.325,0.271
19.735,-0.32,0.0781,0.9973,-0.3199,0.0781,0.9984,2.314,0.272
19.74,-0.3199,0.078,0.9973,-0.3199,0.078,0.9983,2.304,0.272
19.745,-0.3198,0.0779,0.9973,-0.3198,0.0779,0.9985,2.293,0.272
19.75,-0.3197,0.0779,0.9973,-0.3199,0.0781,0.9985,2.281,0.272
19.755,-0.3196,0.0778,0.9973,-0.3197,0.0779,0.9987,2.27,0.272
19.76,-0.3196,0.0777,0.9973,-0.3196,0.0777,0.9985,2.259,0.271
19.765,-0.3195,0.0777,0.9973,-0.3196,0.0778,0.9983,2.247,0.27
19.77,-0.3194,0.0776,0.9973,-0.3194,0.0775,0.9985,2.235,0.269
19.775,-0.3193,0.0775,0.9973,-0.3193,0.0775,0.9987,2.223,0.267
19.78,-0.3192,0.0775,0.9974,-0.3193,0.0776,0.9987,2.211,0.265
19.785,-0.3191,0.0774,0.9974,-0.3193,0.0772,0.9989,2.199,0.263
19.79,-0.319,0.0773,0.9974,-0.319,0.0772,0.9988,2.186,0.26
19.795,-0.3189,0.0772,0.9974,-0.3189,0.0773,0.9987,2.173,0.258
19.8,-0.3188,0.0771,0.9975,-0.3188,0.0773,0.9987,2.161,0.255
19.805,-0.3187,0.0771,0.9975,-0.3187,0.0773,0.9987,2.148,0.252
19.81,-0.3186,0.077,0.9975,-0.3185,0.0769,0.9987,2.135,0.249
19.815,-0.3185,0.0769,0.9975,-0.3185,0.0772,0.9986,2.121,0.245
19.82,-0.3184,0.0768,0.9976,-0.3184,0.0767,0.9984,2.108,0.242
19.825,-0.3182,0.0767,0.9976,-0.3183,0.0767,0.9985,2.094,0.238
19.83,-0.3181,0.0767,0.9977,-0.3182,0.0766,0.9985,2.081,0.234
19.835,-0.318,0.0766,0.9977,-0.3181,0.0766,0.9986,2.067,0.23
19.84,-0.3179,0.0765,0.9977,-0.3179,0.0765,0.9986,2.053,0.226
19.845,-0.3178,0.0764,0.9978,-0.3178,0.0764,0.9984,2.038,0.222
19.85,-0.3177,0.0763,0.9978,-0.3178,0.0763,0.9982,2.024,0.218
19.855,-0.3176,0.0762,0.9979,-0.3174,0.0762,0.9984,2.009,0.214
19.86,-0.3175,0.0761,0.9979,-0.3177,0.0763,0.9984,1.995,0.209
19.865,-0.3173,0.076,0.998,-0.3177,0.076,0.9984,1.98,0.205
19.87,-0.3172,0.0759,0.998,-0.3174,0.0759,0.9983,1.965,0.2
19.875,-0.3171,0.0758,0.998,-0.3174,0.0759,0.9981,1.95,0.196
19.88,-0.317,0.0757,0.9981,-0.3172,0.0759,0.9981,1.934,0.191
19.885,-0.3169,0.0756,0.9981,-0.3171,0.0759,0.9981,1.919,0.186
19.89,-0.3167,0.0755,0.9982,-0.317,0.0756,0.998,1.903,0.182
19.895,-0.3166,0.0754,0.9982,-0.3166,0.0755,0.9983,1.887,0.177
19.9,-0.3165,0.0753,0.9983,-0.3164,0.0755,0.9982,1.872,0.172
19.905,-0.3164,0.0752,0.9983,-0.3164,0.0754,0.9981,1.856,0.167
19.91,-0.3163,0.0751,0.9984,-0.3161,0.0752,0.9981,1.839,0.162
19.915,-0.3161,0.075,0.9984,-0.316,0.0751,0.998,1.823,0.157
19.92,-0.316,0.0749,0.9985,-0.3158,0.075,0.9981,1.807,0.152
19.925,-0.3159,0.0748,0.9985,-0.3159,0.0749,0.9984,1.79,0.146
19.93,-0.3157,0.0747,0.9986,-0.3157,0.0748,0.9985,1.774,0.141
19.935,-0.3156,0.0746,0.9986,-0.3157,0.0746,0.9985,1.757,0.136
19.94,-0.3155,0.0745,0.9987,-0.3153,0.0745,0.9985,1.74,0.131
19.945,-0.3153,0.0744,0.9987,-0.3155,0.0746,0.9988,1.723,0.126
19.95,-0.3152,0.0743,0.9988,-0.3152,0.0744,0.9985,1.706,0.121
19.955,-0.3151,0.0742,0.9988,-0.3152,0.0743,0.9985,1.689,0.117
19.96,-0.3149,0.0741,0.9989,-0.3152,0.0742,0.9985,1.671,0.112
19.965,-0.3148,0.074,0.9989,-0.3148,0.0738,0.9986,1.654,0.107
19.97,-0.3147,0.0738,0.999,-0.3147,0.0739,0.9987,1.636,0.103
19.975,-0.3145,0.0737,0.999,-0.3146,0.0738,0.9988,1.618,0.098
19.98,-0.3144,0.0736,0.9991,-0.3144,0.0739,0.9991,1.601,0.094
19.985,-0.3142,0.0735,0.9991,-0.3143,0.0737,0.999,1.583,0.09
19.99,-0.3141,0.0734,0.9991,-0.3143,0.0735,0.9988,1.564,0.086
19.995,-0.314,0.0733,0.9992,-0.3139,0.0736,0.9988,1.546,0.082
20.0,-0.3138,0.0732,0.9992,-0.3137,0.0732,0.9988,1.528,0.078
20.005,-0.3137,0.073,0.9993,-0.3137,0.0729,0.9988,1.51,0.074
20.01,-0.3135,0.0729,0.9993,-0.3136,0.0728,0.9988,1.491,0.071
20.015,-0.3134,0.0728,0.9993,-0.3133,0.0728,0.999,1.472,0.067
20.02,-0.3132,0.0727,0.9994,-0.3133,0.0727,0.999,1.454,0.064
20.025,-0.3131,0.0726,0.9994,-0.313,0.0726,0.999,1.435,0.061
20.03,-0.3129,0.0725,0.9994,-0.3131,0.0725,0.999,1.416,0.059
20.035,-0.3128,0.0723,0.9994,-0.313,0.0725,0.9988,1.397,0.056
20.04,-0.3126,0.0722,0.9995,-0.3127,0.0724,0.9989,1.377,0.054
20.045,-0.3125,0.0721,0.9995,-0.3127,0.0722,0.9987,1.358,0.051
20.05,-0.3123,0.072,0.9995,-0.3124,0.0719,0.9989,1.339,0.049
20.055,-0.3122,0.0719,0.9995,-0.3122,0.0721,0.9988,1.319,0.048
20.06,-0.312,0.0717,0.9995,-0.3121,0.0718,0.9989,1.3,0.046
20.065,-0.3119,0.0716,0.9996,-0.3118,0.0719,0.9991,1.28,0.044
20.07,-0.3117,0.0715,0.9996,-0.3118,0.0717,0.9992,1.26,0.043
20.075,-0.3115,0.0714,0.9996,-0.3116,0.0715,0.9994,1.24,0.041
20.08,-0.3114,0.0712,0.9996,-0.3115,0.0713,0.9994,1.22,0.04
20.085,-0.3112,0.0711,0.9996,-0.3111,0.071,0.9997,1.201,0.039
20.09,-0.3111,0.071,0.9996,-0.3111,0.071,0.9996,1.18,0.038
20.095,-0.3109,0.0709,0.9996,-0.3109,0.0709,0.9994,1.16,0.037
20.1,-0.3107,0.0708,0.9996,-0.3107,0.0707,0.9992,1.14,0.037
20.105,-0.3106,0.0706,0.9996,-0.3105,0.0705,0.9993,1.12,0.036
20.11,-0.3104,0.0705,0.9996,-0.3104,0.0706,0.9994,1.1,0.036
20.115,-0.3102,0.0704,0.9996,-0.3103,0.0703,0.9994,1.079,0.035
20.12,-0.3101,0.0703,0.9996,-0.3099,0.0701,0.9995,1.059,0.035
20.125,-0.3099,0.0701,0.9996,-0.31,0.0703,0.9996,1.038,0.035
20.13,-0.3097,0.07,0.9996,-0.3099,0.0701,0.9996,1.018,0.035
20.135,-0.3096,0.0699,0.9996,-0.3095,0.07,0.9997,0.997,0.036
20.14,-0.3094,0.0698,0.9996,-0.3094,0.0698,0.9997,0.976,0.036
20.145,-0.3092,0.0696,0.9996,-0.3093,0.07,0.9997,0.956,0.037
20.15,-0.3091,0.0695,0.9996,-0.3092,0.0696,0.9997,0.935,0.037
20.155,-0.3089,0.0694,0.9996,-0.309,0.0695,1.0,0.914,0.038
20.16,-0.3087,0.0693,0.9996,-0.3089,0.0694,1.0001,0.893,0.039
20.165,-0.3086,0.0691,0.9996,-0.3088,0.0693,1.0003,0.872,0.041
20.17,-0.3084,0.069,0.9996,-0.3088,0.069,1.0001,0.851,0.042
20.175,-0.3082,0.0689,0.9996,-0.3084,0.069,1.0004,0.83,0.043
20.18,-0.3081,0.0687,0.9995,-0.3081,0.0688,1.0003,0.809,0.045
20.185,-0.3079,0.0686,0.9995,-0.3079,0.0685,1.0001,0.787,0.047
20.19,-0.3077,0.0685,0.9995,-0.3078,0.0683,1.0001,0.766,0.049
20.195,-0.3075,0.0684,0.9995,-0.3076,0.0681,1.0001,0.745,0.051
20.2,-0.3074,0.0682,0.9995,-0.3075,0.0683,1.0,0.724,0.053
20.205,-0.3072,0.0681,0.9994,-0.3072,0.0681,0.9999,0.702,0.056
20.21,-0.307,0.068,0.9994,-0.3071,0.0681,1.0,0.681,0.058
20.215,-0.3068,0.0679,0.9994,-0.3068,0.0679,1.0,0.659,0.061
20.22,-0.3066,0.0677,0.9994,-0.3067,0.0679,1.0002,0.638,0.064
20.225,-0.3065,0.0676,0.9993,-0.3065,0.0678,1.0002,0.617,0.067
20.23,-0.3063,0.0675,0.9993,-0.3063,0.0676,1.0004,0.595,0.07
20.235,-0.3061,0.0673,0.9993,-0.3062,0.0672,1.0007,0.574,0.073
20.24,-0.3059,0.0672,0.9992,-0.3061,0.0674,1.0009,0.552,0.076
20.245,-0.3058,0.0671,0.9992,-0.3059,0.0671,1.0008,0.531,0.079
20.25,-0.3056,0.067,0.9992,-0.3057,0.067,1.0007,0.509,0.083
20.255,-0.3054,0.0668,0.9991,-0.3055,0.0667,1.0005,0.488,0.086
20.26,-0.3052,0.0667,0.9991,-0.3052,0.0666,1.0005,0.466,0.09
20.265,-0.305,0.0666,0.9991,-0.3051,0.0665,1.0004,0.445,0.094
20.27,-0.3048,0.0664,0.999,-0.3049,0.0665,1.0,0.423,0.097
20.275,-0.3047,0.0663,0.999,-0.3049,0.0663,0.9998,0.402,0.101
20.28,-0.3045,0.0662,0.9989,-0.3045,0.0661,0.9998,0.381,0.105
20.285,-0.3043,0.0661,0.9989,-0.3042,0.0662,0.9997,0.36,0.109
20.29,-0.3041,0.0659,0.9989,-0.3041,0.066,0.9997,0.339,0.113
20.295,-0.3039,0.0658,0.9988,-0.304,0.0657,0.9995,0.318,0.117
20.3,-0.3038,0.0657,0.9988,-0.3039,0.0658,0.9993,0.298,0.121
20.305,-0.3036,0.0655,0.9987,-0.3036,0.0656,0.9995,0.277,0.125
20.31,-0.3034,0.0654,0.9987,-0.3034,0.0656,0.9997,0.258,0.129
20.315,-0.3032,0.0653,0.9987,-0.3034,0.0654,0.9998,0.238,0.133
20.32,-0.303,0.0651,0.9986,-0.303,0.0652,0.9997,0.219,0.136
20.325,-0.3028,0.065,0.9986,-0.303,0.0651,0.9997,0.201,0.14
20.33,-0.3027,0.0649,0.9986,-0.3029,0.0648,0.9996,0.184,0.143
20.335,-0.3025,0.0648,0.9985,-0.3027,0.0649,0.9998,0.168,0.147
20.34,-0.3023,0.0646,0.9985,-0.3024,0.0646,0.9999,0.153,0.15
20.345,-0.3021,0.0645,0.9985,-0.3022,0.0645,0.9999,0.141,0.153
20.35,-0.3019,0.0644,0.9984,-0.302,0.0643,0.9997,0.132,0.155
20.355,-0.3017,0.0642,0.9984,-0.3019,0.0643,0.9997,0.126,0.158
20.36,-0.3015,0.0641,0.9984,-0.3015,0.0643,0.9999,0.123,0.16
20.365,-0.3014,0.064,0.9984,-0.3017,0.0641,0.9997,0.125,0.163
20.37,-0.3012,0.0638,0.9984,-0.3012,0.064,0.9999,0.131,0.165
20.375,-0.301,0.0637,0.9983,-0.3012,0.0639,0.9998,0.14,0.166
20.38,-0.3008,0.0636,0.9983,-0.301,0.0637,0.9997,0.152,0.168
20.385,-0.3006,0.0635,0.9983,-0.3008,0.0633,0.9997,0.166,0.169
20.39,-0.3004,0.0633,0.9983,-0.3007,0.0634,0.9999,0.182,0.17
20.395,-0.3003,0.0632,0.9983,-0.3005,0.0632,1.0,0.199,0.171
20.4,-0.3001,0.0631,0.9983,-0.3002,0.0631,0.9999,0.217,0.172
20.405,-0.2999,0.0629,0.9983,-0.3001,0.0628,1.0,0.236,0.172
20.41,-0.2997,0.0628,0.9983,-0.2997,0.0629,1.0002,0.255,0.172
20.415,-0.2995,0.0627,0.9983,-0.2993,0.0627,1.0002,0.275,0.172
20.42,-0.2993,0.0626,0.9983,-0.2995,0.0626,1.0004,0.295,0.172
20.425,-0.2992,0.0624,0.9983,-0.2991,0.0626,1.0003,0.315,0.171
20.43,-0.299,0.0623,0.9983,-0.2991,0.0621,1.0002,0.336,0.17
20.435,-0.2988,0.0622,0.9983,-0.2988,0.0623,0.9999,0.357,0.17
20.44,-0.2986,0.0621,0.9983,-0.2987,0.0621,1.0,0.378,0.169
20.445,-0.2984,0.0619,0.9983,-0.2986,0.062,0.9998,0.399,0.168
20.45,-0.2983,0.0618,0.9983,-0.2983,0.0618,0.9998,0.42,0.166
20.455,-0.2981,0.0617,0.9983,-0.2982,0.0618,0.9998,0.441,0.165
20.46,-0.2979,0.0615,0.9984,-0.2981,0.0617,0.9997,0.462,0.164
20.465,-0.2977,0.0614,0.9984,-0.2977,0.0616,0.9993,0.483,0.162
20.47,-0.2975,0.0613,0.9984,-0.2975,0.0614,0.9992,0.504,0.16
20.475,-0.2974,0.0612,0.9984,-0.2975,0.0612,0.9994,0.526,0.158
20.48,-0.2972,0.061,0.9984,-0.2973,0.061,0.9993,0.547,0.156
20.485,-0.297,0.0609,0.9985,-0.297,0.061,0.9995,0.568,0.154
20.49,-0.2968,0.0608,0.9985,-0.2966,0.0609,0.9994,0.589,0.152
20.495,-0.2966,0.0607,0.9985,-0.2966,0.0607,0.9995,0.611,0.15
20.5,-0.2965,0.0605,0.9985,-0.2965,0.0606,0.9996,0.632,0.147
20.505,-0.2963,0.0604,0.9986,-0.2962,0.0606,0.9995,0.653,0.145
20.51,-0.2961,0.0603,0.9986,-0.2963,0.0603,0.9993,0.674,0.142
20.515,-0.2959,0.0602,0.9986,-0.2959,0.0603,0.9993,0.696,0.139
20.52,-0.2957,0.0601,0.9986,-0.2959,0.06,0.9993,0.717,0.137
20.525,-0.2956,0.0599,0.9987,-0.2957,0.0599,0.9992,0.738,0.134
20.53,-0.2954,0.0598,0.9987,-0.2954,0.0596,0.9993,0.759,0.131
20.535,-0.2952,0.0597,0.9987,-0.2954,0.0596,0.9994,0.78,0.128
20.54,-0.295,0.0596,0.9988,-0.2952,0.0595,0.9993,0.801,0.125
20.545,-0.2949,0.0594,0.9988,-0.2949,0.0592,0.9991,0.822,0.121
20.55,-0.2947,0.0593,0.9988,-0.2948,0.0593,0.999,0.843,0.118
20.555,-0.2945,0.0592,0.9988,-0.2944,0.0592,0.9989,0.864,0.115
20.56,-0.2943,0.0591,0.9989,-0.2944,0.059,0.9991,0.885,0.112
20.565,-0.2942,0.059,0.9989,-0.294,0.059,0.9992,0.905,0.109
20.57,-0.294,0.0589,0.9989,-0.2941,0.059,0.9991,0.926,0.106
20.575,-0.2938,0.0587,0.999,-0.2939,0.0588,0.9993,0.947,0.102
20.58,-0.2937,0.0586,0.999,-0.2936,0.0587,0.9996,0.968,0.099
20.585,-0.2935,0.0585,0.999,-0.2936,0.0585,0.9999,0.988,0.096
20.59,-0.2933,0.0584,0.9991,-0.2934,0.0585,0.9998,1.009,0.093
20.595,-0.2931,0.0583,0.9991,-0.2933,0.0584,0.9999,1.029,0.09
20.6,-0.293,0.0581,0.9991,-0.2931,0.0583,0.9998,1.05,0.087
20.605,-0.2928,0.058,0.9992,-0.2929,0.0581,0.9998,1.07,0.084
20.61,-0.2926,0.0579,0.9992,-0.2928,0.0579,0.9999,1.091,0.082
20.615,-0.2925,0.0578,0.9992,-0.2927,0.0581,0.9998,1.111,0.079
20.62,-0.2923,0.0577,0.9992,-0.2922,0.0577,0.9997,1.132,0.077
20.625,-0.2921,0.0576,0.9992,-0.2922,0.0576,0.9997,1.152,0.075
20.63,-0.292,0.0575,0.9993,-0.292,0.0574,0.9996,1.172,0.074
20.635,-0.2918,0.0573,0.9993,-0.2918,0.0574,0.9999,1.192,0.073
20.64,-0.2916,0.0572,0.9993,-0.2917,0.0572,0.9998,1.212,0.072
20.645,-0.2915,0.0571,0.9993,-0.2915,0.0572,0.9999,1.232,0.071
20.65,-0.2913,0.057,0.9993,-0.2913,0.0571,0.9996,1.252,0.07
20.655,-0.2911,0.0569,0.9993,-0.2913,0.0569,0.9998,1.272,0.07
20.66,-0.291,0.0568,0.9993,-0.2909,0.0566,0.9998,1.292,0.07
20.665,-0.2908,0.0567,0.9993,-0.2908,0.0566,1.0001,1.312,0.071
20.67,-0.2906,0.0565,0.9993,-0.2906,0.0565,1.0001,1.332,0.072
20.675,-0.2905,0.0564,0.9993,-0.2906,0.0565,1.0002,1.351,0.073
20.68,-0.2903,0.0563,0.9993,-0.2904,0.0563,1.0,1.371,0.074
20.685,-0.2902,0.0562,0.9992,-0.2902,0.0562,0.9999,1.391,0.076
20.69,-0.29,0.0561,0.9992,-0.2902,0.0562,0.9996,1.41,0.078
20.695,-0.2898,0.056,0.9992,-0.2901,0.0561,0.9997,1.43,0.08
20.7,-0.2897,0.0559,0.9992,-0.2898,0.0559,0.9999,1.449,0.082
20.705,-0.2895,0.0558,0.9991,-0.2896,0.0557,0.9996,1.468,0.085
20.71,-0.2894,0.0556,0.9991,-0.2896,0.0556,0.9997,1.488,0.088
20.715,-0.2892,0.0555,0.9991,-0.2891,0.0556,0.9994,1.507,0.092
20.72,-0.289,0.0554,0.999,-0.289,0.0553,0.9994,1.526,0.095
20.725,-0.2889,0.0553,0.999,-0.289,0.0555,0.9994,1.545,0.099
20.73,-0.2887,0.0552,0.999,-0.2887,0.0552,0.9993,1.564,0.103
20.735,-0.2886,0.0551,0.9989,-0.2887,0.0551,0.9995,1.582,0.107
20.74,-0.2884,0.055,0.9989,-0.2884,0.055,0.9995,1.601,0.111
20.745,-0.2883,0.0549,0.9988,-0.2883,0.0548,0.9994,1.62,0.115
20.75,-0.2881,0.0548,0.9988,-0.2882,0.0549,0.9995,1.638,0.119
20.755,-0.288,0.0547,0.9988,-0.2883,0.0547,0.9995,1.657,0.124
20.76,-0.2878,0.0546,0.9987,-0.2879,0.0546,0.9996,1.675,0.128
20.765,-0.2877,0.0545,0.9987,-0.2878,0.0544,0.9995,1.693,0.133
20.77,-0.2875,0.0543,0.9986,-0.2876,0.0544,0.9997,1.712,0.138
20.775,-0.2874,0.0542,0.9986,-0.2874,0.0543,0.9997,1.73,0.142
20.78,-0.2872,0.0541,0.9985,-0.2873,0.0543,0.9998,1.748,0.147
20.785,-0.2871,0.054,0.9985,-0.2873,0.0542,0.9995,1.765,0.152
20.79,-0.2869,0.0539,0.9984,-0.287,0.0539,0.9995,1.783,0.156
20.795,-0.2868,0.0538,0.9984,-0.2868,0.0538,0.9995,1.801,0.161
20.8,-0.2867,0.0537,0.9983,-0.2869,0.0537,0.9996,1.818,0.166
20.805,-0.2865,0.0536,0.9983,-0.2866,0.0536,0.9995,1.836,0.171
20.81,-0.2864,0.0535,0.9982,-0.2867,0.0537,0.9997,1.853,0.176
20.815,-0.2862,0.0534,0.9982,-0.2864,0.0534,0.9995,1.87,0.181
20.82,-0.2861,0.0533,0.9981,-0.2863,0.0533,0.9994,1.888,0.185
20.825,-0.286,0.0532,0.9981,-0.286,0.0532,0.9992,1.905,0.19
20.83,-0.2858,0.0531,0.9981,-0.2859,0.0531,0.9992,1.921,0.195
20.835,-0.2857,0.053,0.998,-0.2859,0.053,0.9991,1.938,0.2
20.84,-0.2856,0.0529,0.998,-0.2856,0.0527,0.9989,1.955,0.204
20.845,-0.2854,0.0528,0.9979,-0.2857,0.0527,0.9989,1.971,0.208
20.85,-0.2853,0.0527,0.9979,-0.2855,0.0524,0.9989,1.987,0.213
20.855,-0.2852,0.0526,0.9978,-0.285,0.0526,0.9988,2.004,0.217
20.86,-0.2851,0.0525,0.9978,-0.2853,0.0524,0.9987,2.02,0.22
20.865,-0.2849,0.0524,0.9978,-0.285,0.0525,0.9987,2.036,0.224
20.87,-0.2848,0.0523,0.9977,-0.2848,0.0523,0.9985,2.051,0.227
20.875,-0.2847,0.0522,0.9977,-0.2846,0.0523,0.9983,2.067,0.23
20.88,-0.2846,0.0521,0.9977,-0.2845,0.0522,0.9987,2.083,0.233
20.885,-0.2844,0.052,0.9976,-0.2846,0.0519,0.9986,2.098,0.236
20.89,-0.2843,0.0519,0.9976,-0.2844,0.0518,0.9984,2.113,0.238
20.895,-0.2842,0.0518,0.9976,-0.2842,0.0519,0.9984,2.128,0.24
20.9,-0.2841,0.0517,0.9976,-0.2842,0.0517,0.9988,2.143,0.242
20.905,-0.284,0.0516,0.9976,-0.284,0.0518,0.9989,2.158,0.243
20.91,-0.2839,0.0515,0.9976,-0.2839,0.0517,0.9988,2.173,0.244
20.915,-0.2838,0.0514,0.9975,-0.284,0.0514,0.9988,2.187,0.245
20.92,-0.2837,0.0513,0.9975,-0.2839,0.0515,0.9987,2.202,0.246
20.925,-0.2836,0.0512,0.9975,-0.2837,0.0513,0.9987,2.216,0.247
20.93,-0.2834,0.0511,0.9975,-0.2835,0.0513,0.9985,2.23,0.247
20.935,-0.2833,0.051,0.9975,-0.2834,0.0509,0.9982,2.244,0.247
20.94,-0.2832,0.0509,0.9975,-0.2833,0.0511,0.9979,2.258,0.247
20.945,-0.2831,0.0509,0.9975,-0.2831,0.051,0.9979,2.271,0.246
20.95,-0.283,0.0508,0.9975,-0.283,0.0509,0.9981,2.285,0.246
20.955,-0.283,0.0507,0.9976,-0.2828,0.0507,0.9983,2.298,0.245
20.96,-0.2829,0.0506,0.9976,-0.2828,0.0506,0.9982,2.311,0.244
20.965,-0.2828,0.0505,0.9976,-0.2829,0.0504,0.9985,2.324,0.243
20.97,-0.2827,0.0504,0.9976,-0.2827,0.0505,0.9986,2.337,0.241
20.975,-0.2826,0.0503,0.9976,-0.2826,0.0503,0.9986,2.35,0.24
20.98,-0.2825,0.0502,0.9976,-0.2827,0.0502,0.9985,2.362,0.238
20.985,-0.2824,0.0501,0.9976,-0.2824,0.0502,0.9983,2.375,0.237
20.99,-0.2823,0.05,0.9977,-0.2825,0.0501,0.9984,2.387,0.235
20.995,-0.2822,0.0499,0.9977,-0.2826,0.05,0.9985,2.399,0.233
21.0,-0.2822,0.0499,0.9977,-0.2822,0.05,0.9984,2.411,0.231
21.005,-0.2821,0.0498,0.9977,-0.2823,0.0499,0.9982,2.423,0.23
21.01,-0.282,0.0497,0.9977,-0.2821,0.0496,0.9982,2.435,0.228
21.015,-0.2819,0.0496,0.9977,-0.2819,0.0498,0.9983,2.446,0.226
21.02,-0.2818,0.0495,0.9978,-0.2819,0.0495,0.9983,2.457,0.225
21.025,-0.2818,0.0494,0.9978,-0.2818,0.0495,0.9982,2.468,0.223
21.03,-0.2817,0.0493,0.9978,-0.2819,0.0494,0.9981,2.479,0.221
21.035,-0.2816,0.0493,0.9978,-0.2817,0.0495,0.9981,2.49,0.22
21.04,-0.2816,0.0492,0.9978,-0.2817,0.0493,0.998,2.501,0.218
21.045,-0.2815,0.0491,0.9978,-0.2815,0.0493,0.9977,2.511,0.217
21.05,-0.2814,0.049,0.9978,-0.2815,0.049,0.998,2.522,0.215
21.055,-0.2814,0.0489,0.9979,-0.2814,0.0491,0.9981,2.532,0.214
21.06,-0.2813,0.0488,0.9979,-0.2812,0.049,0.998,2.541,0.213
21.065,-0.2812,0.0488,0.9979,-0.2813,0.0487,0.9981,2.551,0.211
21.07,-0.2812,0.0487,0.9979,-0.2811,0.0485,0.9984,2.561,0.21
21.075,-0.2811,0.0486,0.9979,-0.2811,0.0485,0.9984,2.57,0.208
21.08,-0.2811,0.0485,0.9979,-0.2812,0.0487,0.9985,2.579,0.207
21.085,-0.281,0.0485,0.9979,-0.281,0.0485,0.9986,2.588,0.206
21.09,-0.281,0.0484,0.998,-0.2812,0.0483,0.9984,2.597,0.205
21.095,-0.2809,0.0483,0.998,-0.2811,0.0484,0.9985,2.606,0.204
21.1,-0.2809,0.0482,0.998,-0.2807,0.0482,0.9984,2.614,0.203
21.105,-0.2808,0.0482,0.998,-0.2807,0.0482,0.9984,2.622,0.202
21.11,-0.2808,0.0481,0.998,-0.2807,0.0481,0.9985,2.63,0.201
21.115,-0.2807,0.048,0.998,-0.2808,0.048,0.9984,2.638,0.201
21.12,-0.2807,0.048,0.998,-0.2807,0.0479,0.9985,2.646,0.201
21.125,-0.2806,0.0479,0.998,-0.2805,0.0479,0.9982,2.654,0.201
21.13,-0.2806,0.0478,0.998,-0.2806,0.048,0.9981,2.661,0.201
21.135,-0.2806,0.0477,0.998,-0.2806,0.0478,0.9978,2.668,0.201
21.14,-0.2805,0.0477,0.998,-0.2806,0.0478,0.9977,2.675,0.201
21.145,-0.2805,0.0476,0.998,-0.2807,0.0476,0.9977,2.682,0.201
21.15,-0.2805,0.0475,0.998,-0.2806,0.0477,0.9978,2.689,0.202
21.155,-0.2804,0.0475,0.998,-0.2805,0.0475,0.9982,2.695,0.202
21.16,-0.2804,0.0474,0.998,-0.2805,0.0473,0.9981,2.702,0.203
21.165,-0.2804,0.0474,0.998,-0.2805,0.0474,0.998,2.708,0.203
21.17,-0.2804,0.0473,0.998,-0.2805,0.0475,0.9979,2.714,0.204
21.175,-0.2803,0.0472,0.998,-0.2804,0.0473,0.9979,2.72,0.205
21.18,-0.2803,0.0472,0.9979,-0.2804,0.0473,0.9979,2.725,0.205
21.185,-0.2803,0.0471,0.9979,-0.2804,0.0473,0.998,2.731,0.206
21.19,-0.2803,0.047,0.9979,-0.2802,0.0472,0.9983,2.736,0.207
21.195,-0.2803,0.047,0.9979,-0.2803,0.0468,0.9985,2.741,0.208
21.2,-0.2803,0.0469,0.9979,-0.2803,0.047,0.9983,2.746,0.209
21.205,-0.2802,0.0469,0.9979,-0.2802,0.0468,0.9984,2.751,0.21
21.21,-0.2802,0.0468,0.9979,-0.2802,0.0468,0.9985,2.755,0.211
21.215,-0.2802,0.0468,0.9979,-0.2802,0.0467,0.9986,2.759,0.212
21.22,-0.2802,0.0467,0.9979,-0.2802,0.0466,0.9988,2.764,0.213
21.225,-0.2802,0.0467,0.9979,-0.2803,0.0466,0.9989,2.768,0.214
21.23,-0.2802,0.0466,0.9978,-0.2803,0.0465,0.9989,2.771,0.215
21.235,-0.2802,0.0466,0.9978,-0.2802,0.0466,0.9987,2.775,0.216
21.24,-0.2802,0.0465,0.9978,-0.2803,0.0466,0.9988,2.779,0.218
21.245,-0.2802,0.0465,0.9978,-0.2802,0.0465,0.9986,2.782,0.219
21.25,-0.2802,0.0464,0.9978,-0.2802,0.0465,0.9985,2.785,0.22
21.255,-0.2802,0.0464,0.9978,-0.2802,0.0463,0.9985,2.788,0.221
21.26,-0.2802,0.0463,0.9978,-0.2803,0.0465,0.9988,2.791,0.223
21.265,-0.2802,0.0463,0.9978,-0.2802,0.0463,0.9987,2.793,0.224
21.27,-0.2802,0.0462,0.9977,-0.2804,0.0463,0.9988,2.796,0.226
21.275,-0.2802,0.0462,0.9977,-0.2802,0.0462,0.9989,2.798,0.227
21.28,-0.2803,0.0461,0.9977,-0.2802,0.0464,0.999,2.8,0.228
21.285,-0.2803,0.0461,0.9977,-0.2802,0.0463,0.9988,2.802,0.23
21.29,-0.2803,0.046,0.9977,-0.2802,0.0462,0.9992,2.804,0.231
21.295,-0.2803,0.046,0.9977,-0.2803,0.0461,0.9994,2.805,0.233
21.3,-0.2803,0.046,0.9977,-0.2803,0.0461,0.9995,2.806,0.234
21.305,-0.2803,0.0459,0.9976,-0.2804,0.0459,0.9995,2.808,0.236
21.31,-0.2804,0.0459,0.9976,-0.2803,0.0459,0.9997,2.809,0.237
21.315,-0.2804,0.0458,0.9976,-0.2803,0.0458,0.9996,2.809,0.239
21.32,-0.2804,0.0458,0.9976,-0.2805,0.0458,0.9995,2.81,0.24
21.325,-0.2804,0.0458,0.9976,-0.2805,0.0457,0.9994,2.81,0.242
21.33,-0.2805,0.0457,0.9976,-0.2805,0.0457,0.9991,2.811,0.244
21.335,-0.2805,0.0457,0.9975,-0.2807,0.0457,0.9989,2.811,0.245
21.34,-0.2805,0.0457,0.9975,-0.2808,0.0458,0.999,2.81,0.247
21.345,-0.2806,0.0456,0.9975,-0.2805,0.0456,0.9991,2.81,0.249
21.35,-0.2806,0.0456,0.9975,-0.2807,0.0457,0.999,2.81,0.251
21.355,-0.2806,0.0456,0.9975,-0.2806,0.0456,0.9989,2.809,0.253
21.36,-0.2807,0.0456,0.9975,-0.2806,0.0454,0.9988,2.808,0.255
21.365,-0.2807,0.0455,0.9974,-0.2808,0.0457,0.999,2.807,0.257
21.37,-0.2808,0.0455,0.9974,-0.2809,0.0455,0.9988,2.806,0.259
21.375,-0.2808,0.0455,0.9974,-0.2808,0.0457,0.9992,2.804,0.261
21.38,-0.2809,0.0455,0.9974,-0.2809,0.0454,0.9991,2.802,0.263
21.385,-0.2809,0.0454,0.9973,-0.2809,0.0457,0.999,2.801,0.265
21.39,-0.281,0.0454,0.9973,-0.281,0.0454,0.9989,2.799,0.267
21.395,-0.281,0.0454,0.9973,-0.281,0.0455,0.9991,2.796,0.269
21.4,-0.2811,0.0454,0.9973,-0.2809,0.0456,0.999,2.794,0.272
21.405,-0.2811,0.0454,0.9973,-0.2811,0.0454,0.9988,2.791,0.274
21.41,-0.2812,0.0453,0.9972,-0.2811,0.0456,0.9988,2.788,0.276
21.415,-0.2812,0.0453,0.9972,-0.281,0.0451,0.9988,2.785,0.278
21.42,-0.2813,0.0453,0.9972,-0.2814,0.0455,0.9988,2.782,0.281
21.425,-0.2813,0.0453,0.9972,-0.2815,0.0452,0.9989,2.778,0.283
21.43,-0.2814,0.0453,0.9971,-0.2813,0.0453,0.9991,2.775,0.286
21.435,-0.2815,0.0453,0.9971,-0.2814,0.0453,0.999,2.771,0.288
21.44,-0.2815,0.0453,0.9971,-0.2815,0.0453,0.9989,2.767,0.291
21.445,-0.2816,0.0453,0.9971,-0.2817,0.0453,0.9989,2.762,0.293
21.45,-0.2817,0.0453,0.997,-0.2818,0.0454,0.9988,2.758,0.296
21.455,-0.2817,0.0453,0.997,-0.2817,0.0453,0.9988,2.753,0.298
21.46,-0.2818,0.0453,0.997,-0.2818,0.0453,0.9985,2.748,0.301
21.465,-0.2819,0.0453,0.997,-0.2819,0.0452,0.9985,2.743,0.304
21.47,-0.282,0.0453,0.9969,-0.282,0.0453,0.9989,2.738,0.307
21.475,-0.282,0.0453,0.9969,-0.282,0.0453,0.9986,2.732,0.309
21.48,-0.2821,0.0453,0.9969,-0.282,0.0453,0.9987,2.727,0.312
21.485,-0.2822,0.0453,0.9968,-0.2822,0.0454,0.9988,2.721,0.315
21.49,-0.2823,0.0453,0.9968,-0.2823,0.0452,0.9989,2.715,0.318
21.495,-0.2824,0.0453,0.9968,-0.2823,0.0452,0.9989,2.708,0.321
21.5,-0.2824,0.0453,0.9968,-0.2825,0.0452,0.9986,2.702,0.324
21.505,-0.2825,0.0453,0.9967,-0.2825,0.0454,0.9984,2.695,0.326
21.51,-0.2826,0.0453,0.9967,-0.2825,0.0454,0.9983,2.688,0.329
21.515,-0.2827,0.0454,0.9967,-0.2827,0.0455,0.998,2.681,0.332
21.52,-0.2828,0.0454,0.9967,-0.2825,0.0453,0.998,2.673,0.335
21.525,-0.2829,0.0454,0.9966,-0.2829,0.0456,0.9979,2.666,0.338
21.53,-0.283,0.0454,0.9966,-0.2828,0.0454,0.9976,2.658,0.34
21.535,-0.2831,0.0454,0.9966,-0.283,0.0454,0.9974,2.65,0.343
21.54,-0.2832,0.0455,0.9965,-0.2831,0.0456,0.9976,2.642,0.345
21.545,-0.2833,0.0455,0.9965,-0.2833,0.0457,0.9975,2.633,0.347
21.55,-0.2834,0.0455,0.9965,-0.2832,0.0456,0.9976,2.624,0.349
21.555,-0.2835,0.0455,0.9965,-0.2833,0.0456,0.9977,2.616,0.351
21.56,-0.2836,0.0456,0.9965,-0.2834,0.0457,0.9977,2.606,0.353
21.565,-0.2837,0.0456,0.9965,-0.2834,0.0455,0.9979,2.597,0.354
21.57,-0.2838,0.0456,0.9964,-0.2837,0.0455,0.9978,2.588,0.355
21.575,-0.2839,0.0457,0.9964,-0.284,0.0454,0.9978,2.578,0.356
21.58,-0.284,0.0457,0.9964,-0.2841,0.0457,0.9976,2.568,0.357
21.585,-0.2841,0.0457,0.9964,-0.2842,0.0456,0.9975,2.558,0.357
21.59,-0.2842,0.0458,0.9964,-0.2843,0.0458,0.9978,2.548,0.358
21.595,-0.2843,0.0458,0.9964,-0.2845,0.0458,0.9974,2.537,0.358
21.6,-0.2845,0.0459,0.9964,-0.2845,0.0458,0.9973,2.527,0.358
21.605,-0.2846,0.0459,0.9964,-0.2845,0.046,0.9972,2.516,0.357
21.61,-0.2847,0.0459,0.9964,-0.2847,0.046,0.9971,2.505,0.357
21.615,-0.2848,0.046,0.9964,-0.2849,0.0459,0.9969,2.494,0.356
21.62,-0.2849,0.046,0.9964,-0.2851,0.0462,0.9969,2.483,0.355
21.625,-0.2851,0.0461,0.9965,-0.2851,0.0461,0.9969,2.471,0.354
21.63,-0.2852,0.0461,0.9965,-0.2852,0.0462,0.9968,2.459,0.353
21.635,-0.2853,0.0462,0.9965,-0.2852,0.0462,0.9968,2.448,0.351
21.64,-0.2854,0.0462,0.9965,-0.2855,0.0463,0.9967,2.435,0.349
21.645,-0.2856,0.0463,0.9965,-0.2856,0.0463,0.9968,2.423,0.347
21.65,-0.2857,0.0463,0.9966,-0.2856,0.0463,0.9969,2.411,0.344
21.655,-0.2858,0.0464,0.9966,-0.2859,0.0464,0.9968,2.398,0.342
21.66,-0.286,0.0465,0.9966,-0.2859,0.0466,0.9967,2.385,0.339
21.665,-0.2861,0.0465,0.9966,-0.286,0.0465,0.9966,2.372,0.335
21.67,-0.2862,0.0466,0.9967,-0.2862,0.0466,0.9963,2.359,0.332
21.675,-0.2864,0.0466,0.9967,-0.2864,0.0464,0.9964,2.346,0.328
21.68,-0.2865,0.0467,0.9968,-0.2865,0.0466,0.9963,2.332,0.324
21.685,-0.2866,0.0468,0.9968,-0.2864,0.0467,0.9964,2.319,0.32
21.69,-0.2868,0.0468,0.9968,-0.2868,0.0467,0.9961,2.305,0.316
21.695,-0.2869,0.0469,0.9969,-0.287,0.0467,0.9962,2.291,0.311
21.7,-0.2871,0.047,0.9969,-0.2871,0.047,0.9963,2.277,0.306
21.705,-0.2872,0.047,0.997,-0.2871,0.0471,0.9966,2.262,0.301
21.71,-0.2874,0.0471,0.997,-0.2873,0.047,0.9967,2.248,0.295
21.715,-0.2875,0.0472,0.9971,-0.2875,0.047,0.9969,2.233,0.29
21.72,-0.2877,0.0473,0.9972,-0.2876,0.0473,0.997,2.219,0.284
21.725,-0.2878,0.0473,0.9972,-0.2876,0.0472,0.997,2.204,0.278
21.73,-0.288,0.0474,0.9973,-0.2878,0.0474,0.9969,2.189,0.272
21.735,-0.2881,0.0475,0.9973,-0.2881,0.0475,0.9968,2.173,0.266
21.74,-0.2883,0.0476,0.9974,-0.2881,0.0476,0.9968,2.158,0.26
21.745,-0.2884,0.0476,0.9975,-0.2884,0.0476,0.9969,2.143,0.253
21.75,-0.2886,0.0477,0.9975,-0.2883,0.0477,0.9969,2.127,0.247
21.755,-0.2887,0.0478,0.9976,-0.2886,0.0479,0.9971,2.111,0.241
21.76,-0.2889,0.0479,0.9977,-0.2888,0.0478,0.9972,2.096,0.235
21.765,-0.289,0.048,0.9977,-0.289,0.0478,0.9971,2.08,0.228
21.77,-0.2892,0.0481,0.9978,-0.2891,0.0481,0.9972,2.064,0.222
21.775,-0.2894,0.0481,0.9978,-0.289,0.048,0.9973,2.048,0.217
21.78,-0.2895,0.0482,0.9979,-0.2893,0.0483,0.9974,2.031,0.211
21.785,-0.2897,0.0483,0.9979,-0.2895,0.0484,0.997,2.015,0.205
21.79,-0.2898,0.0484,0.998,-0.2899,0.0486,0.9971,1.999,0.2
21.795,-0.29,0.0485,0.9981,-0.29,0.0485,0.9971,1.982,0.195
21.8,-0.2902,0.0486,0.9981,-0.2899,0.0487,0.9973,1.966,0.19
21.805,-0.2903,0.0487,0.9981,-0.2903,0.0487,0.9976,1.949,0.185
21.81,-0.2905,0.0488,0.9982,-0.2905,0.0487,0.9977,1.932,0.181
21.815,-0.2907,0.0489,0.9982,-0.2906,0.0487,0.9977,1.915,0.177
21.82,-0.2908,0.049,0.9983,-0.2906,0.0489,0.9977,1.898,0.173
21.825,-0.291,0.0491,0.9983,-0.2911,0.049,0.9977,1.881,0.17
21.83,-0.2912,0.0492,0.9983,-0.2911,0.0491,0.9979,1.864,0.167
21.835,-0.2913,0.0493,0.9984,-0.2913,0.0493,0.9981,1.847,0.164
21.84,-0.2915,0.0494,0.9984,-0.2914,0.0493,0.9982,1.83,0.162
21.845,-0.2917,0.0495,0.9984,-0.2916,0.0494,0.9985,1.813,0.16
21.85,-0.2918,0.0496,0.9984,-0.2917,0.0494,0.9985,1.796,0.158
21.855,-0.292,0.0497,0.9984,-0.292,0.0496,0.9987,1.778,0.157
21.86,-0.2922,0.0498,0.9984,-0.292,0.0498,0.9985,1.761,0.157
21.865,-0.2924,0.0499,0.9984,-0.2922,0.0498,0.9989,1.744,0.157
21.87,-0.2925,0.05,0.9984,-0.2924,0.0499,0.9988,1.726,0.157
21.875,-0.2927,0.0501,0.9984,-0.2926,0.0498,0.9988,1.709,0.158
21.88,-0.2929,0.0502,0.9984,-0.293,0.05,0.999,1.691,0.16
21.885,-0.293,0.0503,0.9984,-0.2929,0.0503,0.9988,1.674,0.162
21.89,-0.2932,0.0504,0.9984,-0.2931,0.0503,0.999,1.656,0.165
21.895,-0.2934,0.0505,0.9983,-0.2934,0.0506,0.999,1.639,0.168
21.9,-0.2936,0.0506,0.9983,-0.2936,0.0503,0.9992,1.621,0.172
21.905,-0.2937,0.0507,0.9982,-0.2937,0.0508,0.9991,1.604,0.176
21.91,-0.2939,0.0508,0.9982,-0.2939,0.0508,0.9992,1.586,0.181
21.915,-0.2941,0.051,0.9981,-0.294,0.0509,0.9992,1.569,0.186
21.92,-0.2943,0.0511,0.9981,-0.2945,0.0509,0.9991,1.551,0.192
21.925,-0.2944,0.0512,0.998,-0.2946,0.0511,0.9991,1.534,0.198
21.93,-0.2946,0.0513,0.998,-0.2946,0.0513,0.999,1.516,0.205
21.935,-0.2948,0.0514,0.9979,-0.2949,0.0513,0.999,1.499,0.212
21.94,-0.2949,0.0515,0.9978,-0.2949,0.0515,0.9991,1.481,0.219
21.945,-0.2951,0.0516,0.9977,-0.295,0.0515,0.9991,1.464,0.227
21.95,-0.2953,0.0517,0.9976,-0.2954,0.0517,0.9993,1.447,0.235
21.955,-0.2955,0.0519,0.9976,-0.2952,0.0517,0.9996,1.429,0.243
21.96,-0.2956,0.052,0.9975,-0.2955,0.0518,0.9994,1.412,0.252
21.965,-0.2958,0.0521,0.9974,-0.2956,0.0518,0.9992,1.395,0.261
21.97,-0.296,0.0522,0.9973,-0.2958,0.052,0.9993,1.377,0.27
21.975,-0.2962,0.0523,0.9972,-0.2962,0.0522,0.9992,1.36,0.28
21.98,-0.2964,0.0524,0.9971,-0.2963,0.0523,0.9992,1.343,0.289
21.985,-0.2965,0.0526,0.997,-0.2964,0.0523,0.9994,1.326,0.299
21.99,-0.2967,0.0527,0.9969,-0.2965,0.0525,0.9994,1.309,0.309
21.995,-0.2969,0.0528,0.9968,-0.2969,0.0527,0.9995,1.292,0.319
22.0,-0.2971,0.0529,0.9967,-0.2968,0.0529,0.9992,1.276,0.329
22.005,-0.2972,0.053,0.9966,-0.2971,0.0531,0.9993,1.259,0.34
22.01,-0.2974,0.0532,0.9965,-0.2976,0.0532,0.999,1.243,0.35
22.015,-0.2976,0.0533,0.9964,-0.2977,0.0533,0.9989,1.226,0.361
22.02,-0.2978,0.0534,0.9963,-0.2978,0.0534,0.9987,1.21,0.371
22.025,-0.298,0.0535,0.9962,-0.2981,0.0534,0.9987,1.194,0.381
22.03,-0.2981,0.0536,0.9961,-0.2982,0.0536,0.9986,1.178,0.392
22.035,-0.2983,0.0538,0.996,-0.2982,0.0536,0.9986,1.162,0.402
22.04,-0.2985,0.0539,0.9959,-0.2986,0.0538,0.9985,1.146,0.412
22.045,-0.2987,0.054,0.9958,-0.2987,0.054,0.9985,1.131,0.422
22.05,-0.2989,0.0541,0.9957,-0.2988,0.0541,0.9983,1.116,0.431
22.055,-0.299,0.0543,0.9956,-0.299,0.0542,0.9982,1.101,0.441
22.06,-0.2992,0.0544,0.9955,-0.2993,0.0541,0.998,1.086,0.45
22.065,-0.2994,0.0545,0.9954,-0.2993,0.0544,0.9978,1.071,0.459
22.07,-0.2996,0.0546,0.9953,-0.2995,0.0546,0.9977,1.056,0.467
22.075,-0.2998,0.0547,0.9952,-0.2996,0.0547,0.9977,1.042,0.475
22.08,-0.2999,0.0549,0.9952,-0.2999,0.0548,0.9973,1.028,0.483
22.085,-0.3001,0.055,0.9951,-0.3001,0.055,0.9974,1.014,0.49
22.09,-0.3003,0.0551,0.995,-0.3002,0.055,0.9975,1.001,0.497
22.095,-0.3005,0.0552,0.995,-0.3004,0.0551,0.9974,0.988,0.503
22.1,-0.3007,0.0554,0.9949,-0.3005,0.0555,0.9973,0.975,0.509
22.105,-0.3008,0.0555,0.9949,-0.3007,0.0555,0.9971,0.962,0.514
22.11,-0.301,0.0556,0.9948,-0.3009,0.0557,0.9971,0.95,0.519
22.115,-0.3012,0.0557,0.9948,-0.3012,0.0557,0.9968,0.938,0.523
22.12,-0.3014,0.0559,0.9947,-0.3015,0.0558,0.9968,0.927,0.527
22.125,-0.3016,0.056,0.9947,-0.3015,0.056,0.9966,0.916,0.53
22.13,-0.3018,0.0561,0.9947,-0.3018,0.0562,0.9964,0.905,0.532
22.135,-0.302,0.0562,0.9947,-0.3019,0.0561,0.9966,0.895,0.534
22.14,-0.3021,0.0564,0.9946,-0.3024,0.0562,0.9963,0.885,0.536
22.145,-0.3023,0.0565,0.9946,-0.3023,0.0564,0.9961,0.876,0.537
22.15,-0.3025,0.0566,0.9946,-0.3025,0.0566,0.996,0.867,0.537
22.155,-0.3027,0.0567,0.9946,-0.3027,0.0566,0.9958,0.859,0.537
22.16,-0.3029,0.0569,0.9946,-0.3028,0.0567,0.9959,0.851,0.536
22.165,-0.3031,0.057,0.9947,-0.3027,0.0569,0.9958,0.843,0.534
22.17,-0.3032,0.0571,0.9947,-0.303,0.057,0.9959,0.836,0.532
22.175,-0.3034,0.0572,0.9947,-0.3033,0.0573,0.9958,0.83,0.529
22.18,-0.3036,0.0574,0.9947,-0.3033,0.0572,0.9958,0.824,0.526
22.185,-0.3038,0.0575,0.9948,-0.3035,0.0576,0.9959,0.819,0.523
22.19,-0.304,0.0576,0.9948,-0.3037,0.0576,0.9958,0.815,0.518
22.195,-0.3042,0.0577,0.9949,-0.3041,0.0577,0.9957,0.811,0.514
22.2,-0.3044,0.0578,0.9949,-0.3043,0.0578,0.9955,0.807,0.508
22.205,-0.3045,0.058,0.995,-0.3046,0.0579,0.9954,0.805,0.503
22.21,-0.3047,0.0581,0.995,-0.3047,0.0582,0.9956,0.802,0.496
22.215,-0.3049,0.0582,0.9951,-0.305,0.0583,0.9955,0.801,0.49
22.22,-0.3051,0.0583,0.9952,-0.3051,0.0585,0.9958,0.8,0.483
22.225,-0.3053,0.0585,0.9952,-0.3053,0.0585,0.9959,0.799,0.475
22.23,-0.3055,0.0586,0.9953,-0.3054,0.0585,0.996,0.8,0.467
22.235,-0.3056,0.0587,0.9954,-0.3057,0.0588,0.9964,0.8,0.459
22.24,-0.3058,0.0588,0.9955,-0.3058,0.0588,0.9964,0.802,0.451
22.245,-0.306,0.059,0.9956,-0.3061,0.059,0.9964,0.804,0.442
22.25,-0.3062,0.0591,0.9957,-0.3061,0.0591,0.9963,0.806,0.434
22.255,-0.3064,0.0592,0.9958,-0.3062,0.0592,0.9959,0.809,0.425
22.26,-0.3066,0.0593,0.9958,-0.3065,0.0593,0.9962,0.813,0.416
22.265,-0.3067,0.0595,0.9959,-0.3066,0.0595,0.9962,0.817,0.407
22.27,-0.3069,0.0596,0.996,-0.3069,0.0596,0.9965,0.822,0.398
22.275,-0.3071,0.0597,0.9961,-0.3071,0.0597,0.9963,0.827,0.39
22.28,-0.3073,0.0598,0.9962,-0.3073,0.0598,0.9966,0.833,0.381
22.285,-0.3075,0.06,0.9963,-0.3074,0.06,0.9962,0.839,0.372
22.29,-0.3076,0.0601,0.9964,-0.3076,0.0602,0.9962,0.846,0.364
22.295,-0.3078,0.0602,0.9964,-0.3078,0.0603,0.9963,0.853,0.355
22.3,-0.308,0.0603,0.9965,-0.308,0.0603,0.9964,0.861,0.347
22.305,-0.3082,0.0605,0.9966,-0.3085,0.0603,0.9967,0.869,0.34
22.31,-0.3083,0.0606,0.9967,-0.3085,0.0605,0.997,0.877,0.332
22.315,-0.3085,0.0607,0.9968,-0.3086,0.0603,0.9972,0.886,0.325
22.32,-0.3087,0.0608,0.9968,-0.3088,0.0606,0.9973,0.896,0.318
22.325,-0.3089,0.061,0.9969,-0.3089,0.0609,0.9974,0.905,0.311
22.33,-0.3091,0.0611,0.9969,-0.309,0.0611,0.9975,0.915,0.305
22.335,-0.3092,0.0612,0.997,-0.3092,0.0614,0.9978,0.926,0.299
22.34,-0.3094,0.0613,0.9971,-0.3093,0.0613,0.9979,0.936,0.294
22.345,-0.3096,0.0615,0.9971,-0.3095,0.0615,0.998,0.947,0.29
22.35,-0.3097,0.0616,0.9971,-0.3097,0.0616,0.9982,0.959,0.285
22.355,-0.3099,0.0617,0.9972,-0.3097,0.0619,0.9985,0.97,0.282
22.36,-0.3101,0.0618,0.9972,-0.3099,0.0617,0.9986,0.982,0.279
22.365,-0.3103,0.062,0.9972,-0.3101,0.062,0.9987,0.994,0.276
22.37,-0.3104,0.0621,0.9973,-0.3103,0.062,0.9986,1.006,0.274
22.375,-0.3106,0.0622,0.9973,-0.3105,0.0622,0.9986,1.019,0.273
22.38,-0.3108,0.0623,0.9973,-0.3106,0.0624,0.9988,1.031,0.273
22.385,-0.3109,0.0625,0.9973,-0.3107,0.0624,0.9989,1.044,0.273
22.39,-0.3111,0.0626,0.9973,-0.311,0.0624,0.9989,1.057,0.274
22.395,-0.3113,0.0627,0.9973,-0.3112,0.0627,0.9987,1.07,0.275
22.4,-0.3114,0.0628,0.9972,-0.3114,0.0631,0.9987,1.084,0.277
22.405,-0.3116,0.063,0.9972,-0.3116,0.063,0.9985,1.097,0.28
22.41,-0.3117,0.0631,0.9972,-0.3117,0.0629,0.9987,1.111,0.283
22.415,-0.3119,0.0632,0.9971,-0.3117,0.063,0.9987,1.124,0.287
22.42,-0.3121,0.0633,0.9971,-0.312,0.0632,0.9988,1.138,0.291
22.425,-0.3122,0.0635,0.997,-0.3122,0.0634,0.9989,1.152,0.296
22.43,-0.3124,0.0636,0.997,-0.3125,0.0635,0.9987,1.166,0.302
22.435,-0.3125,0.0637,0.9969,-0.3126,0.0635,0.9985,1.18,0.308
22.44,-0.3127,0.0638,0.9969,-0.3128,0.0635,0.9986,1.194,0.314
22.445,-0.3129,0.0639,0.9968,-0.3129,0.064,0.9984,1.208,0.321
22.45,-0.313,0.0641,0.9967,-0.3129,0.064,0.9984,1.222,0.329
22.455,-0.3132,0.0642,0.9966,-0.3131,0.064,0.9985,1.236,0.336
22.46,-0.3133,0.0643,0.9966,-0.3133,0.0645,0.9986,1.251,0.344
22.465,-0.3135,0.0644,0.9965,-0.3135,0.0645,0.9987,1.265,0.352
22.47,-0.3136,0.0646,0.9964,-0.3137,0.0645,0.9988,1.279,0.361
22.475,-0.3138,0.0647,0.9963,-0.3138,0.0645,0.9989,1.294,0.369
22.48,-0.3139,0.0648,0.9962,-0.314,0.0648,0.9993,1.308,0.378
22.485,-0.3141,0.0649,0.9961,-0.3141,0.0649,0.9993,1.323,0.387
22.49,-0.3142,0.065,0.996,-0.3142,0.065,0.9991,1.337,0.396
22.495,-0.3143,0.0652,0.9959,-0.3142,0.0653,0.9989,1.352,0.405
22.5,-0.3145,0.0653,0.9959,-0.3146,0.0651,0.9991,1.366,0.414
22.505,-0.3146,0.0654,0.9958,-0.3147,0.0653,0.9991,1.381,0.423
22.51,-0.3148,0.0655,0.9957,-0.3147,0.0654,0.9988,1.395,0.433
22.515,-0.3149,0.0656,0.9956,-0.3148,0.0655,0.9986,1.41,0.442
22.52,-0.3151,0.0658,0.9955,-0.3149,0.0657,0.9987,1.425,0.451
22.525,-0.3152,0.0659,0.9954,-0.3151,0.066,0.9987,1.439,0.459
22.53,-0.3153,0.066,0.9953,-0.3152,0.0661,0.9985,1.454,0.468
22.535,-0.3155,0.0661,0.9952,-0.3154,0.066,0.9983,1.468,0.477
22.54,-0.3156,0.0662,0.9952,-0.3157,0.0662,0.9985,1.483,0.485
22.545,-0.3158,0.0663,0.9951,-0.3156,0.0661,0.9982,1.497,0.493
22.55,-0.3159,0.0665,0.995,-0.3159,0.0665,0.9979,1.512,0.5
22.555,-0.316,0.0666,0.9949,-0.3161,0.0664,0.9979,1.526,0.507
22.56,-0.3162,0.0667,0.9949,-0.3161,0.0665,0.9977,1.541,0.514
22.565,-0.3163,0.0668,0.9948,-0.3161,0.0664,0.9975,1.555,0.52
22.57,-0.3164,0.0669,0.9947,-0.3162,0.067,0.9974,1.57,0.526
22.575,-0.3166,0.067,0.9947,-0.3164,0.0668,0.9973,1.584,0.531
22.58,-0.3167,0.0671,0.9946,-0.3165,0.067,0.9971,1.599,0.536
22.585,-0.3168,0.0673,0.9946,-0.3167,0.0671,0.9972,1.613,0.54
22.59,-0.3169,0.0674,0.9946,-0.3169,0.0673,0.9972,1.627,0.543
22.595,-0.3171,0.0675,0.9945,-0.317,0.0673,0.997,1.641,0.545
22.6,-0.3172,0.0676,0.9945,-0.317,0.0675,0.9966,1.656,0.547
22.605,-0.3173,0.0677,0.9945,-0.3172,0.0677,0.9967,1.67,0.548
22.61,-0.3174,0.0678,0.9945,-0.3174,0.0678,0.997,1.684,0.548
22.615,-0.3176,0.0679,0.9945,-0.3177,0.0681,0.9969,1.698,0.548
22.62,-0.3177,0.068,0.9945,-0.3176,0.0682,0.9967,1.712,0.546
22.625,-0.3178,0.0681,0.9946,-0.3178,0.0683,0.9969,1.725,0.544
22.63,-0.3179,0.0682,0.9946,-0.3179,0.0682,0.9963,1.739,0.541
22.635,-0.3181,0.0683,0.9946,-0.3181,0.0684,0.9964,1.753,0.537
22.64,-0.3182,0.0684,0.9947,-0.3182,0.0685,0.9964,1.767,0.533
22.645,-0.3183,0.0685,0.9947,-0.3184,0.0686,0.9967,1.78,0.527
22.65,-0.3184,0.0686,0.9948,-0.3183,0.0686,0.9966,1.794,0.521
22.655,-0.3185,0.0687,0.9949,-0.3186,0.0686,0.9963,1.807,0.514
22.66,-0.3186,0.0688,0.9949,-0.3187,0.0686,0.9963,1.821,0.507
22.665,-0.3188,0.0689,0.995,-0.3188,0.0689,0.9963,1.834,0.498
22.67,-0.3189,0.069,0.9951,-0.3187,0.069,0.9962,1.847,0.489
22.675,-0.319,0.0691,0.9952,-0.319,0.0689,0.9961,1.86,0.479
22.68,-0.3191,0.0692,0.9953,-0.319,0.069,0.9962,1.873,0.468
22.685,-0.3192,0.0693,0.9954,-0.3192,0.0691,0.9961,1.886,0.457
22.69,-0.3193,0.0694,0.9955,-0.3192,0.0691,0.9957,1.899,0.445
22.695,-0.3194,0.0695,0.9957,-0.3194,0.0696,0.9958,1.912,0.432
22.7,-0.3195,0.0696,0.9958,-0.3193,0.0697,0.9957,1.925,0.419
22.705,-0.3196,0.0697,0.9959,-0.3196,0.0696,0.9958,1.937,0.405
22.71,-0.3198,0.0698,0.9961,-0.3198,0.0699,0.9955,1.95,0.391
22.715,-0.3199,0.0699,0.9962,-0.3198,0.0699,0.9956,1.962,0.376
22.72,-0.32,0.07,0.9964,-0.3199,0.0701,0.9957,1.974,0.36
22.725,-0.3201,0.0701,0.9966,-0.32,0.0702,0.9957,1.986,0.344
22.73,-0.3202,0.0702,0.9967,-0.3203,0.0702,0.9958,1.998,0.327
22.735,-0.3203,0.0703,0.9969,-0.3202,0.0703,0.9957,2.01,0.31
22.74,-0.3204,0.0703,0.9971,-0.3203,0.0703,0.9957,2.022,0.293
22.745,-0.3205,0.0704,0.9973,-0.3203,0.0705,0.9957,2.034,0.275
22.75,-0.3206,0.0705,0.9974,-0.3205,0.0704,0.9959,2.045,0.257
22.755,-0.3206,0.0706,0.9976,-0.3206,0.0707,0.9962,2.057,0.238
22.76,-0.3207,0.0707,0.9978,-0.3206,0.0706,0.9963,2.068,0.219
22.765,-0.3208,0.0708,0.998,-0.3208,0.0705,0.9964,2.079,0.2
22.77,-0.3209,0.0708,0.9982,-0.321,0.0707,0.997,2.09,0.181
22.775,-0.321,0.0709,0.9984,-0.3212,0.0707,0.997,2.101,0.162
22.78,-0.3211,0.071,0.9986,-0.3212,0.0708,0.9972,2.112,0.143
22.785,-0.3212,0.0711,0.9988,-0.3213,0.0708,0.9974,2.122,0.123
22.79,-0.3213,0.0712,0.999,-0.3211,0.0711,0.9976,2.132,0.104
22.795,-0.3214,0.0712,0.9992,-0.3213,0.0709,0.9978,2.143,0.085
22.8,-0.3214,0.0713,0.9993,-0.3214,0.0711,0.9979,2.153,0.065
22.805,-0.3215,0.0714,0.9995,-0.3214,0.0713,0.9981,2.163,0.047
22.81,-0.3216,0.0715,0.9997,-0.3215,0.0712,0.9979,2.172,0.028
22.815,-0.3217,0.0715,0.9999,-0.3216,0.0716,0.9981,2.182,0.01
22.82,-0.3218,0.0716,1.0001,-0.3219,0.0714,0.9983,2.191,0.008
22.825,-0.3218,0.0717,1.0003,-0.3219,0.0716,0.9983,2.2,0.026
22.83,-0.3219,0.0717,1.0004,-0.3219,0.0719,0.9983,2.21,0.043
22.835,-0.322,0.0718,1.0006,-0.3221,0.0717,0.9986,2.218,0.059
22.84,-0.322,0.0719,1.0008,-0.3221,0.0719,0.9987,2.227,0.076
22.845,-0.3221,0.0719,1.0009,-0.3221,0.0718,0.9988,2.235,0.091
22.85,-0.3222,0.072,1.0011,-0.322,0.0719,0.9988,2.244,0.107
22.855,-0.3222,0.0721,1.0012,-0.3221,0.072,0.9991,2.252,0.121
22.86,-0.3223,0.0721,1.0014,-0.3223,0.0719,0.9994,2.26,0.135
22.865,-0.3224,0.0722,1.0015,-0.3225,0.0719,0.9994,2.268,0.149
22.87,-0.3224,0.0722,1.0016,-0.3224,0.072,0.9994,2.275,0.162
22.875,-0.3225,0.0723,1.0017,-0.3226,0.0721,0.9998,2.282,0.174
22.88,-0.3226,0.0723,1.0019,-0.3226,0.0723,0.9998,2.29,0.186
22.885,-0.3226,0.0724,1.002,-0.3226,0.0723,0.9998,2.297,0.197
22.89,-0.3227,0.0725,1.0021,-0.3227,0.0726,1.0,2.303,0.207
22.895,-0.3227,0.0725,1.0022,-0.3228,0.0726,1.0004,2.31,0.217
22.9,-0.3228,0.0726,1.0023,-0.3229,0.0725,1.0006,2.316,0.226
22.905,-0.3228,0.0726,1.0023,-0.3227,0.0726,1.0005,2.322,0.234
22.91,-0.3229,0.0726,1.0024,-0.323,0.0727,1.0006,2.328,0.242
22.915,-0.3229,0.0727,1.0025,-0.323,0.0727,1.001,2.334,0.249
22.92,-0.3229,0.0727,1.0026,-0.3229,0.0725,1.0011,2.34,0.256
22.925,-0.323,0.0728,1.0026,-0.323,0.0727,1.0013,2.345,0.261
22.93,-0.323,0.0728,1.0027,-0.323,0.0728,1.0015,2.35,0.267
22.935,-0.3231,0.0729,1.0027,-0.3232,0.0727,1.002,2.355,0.271
22.94,-0.3231,0.0729,1.0028,-0.323,0.0728,1.0021,2.36,0.275
22.945,-0.3231,0.0729,1.0028,-0.3231,0.073,1.0023,2.364,0.278
22.95,-0.3232,0.073,1.0028,-0.3232,0.073,1.0025,2.369,0.281
22.955,-0.3232,0.073,1.0028,-0.3232,0.073,1.0029,2.373,0.283
22.96,-0.3232,0.073,1.0028,-0.3233,0.0732,1.0027,2.377,0.284
22.965,-0.3233,0.0731,1.0028,-0.3233,0.0732,1.003,2.381,0.285
22.97,-0.3233,0.0731,1.0028,-0.3233,0.0731,1.003,2.384,0.285
22.975,-0.3233,0.0731,1.0028,-0.3233,0.0731,1.0028,2.387,0.284
22.98,-0.3233,0.0731,1.0028,-0.3234,0.073,1.003,2.39,0.283
22.985,-0.3234,0.0732,1.0028,-0.3235,0.0732,1.0033,2.393,0.282
22.99,-0.3234,0.0732,1.0028,-0.3234,0.0731,1.0032,2.396,0.279
22.995,-0.3234,0.0732,1.0028,-0.3234,0.0731,1.0031,2.399,0.277
23.0,-0.3234,0.0732,1.0027,-0.3236,0.0731,1.0035,2.401,0.273
23.005,-0.3234,0.0733,1.0027,-0.3236,0.0733,1.0035,2.403,0.27
23.01,-0.3234,0.0733,1.0027,-0.3234,0.0732,1.0034,2.405,0.266
23.015,-0.3235,0.0733,1.0026,-0.3234,0.0733,1.0034,2.407,0.261
23.02,-0.3235,0.0733,1.0026,-0.3236,0.0732,1.0036,2.408,0.257
23.025,-0.3235,0.0733,1.0025,-0.3235,0.0733,1.0037,2.409,0.252
23.03,-0.3235,0.0733,1.0025,-0.3235,0.0734,1.0037,2.411,0.246
23.035,-0.3235,0.0733,1.0024,-0.3236,0.0735,1.0037,2.411,0.241
23.04,-0.3235,0.0733,1.0024,-0.3234,0.0734,1.0036,2.412,0.235
23.045,-0.3235,0.0734,1.0023,-0.3236,0.0734,1.0035,2.413,0.23
23.05,-0.3235,0.0734,1.0022,-0.3236,0.0735,1.0037,2.413,0.224
23.055,-0.3235,0.0734,1.0022,-0.3236,0.0733,1.0036,2.413,0.218
23.06,-0.3235,0.0734,1.0021,-0.3234,0.0734,1.0036,2.414,0.212
23.065,-0.3235,0.0734,1.0021,-0.3237,0.0733,1.0035,2.413,0.206
23.07,-0.3235,0.0734,1.002,-0.3235,0.0733,1.0034,2.413,0.2
23.075,-0.3235,0.0734,1.0019,-0.3236,0.0735,1.0036,2.413,0.194
23.08,-0.3235,0.0734,1.0019,-0.3236,0.0734,1.0038,2.412,0.188
23.085,-0.3235,0.0734,1.0018,-0.3235,0.0733,1.0035,2.411,0.183
23.09,-0.3235,0.0734,1.0018,-0.3236,0.0733,1.0033,2.41,0.177
23.095,-0.3235,0.0734,1.0017,-0.3236,0.0733,1.0031,2.409,0.172
23.1,-0.3235,0.0733,1.0017,-0.3236,0.073,1.0031,2.408,0.167
23.105,-0.3234,0.0733,1.0016,-0.3235,0.0733,1.0031,2.406,0.162
23.11,-0.3234,0.0733,1.0016,-0.3234,0.0733,1.003,2.404,0.157
23.115,-0.3234,0.0733,1.0015,-0.3235,0.0731,1.0029,2.403,0.153
23.12,-0.3234,0.0733,1.0015,-0.3234,0.0731,1.0027,2.401,0.149
23.125,-0.3234,0.0733,1.0015,-0.3235,0.0733,1.0027,2.399,0.146
23.13,-0.3234,0.0733,1.0014,-0.323,0.0731,1.0023,2.396,0.142
23.135,-0.3233,0.0733,1.0014,-0.3232,0.0733,1.0022,2.394,0.14
23.14,-0.3233,0.0732,1.0014,-0.3232,0.0733,1.0022,2.391,0.137
23.145,-0.3233,0.0732,1.0014,-0.3233,0.0733,1.0023,2.389,0.136
23.15,-0.3233,0.0732,1.0013,-0.3232,0.0732,1.0021,2.386,0.134
23.155,-0.3233,0.0732,1.0013,-0.3232,0.0731,1.0021,2.383,0.133
23.16,-0.3232,0.0731,1.0013,-0.3232,0.0732,1.0019,2.38,0.133
23.165,-0.3232,0.0731,1.0013,-0.3233,0.0733,1.002,2.376,0.133
23.17,-0.3232,0.0731,1.0013,-0.3233,0.0732,1.0016,2.373,0.134
23.175,-0.3232,0.073,1.0014,-0.3233,0.0732,1.0016,2.369,0.135
23.18,-0.3231,0.073,1.0014,-0.3233,0.073,1.0015,2.365,0.137
23.185,-0.3231,0.073,1.0014,-0.3233,0.0731,1.0018,2.361,0.14
23.19,-0.3231,0.0729,1.0014,-0.3231,0.0728,1.002,2.357,0.143
23.195,-0.323,0.0729,1.0015,-0.3231,0.0729,1.002,2.353,0.146
23.2,-0.323,0.0729,1.0015,-0.323,0.0728,1.0019,2.349,0.15
23.205,-0.323,0.0728,1.0016,-0.323,0.0729,1.002,2.344,0.155
23.21,-0.3229,0.0728,1.0016,-0.323,0.0729,1.002,2.34,0.16
23.215,-0.3229,0.0727,1.0017,-0.3229,0.0728,1.002,2.335,0.166
23.22,-0.3229,0.0727,1.0017,-0.3228,0.0727,1.0022,2.33,0.172
23.225,-0.3228,0.0727,1.0018,-0.3227,0.0727,1.0021,2.325,0.179
23.23,-0.3228,0.0726,1.0019,-0.3226,0.0726,1.0021,2.32,0.186
23.235,-0.3227,0.0726,1.0019,-0.3224,0.0726,1.0019,2.315,0.193
23.24,-0.3227,0.0725,1.002,-0.3224,0.0727,1.0019,2.309,0.201
23.245,-0.3227,0.0725,1.0021,-0.3226,0.0725,1.0017,2.304,0.209
23.25,-0.3226,0.0724,1.0022,-0.3225,0.0724,1.0018,2.298,0.217
23.255,-0.3226,0.0724,1.0023,-0.3225,0.0724,1.0019,2.292,0.226
23.26,-0.3225,0.0723,1.0023,-0.3224,0.0723,1.0018,2.286,0.235
23.265,-0.3225,0.0723,1.0024,-0.3223,0.0722,1.0017,2.28,0.244
23.27,-0.3224,0.0722,1.0025,-0.3224,0.0724,1.0019,2.273,0.253
23.275,-0.3224,0.0721,1.0026,-0.3222,0.0722,1.0017,2.267,0.263
23.28,-0.3223,0.0721,1.0027,-0.3223,0.0721,1.0019,2.26,0.272
23.285,-0.3223,0.072,1.0028,-0.3221,0.0719,1.0017,2.253,0.282
23.29,-0.3222,0.072,1.0029,-0.3223,0.072,1.0017,2.246,0.292
23.295,-0.3222,0.0719,1.003,-0.3222,0.0722,1.0018,2.239,0.302
23.3,-0.3221,0.0718,1.0031,-0.3221,0.0721,1.002,2.232,0.312
23.305,-0.3221,0.0718,1.0032,-0.3221,0.0719,1.0021,2.224,0.323
23.31,-0.322,0.0717,1.0033,-0.3221,0.0718,1.002,2.217,0.333
23.315,-0.3219,0.0716,1.0034,-0.322,0.0717,1.0022,2.209,0.343
23.32,-0.3219,0.0716,1.0035,-0.322,0.0717,1.0022,2.201,0.353
23.325,-0.3218,0.0715,1.0036,-0.322,0.0718,1.0025,2.193,0.364
23.33,-0.3217,0.0714,1.0037,-0.3219,0.0715,1.0027,2.184,0.374
23.335,-0.3217,0.0713,1.0038,-0.3218,0.0716,1.003,2.176,0.384
23.34,-0.3216,0.0713,1.0039,-0.3219,0.0713,1.0034,2.167,0.394
23.345,-0.3215,0.0712,1.004,-0.3215,0.0715,1.0034,2.159,0.404
23.35,-0.3215,0.0711,1.0041,-0.3214,0.0712,1.0034,2.15,0.413
23.355,-0.3214,0.071,1.0042,-0.3214,0.0709,1.0037,2.141,0.423
23.36,-0.3213,0.071,1.0043,-0.3213,0.0708,1.0035,2.131,0.432
23.365,-0.3212,0.0709,1.0044,-0.3213,0.0707,1.0037,2.122,0.441
23.37,-0.3212,0.0708,1.0045,-0.3212,0.0706,1.0039,2.113,0.449
23.375,-0.3211,0.0707,1.0046,-0.3212,0.0706,1.0038,2.103,0.457
23.38,-0.321,0.0706,1.0047,-0.321,0.0703,1.0036,2.093,0.465
23.385,-0.3209,0.0706,1.0047,-0.3209,0.0705,1.0036,2.083,0.473
23.39,-0.3209,0.0705,1.0048,-0.3207,0.0704,1.0035,2.073,0.48
23.395,-0.3208,0.0704,1.0049,-0.3207,0.0703,1.0037,2.063,0.486
23.4,-0.3207,0.0703,1.0049,-0.3206,0.0703,1.0038,2.052,0.493
23.405,-0.3206,0.0702,1.005,-0.3208,0.0702,1.0039,2.042,0.499
23.41,-0.3205,0.0701,1.005,-0.3209,0.0702,1.0037,2.031,0.504
23.415,-0.3204,0.07,1.0051,-0.3205,0.0701,1.0039,2.02,0.51
23.42,-0.3203,0.0699,1.0051,-0.3204,0.0701,1.0039,2.009,0.515
23.425,-0.3202,0.0699,1.0052,-0.3202,0.0702,1.004,1.998,0.519
23.43,-0.3201,0.0698,1.0052,-0.3204,0.0699,1.0041,1.987,0.523
23.435,-0.3201,0.0697,1.0053,-0.3201,0.0697,1.004,1.976,0.527
23.44,-0.32,0.0696,1.0053,-0.3201,0.0696,1.0041,1.964,0.531
23.445,-0.3199,0.0695,1.0053,-0.3199,0.0697,1.0041,1.952,0.534
23.45,-0.3198,0.0694,1.0054,-0.3198,0.0694,1.004,1.941,0.536
23.455,-0.3197,0.0693,1.0054,-0.3196,0.0693,1.0038,1.929,0.539
23.46,-0.3196,0.0692,1.0054,-0.3195,0.069,1.004,1.917,0.541
23.465,-0.3195,0.0691,1.0054,-0.3193,0.0691,1.0041,1.905,0.543
23.47,-0.3194,0.069,1.0054,-0.3193,0.0691,1.004,1.893,0.544
23.475,-0.3193,0.0689,1.0055,-0.3192,0.0689,1.0035,1.881,0.545
23.48,-0.3191,0.0688,1.0055,-0.3191,0.0687,1.0037,1.868,0.546
23.485,-0.319,0.0687,1.0055,-0.319,0.0688,1.0037,1.856,0.546
23.49,-0.3189,0.0686,1.0055,-0.319,0.0686,1.0037,1.843,0.547
23.495,-0.3188,0.0685,1.0055,-0.3188,0.0681,1.0038,1.831,0.547
23.5,-0.3187,0.0684,1.0055,-0.3189,0.0681,1.004,1.818,0.547
23.505,-0.3186,0.0683,1.0055,-0.3187,0.0684,1.004,1.805,0.546
23.51,-0.3185,0.0682,1.0055,-0.3186,0.0684,1.004,1.792,0.546
23.515,-0.3184,0.0681,1.0055,-0.3183,0.0682,1.004,1.779,0.545
23.52,-0.3183,0.0679,1.0054,-0.3184,0.0681,1.0038,1.766,0.544
23.525,-0.3181,0.0678,1.0054,-0.3181,0.0679,1.0041,1.753,0.543
23.53,-0.318,0.0677,1.0054,-0.3181,0.0679,1.004,1.74,0.542
23.535,-0.3179,0.0676,1.0054,-0.3179,0.0676,1.0038,1.726,0.541
23.54,-0.3178,0.0675,1.0054,-0.3179,0.0676,1.004,1.713,0.54
23.545,-0.3177,0.0674,1.0054,-0.3176,0.0673,1.0042,1.7,0.539
23.55,-0.3176,0.0673,1.0054,-0.3176,0.0673,1.0042,1.686,0.537
23.555,-0.3174,0.0672,1.0054,-0.3174,0.0673,1.0043,1.673,0.536
23.56,-0.3173,0.0671,1.0053,-0.3172,0.0672,1.004,1.659,0.534
23.565,-0.3172,0.0669,1.0053,-0.3171,0.0668,1.0038,1.645,0.532
23.57,-0.3171,0.0668,1.0053,-0.3169,0.0668,1.0037,1.632,0.53
23.575,-0.3169,0.0667,1.0053,-0.3169,0.0667,1.0038,1.618,0.529
23.58,-0.3168,0.0666,1.0053,-0.3169,0.0667,1.0033,1.604,0.527
23.585,-0.3167,0.0665,1.0052,-0.3167,0.0665,1.0035,1.59,0.525
23.59,-0.3165,0.0664,1.0052,-0.3164,0.0664,1.0034,1.576,0.523
23.595,-0.3164,0.0662,1.0052,-0.3165,0.0662,1.0033,1.562,0.521
23.6,-0.3163,0.0661,1.0052,-0.3163,0.0661,1.0034,1.548,0.52
23.605,-0.3161,0.066,1.0052,-0.3161,0.0661,1.0038,1.534,0.518
23.61,-0.316,0.0659,1.0052,-0.316,0.0659,1.0039,1.52,0.516
23.615,-0.3159,0.0658,1.0052,-0.316,0.0659,1.0039,1.506,0.515
23.62,-0.3157,0.0657,1.0051,-0.3158,0.0656,1.0041,1.492,0.514
23.625,-0.3156,0.0655,1.0051,-0.3159,0.0656,1.004,1.478,0.512
23.63,-0.3155,0.0654,1.0051,-0.3156,0.0654,1.0042,1.464,0.511
23.635,-0.3153,0.0653,1.0051,-0.3155,0.0653,1.0042,1.45,0.51
23.64,-0.3152,0.0652,1.0051,-0.3152,0.0652,1.0043,1.435,0.509
23.645,-0.315,0.065,1.0051,-0.3152,0.0653,1.0046,1.421,0.508
23.65,-0.3149,0.0649,1.0051,-0.3149,0.065,1.005,1.407,0.506
23.655,-0.3148,0.0648,1.0051,-0.3148,0.0649,1.0053,1.393,0.505
23.66,-0.3146,0.0647,1.005,-0.3146,0.0649,1.0052,1.379,0.504
23.665,-0.3145,0.0645,1.005,-0.3146,0.0649,1.0052,1.365,0.503
23.67,-0.3143,0.0644,1.005,-0.3144,0.0644,1.0052,1.351,0.502
23.675,-0.3142,0.0643,1.005,-0.3143,0.0642,1.0051,1.337,0.5
23.68,-0.314,0.0642,1.005,-0.3139,0.0643,1.0052,1.323,0.499
23.685,-0.3139,0.064,1.005,-0.3137,0.0641,1.0053,1.309,0.497
23.69,-0.3137,0.0639,1.005,-0.3138,0.064,1.0056,1.295,0.496
23.695,-0.3136,0.0638,1.0049,-0.3136,0.0639,1.0054,1.282,0.494
23.7,-0.3134,0.0637,1.0049,-0.3133,0.0637,1.0054,1.268,0.492
23.705,-0.3133,0.0635,1.0049,-0.3133,0.0637,1.0056,1.254,0.49
23.71,-0.3131,0.0634,1.0049,-0.3132,0.0636,1.0057,1.241,0.488
23.715,-0.313,0.0633,1.0049,-0.3129,0.0631,1.0059,1.227,0.486
23.72,-0.3128,0.0632,1.0048,-0.313,0.0633,1.0061,1.214,0.484
23.725,-0.3126,0.063,1.0048,-0.3128,0.0632,1.0058,1.2,0.481
23.73,-0.3125,0.0629,1.0048,-0.3127,0.0628,1.0059,1.187,0.479
23.735,-0.3123,0.0628,1.0048,-0.3126,0.0629,1.006,1.174,0.476
23.74,-0.3122,0.0626,1.0047,-0.3123,0.0627,1.006,1.161,0.473
23.745,-0.312,0.0625,1.0047,-0.3121,0.0624,1.0059,1.148,0.47
23.75,-0.3119,0.0624,1.0047,-0.3118,0.0625,1.0059,1.135,0.467
23.755,-0.3117,0.0623,1.0046,-0.3118,0.0623,1.006,1.123,0.463
23.76,-0.3115,0.0621,1.0046,-0.3115,0.0622,1.0058,1.111,0.46
23.765,-0.3114,0.062,1.0046,-0.3114,0.062,1.0057,1.098,0.456
23.77,-0.3112,0.0619,1.0045,-0.3114,0.0618,1.0056,1.086,0.452
23.775,-0.311,0.0617,1.0045,-0.3111,0.0616,1.0054,1.075,0.448
23.78,-0.3109,0.0616,1.0044,-0.3108,0.0616,1.0053,1.063,0.444
23.785,-0.3107,0.0615,1.0044,-0.3109,0.0615,1.0052,1.052,0.44
23.79,-0.3105,0.0613,1.0044,-0.3105,0.0614,1.0054,1.04,0.436
23.795,-0.3104,0.0612,1.0043,-0.3104,0.0613,1.0052,1.03,0.432
23.8,-0.3102,0.0611,1.0043,-0.3102,0.0612,1.0053,1.019,0.427
23.805,-0.31,0.061,1.0042,-0.31,0.0609,1.0052,1.009,0.423
23.81,-0.3098,0.0608,1.0042,-0.3099,0.0609,1.0051,0.999,0.419
23.815,-0.3097,0.0607,1.0041,-0.3096,0.0607,1.0051,0.989,0.414
23.82,-0.3095,0.0606,1.0041,-0.3096,0.0605,1.005,0.979,0.409
23.825,-0.3093,0.0604,1.004,-0.3097,0.0603,1.0049,0.97,0.405
23.83,-0.3092,0.0603,1.004,-0.3095,0.0603,1.005,0.961,0.4
23.835,-0.309,0.0602,1.004,-0.3092,0.0601,1.005,0.953,0.396
23.84,-0.3088,0.06,1.0039,-0.309,0.0601,1.0048,0.945,0.391
23.845,-0.3086,0.0599,1.0039,-0.3088,0.06,1.0045,0.938,0.386
23.85,-0.3084,0.0598,1.0038,-0.3086,0.0599,1.0046,0.93,0.382
23.855,-0.3083,0.0596,1.0038,-0.3083,0.0598,1.0047,0.924,0.377
23.86,-0.3081,0.0595,1.0037,-0.3082,0.0597,1.0046,0.917,0.373
23.865,-0.3079,0.0594,1.0037,-0.3081,0.0594,1.0049,0.912,0.368
23.87,-0.3077,0.0592,1.0036,-0.3078,0.0592,1.0048,0.906,0.364
23.875,-0.3076,0.0591,1.0036,-0.3075,0.0591,1.0047,0.901,0.36
23.88,-0.3074,0.059,1.0036,-0.3073,0.059,1.0045,0.897,0.355
23.885,-0.3072,0.0588,1.0035,-0.3069,0.059,1.0044,0.893,0.351
23.89,-0.307,0.0587,1.0035,-0.3069,0.0588,1.0045,0.89,0.346
23.895,-0.3068,0.0586,1.0034,-0.3067,0.0587,1.0042,0.887,0.342
23.9,-0.3066,0.0584,1.0034,-0.3066,0.0586,1.0042,0.885,0.338
23.905,-0.3065,0.0583,1.0033,-0.3066,0.0585,1.0044,0.883,0.334
23.91,-0.3063,0.0582,1.0033,-0.3064,0.0581,1.0042,0.882,0.33
23.915,-0.3061,0.058,1.0033,-0.3063,0.0582,1.004,0.882,0.325
23.92,-0.3059,0.0579,1.0032,-0.306,0.058,1.0037,0.882,0.321
23.925,-0.3057,0.0578,1.0032,-0.3057,0.0577,1.0038,0.882,0.317
23.93,-0.3055,0.0576,1.0031,-0.3056,0.0577,1.0038,0.884,0.313
23.935,-0.3053,0.0575,1.0031,-0.3055,0.0575,1.0036,0.885,0.309
23.94,-0.3052,0.0574,1.003,-0.3051,0.0572,1.0034,0.888,0.305
23.945,-0.305,0.0572,1.003,-0.305,0.0571,1.003,0.891,0.301
23.95,-0.3048,0.0571,1.003,-0.3047,0.057,1.003,0.894,0.297
23.955,-0.3046,0.057,1.0029,-0.3046,0.057,1.0028,0.898,0.293
23.96,-0.3044,0.0568,1.0029,-0.3044,0.0568,1.0028,0.903,0.289
23.965,-0.3042,0.0567,1.0029,-0.3043,0.0567,1.0028,0.908,0.285
23.97,-0.304,0.0565,1.0028,-0.304,0.0566,1.0026,0.914,0.282
23.975,-0.3038,0.0564,1.0028,-0.304,0.0563,1.0025,0.921,0.278
23.98,-0.3037,0.0563,1.0027,-0.3037,0.0564,1.0025,0.928,0.275
23.985,-0.3035,0.0561,1.0027,-0.3037,0.0563,1.0024,0.935,0.271
23.99,-0.3033,0.056,1.0027,-0.3033,0.0561,1.0021,0.943,0.268
23.995,-0.3031,0.0559,1.0026,-0.3031,0.056,1.0021,0.952,0.265
24.0,-0.3029,0.0557,1.0026,-0.303,0.0556,1.0022,0.961,0.262
24.005,-0.3027,0.0556,1.0026,-0.3027,0.0557,1.0017,0.97,0.259
24.01,-0.3025,0.0554,1.0026,-0.3027,0.0554,1.0018,0.98,0.257
24.015,-0.3023,0.0553,1.0025,-0.3025,0.0552,1.0018,0.991,0.254
24.02,-0.3021,0.0552,1.0025,-0.3022,0.0553,1.0018,1.002,0.252
24.025,-0.3019,0.055,1.0025,-0.3021,0.0552,1.0018,1.014,0.25
24.03,-0.3017,0.0549,1.0025,-0.3017,0.0549,1.0018,1.025,0.248
24.035,-0.3015,0.0548,1.0025,-0.3017,0.0547,1.0018,1.038,0.246
24.04,-0.3013,0.0546,1.0024,-0.3015,0.0547,1.0019,1.051,0.244
24.045,-0.3012,0.0545,1.0024,-0.3014,0.0544,1.0021,1.064,0.243
24.05,-0.301,0.0543,1.0024,-0.3011,0.0544,1.0021,1.077,0.242
24.055,-0.3008,0.0542,1.0024,-0.3007,0.0543,1.0021,1.091,0.241
24.06,-0.3006,0.0541,1.0024,-0.3006,0.0542,1.0023,1.105,0.24
24.065,-0.3004,0.0539,1.0024,-0.3005,0.0539,1.0021,1.12,0.24
24.07,-0.3002,0.0538,1.0024,-0.3004,0.0539,1.0023,1.135,0.24
24.075,-0.3,0.0536,1.0024,-0.3001,0.0538,1.0021,1.15,0.24
24.08,-0.2998,0.0535,1.0024,-0.3,0.0536,1.0022,1.165,0.24
24.085,-0.2996,0.0534,1.0024,-0.2997,0.0536,1.0021,1.181,0.24
24.09,-0.2994,0.0532,1.0024,-0.2995,0.0533,1.0018,1.197,0.24
24.095,-0.2992,0.0531,1.0024,-0.2992,0.0531,1.0017,1.213,0.241
24.1,-0.299,0.0529,1.0024,-0.2992,0.053,1.0017,1.23,0.242
24.105,-0.2988,0.0528,1.0024,-0.2987,0.0528,1.0017,1.247,0.243
24.11,-0.2986,0.0527,1.0024,-0.2988,0.0527,1.0017,1.264,0.244
24.115,-0.2984,0.0525,1.0025,-0.2984,0.0527,1.0019,1.281,0.245
24.12,-0.2982,0.0524,1.0025,-0.2982,0.0526,1.002,1.298,0.247
24.125,-0.2981,0.0522,1.0025,-0.2981,0.0524,1.002,1.316,0.249
24.13,-0.2979,0.0521,1.0025,-0.298,0.0523,1.002,1.334,0.25
24.135,-0.2977,0.052,1.0025,-0.2977,0.0523,1.002,1.352,0.252
24.14,-0.2975,0.0518,1.0025,-0.2974,0.0519,1.0022,1.37,0.255
24.145,-0.2973,0.0517,1.0026,-0.2975,0.0518,1.002,1.388,0.257
24.15,-0.2971,0.0516,1.0026,-0.297,0.0514,1.0019,1.407,0.259
24.155,-0.2969,0.0514,1.0026,-0.2969,0.0515,1.0019,1.425,0.262
24.16,-0.2967,0.0513,1.0026,-0.2967,0.0513,1.0023,1.444,0.264
24.165,-0.2965,0.0511,1.0027,-0.2965,0.0512,1.0025,1.463,0.267
24.17,-0.2963,0.051,1.0027,-0.2964,0.0511,1.0027,1.482,0.269
24.175,-0.2961,0.0509,1.0027,-0.296,0.051,1.0025,1.501,0.272
24.18,-0.2959,0.0507,1.0027,-0.2959,0.0509,1.0026,1.521,0.274
24.185,-0.2957,0.0506,1.0028,-0.296,0.0508,1.0026,1.54,0.276
24.19,-0.2955,0.0505,1.0028,-0.2956,0.0507,1.0023,1.559,0.278
24.195,-0.2953,0.0503,1.0028,-0.2955,0.0507,1.0024,1.579,0.28
24.2,-0.2951,0.0502,1.0028,-0.2953,0.0504,1.0027,1.599,0.282
24.205,-0.2949,0.05,1.0028,-0.2954,0.0502,1.0026,1.619,0.284
24.21,-0.2947,0.0499,1.0028,-0.2951,0.05,1.0026,1.638,0.285
24.215,-0.2945,0.0498,1.0029,-0.295,0.05,1.0028,1.658,0.286
24.22,-0.2943,0.0496,1.0029,-0.2947,0.0495,1.0026,1.678,0.287
24.225,-0.2941,0.0495,1.0029,-0.2944,0.0496,1.0028,1.699,0.287
24.23,-0.2939,0.0494,1.0029,-0.2941,0.0495,1.003,1.719,0.287
24.235,-0.2937,0.0492,1.0029,-0.2938,0.0493,1.003,1.739,0.287
24.24,-0.2935,0.0491,1.0029,-0.2936,0.0492,1.003,1.759,0.286
24.245,-0.2933,0.049,1.0029,-0.2932,0.049,1.0033,1.779,0.285
24.25,-0.2931,0.0488,1.0028,-0.293,0.049,1.0032,1.8,0.284
24.255,-0.2929,0.0487,1.0028,-0.293,0.0488,1.0032,1.82,0.282
24.26,-0.2927,0.0486,1.0028,-0.2927,0.0486,1.0028,1.841,0.28
24.265,-0.2926,0.0484,1.0028,-0.2926,0.0485,1.0028,1.861,0.278
24.27,-0.2924,0.0483,1.0027,-0.2923,0.0483,1.0027,1.881,0.274
24.275,-0.2922,0.0482,1.0027,-0.2923,0.0483,1.0024,1.902,0.271
24.28,-0.292,0.0481,1.0027,-0.292,0.0482,1.0026,1.922,0.267
24.285,-0.2918,0.0479,1.0026,-0.2918,0.048,1.0027,1.943,0.263
24.29,-0.2916,0.0478,1.0026,-0.2915,0.0478,1.0028,1.963,0.258
24.295,-0.2914,0.0477,1.0025,-0.2915,0.0478,1.0029,1.984,0.252
24.3,-0.2912,0.0475,1.0025,-0.2913,0.0477,1.0029,2.004,0.247
24.305,-0.291,0.0474,1.0024,-0.2909,0.0473,1.0032,2.025,0.241
24.31,-0.2908,0.0473,1.0023,-0.2911,0.0474,1.0033,2.045,0.234
24.315,-0.2906,0.0472,1.0023,-0.2908,0.0473,1.0035,2.066,0.227
24.32,-0.2904,0.047,1.0022,-0.2906,0.0471,1.0032,2.087,0.22
24.325,-0.2902,0.0469,1.0021,-0.2903,0.047,1.0032,2.107,0.212
24.33,-0.29,0.0468,1.002,-0.2902,0.0468,1.003,2.128,0.204
24.335,-0.2898,0.0467,1.002,-0.2898,0.0467,1.003,2.148,0.196
24.34,-0.2896,0.0466,1.0019,-0.2898,0.0464,1.0028,2.168,0.187
24.345,-0.2894,0.0464,1.0018,-0.2896,0.0465,1.0027,2.189,0.178
24.35,-0.2892,0.0463,1.0017,-0.2892,0.0462,1.0023,2.209,0.168
24.355,-0.289,0.0462,1.0016,-0.289,0.0461,1.0023,2.23,0.159
24.36,-0.2888,0.0461,1.0015,-0.2889,0.046,1.0023,2.25,0.149
24.365,-0.2886,0.046,1.0014,-0.2888,0.0458,1.0022,2.27,0.139
24.37,-0.2884,0.0458,1.0013,-0.2885,0.046,1.0021,2.291,0.128
24.375,-0.2883,0.0457,1.0012,-0.2886,0.0459,1.0019,2.311,0.118
24.38,-0.2881,0.0456,1.0011,-0.2882,0.0456,1.0015,2.331,0.107
24.385,-0.2879,0.0455,1.001,-0.288,0.0456,1.0016,2.351,0.097
24.39,-0.2877,0.0454,1.0009,-0.288,0.0456,1.0017,2.371,0.086
24.395,-0.2875,0.0453,1.0008,-0.2876,0.0453,1.0019,2.391,0.076
24.4,-0.2873,0.0452,1.0007,-0.2872,0.0452,1.0017,2.411,0.066
24.405,-0.2871,0.045,1.0006,-0.2872,0.0451,1.0016,2.431,0.055
24.41,-0.2869,0.0449,1.0005,-0.287,0.045,1.0016,2.451,0.045
24.415,-0.2867,0.0448,1.0004,-0.2868,0.0449,1.0012,2.471,0.035
24.42,-0.2865,0.0447,1.0003,-0.2863,0.0449,1.0012,2.491,0.026
24.425,-0.2863,0.0446,1.0002,-0.2863,0.0446,1.0009,2.511,0.016
24.43,-0.2862,0.0445,1.0001,-0.2862,0.0446,1.0009,2.53,0.007
24.435,-0.286,0.0444,1.0,-0.286,0.0444,1.0006,2.55,0.002
24.44,-0.2858,0.0443,0.9999,-0.2859,0.0442,1.0006,2.569,0.011
24.445,-0.2856,0.0442,0.9998,-0.2855,0.0442,1.0007,2.588,0.019
24.45,-0.2854,0.0441,0.9997,-0.2855,0.0441,1.0005,2.608,0.027
24.455,-0.2852,0.044,0.9997,-0.2852,0.0439,1.0005,2.627,0.034
24.46,-0.2851,0.0439,0.9996,-0.2852,0.0437,1.0004,2.646,0.042
24.465,-0.2849,0.0438,0.9995,-0.2851,0.0439,1.0002,2.665,0.048
24.47,-0.2847,0.0437,0.9995,-0.2848,0.0437,0.9999,2.684,0.054
24.475,-0.2845,0.0436,0.9994,-0.2845,0.0435,1.0,2.703,0.06
24.48,-0.2843,0.0435,0.9993,-0.2845,0.0433,1.0001,2.722,0.065
24.485,-0.2842,0.0434,0.9993,-0.2842,0.0432,0.9999,2.74,0.07
24.49,-0.284,0.0433,0.9993,-0.2841,0.0432,0.9999,2.759,0.074
24.495,-0.2838,0.0432,0.9992,-0.2837,0.0432,0.9998,2.777,0.078
24.5,-0.2836,0.0431,0.9992,-0.2838,0.0431,0.9996,2.795,0.081
24.505,-0.2835,0.043,0.9992,-0.2835,0.043,0.9996,2.814,0.083
24.51,-0.2833,0.0429,0.9991,-0.2834,0.043,0.9994,2.832,0.085
24.515,-0.2831,0.0428,0.9991,-0.2834,0.0429,0.9993,2.85,0.087
24.52,-0.2829,0.0427,0.9991,-0.2831,0.0428,0.9994,2.868,0.088
24.525,-0.2828,0.0426,0.9991,-0.2828,0.0428,0.9991,2.885,0.088
24.53,-0.2826,0.0425,0.9991,-0.283,0.0426,0.9989,2.903,0.088
24.535,-0.2824,0.0424,0.9991,-0.2826,0.0425,0.999,2.921,0.088
24.54,-0.2823,0.0423,0.9991,-0.2824,0.0424,0.999,2.938,0.087
24.545,-0.2821,0.0423,0.9991,-0.2823,0.0424,0.9988,2.955,0.085
24.55,-0.2819,0.0422,0.9992,-0.2822,0.0422,0.9988,2.972,0.083
24.555,-0.2818,0.0421,0.9992,-0.2816,0.0422,0.9989,2.989,0.081
24.56,-0.2816,0.042,0.9992,-0.2818,0.0422,0.9988,3.006,0.078
24.565,-0.2814,0.0419,0.9993,-0.2815,0.0419,0.9985,3.023,0.074
24.57,-0.2813,0.0418,0.9993,-0.2814,0.0419,0.9983,3.04,0.071
24.575,-0.2811,0.0417,0.9993,-0.2813,0.0418,0.9984,3.056,0.066
24.58,-0.281,0.0417,0.9994,-0.281,0.0416,0.9982,3.072,0.062
24.585,-0.2808,0.0416,0.9994,-0.2808,0.0415,0.998,3.088,0.057
24.59,-0.2807,0.0415,0.9995,-0.2808,0.0415,0.9978,3.104,0.051
24.595,-0.2805,0.0414,0.9995,-0.2806,0.0413,0.9979,3.12,0.045
24.6,-0.2804,0.0414,0.9996,-0.2804,0.0415,0.9983,3.136,0.039
24.605,-0.2802,0.0413,0.9997,-0.2801,0.0411,0.9983,3.152,0.033
24.61,-0.28,0.0412,0.9997,-0.2801,0.0409,0.9982,3.167,0.026
24.615,-0.2799,0.0411,0.9998,-0.2798,0.041,0.9982,3.182,0.019
24.62,-0.2798,0.0411,0.9999,-0.2796,0.0408,0.9983,3.197,0.012
24.625,-0.2796,0.041,1.0,-0.2796,0.041,0.9983,3.212,0.005
24.63,-0.2795,0.0409,1.0,-0.2796,0.041,0.9984,3.227,0.003
24.635,-0.2793,0.0409,1.0001,-0.2793,0.0408,0.9987,3.242,0.01
24.64,-0.2792,0.0408,1.0002,-0.2792,0.0407,0.9987,3.256,0.018
24.645,-0.279,0.0407,1.0003,-0.279,0.0407,0.9986,3.271,0.026
24.65,-0.2789,0.0407,1.0003,-0.279,0.0409,0.9985,3.285,0.034
24.655,-0.2787,0.0406,1.0004,-0.2786,0.0409,0.9987,3.3,0.041
24.66,-0.2786,0.0405,1.0005,-0.2786,0.0406,0.9987,3.314,0.049
24.665,-0.2785,0.0405,1.0006,-0.2786,0.0407,0.9985,3.328,0.057
24.67,-0.2783,0.0404,1.0006,-0.2783,0.0406,0.999,3.341,0.064
24.675,-0.2782,0.0403,1.0007,-0.2782,0.0404,0.9992,3.355,0.072
24.68,-0.2781,0.0403,1.0008,-0.2782,0.0403,0.9992,3.369,0.079
24.685,-0.2779,0.0402,1.0009,-0.2779,0.0402,0.9996,3.382,0.086
24.69,-0.2778,0.0402,1.0009,-0.2778,0.0401,1.0,3.396,0.093
24.695,-0.2777,0.0401,1.001,-0.2777,0.0401,1.0,3.409,0.1
24.7,-0.2775,0.0401,1.0011,-0.2776,0.0402,1.0001,3.422,0.106
24.705,-0.2774,0.04,1.0011,-0.2775,0.0401,1.0001,3.435,0.112
24.71,-0.2773,0.0399,1.0012,-0.2773,0.0399,1.0002,3.448,0.118
24.715,-0.2771,0.0399,1.0012,-0.2772,0.0398,1.0002,3.46,0.123
24.72,-0.277,0.0398,1.0013,-0.277,0.0398,1.0002,3.473,0.128
24.725,-0.2769,0.0398,1.0013,-0.277,0.0397,1.0003,3.485,0.132
24.73,-0.2768,0.0397,1.0014,-0.277,0.0397,1.0005,3.498,0.136
24.735,-0.2766,0.0397,1.0014,-0.2766,0.0398,1.0003,3.51,0.14
24.74,-0.2765,0.0396,1.0014,-0.2766,0.0397,1.0004,3.522,0.142
24.745,-0.2764,0.0396,1.0014,-0.2764,0.0396,1.0004,3.534,0.145
24.75,-0.2763,0.0396,1.0015,-0.2763,0.0397,1.0008,3.546,0.147
24.755,-0.2761,0.0395,1.0015,-0.2761,0.0396,1.0009,3.557,0.148
24.76,-0.276,0.0395,1.0015,-0.2761,0.0397,1.0009,3.569,0.149
24.765,-0.2759,0.0394,1.0015,-0.276,0.0397,1.001,3.58,0.15
24.77,-0.2758,0.0394,1.0015,-0.2758,0.0395,1.001,3.592,0.15
24.775,-0.2757,0.0393,1.0015,-0.2757,0.0394,1.0012,3.603,0.149
24.78,-0.2755,0.0393,1.0015,-0.2755,0.0394,1.0013,3.614,0.148
24.785,-0.2754,0.0393,1.0015,-0.2753,0.0394,1.0014,3.624,0.147
24.79,-0.2753,0.0392,1.0014,-0.2753,0.0392,1.0018,3.635,0.145
24.795,-0.2752,0.0392,1.0014,-0.2754,0.039,1.0017,3.646,0.142
24.8,-0.2751,0.0391,1.0014,-0.2751,0.0391,1.0014,3.656,0.139
24.805,-0.275,0.0391,1.0014,-0.275,0.0392,1.0015,3.666,0.136
24.81,-0.2749,0.0391,1.0013,-0.275,0.039,1.0016,3.676,0.132
24.815,-0.2748,0.039,1.0013,-0.275,0.039,1.0019,3.686,0.128
24.82,-0.2747,0.039,1.0012,-0.2748,0.039,1.002,3.696,0.123
24.825,-0.2745,0.039,1.0012,-0.2748,0.0391,1.0025,3.706,0.118
24.83,-0.2744,0.039,1.0011,-0.2745,0.0389,1.0025,3.715,0.112
24.835,-0.2743,0.0389,1.0011,-0.2746,0.0389,1.0024,3.725,0.106
24.84,-0.2742,0.0389,1.001,-0.2743,0.039,1.0026,3.734,0.099
24.845,-0.2741,0.0389,1.0009,-0.2741,0.039,1.0025,3.743,0.092
24.85,-0.274,0.0389,1.0008,-0.2741,0.039,1.0025,3.752,0.085
24.855,-0.2739,0.0388,1.0008,-0.274,0.0388,1.0024,3.76,0.077
24.86,-0.2738,0.0388,1.0007,-0.274,0.0387,1.0023,3.769,0.068
24.865,-0.2737,0.0388,1.0006,-0.2738,0.0388,1.0023,3.777,0.059
24.87,-0.2736,0.0388,1.0005,-0.2736,0.0388,1.0023,3.786,0.05
24.875,-0.2736,0.0387,1.0004,-0.2736,0.039,1.0022,3.794,0.041
24.88,-0.2735,0.0387,1.0003,-0.2734,0.0388,1.0022,3.802,0.031
24.885,-0.2734,0.0387,1.0002,-0.2734,0.0388,1.0022,3.809,0.021
24.89,-0.2733,0.0387,1.0001,-0.2733,0.0388,1.0023,3.817,0.01
24.895,-0.2732,0.0387,1.0,-0.2733,0.0386,1.0021,3.824,0.0
24.9,-0.2731,0.0387,0.9999,-0.273,0.0388,1.0022,3.831,0.011
24.905,-0.273,0.0386,0.9998,-0.2731,0.0387,1.002,3.838,0.022
24.91,-0.2729,0.0386,0.9997,-0.2729,0.0386,1.0019,3.845,0.033
24.915,-0.2729,0.0386,0.9996,-0.2727,0.0386,1.0018,3.852,0.045
24.92,-0.2728,0.0386,0.9994,-0.273,0.0386,1.0017,3.858,0.056
24.925,-0.2727,0.0386,0.9993,-0.2728,0.0386,1.0015,3.864,0.067
24.93,-0.2726,0.0386,0.9992,-0.2727,0.0387,1.0014,3.87,0.079
24.935,-0.2726,0.0386,0.9991,-0.2727,0.0385,1.0014,3.876,0.09
24.94,-0.2725,0.0386,0.999,-0.2727,0.0385,1.001,3.882,0.101
24.945,-0.2724,0.0386,0.9989,-0.2726,0.0385,1.0007,3.887,0.112
24.95,-0.2723,0.0386,0.9988,-0.2724,0.0386,1.0006,3.892,0.123
24.955,-0.2723,0.0386,0.9987,-0.2723,0.0385,1.0006,3.897,0.134
24.96,-0.2722,0.0386,0.9986,-0.2723,0.0387,1.0006,3.902,0.144
24.965,-0.2721,0.0386,0.9985,-0.2722,0.0388,1.0005,3.906,0.154
24.97,-0.2721,0.0386,0.9984,-0.2721,0.0387,1.0006,3.91,0.164
24.975,-0.272,0.0386,0.9983,-0.2718,0.0387,1.0006,3.914,0.174
24.98,-0.272,0.0386,0.9982,-0.272,0.0387,1.0003,3.918,0.183
24.985,-0.2719,0.0386,0.9981,-0.2718,0.0387,1.0003,3.922,0.191
24.99,-0.2718,0.0386,0.998,-0.2718,0.0388,1.0,3.925,0.2
24.995,-0.2718,0.0386,0.9979,-0.2719,0.0387,0.9999,3.928,0.207
25.0,-0.2717,0.0387,0.9979,-0.2715,0.0388,0.9999,3.931,0.215
25.005,-0.2717,0.0387,0.9978,-0.2715,0.0388,0.9994,3.934,0.222
25.01,-0.2716,0.0387,0.9977,-0.2718,0.0387,0.9992,3.936,0.228
25.015,-0.2716,0.0387,0.9977,-0.2716,0.0386,0.9993,3.938,0.234
25.02,-0.2716,0.0387,0.9976,-0.2717,0.0387,0.9994,3.94,0.24
25.025,-0.2715,0.0387,0.9976,-0.2717,0.0387,0.9995,3.942,0.245
25.03,-0.2715,0.0388,0.9975,-0.2717,0.0388,0.9994,3.944,0.249
25.035,-0.2714,0.0388,0.9975,-0.2717,0.0389,0.9993,3.945,0.253
25.04,-0.2714,0.0388,0.9974,-0.2714,0.0388,0.9993,3.946,0.257
25.045,-0.2714,0.0388,0.9974,-0.2716,0.0389,0.9992,3.947,0.26
25.05,-0.2713,0.0389,0.9974,-0.2716,0.0388,0.9993,3.947,0.262
25.055,-0.2713,0.0389,0.9974,-0.2714,0.0386,0.9993,3.948,0.264
25.06,-0.2713,0.0389,0.9973,-0.2714,0.0387,0.9993,3.948,0.266
25.065,-0.2713,0.0389,0.9973,-0.2714,0.0389,0.9992,3.948,0.267
25.07,-0.2712,0.039,0.9973,-0.2713,0.039,0.9992,3.947,0.268
25.075,-0.2712,0.039,0.9973,-0.2713,0.0389,0.9992,3.947,0.268
25.08,-0.2712,0.039,0.9973,-0.2712,0.039,0.9992,3.946,0.268
25.085,-0.2712,0.0391,0.9973,-0.2712,0.0391,0.9991,3.945,0.267
25.09,-0.2712,0.0391,0.9973,-0.2713,0.039,0.999,3.944,0.266
25.095,-0.2712,0.0392,0.9973,-0.2712,0.0391,0.9989,3.942,0.265
25.1,-0.2712,0.0392,0.9974,-0.2713,0.0391,0.9987,3.94,0.264
25.105,-0.2711,0.0392,0.9974,-0.2711,0.0391,0.9986,3.938,0.262
25.11,-0.2711,0.0393,0.9974,-0.2711,0.0394,0.9986,3.936,0.26
25.115,-0.2711,0.0393,0.9974,-0.2711,0.0394,0.9982,3.933,0.258
25.12,-0.2711,0.0394,0.9974,-0.2712,0.0395,0.998,3.931,0.256
25.125,-0.2711,0.0394,0.9975,-0.2711,0.0397,0.9981,3.928,0.253
25.13,-0.2711,0.0395,0.9975,-0.2714,0.0396,0.998,3.925,0.25
25.135,-0.2711,0.0395,0.9975,-0.2713,0.0395,0.998,3.921,0.247
25.14,-0.2711,0.0395,0.9976,-0.2713,0.0395,0.9979,3.918,0.244
25.145,-0.2711,0.0396,0.9976,-0.2713,0.0396,0.9981,3.914,0.24
25.15,-0.2712,0.0397,0.9976,-0.2712,0.0396,0.9981,3.91,0.236
25.155,-0.2712,0.0397,0.9977,-0.2712,0.0396,0.9982,3.905,0.232
25.16,-0.2712,0.0398,0.9977,-0.2713,0.0397,0.9985,3.901,0.228
25.165,-0.2712,0.0398,0.9978,-0.2711,0.0398,0.9983,3.896,0.224
25.17,-0.2712,0.0399,0.9978,-0.2713,0.0397,0.9986,3.891,0.219
25.175,-0.2712,0.0399,0.9979,-0.2712,0.0399,0.9985,3.886,0.214
25.18,-0.2713,0.04,0.9979,-0.2712,0.04,0.9988,3.88,0.21
25.185,-0.2713,0.04,0.998,-0.2711,0.0399,0.999,3.874,0.205
25.19,-0.2713,0.0401,0.998,-0.2713,0.0402,0.9992,3.868,0.2
25.195,-0.2713,0.0402,0.998,-0.2713,0.0403,0.9991,3.862,0.195
25.2,-0.2714,0.0402,0.9981,-0.2713,0.0403,0.9992,3.855,0.19
25.205,-0.2714,0.0403,0.9981,-0.2714,0.0403,0.9993,3.849,0.186
25.21,-0.2714,0.0404,0.9982,-0.2715,0.0402,0.9992,3.842,0.181
25.215,-0.2715,0.0404,0.9982,-0.2715,0.0405,0.9994,3.835,0.177
25.22,-0.2715,0.0405,0.9983,-0.2716,0.0404,0.9997,3.827,0.173
25.225,-0.2716,0.0406,0.9983,-0.2715,0.0406,0.9998,3.82,0.168
25.23,-0.2716,0.0406,0.9984,-0.2716,0.0408,0.9998,3.812,0.165
25.235,-0.2716,0.0407,0.9984,-0.2715,0.0407,0.9997,3.804,0.161
25.24,-0.2717,0.0408,0.9984,-0.2718,0.0406,0.9997,3.796,0.158
25.245,-0.2717,0.0409,0.9985,-0.2719,0.0407,0.9995,3.787,0.155
25.25,-0.2718,0.0409,0.9985,-0.2719,0.0407,0.9997,3.779,0.152
25.255,-0.2718,0.041,0.9985,-0.2717,0.0411,0.9999,3.77,0.15
25.26,-0.2719,0.0411,0.9985,-0.2717,0.0409,1.0002,3.761,0.148
25.265,-0.2719,0.0412,0.9985,-0.2721,0.041,1.0003,3.752,0.146
25.27,-0.272,0.0413,0.9985,-0.2722,0.0412,1.0,3.742,0.145
25.275,-0.272,0.0413,0.9986,-0.2721,0.0413,1.0002,3.733,0.144
25.28,-0.2721,0.0414,0.9986,-0.2721,0.0412,1.0002,3.723,0.144
25.285,-0.2722,0.0415,0.9986,-0.2722,0.0413,1.0002,3.713,0.144
25.29,-0.2722,0.0416,0.9985,-0.2723,0.0415,1.0002,3.702,0.145
25.295,-0.2723,0.0417,0.9985,-0.2723,0.0418,1.0005,3.692,0.146
25.3,-0.2724,0.0418,0.9985,-0.2725,0.042,1.0005,3.681,0.148
25.305,-0.2724,0.0419,0.9985,-0.2724,0.042,1.0001,3.67,0.15
25.31,-0.2725,0.0419,0.9985,-0.2725,0.0422,1.0002,3.659,0.152
25.315,-0.2726,0.042,0.9984,-0.2724,0.0422,1.0,3.648,0.155
25.32,-0.2726,0.0421,0.9984,-0.2725,0.0423,1.0,3.637,0.159
25.325,-0.2727,0.0422,0.9984,-0.2727,0.0422,0.9999,3.625,0.163
25.33,-0.2728,0.0423,0.9983,-0.2728,0.0426,1.0,3.613,0.167
25.335,-0.2729,0.0424,0.9983,-0.2729,0.0424,1.0001,3.601,0.172
25.34,-0.273,0.0425,0.9982,-0.2729,0.0424,1.0005,3.588,0.177
25.345,-0.273,0.0426,0.9982,-0.2731,0.0425,1.0005,3.576,0.183
25.35,-0.2731,0.0427,0.9981,-0.2731,0.0426,1.0004,3.563,0.189
25.355,-0.2732,0.0428,0.998,-0.2732,0.0427,1.0003,3.55,0.195
25.36,-0.2733,0.0429,0.998,-0.2734,0.0427,1.0003,3.537,0.202
25.365,-0.2734,0.043,0.9979,-0.2735,0.043,1.0002,3.523,0.209
25.37,-0.2735,0.0431,0.9978,-0.2734,0.043,1.0,3.51,0.216
25.375,-0.2736,0.0432,0.9978,-0.2737,0.0433,1.0002,3.496,0.224
25.38,-0.2737,0.0433,0.9977,-0.2738,0.0435,1.0001,3.482,0.232
25.385,-0.2738,0.0434,0.9976,-0.2738,0.0432,1.0001,3.467,0.24
25.39,-0.2739,0.0435,0.9975,-0.2741,0.0435,0.9998,3.453,0.249
25.395,-0.274,0.0436,0.9974,-0.274,0.0437,0.9998,3.438,0.257
25.4,-0.2741,0.0437,0.9973,-0.2741,0.0438,0.9999,3.423,0.266
25.405,-0.2742,0.0439,0.9972,-0.2742,0.0439,0.9998,3.408,0.275
25.41,-0.2743,0.044,0.9972,-0.2744,0.0439,0.9998,3.392,0.284
25.415,-0.2744,0.0441,0.9971,-0.2744,0.0443,0.9998,3.377,0.294
25.42,-0.2745,0.0442,0.997,-0.2745,0.0442,0.9995,3.361,0.303
25.425,-0.2746,0.0443,0.9969,-0.2747,0.0443,0.9994,3.345,0.312
25.43,-0.2747,0.0444,0.9968,-0.2748,0.0445,0.9995,3.328,0.322
25.435,-0.2749,0.0445,0.9967,-0.2748,0.0446,0.9995,3.312,0.331
25.44,-0.275,0.0447,0.9966,-0.2749,0.0447,0.999,3.295,0.34
25.445,-0.2751,0.0448,0.9965,-0.275,0.0448,0.9989,3.278,0.35
25.45,-0.2752,0.0449,0.9964,-0.2753,0.0448,0.9989,3.261,0.359
25.455,-0.2754,0.045,0.9963,-0.2754,0.045,0.9988,3.243,0.367
25.46,-0.2755,0.0452,0.9962,-0.2755,0.0451,0.9989,3.225,0.376
25.465,-0.2756,0.0453,0.9962,-0.2756,0.0452,0.9987,3.207,0.384
25.47,-0.2758,0.0454,0.9961,-0.2756,0.0454,0.9982,3.189,0.392
25.475,-0.2759,0.0455,0.996,-0.2758,0.0455,0.9979,3.17,0.4
25.48,-0.276,0.0457,0.9959,-0.276,0.0458,0.9978,3.152,0.407
25.485,-0.2762,0.0458,0.9959,-0.2761,0.0458,0.9976,3.133,0.414
25.49,-0.2763,0.0459,0.9958,-0.2764,0.046,0.9977,3.113,0.42
25.495,-0.2765,0.0461,0.9957,-0.2764,0.0459,0.9974,3.094,0.426
25.5,-0.2766,0.0462,0.9957,-0.2766,0.0461,0.9973,3.074,0.431
25.505,-0.2768,0.0463,0.9956,-0.2767,0.0463,0.9973,3.054,0.435
25.51,-0.2769,0.0465,0.9956,-0.2768,0.0465,0.997,3.034,0.439
25.515,-0.2771,0.0466,0.9956,-0.2771,0.0466,0.9969,3.013,0.443
25.52,-0.2772,0.0467,0.9955,-0.2771,0.0467,0.9969,2.993,0.445
25.525,-0.2774,0.0469,0.9955,-0.2772,0.0469,0.9964,2.972,0.447
25.53,-0.2775,0.047,0.9955,-0.2772,0.0468,0.9961,2.95,0.448
25.535,-0.2777,0.0471,0.9955,-0.2773,0.0471,0.9957,2.929,0.449
25.54,-0.2779,0.0473,0.9955,-0.2778,0.0472,0.9956,2.907,0.449
25.545,-0.278,0.0474,0.9955,-0.2779,0.0475,0.9958,2.885,0.448
25.55,-0.2782,0.0476,0.9955,-0.2783,0.0474,0.9957,2.863,0.446
25.555,-0.2784,0.0477,0.9956,-0.2784,0.0476,0.996,2.841,0.443
25.56,-0.2785,0.0479,0.9956,-0.2784,0.0478,0.9958,2.818,0.44
25.565,-0.2787,0.048,0.9956,-0.2787,0.0481,0.9957,2.795,0.436
25.57,-0.2789,0.0482,0.9957,-0.279,0.0481,0.9959,2.772,0.431
25.575,-0.2791,0.0483,0.9957,-0.2792,0.0482,0.9959,2.748,0.425
25.58,-0.2793,0.0485,0.9958,-0.2793,0.0483,0.9958,2.725,0.419
25.585,-0.2794,0.0486,0.9959,-0.2795,0.0486,0.9957,2.701,0.412
25.59,-0.2796,0.0488,0.996,-0.2797,0.0487,0.9956,2.677,0.404
25.595,-0.2798,0.0489,0.996,-0.28,0.0491,0.9956,2.653,0.395
25.6,-0.28,0.0491,0.9961,-0.2798,0.0491,0.9956,2.628,0.386
25.605,-0.2802,0.0492,0.9962,-0.28,0.0492,0.9955,2.603,0.377
25.61,-0.2804,0.0494,0.9963,-0.2803,0.0496,0.9955,2.579,0.366
25.615,-0.2806,0.0495,0.9964,-0.2805,0.0495,0.9957,2.553,0.356
25.62,-0.2808,0.0497,0.9966,-0.2806,0.0496,0.9958,2.528,0.344
25.625,-0.281,0.0499,0.9967,-0.2808,0.0497,0.9957,2.502,0.333
25.63,-0.2812,0.05,0.9968,-0.281,0.05,0.9958,2.477,0.32
25.635,-0.2814,0.0502,0.9969,-0.2814,0.0501,0.9957,2.451,0.308
25.64,-0.2816,0.0503,0.9971,-0.2817,0.0504,0.9958,2.424,0.295
25.645,-0.2818,0.0505,0.9972,-0.2819,0.0506,0.9958,2.398,0.281
25.65,-0.282,0.0507,0.9973,-0.2821,0.0505,0.996,2.371,0.268
25.655,-0.2822,0.0508,0.9975,-0.2823,0.0506,0.9961,2.345,0.254
25.66,-0.2824,0.051,0.9976,-0.2825,0.051,0.9962,2.318,0.239
25.665,-0.2826,0.0512,0.9978,-0.2826,0.0511,0.996,2.29,0.225
25.67,-0.2829,0.0513,0.9979,-0.283,0.0512,0.9963,2.263,0.21
25.675,-0.2831,0.0515,0.998,-0.2833,0.0514,0.9963,2.236,0.195
25.68,-0.2833,0.0517,0.9982,-0.2833,0.0516,0.9964,2.208,0.18
25.685,-0.2835,0.0519,0.9983,-0.2835,0.0517,0.9966,2.18,0.165
25.69,-0.2837,0.052,0.9985,-0.2836,0.052,0.9966,2.152,0.15
25.695,-0.284,0.0522,0.9987,-0.284,0.0521,0.9966,2.124,0.135
25.7,-0.2842,0.0524,0.9988,-0.284,0.0523,0.9967,2.095,0.12
25.705,-0.2844,0.0526,0.999,-0.2842,0.0525,0.9969,2.067,0.105
25.71,-0.2846,0.0527,0.9991,-0.2845,0.0526,0.9968,2.038,0.09
25.715,-0.2849,0.0529,0.9992,-0.2848,0.0528,0.9971,2.009,0.075
25.72,-0.2851,0.0531,0.9994,-0.285,0.053,0.9975,1.98,0.06
25.725,-0.2853,0.0533,0.9995,-0.2853,0.0532,0.9976,1.951,0.046
25.73,-0.2856,0.0535,0.9997,-0.2855,0.0534,0.9978,1.921,0.032
25.735,-0.2858,0.0536,0.9998,-0.2858,0.0534,0.998,1.892,0.018
25.74,-0.286,0.0538,1.0,-0.2861,0.0539,0.998,1.862,0.005
25.745,-0.2863,0.054,1.0001,-0.2862,0.054,0.998,1.832,0.008
25.75,-0.2865,0.0542,1.0002,-0.2863,0.0541,0.9981,1.802,0.021
25.755,-0.2867,0.0544,1.0003,-0.2868,0.0543,0.9982,1.772,0.033
25.76,-0.287,0.0545,1.0004,-0.2869,0.0546,0.9984,1.742,0.044
25.765,-0.2872,0.0547,1.0006,-0.2871,0.0547,0.9985,1.712,0.055
25.77,-0.2875,0.0549,1.0007,-0.2874,0.0547,0.9986,1.682,0.065
25.775,-0.2877,0.0551,1.0008,-0.2878,0.0551,0.9989,1.651,0.075
25.78,-0.2879,0.0553,1.0008,-0.2878,0.0553,0.9989,1.62,0.084
25.785,-0.2882,0.0555,1.0009,-0.288,0.0553,0.9992,1.59,0.093
25.79,-0.2884,0.0557,1.001,-0.2884,0.0556,0.9992,1.559,0.101
25.795,-0.2887,0.0559,1.0011,-0.2884,0.0558,0.9993,1.528,0.108
25.8,-0.2889,0.056,1.0011,-0.2888,0.056,0.9995,1.497,0.114
25.805,-0.2892,0.0562,1.0012,-0.289,0.0562,0.9996,1.466,0.12
25.81,-0.2894,0.0564,1.0012,-0.2892,0.0562,0.9995,1.434,0.125
25.815,-0.2897,0.0566,1.0013,-0.2896,0.0565,0.9996,1.403,0.129
25.82,-0.2899,0.0568,1.0013,-0.2899,0.0568,0.9997,1.372,0.132
25.825,-0.2902,0.057,1.0014,-0.29,0.0571,0.9996,1.34,0.135
25.83,-0.2904,0.0572,1.0014,-0.2903,0.0572,0.9998,1.309,0.137
25.835,-0.2907,0.0574,1.0014,-0.2907,0.0572,0.9998,1.277,0.139
25.84,-0.2909,0.0576,1.0014,-0.2909,0.0575,0.9998,1.245,0.139
25.845,-0.2912,0.0578,1.0014,-0.2911,0.0578,0.9999,1.214,0.139
25.85,-0.2914,0.058,1.0014,-0.2915,0.0581,1.0,1.182,0.139
25.855,-0.2917,0.0581,1.0014,-0.2917,0.0581,1.0001,1.15,0.138
25.86,-0.2919,0.0583,1.0014,-0.292,0.0584,1.0002,1.118,0.136
25.865,-0.2922,0.0585,1.0013,-0.2922,0.0585,1.0004,1.086,0.134
25.87,-0.2924,0.0587,1.0013,-0.2923,0.0586,1.0006,1.054,0.131
25.875,-0.2927,0.0589,1.0013,-0.2927,0.0589,1.0006,1.022,0.128
25.88,-0.293,0.0591,1.0012,-0.2927,0.0591,1.0007,0.99,0.124
25.885,-0.2932,0.0593,1.0012,-0.2931,0.0591,1.0008,0.957,0.12
25.89,-0.2935,0.0595,1.0011,-0.2934,0.0595,1.0009,0.925,0.115
25.895,-0.2937,0.0597,1.0011,-0.2936,0.0596,1.001,0.893,0.11
25.9,-0.294,0.0599,1.001,-0.2938,0.0598,1.0011,0.86,0.104
25.905,-0.2942,0.0601,1.001,-0.294,0.06,1.0012,0.828,0.098
25.91,-0.2945,0.0603,1.0009,-0.2942,0.0602,1.001,0.795,0.091
25.915,-0.2948,0.0605,1.0008,-0.2946,0.0603,1.001,0.762,0.085
25.92,-0.295,0.0607,1.0008,-0.295,0.0606,1.0009,0.73,0.077
25.925,-0.2953,0.0609,1.0007,-0.2952,0.0611,1.0006,0.697,0.07
25.93,-0.2955,0.0611,1.0006,-0.2953,0.0611,1.0006,0.664,0.063
25.935,-0.2958,0.0613,1.0005,-0.2958,0.0614,1.0004,0.632,0.055
25.94,-0.2961,0.0615,1.0005,-0.296,0.0615,1.0002,0.599,0.047
25.945,-0.2963,0.0617,1.0004,-0.2964,0.0618,1.0004,0.566,0.039
25.95,-0.2966,0.0619,1.0003,-0.2966,0.0619,1.0002,0.533,0.031
25.955,-0.2968,0.0621,1.0002,-0.2968,0.062,1.0,0.5,0.023
25.96,-0.2971,0.0623,1.0002,-0.2972,0.0621,0.9999,0.467,0.015
25.965,-0.2974,0.0625,1.0001,-0.2972,0.0624,1.0,0.434,0.008
25.97,-0.2976,0.0627,1.0,-0.2977,0.0627,0.9997,0.401,0.0
25.975,-0.2979,0.0629,0.9999,-0.2979,0.0628,0.9998,0.368,0.007
25.98,-0.2982,0.0631,0.9999,-0.2979,0.0631,0.9999,0.335,0.014
25.985,-0.2984,0.0633,0.9998,-0.2982,0.0634,0.9998,0.302,0.021
25.99,-0.2987,0.0635,0.9997,-0.2984,0.0634,0.9997,0.268,0.028
25.995,-0.299,0.0637,0.9997,-0.2988,0.0637,0.9996,0.235,0.034
26.0,-0.2992,0.0639,0.9996,-0.2991,0.0638,0.9994,0.202,0.04
26.005,-0.2995,0.0641,0.9995,-0.2994,0.0642,0.9992,0.168,0.045
26.01,-0.2997,0.0643,0.9995,-0.2996,0.0643,0.9992,0.135,0.05
26.015,-0.3,0.0645,0.9995,-0.3,0.0643,0.9992,0.102,0.055
26.02,-0.3003,0.0647,0.9994,-0.3003,0.0647,0.9994,0.068,0.059
26.025,-0.3005,0.0649,0.9994,-0.3006,0.0648,0.9992,0.035,0.062
26.03,-0.3008,0.0651,0.9993,-0.3008,0.0649,0.9991,0.002,0.066
26.035,-0.3011,0.0653,0.9993,-0.3011,0.0654,0.999,0.032,0.068
26.04,-0.3013,0.0655,0.9993,-0.3013,0.0655,0.9989,0.066,0.07
26.045,-0.3016,0.0657,0.9993,-0.3016,0.0659,0.9989,0.1,0.072
26.05,-0.3019,0.0659,0.9993,-0.3019,0.066,0.999,0.133,0.072
26.055,-0.3022,0.0661,0.9993,-0.3022,0.0659,0.9987,0.167,0.073
26.06,-0.3024,0.0663,0.9993,-0.3024,0.0662,0.9984,0.2,0.072
26.065,-0.3027,0.0665,0.9993,-0.3027,0.0666,0.9983,0.234,0.072
26.07,-0.303,0.0667,0.9993,-0.3029,0.0668,0.9985,0.268,0.07
26.075,-0.3032,0.0669,0.9993,-0.3032,0.067,0.9986,0.302,0.068
26.08,-0.3035,0.0671,0.9993,-0.3033,0.0669,0.9985,0.335,0.065
26.085,-0.3038,0.0673,0.9994,-0.3038,0.0671,0.9983,0.369,0.062
26.09,-0.304,0.0675,0.9994,-0.3037,0.0673,0.9984,0.403,0.058
26.095,-0.3043,0.0677,0.9995,-0.3041,0.0676,0.9984,0.437,0.054
26.1,-0.3046,0.0679,0.9995,-0.3045,0.0678,0.9985,0.471,0.048
26.105,-0.3049,0.0682,0.9996,-0.3048,0.068,0.9984,0.505,0.043
26.11,-0.3051,0.0684,0.9996,-0.3049,0.0681,0.9983,0.538,0.037
26.115,-0.3054,0.0686,0.9997,-0.3052,0.0683,0.9982,0.572,0.03
26.12,-0.3057,0.0688,0.9998,-0.3055,0.0686,0.9984,0.606,0.023
26.125,-0.3059,0.069,0.9998,-0.3059,0.0689,0.9985,0.64,0.015
26.13,-0.3062,0.0692,0.9999,-0.3064,0.0691,0.9985,0.674,0.007
26.135,-0.3065,0.0694,1.0,-0.3064,0.0694,0.9986,0.707,0.001
26.14,-0.3068,0.0696,1.0001,-0.3069,0.0694,0.9985,0.741,0.01
26.145,-0.307,0.0698,1.0002,-0.3072,0.0698,0.9987,0.775,0.019
26.15,-0.3073,0.07,1.0003,-0.3073,0.07,0.9985,0.808,0.028
26.155,-0.3076,0.0702,1.0004,-0.3076,0.0702,0.9984,0.842,0.037
26.16,-0.3078,0.0704,1.0005,-0.3081,0.0701,0.9987,0.875,0.047
26.165,-0.3081,0.0706,1.0006,-0.3081,0.0705,0.999,0.909,0.057
26.17,-0.3084,0.0708,1.0007,-0.3083,0.0707,0.9992,0.943,0.067
26.175,-0.3087,0.0709,1.0008,-0.3087,0.0708,0.9995,0.976,0.077
26.18,-0.3089,0.0711,1.0009,-0.3089,0.0711,0.9999,1.009,0.087
26.185,-0.3092,0.0713,1.001,-0.3089,0.0714,1.0001,1.043,0.097
26.19,-0.3095,0.0715,1.0011,-0.3093,0.0716,1.0,1.076,0.107
26.195,-0.3097,0.0717,1.0012,-0.3096,0.0716,1.0003,1.109,0.116
26.2,-0.31,0.0719,1.0013,-0.3096,0.0719,1.0004,1.143,0.126
26.205,-0.3103,0.0721,1.0013,-0.3102,0.072,1.0004,1.176,0.135
26.21,-0.3105,0.0723,1.0014,-0.3101,0.0721,1.0002,1.209,0.144
26.215,-0.3108,0.0725,1.0015,-0.3105,0.0723,1.0003,1.242,0.152
26.22,-0.3111,0.0727,1.0016,-0.3107,0.0726,1.0002,1.275,0.16
26.225,-0.3113,0.0729,1.0017,-0.3111,0.0729,1.0002,1.307,0.168
26.23,-0.3116,0.0731,1.0018,-0.3116,0.0729,1.0004,1.34,0.175
26.235,-0.3119,0.0733,1.0018,-0.3118,0.0732,1.0004,1.373,0.182
26.24,-0.3121,0.0735,1.0019,-0.3121,0.0734,1.0002,1.405,0.188
26.245,-0.3124,0.0737,1.0019,-0.3124,0.0738,1.0003,1.437,0.194
26.25,-0.3127,0.0738,1.002,-0.3128,0.0739,1.0004,1.47,0.199
26.255,-0.3129,0.074,1.002,-0.313,0.074,1.0007,1.502,0.204
26.26,-0.3132,0.0742,1.0021,-0.313,0.0743,1.0007,1.534,0.208
26.265,-0.3134,0.0744,1.0021,-0.3135,0.0745,1.0009,1.565,0.212
26.27,-0.3137,0.0746,1.0022,-0.3137,0.0747,1.001,1.597,0.215
26.275,-0.3139,0.0748,1.0022,-0.3139,0.0747,1.001,1.629,0.218
26.28,-0.3142,0.075,1.0022,-0.3142,0.0748,1.0011,1.66,0.22
26.285,-0.3145,0.0751,1.0022,-0.3143,0.0749,1.0012,1.692,0.222
26.29,-0.3147,0.0753,1.0022,-0.3147,0.0751,1.0013,1.723,0.223
26.295,-0.315,0.0755,1.0022,-0.3149,0.0753,1.0016,1.754,0.224
26.3,-0.3152,0.0757,1.0022,-0.3151,0.0756,1.0017,1.785,0.223
26.305,-0.3155,0.0759,1.0022,-0.3153,0.0757,1.0018,1.816,0.223
26.31,-0.3157,0.076,1.0022,-0.3154,0.0758,1.0019,1.847,0.222
26.315,-0.316,0.0762,1.0022,-0.3159,0.0761,1.002,1.877,0.22
26.32,-0.3162,0.0764,1.0022,-0.316,0.0764,1.0021,1.908,0.218
26.325,-0.3165,0.0766,1.0022,-0.3163,0.0767,1.0021,1.938,0.215
26.33,-0.3167,0.0768,1.0021,-0.3166,0.0766,1.002,1.968,0.212
26.335,-0.3169,0.0769,1.0021,-0.3169,0.0768,1.0021,1.998,0.208
26.34,-0.3172,0.0771,1.002,-0.3172,0.077,1.0024,2.028,0.204
26.345,-0.3174,0.0773,1.002,-0.3175,0.0773,1.0027,2.058,0.199
26.35,-0.3177,0.0774,1.0019,-0.3176,0.0774,1.0028,2.087,0.194
26.355,-0.3179,0.0776,1.0019,-0.318,0.0778,1.0027,2.117,0.188
26.36,-0.3181,0.0778,1.0018,-0.3179,0.0779,1.0024,2.146,0.182
26.365,-0.3184,0.078,1.0018,-0.3183,0.078,1.0029,2.175,0.175
26.37,-0.3186,0.0781,1.0017,-0.3184,0.0782,1.0029,2.204,0.168
26.375,-0.3188,0.0783,1.0016,-0.3187,0.0781,1.0027,2.233,0.161
26.38,-0.3191,0.0785,1.0015,-0.3189,0.0783,1.0028,2.261,0.153
26.385,-0.3193,0.0786,1.0015,-0.3192,0.0784,1.0028,2.29,0.145
26.39,-0.3195,0.0788,1.0014,-0.3195,0.0785,1.003,2.318,0.137
26.395,-0.3198,0.079,1.0013,-0.3194,0.0786,1.003,2.346,0.128
26.4,-0.32,0.0791,1.0012,-0.3199,0.0787,1.0027,2.374,0.119
26.405,-0.3202,0.0793,1.0011,-0.3202,0.079,1.0026,2.402,0.11
26.41,-0.3204,0.0795,1.001,-0.3203,0.0792,1.0025,2.429,0.101
26.415,-0.3207,0.0796,1.0009,-0.3204,0.0794,1.0024,2.457,0.091
26.42,-0.3209,0.0798,1.0008,-0.3207,0.0799,1.0026,2.484,0.082
26.425,-0.3211,0.0799,1.0007,-0.3209,0.0801,1.0024,2.511,0.072
26.43,-0.3213,0.0801,1.0006,-0.3211,0.0801,1.0021,2.537,0.062
26.435,-0.3215,0.0803,1.0005,-0.3215,0.0802,1.0022,2.564,0.053
26.44,-0.3217,0.0804,1.0004,-0.3217,0.0805,1.0022,2.59,0.043
26.445,-0.3219,0.0806,1.0003,-0.3219,0.0808,1.0022,2.616,0.034
26.45,-0.3222,0.0807,1.0002,-0.322,0.0808,1.0019,2.642,0.024
26.455,-0.3224,0.0809,1.0001,-0.3221,0.0809,1.002,2.668,0.015
26.46,-0.3226,0.081,1.0001,-0.3225,0.0812,1.0019,2.693,0.006
26.465,-0.3228,0.0812,1.0,-0.3227,0.0811,1.0017,2.719,0.003
26.47,-0.323,0.0813,0.9999,-0.323,0.0811,1.0016,2.744,0.012
26.475,-0.3232,0.0815,0.9998,-0.3231,0.0812,1.0016,2.769,0.02
26.48,-0.3234,0.0816,0.9997,-0.3234,0.0813,1.0015,2.793,0.028
26.485,-0.3236,0.0818,0.9996,-0.3234,0.0816,1.0012,2.818,0.036
26.49,-0.3238,0.0819,0.9996,-0.3237,0.0817,1.0012,2.842,0.044
26.495,-0.324,0.082,0.9995,-0.3239,0.0819,1.0013,2.866,0.051
26.5,-0.3241,0.0822,0.9994,-0.3241,0.0821,1.0014,2.89,0.057
26.505,-0.3243,0.0823,0.9994,-0.3243,0.0822,1.0015,2.913,0.064
26.51,-0.3245,0.0825,0.9993,-0.3245,0.0823,1.0014,2.937,0.07
26.515,-0.3247,0.0826,0.9992,-0.3246,0.0822,1.0013,2.96,0.075
26.52,-0.3249,0.0827,0.9992,-0.3248,0.0826,1.0012,2.983,0.08
26.525,-0.3251,0.0829,0.9992,-0.3249,0.0828,1.0012,3.005,0.085
26.53,-0.3253,0.083,0.9991,-0.3252,0.083,1.0011,3.028,0.089
26.535,-0.3254,0.0831,0.9991,-0.3254,0.083,1.0012,3.05,0.093
26.54,-0.3256,0.0832,0.999,-0.3257,0.0834,1.001,3.072,0.096
26.545,-0.3258,0.0834,0.999,-0.3258,0.0836,1.0008,3.093,0.099
26.55,-0.326,0.0835,0.999,-0.326,0.0837,1.0007,3.115,0.102
26.555,-0.3261,0.0836,0.999,-0.3258,0.0837,1.0008,3.136,0.104
26.56,-0.3263,0.0837,0.9989,-0.3262,0.0839,1.0006,3.157,0.106
26.565,-0.3265,0.0839,0.9989,-0.3262,0.0838,1.0003,3.178,0.107
26.57,-0.3266,0.084,0.9989,-0.3265,0.084,1.0004,3.198,0.108
26.575,-0.3268,0.0841,0.9989,-0.3264,0.0841,1.0003,3.218,0.108
26.58,-0.327,0.0842,0.9989,-0.3267,0.0842,1.0004,3.238,0.108
26.585,-0.3271,0.0843,0.9989,-0.3269,0.0843,1.0003,3.258,0.108
26.59,-0.3273,0.0844,0.9989,-0.3271,0.0844,1.0002,3.277,0.107
26.595,-0.3274,0.0846,0.9989,-0.3272,0.0845,1.0002,3.297,0.106
26.6,-0.3276,0.0847,0.999,-0.3275,0.0844,1.0001,3.316,0.104
26.605,-0.3278,0.0848,0.999,-0.3276,0.0846,0.9998,3.334,0.102
26.61,-0.3279,0.0849,0.999,-0.3278,0.0845,0.9999,3.353,0.1
26.615,-0.328,0.085,0.999,-0.328,0.0849,1.0001,3.371,0.097
26.62,-0.3282,0.0851,0.9991,-0.3283,0.085,1.0,3.389,0.094
26.625,-0.3283,0.0852,0.9991,-0.3281,0.085,0.9998,3.406,0.091
26.63,-0.3285,0.0853,0.9991,-0.3284,0.0852,0.9999,3.423,0.087
26.635,-0.3286,0.0854,0.9992,-0.3286,0.0854,0.9999,3.44,0.083
26.64,-0.3288,0.0855,0.9992,-0.3286,0.0855,0.9997,3.457,0.079
26.645,-0.3289,0.0856,0.9993,-0.3287,0.0856,0.9996,3.473,0.075
26.65,-0.329,0.0857,0.9993,-0.329,0.0855,0.9994,3.49,0.071
26.655,-0.3291,0.0858,0.9993,-0.3291,0.0858,0.9995,3.505,0.066
26.66,-0.3293,0.0859,0.9994,-0.3292,0.0859,0.9997,3.521,0.061
26.665,-0.3294,0.086,0.9994,-0.3292,0.0861,0.9996,3.536,0.056
26.67,-0.3295,0.086,0.9995,-0.3294,0.0862,0.9996,3.551,0.051
26.675,-0.3296,0.0861,0.9995,-0.3296,0.0863,0.9993,3.566,0.046
26.68,-0.3297,0.0862,0.9996,-0.3299,0.086,0.9992,3.58,0.041
26.685,-0.3299,0.0863,0.9996,-0.3299,0.0862,0.9992,3.594,0.036
26.69,-0.33,0.0864,0.9997,-0.3299,0.0862,0.9993,3.608,0.03
26.695,-0.3301,0.0865,0.9997,-0.33,0.0862,0.9993,3.621,0.025
26.7,-0.3302,0.0865,0.9998,-0.3301,0.0864,0.9994,3.634,0.02
26.705,-0.3303,0.0866,0.9999,-0.33,0.0866,0.9995,3.647,0.014
26.71,-0.3304,0.0867,0.9999,-0.3304,0.0866,0.9993,3.659,0.009
26.715,-0.3305,0.0868,1.0,-0.3306,0.0866,0.9994,3.671,0.003
26.72,-0.3306,0.0868,1.0,-0.3305,0.0867,0.9997,3.683,0.002
26.725,-0.3307,0.0869,1.0001,-0.3308,0.0868,1.0,3.695,0.008
26.73,-0.3308,0.087,1.0001,-0.3306,0.0871,0.9999,3.706,0.013
26.735,-0.3308,0.087,1.0002,-0.331,0.087,0.9997,3.717,0.018
26.74,-0.3309,0.0871,1.0002,-0.3309,0.0871,0.9997,3.727,0.023
26.745,-0.331,0.0872,1.0003,-0.3311,0.0872,0.9996,3.738,0.028
26.75,-0.3311,0.0872,1.0003,-0.3312,0.0872,0.9997,3.747,0.032
26.755,-0.3312,0.0873,1.0004,-0.331,0.0872,1.0001,3.757,0.037
26.76,-0.3312,0.0873,1.0004,-0.3314,0.0873,1.0003,3.766,0.041
26.765,-0.3313,0.0874,1.0005,-0.3314,0.0873,1.0004,3.775,0.046
26.77,-0.3314,0.0874,1.0005,-0.3315,0.0873,1.0003,3.784,0.05
26.775,-0.3314,0.0875,1.0005,-0.3315,0.0874,1.0004,3.792,0.053
26.78,-0.3315,0.0875,1.0006,-0.3316,0.0874,1.0003,3.8,0.057
26.785,-0.3316,0.0876,1.0006,-0.3318,0.0874,0.9999,3.808,0.06
26.79,-0.3316,0.0876,1.0006,-0.3315,0.0876,0.9999,3.815,0.063
26.795,-0.3317,0.0877,1.0007,-0.3316,0.0876,1.0001,3.822,0.065
26.8,-0.3317,0.0877,1.0007,-0.3316,0.0878,1.0001,3.829,0.067
26.805,-0.3318,0.0878,1.0007,-0.3318,0.0878,1.0002,3.835,0.069
26.81,-0.3318,0.0878,1.0007,-0.3319,0.0877,1.0002,3.841,0.071
26.815,-0.3319,0.0878,1.0007,-0.3318,0.0879,1.0002,3.846,0.072
26.82,-0.3319,0.0879,1.0007,-0.332,0.0877,1.0001,3.852,0.073
26.825,-0.3319,0.0879,1.0007,-0.332,0.0879,1.0001,3.857,0.073
26.83,-0.332,0.0879,1.0007,-0.3318,0.0878,0.9999,3.861,0.073
26.835,-0.332,0.088,1.0007,-0.332,0.0881,0.9999,3.866,0.073
26.84,-0.332,0.088,1.0007,-0.332,0.088,1.0,3.87,0.073
26.845,-0.3321,0.088,1.0007,-0.3319,0.088,1.0001,3.873,0.072
26.85,-0.3321,0.088,1.0007,-0.3319,0.0881,1.0,3.877,0.071
26.855,-0.3321,0.0881,1.0007,-0.3321,0.0882,1.0003,3.88,0.07
26.86,-0.3321,0.0881,1.0007,-0.332,0.0882,1.0003,3.882,0.069
26.865,-0.3321,0.0881,1.0007,-0.3321,0.0883,1.0002,3.885,0.067
26.87,-0.3322,0.0881,1.0007,-0.332,0.0881,1.0003,3.887,0.066
26.875,-0.3322,0.0881,1.0006,-0.3321,0.0882,1.0,3.888,0.064
26.88,-0.3322,0.0881,1.0006,-0.3321,0.088,1.0001,3.89,0.061
26.885,-0.3322,0.0882,1.0006,-0.332,0.088,1.0005,3.89,0.059
26.89,-0.3322,0.0882,1.0006,-0.3323,0.088,1.0003,3.891,0.056
26.895,-0.3322,0.0882,1.0005,-0.3324,0.0883,1.0004,3.891,0.054
26.9,-0.3322,0.0882,1.0005,-0.3322,0.0881,1.0006,3.891,0.051
26.905,-0.3322,0.0882,1.0005,-0.3321,0.0883,1.0003,3.891,0.048
26.91,-0.3322,0.0882,1.0004,-0.3323,0.0881,1.0003,3.891,0.044
26.915,-0.3321,0.0882,1.0004,-0.3325,0.0881,1.0001,3.89,0.041
26.92,-0.3321,0.0882,1.0004,-0.3321,0.0881,1.0004,3.888,0.037
26.925,-0.3321,0.0882,1.0003,-0.3322,0.0881,1.0005,3.887,0.034
26.93,-0.3321,0.0882,1.0003,-0.3322,0.0882,1.0006,3.885,0.03
26.935,-0.3321,0.0882,1.0003,-0.3321,0.0882,1.0006,3.882,0.026
26.94,-0.332,0.0882,1.0002,-0.3321,0.0883,1.0007,3.88,0.021
26.945,-0.332,0.0881,1.0002,-0.3321,0.0884,1.0007,3.877,0.017
26.95,-0.332,0.0881,1.0001,-0.3319,0.0883,1.0003,3.874,0.012
26.955,-0.3319,0.0881,1.0001,-0.3319,0.0882,1.0003,3.87,0.008
26.96,-0.3319,0.0881,1.0,-0.332,0.0881,1.0002,3.867,0.003
26.965,-0.3319,0.0881,1.0,-0.3318,0.0882,1.0002,3.863,0.002
26.97,-0.3318,0.0881,0.9999,-0.3318,0.0881,1.0002,3.858,0.007
26.975,-0.3318,0.0881,0.9999,-0.3318,0.088,1.0001,3.854,0.013
26.98,-0.3317,0.088,0.9998,-0.3317,0.0881,0.9999,3.849,0.018
26.985,-0.3317,0.088,0.9998,-0.3318,0.0881,0.9999,3.843,0.023
26.99,-0.3317,0.088,0.9997,-0.3319,0.088,0.9996,3.838,0.028
26.995,-0.3316,0.088,0.9997,-0.3316,0.0879,0.9994,3.832,0.034
27.0,-0.3315,0.0879,0.9996,-0.3316,0.0882,0.9993,3.826,0.039
27.005,-0.3315,0.0879,0.9996,-0.3315,0.0878,0.9993,3.82,0.044
27.01,-0.3314,0.0879,0.9995,-0.3316,0.0879,0.9993,3.813,0.049
27.015,-0.3314,0.0878,0.9995,-0.3313,0.0878,0.9993,3.806,0.054
27.02,-0.3313,0.0878,0.9994,-0.3314,0.0879,0.9992,3.799,0.059
27.025,-0.3312,0.0878,0.9994,-0.3314,0.0879,0.9991,3.791,0.064
27.03,-0.3312,0.0877,0.9993,-0.3314,0.0878,0.999,3.783,0.068
27.035,-0.3311,0.0877,0.9993,-0.3312,0.0876,0.9991,3.775,0.072
27.04,-0.331,0.0876,0.9992,-0.3313,0.0876,0.9992,3.767,0.076
27.045,-0.3309,0.0876,0.9992,-0.331,0.0876,0.9991,3.758,0.08
27.05,-0.3309,0.0875,0.9992,-0.3312,0.0874,0.9992,3.75,0.083
27.055,-0.3308,0.0875,0.9991,-0.3309,0.0874,0.9991,3.741,0.086
27.06,-0.3307,0.0875,0.9991,-0.3309,0.0874,0.9992,3.731,0.089
27.065,-0.3306,0.0874,0.9991,-0.3306,0.0872,0.999,3.722,0.092
27.07,-0.3305,0.0874,0.9991,-0.3305,0.0874,0.9991,3.712,0.094
27.075,-0.3305,0.0873,0.999,-0.3302,0.0872,0.9993,3.702,0.096
27.08,-0.3304,0.0872,0.999,-0.3304,0.0872,0.9995,3.691,0.098
27.085,-0.3303,0.0872,0.999,-0.3302,0.0871,0.9995,3.681,0.099
27.09,-0.3302,0.0871,0.999,-0.3303,0.0871,0.9993,3.67,0.1
27.095,-0.3301,0.0871,0.999,-0.3301,0.0869,0.9991,3.659,0.101
27.1,-0.33,0.087,0.999,-0.3301,0.0871,0.9989,3.648,0.102
27.105,-0.3299,0.0869,0.999,-0.3301,0.087,0.9986,3.636,0.102
27.11,-0.3298,0.0869,0.999,-0.3298,0.0869,0.9985,3.624,0.102
27.115,-0.3297,0.0868,0.999,-0.3298,0.0867,0.9988,3.612,0.102
27.12,-0.3296,0.0868,0.999,-0.3298,0.0866,0.999,3.6,0.102
27.125,-0.3295,0.0867,0.999,-0.3296,0.0867,0.9992,3.587,0.101
27.13,-0.3294,0.0866,0.999,-0.3294,0.0867,0.9993,3.574,0.101
27.135,-0.3293,0.0865,0.999,-0.3295,0.0865,0.9994,3.561,0.1
27.14,-0.3292,0.0865,0.999,-0.3293,0.0865,0.9994,3.547,0.098
27.145,-0.329,0.0864,0.999,-0.3291,0.0864,0.9995,3.534,0.097
27.15,-0.3289,0.0863,0.999,-0.3289,0.0864,0.9995,3.52,0.095
27.155,-0.3288,0.0862,0.9991,-0.3289,0.0864,0.9994,3.506,0.094
27.16,-0.3287,0.0861,0.9991,-0.3289,0.0861,0.9994,3.491,0.092
27.165,-0.3286,0.0861,0.9991,-0.3285,0.0864,0.9993,3.477,0.09
27.17,-0.3285,0.086,0.9991,-0.3285,0.0859,0.9993,3.462,0.088
27.175,-0.3283,0.0859,0.9991,-0.3284,0.0859,0.9994,3.447,0.086
27.18,-0.3282,0.0858,0.9992,-0.3281,0.0858,0.9997,3.432,0.083
27.185,-0.3281,0.0857,0.9992,-0.328,0.0858,0.9997,3.416,0.081
27.19,-0.328,0.0856,0.9992,-0.3279,0.0856,0.9996,3.4,0.079
27.195,-0.3278,0.0855,0.9992,-0.3277,0.0856,0.9995,3.384,0.077
27.2,-0.3277,0.0854,0.9993,-0.3277,0.0854,0.9994,3.368,0.074
27.205,-0.3276,0.0853,0.9993,-0.3275,0.0852,0.9997,3.351,0.072
27.21,-0.3274,0.0852,0.9993,-0.3276,0.0852,0.9997,3.335,0.07
27.215,-0.3273,0.0851,0.9993,-0.3271,0.0852,0.9996,3.318,0.068
27.22,-0.3271,0.085,0.9993,-0.3272,0.085,0.9995,3.301,0.066
27.225,-0.327,0.0849,0.9994,-0.327,0.0849,0.9995,3.283,0.065
27.23,-0.3269,0.0848,0.9994,-0.3269,0.085,0.9994,3.265,0.063
27.235,-0.3267,0.0847,0.9994,-0.3269,0.0847,0.9994,3.247,0.062
27.24,-0.3266,0.0846,0.9994,-0.3268,0.0845,0.9994,3.229,0.06
27.245,-0.3264,0.0845,0.9994,-0.3265,0.0846,0.9993,3.211,0.059
27.25,-0.3263,0.0844,0.9994,-0.3264,0.0843,0.9994,3.192,0.058
27.255,-0.3261,0.0843,0.9994,-0.3263,0.0843,0.9993,3.173,0.057
27.26,-0.326,0.0842,0.9994,-0.3261,0.0844,0.9992,3.154,0.057
27.265,-0.3258,0.0841,0.9994,-0.3261,0.0841,0.9991,3.135,0.056
27.27,-0.3257,0.0839,0.9994,-0.3258,0.0841,0.9993,3.116,0.056
27.275,-0.3255,0.0838,0.9994,-0.3256,0.0839,0.9994,3.096,0.056
27.28,-0.3253,0.0837,0.9994,-0.3255,0.0837,0.9993,3.076,0.056
27.285,-0.3252,0.0836,0.9994,-0.3252,0.0835,0.9992,3.056,0.056
27.29,-0.325,0.0835,0.9994,-0.3252,0.0836,0.9989,3.035,0.056
27.295,-0.3248,0.0833,0.9994,-0.3249,0.0835,0.9992,3.015,0.057
27.3,-0.3247,0.0832,0.9994,-0.3246,0.0832,0.999,2.994,0.057
27.305,-0.3245,0.0831,0.9994,-0.3246,0.0831,0.9988,2.973,0.058
27.31,-0.3243,0.083,0.9994,-0.3245,0.0832,0.9989,2.952,0.059
27.315,-0.3242,0.0828,0.9994,-0.3243,0.083,0.9989,2.931,0.06
27.32,-0.324,0.0827,0.9994,-0.3239,0.0827,0.9989,2.909,0.061
27.325,-0.3238,0.0826,0.9994,-0.3239,0.0826,0.9988,2.888,0.063
27.33,-0.3237,0.0824,0.9994,-0.3238,0.0823,0.9988,2.866,0.064
27.335,-0.3235,0.0823,0.9993,-0.3236,0.0824,0.9989,2.844,0.065
27.34,-0.3233,0.0822,0.9993,-0.3235,0.0823,0.9989,2.822,0.067
27.345,-0.3231,0.082,0.9993,-0.3233,0.0821,0.999,2.799,0.068
27.35,-0.323,0.0819,0.9993,-0.323,0.0819,0.9991,2.777,0.07
27.355,-0.3228,0.0817,0.9993,-0.3231,0.082,0.9989,2.754,0.072
27.36,-0.3226,0.0816,0.9993,-0.3228,0.0817,0.9992,2.731,0.073
27.365,-0.3224,0.0815,0.9993,-0.3226,0.0816,0.9992,2.708,0.075
27.37,-0.3222,0.0813,0.9992,-0.3224,0.0812,0.9993,2.685,0.077
27.375,-0.322,0.0812,0.9992,-0.3222,0.0813,0.9997,2.661,0.078
27.38,-0.3219,0.081,0.9992,-0.3221,0.0811,0.9998,2.638,0.08
27.385,-0.3217,0.0809,0.9992,-0.3218,0.0808,0.9998,2.614,0.082
27.39,-0.3215,0.0807,0.9992,-0.3214,0.0806,1.0001,2.591,0.084
27.395,-0.3213,0.0806,0.9991,-0.3213,0.0805,0.9999,2.567,0.087
27.4,-0.3211,0.0804,0.9991,-0.3212,0.0804,1.0,2.542,0.089
27.405,-0.3209,0.0803,0.9991,-0.321,0.0804,0.9998,2.518,0.091
27.41,-0.3207,0.0801,0.9991,-0.3208,0.0802,0.9996,2.494,0.094
27.415,-0.3205,0.08,0.999,-0.3206,0.08,0.9996,2.469,0.097
27.42,-0.3203,0.0798,0.999,-0.3203,0.0798,0.9997,2.445,0.1
27.425,-0.3202,0.0797,0.999,-0.3201,0.0797,0.9996,2.42,0.103
27.43,-0.32,0.0795,0.9989,-0.32,0.0797,0.9996,2.395,0.106
27.435,-0.3198,0.0794,0.9989,-0.3199,0.0794,0.9996,2.37,0.11
27.44,-0.3196,0.0792,0.9989,-0.3198,0.0792,0.9996,2.344,0.113
27.445,-0.3194,0.079,0.9988,-0.3196,0.0793,0.9997,2.319,0.117
27.45,-0.3192,0.0789,0.9988,-0.3194,0.0792,0.9996,2.294,0.121
27.455,-0.319,0.0787,0.9987,-0.3192,0.0789,0.9995,2.268,0.125
27.46,-0.3188,0.0786,0.9987,-0.3189,0.0786,0.9996,2.242,0.129
27.465,-0.3186,0.0784,0.9987,-0.3187,0.0783,0.9995,2.216,0.133
27.47,-0.3184,0.0782,0.9986,-0.3185,0.0784,0.9997,2.19,0.138
27.475,-0.3182,0.0781,0.9986,-0.3184,0.0781,0.9994,2.164,0.142
27.48,-0.318,0.0779,0.9985,-0.3181,0.0777,0.9993,2.138,0.147
27.485,-0.3178,0.0777,0.9985,-0.3179,0.0776,0.9995,2.111,0.151
27.49,-0.3176,0.0776,0.9984,-0.3175,0.0775,0.9997,2.085,0.155
27.495,-0.3174,0.0774,0.9984,-0.3173,0.0772,0.9998,2.058,0.16
27.5,-0.3171,0.0772,0.9984,-0.3172,0.0772,1.0,2.032,0.165
27.505,-0.3169,0.077,0.9983,-0.3171,0.0769,0.9997,2.005,0.169
27.51,-0.3167,0.0769,0.9983,-0.3169,0.077,0.9998,1.978,0.174
27.515,-0.3165,0.0767,0.9982,-0.3166,0.0769,0.9997,1.951,0.178
27.52,-0.3163,0.0765,0.9982,-0.3164,0.0767,0.9996,1.924,0.183
27.525,-0.3161,0.0763,0.9981,-0.3164,0.0766,0.9993,1.896,0.187
27.53,-0.3159,0.0762,0.9981,-0.3163,0.0765,0.9991,1.869,0.192
27.535,-0.3157,0.076,0.998,-0.316,0.0763,0.9991,1.842,0.197
27.54,-0.3155,0.0758,0.998,-0.3156,0.076,0.999,1.814,0.201
27.545,-0.3153,0.0756,0.9979,-0.3153,0.0757,0.999,1.787,0.206
27.55,-0.3151,0.0754,0.9979,-0.3151,0.0756,0.999,1.759,0.21
27.555,-0.3149,0.0752,0.9979,-0.315,0.0753,0.9991,1.731,0.214
27.56,-0.3147,0.0751,0.9978,-0.3147,0.0752,0.9991,1.704,0.218
27.565,-0.3144,0.0749,0.9978,-0.3148,0.0748,0.9989,1.676,0.223
27.57,-0.3142,0.0747,0.9977,-0.3144,0.0748,0.9988,1.648,0.226
27.575,-0.314,0.0745,0.9977,-0.3141,0.0746,0.9985,1.62,0.23
27.58,-0.3138,0.0743,0.9977,-0.3138,0.0742,0.9985,1.592,0.234
27.585,-0.3136,0.0741,0.9976,-0.3137,0.0742,0.9985,1.564,0.237
27.59,-0.3134,0.0739,0.9976,-0.3135,0.0741,0.9985,1.536,0.24
27.595,-0.3132,0.0737,0.9976,-0.3134,0.0737,0.9983,1.508,0.243
27.6,-0.313,0.0736,0.9975,-0.3129,0.0735,0.998,1.48,0.246
27.605,-0.3128,0.0734,0.9975,-0.3129,0.0734,0.9977,1.452,0.249
27.61,-0.3126,0.0732,0.9975,-0.3126,0.0731,0.9978,1.424,0.251
27.615,-0.3124,0.073,0.9975,-0.3125,0.073,0.9979,1.396,0.252
27.62,-0.3121,0.0728,0.9975,-0.3124,0.0728,0.9979,1.368,0.254
27.625,-0.3119,0.0726,0.9975,-0.312,0.0726,0.9975,1.34,0.255
27.63,-0.3117,0.0724,0.9974,-0.3118,0.0725,0.9975,1.312,0.256
27.635,-0.3115,0.0722,0.9974,-0.3117,0.0722,0.9975,1.284,0.256
27.64,-0.3113,0.072,0.9974,-0.3113,0.0723,0.9976,1.256,0.256
27.645,-0.3111,0.0718,0.9974,-0.3113,0.0719,0.9979,1.227,0.256
27.65,-0.3109,0.0716,0.9974,-0.3109,0.0717,0.998,1.199,0.255
27.655,-0.3107,0.0714,0.9975,-0.3106,0.0716,0.998,1.171,0.254
27.66,-0.3105,0.0712,0.9975,-0.3106,0.071,0.998,1.143,0.253
27.665,-0.3103,0.071,0.9975,-0.3105,0.0711,0.9981,1.116,0.251
27.67,-0.3101,0.0708,0.9975,-0.3101,0.0711,0.998,1.088,0.249
27.675,-0.3099,0.0706,0.9975,-0.31,0.0708,0.9979,1.06,0.247
27.68,-0.3097,0.0704,0.9976,-0.3097,0.0705,0.9981,1.032,0.245
27.685,-0.3095,0.0702,0.9976,-0.3095,0.0702,0.9981,1.004,0.242
27.69,-0.3093,0.07,0.9976,-0.3094,0.0701,0.9982,0.976,0.239
27.695,-0.3091,0.0698,0.9976,-0.3092,0.0698,0.9983,0.949,0.236
27.7,-0.3089,0.0696,0.9977,-0.3089,0.0696,0.9981,0.921,0.233
27.705,-0.3087,0.0694,0.9977,-0.3088,0.0694,0.998,0.894,0.23
27.71,-0.3084,0.0692,0.9977,-0.3084,0.0693,0.9979,0.866,0.227
27.715,-0.3082,0.069,0.9978,-0.3082,0.0689,0.9979,0.839,0.223
27.72,-0.308,0.0688,0.9978,-0.3081,0.0689,0.998,0.812,0.22
27.725,-0.3078,0.0686,0.9978,-0.308,0.0685,0.9983,0.785,0.216
27.73,-0.3076,0.0684,0.9979,-0.3078,0.0686,0.9984,0.758,0.213
27.735,-0.3074,0.0682,0.9979,-0.3074,0.0681,0.9983,0.731,0.209
27.74,-0.3072,0.068,0.9979,-0.3073,0.0683,0.9983,0.704,0.205
27.745,-0.307,0.0678,0.998,-0.307,0.0678,0.9984,0.677,0.202
27.75,-0.3068,0.0676,0.998,-0.3068,0.0677,0.9985,0.651,0.198
27.755,-0.3066,0.0674,0.9981,-0.3068,0.0677,0.9986,0.625,0.195
27.76,-0.3064,0.0672,0.9981,-0.3065,0.0672,0.9985,0.599,0.191
27.765,-0.3063,0.067,0.9981,-0.3062,0.0671,0.9983,0.573,0.188
27.77,-0.3061,0.0668,0.9982,-0.306,0.0669,0.9981,0.548,0.185
27.775,-0.3059,0.0666,0.9982,-0.3058,0.0669,0.9982,0.523,0.182
27.78,-0.3057,0.0664,0.9982,-0.3058,0.0665,0.9982,0.499,0.179
27.785,-0.3055,0.0661,0.9982,-0.3055,0.0661,0.9984,0.475,0.176
27.79,-0.3053,0.0659,0.9983,-0.3054,0.0659,0.9985,0.451,0.174
27.795,-0.3051,0.0657,0.9983,-0.3049,0.0657,0.9984,0.428,0.171
27.8,-0.3049,0.0655,0.9983,-0.305,0.0656,0.9986,0.406,0.169
27.805,-0.3047,0.0653,0.9983,-0.3048,0.0654,0.9987,0.385,0.167
27.81,-0.3045,0.0651,0.9983,-0.3047,0.0651,0.9988,0.365,0.165
27.815,-0.3043,0.0649,0.9984,-0.3044,0.065,0.9987,0.346,0.164
27.82,-0.3041,0.0647,0.9984,-0.3043,0.0649,0.9986,0.329,0.162
27.825,-0.3039,0.0645,0.9984,-0.304,0.0646,0.9987,0.313,0.161
27.83,-0.3037,0.0643,0.9984,-0.3039,0.0646,0.9987,0.299,0.16
27.835,-0.3035,0.0641,0.9984,-0.3037,0.0641,0.9985,0.287,0.16
27.84,-0.3033,0.0638,0.9984,-0.3035,0.0639,0.9986,0.278,0.159
27.845,-0.3031,0.0636,0.9984,-0.3034,0.0637,0.9985,0.272,0.159
27.85,-0.3029,0.0634,0.9984,-0.3032,0.0635,0.9986,0.269,0.159
27.855,-0.3027,0.0632,0.9984,-0.3029,0.0635,0.9988,0.269,0.16
27.86,-0.3025,0.063,0.9984,-0.3025,0.0632,0.9989,0.271,0.16
27.865,-0.3023,0.0628,0.9984,-0.3024,0.063,0.9994,0.277,0.161
27.87,-0.3022,0.0626,0.9984,-0.3021,0.0628,0.9994,0.285,0.162
27.875,-0.302,0.0624,0.9984,-0.3019,0.0625,0.9993,0.296,0.164
27.88,-0.3018,0.0622,0.9983,-0.3018,0.0623,0.9994,0.31,0.166
27.885,-0.3016,0.062,0.9983,-0.3015,0.062,0.9996,0.325,0.168
27.89,-0.3014,0.0617,0.9983,-0.3014,0.0619,0.9996,0.341,0.17
27.895,-0.3012,0.0615,0.9983,-0.3015,0.0617,0.9997,0.36,0.173
27.9,-0.301,0.0613,0.9982,-0.3009,0.0614,0.9996,0.379,0.177
27.905,-0.3008,0.0611,0.9982,-0.3011,0.0612,0.9998,0.399,0.18
27.91,-0.3006,0.0609,0.9982,-0.3006,0.0608,0.9998,0.421,0.184
27.915,-0.3005,0.0607,0.9981,-0.3006,0.0609,0.9995,0.443,0.188
27.92,-0.3003,0.0605,0.9981,-0.3004,0.0606,0.9996,0.465,0.193
27.925,-0.3001,0.0603,0.998,-0.3003,0.0602,0.9999,0.488,0.198
27.93,-0.2999,0.0601,0.998,-0.2999,0.0601,0.9999,0.512,0.204
27.935,-0.2997,0.0599,0.9979,-0.2997,0.0597,0.9995,0.536,0.21
27.94,-0.2995,0.0597,0.9978,-0.2997,0.0597,0.9995,0.56,0.216
27.945,-0.2994,0.0595,0.9978,-0.2994,0.0597,0.9994,0.585,0.222
27.95,-0.2992,0.0592,0.9977,-0.2992,0.0593,0.9994,0.609,0.229
27.955,-0.299,0.059,0.9976,-0.299,0.059,0.9996,0.634,0.236
27.96,-0.2988,0.0588,0.9976,-0.2988,0.059,0.9995,0.659,0.243
27.965,-0.2986,0.0586,0.9975,-0.2986,0.0587,0.9995,0.684,0.25
27.97,-0.2985,0.0584,0.9974,-0.2984,0.0584,0.9994,0.71,0.258
27.975,-0.2983,0.0582,0.9973,-0.2983,0.0583,0.9991,0.735,0.265
27.98,-0.2981,0.058,0.9973,-0.2981,0.0581,0.9991,0.76,0.273
27.985,-0.2979,0.0578,0.9972,-0.298,0.0579,0.9989,0.786,0.281
27.99,-0.2977,0.0576,0.9971,-0.2979,0.0577,0.999,0.811,0.289
27.995,-0.2976,0.0574,0.997,-0.2975,0.0576,0.9987,0.837,0.297
28.0,-0.2974,0.0572,0.9969,-0.2974,0.0573,0.9987,0.862,0.305
28.005,-0.2972,0.057,0.9969,-0.2972,0.0572,0.9988,0.888,0.313
28.01,-0.297,0.0568,0.9968,-0.297,0.0569,0.9986,0.913,0.321
28.015,-0.2969,0.0566,0.9967,-0.2967,0.0564,0.9986,0.939,0.329
28.02,-0.2967,0.0564,0.9966,-0.2965,0.0565,0.9986,0.964,0.337
28.025,-0.2965,0.0562,0.9966,-0.2967,0.0564,0.9985,0.99,0.345
28.03,-0.2964,0.056,0.9965,-0.2963,0.0562,0.9985,1.015,0.352
28.035,-0.2962,0.0558,0.9964,-0.2963,0.0559,0.9985,1.04,0.36
28.04,-0.296,0.0556,0.9963,-0.2962,0.0558,0.9985,1.066,0.367
28.045,-0.2959,0.0554,0.9963,-0.2959,0.0554,0.9984,1.091,0.374
28.05,-0.2957,0.0552,0.9962,-0.2958,0.0552,0.9983,1.116,0.381
28.055,-0.2955,0.055,0.9961,-0.2955,0.0551,0.9983,1.141,0.388
28.06,-0.2954,0.0548,0.9961,-0.2952,0.0549,0.9984,1.166,0.395
28.065,-0.2952,0.0546,0.996,-0.2951,0.0546,0.9984,1.191,0.401
28.07,-0.295,0.0544,0.9959,-0.295,0.0545,0.9983,1.216,0.407
28.075,-0.2949,0.0542,0.9959,-0.295,0.0544,0.9982,1.241,0.413
28.08,-0.2947,0.054,0.9958,-0.2949,0.0542,0.998,1.266,0.419
28.085,-0.2946,0.0538,0.9958,-0.2946,0.0538,0.9977,1.29,0.424
28.09,-0.2944,0.0536,0.9957,-0.2944,0.0538,0.9976,1.315,0.429
28.095,-0.2942,0.0535,0.9957,-0.2942,0.0535,0.9976,1.339,0.434
28.1,-0.2941,0.0533,0.9956,-0.2942,0.0534,0.9974,1.363,0.439
28.105,-0.2939,0.0531,0.9956,-0.294,0.053,0.9974,1.388,0.443
28.11,-0.2938,0.0529,0.9955,-0.2938,0.053,0.9973,1.412,0.447
28.115,-0.2936,0.0527,0.9955,-0.2936,0.0528,0.9972,1.436,0.451
28.12,-0.2935,0.0525,0.9955,-0.2934,0.0527,0.9971,1.46,0.454
28.125,-0.2933,0.0523,0.9954,-0.2932,0.0526,0.9969,1.483,0.457
28.13,-0.2932,0.0521,0.9954,-0.293,0.0522,0.997,1.507,0.46
28.135,-0.293,0.052,0.9954,-0.2929,0.0522,0.997,1.53,0.462
28.14,-0.2929,0.0518,0.9954,-0.293,0.0518,0.9966,1.554,0.464
28.145,-0.2927,0.0516,0.9953,-0.2926,0.0517,0.9966,1.577,0.466
28.15,-0.2926,0.0514,0.9953,-0.2927,0.0516,0.9966,1.6,0.467
28.155,-0.2924,0.0512,0.9953,-0.2922,0.0515,0.9964,1.623,0.468
28.16,-0.2923,0.051,0.9953,-0.2922,0.051,0.9962,1.646,0.468
28.165,-0.2921,0.0509,0.9953,-0.2921,0.0509,0.9961,1.669,0.469
28.17,-0.292,0.0507,0.9953,-0.292,0.0509,0.996,1.692,0.469
28.175,-0.2918,0.0505,0.9953,-0.2919,0.0505,0.9962,1.714,0.468
28.18,-0.2917,0.0503,0.9953,-0.2918,0.0503,0.9961,1.737,0.467
28.185,-0.2916,0.0502,0.9953,-0.2916,0.05,0.9961,1.759,0.466
28.19,-0.2914,0.05,0.9954,-0.2914,0.0499,0.9959,1.781,0.465
28.195,-0.2913,0.0498,0.9954,-0.2914,0.0497,0.9959,1.803,0.463
28.2,-0.2911,0.0497,0.9954,-0.2913,0.0494,0.996,1.825,0.461
28.205,-0.291,0.0495,0.9954,-0.291,0.0493,0.9961,1.847,0.458
28.21,-0.2908,0.0493,0.9954,-0.2909,0.0493,0.996,1.868,0.455
28.215,-0.2907,0.0492,0.9955,-0.2909,0.0493,0.996,1.89,0.452
28.22,-0.2906,0.049,0.9955,-0.2906,0.0492,0.9958,1.911,0.448
28.225,-0.2904,0.0488,0.9956,-0.2904,0.0489,0.9959,1.932,0.445
28.23,-0.2903,0.0487,0.9956,-0.2903,0.0488,0.9958,1.953,0.44
28.235,-0.2902,0.0485,0.9956,-0.29,0.0486,0.9956,1.974,0.436
28.24,-0.29,0.0483,0.9957,-0.2898,0.0484,0.9957,1.995,0.431
28.245,-0.2899,0.0482,0.9957,-0.2899,0.0483,0.9958,2.016,0.427
28.25,-0.2898,0.048,0.9958,-0.2898,0.0481,0.9955,2.037,0.421
28.255,-0.2896,0.0479,0.9958,-0.2898,0.0479,0.9956,2.057,0.416
28.26,-0.2895,0.0477,0.9959,-0.2894,0.0477,0.9957,2.077,0.41
28.265,-0.2894,0.0475,0.996,-0.2895,0.0475,0.9959,2.098,0.405
28.27,-0.2892,0.0474,0.996,-0.2892,0.0475,0.996,2.118,0.399
28.275,-0.2891,0.0472,0.9961,-0.2891,0.0472,0.996,2.137,0.392
28.28,-0.289,0.0471,0.9961,-0.2891,0.0472,0.9961,2.157,0.386
28.285,-0.2888,0.0469,0.9962,-0.2889,0.0471,0.9958,2.177,0.379
28.29,-0.2887,0.0468,0.9963,-0.2887,0.0468,0.9955,2.196,0.373
28.295,-0.2886,0.0466,0.9963,-0.2887,0.0466,0.9957,2.215,0.366
28.3,-0.2885,0.0465,0.9964,-0.2887,0.0465,0.9957,2.234,0.359
28.305,-0.2883,0.0464,0.9965,-0.2885,0.0464,0.9958,2.253,0.352
28.31,-0.2882,0.0462,0.9965,-0.2883,0.0464,0.9958,2.272,0.345
28.315,-0.2881,0.0461,0.9966,-0.2884,0.0462,0.9959,2.291,0.338
28.32,-0.288,0.0459,0.9967,-0.2881,0.0459,0.9962,2.309,0.331
28.325,-0.2879,0.0458,0.9968,-0.288,0.0459,0.9963,2.327,0.324
28.33,-0.2877,0.0456,0.9968,-0.2879,0.0454,0.996,2.345,0.316
28.335,-0.2876,0.0455,0.9969,-0.2877,0.0455,0.9963,2.363,0.309
28.34,-0.2875,0.0454,0.997,-0.2875,0.0454,0.9964,2.381,0.302
28.345,-0.2874,0.0452,0.9971,-0.2875,0.0452,0.9964,2.399,0.294
28.35,-0.2873,0.0451,0.9971,-0.2872,0.0451,0.9965,2.416,0.287
28.355,-0.2872,0.045,0.9972,-0.287,0.0453,0.9964,2.433,0.28
28.36,-0.287,0.0449,0.9973,-0.2869,0.045,0.9965,2.45,0.272
28.365,-0.2869,0.0447,0.9973,-0.2869,0.0448,0.9966,2.467,0.265
28.37,-0.2868,0.0446,0.9974,-0.2868,0.0448,0.9968,2.484,0.258
28.375,-0.2867,0.0445,0.9975,-0.2866,0.0447,0.9969,2.5,0.251
28.38,-0.2866,0.0444,0.9976,-0.2865,0.0444,0.9971,2.517,0.245
28.385,-0.2865,0.0442,0.9976,-0.2866,0.0444,0.9971,2.533,0.238
28.39,-0.2864,0.0441,0.9977,-0.2863,0.0442,0.9974,2.549,0.232
28.395,-0.2863,0.044,0.9977,-0.2863,0.0441,0.9976,2.565,0.226
28.4,-0.2862,0.0439,0.9978,-0.2862,0.044,0.9975,2.58,0.22
28.405,-0.2861,0.0438,0.9979,-0.2862,0.0437,0.9974,2.596,0.215
28.41,-0.2859,0.0437,0.9979,-0.2863,0.0437,0.9973,2.611,0.209
28.415,-0.2858,0.0435,0.998,-0.286,0.0434,0.9974,2.626,0.204
28.42,-0.2857,0.0434,0.998,-0.2859,0.0434,0.9973,2.641,0.2
28.425,-0.2856,0.0433,0.998,-0.2856,0.0432,0.9975,2.656,0.196
28.43,-0.2855,0.0432,0.9981,-0.2856,0.0432,0.9976,2.67,0.192
28.435,-0.2854,0.0431,0.9981,-0.2855,0.0432,0.9974,2.685,0.189
28.44,-0.2853,0.043,0.9981,-0.2853,0.0429,0.9974,2.699,0.186
28.445,-0.2852,0.0429,0.9982,-0.2853,0.0428,0.9974,2.713,0.183
28.45,-0.2851,0.0428,0.9982,-0.2853,0.0429,0.9973,2.727,0.181
28.455,-0.285,0.0427,0.9982,-0.285,0.043,0.9973,2.741,0.179
28.46,-0.2849,0.0426,0.9982,-0.2847,0.0426,0.9974,2.754,0.177
28.465,-0.2848,0.0425,0.9982,-0.2848,0.0426,0.9974,2.767,0.176
28.47,-0.2847,0.0424,0.9983,-0.2845,0.0427,0.9976,2.781,0.174
28.475,-0.2846,0.0424,0.9983,-0.2847,0.0425,0.9979,2.794,0.174
28.48,-0.2845,0.0423,0.9983,-0.2847,0.0424,0.9981,2.806,0.173
28.485,-0.2844,0.0422,0.9983,-0.2845,0.0423,0.9981,2.819,0.173
28.49,-0.2843,0.0421,0.9983,-0.2844,0.0423,0.9981,2.831,0.173
28.495,-0.2842,0.042,0.9983,-0.2845,0.0422,0.9982,2.844,0.174
28.5,-0.2842,0.0419,0.9983,-0.2843,0.0421,0.9984,2.856,0.174
28.505,-0.2841,0.0419,0.9982,-0.2845,0.0418,0.9987,2.867,0.175
28.51,-0.284,0.0418,0.9982,-0.2839,0.0419,0.9987,2.879,0.176
28.515,-0.2839,0.0417,0.9982,-0.2839,0.0419,0.9985,2.89,0.178
28.52,-0.2838,0.0416,0.9982,-0.2839,0.0416,0.9987,2.902,0.18
28.525,-0.2837,0.0416,0.9982,-0.2837,0.0417,0.9986,2.913,0.182
28.53,-0.2836,0.0415,0.9982,-0.2836,0.0415,0.9988,2.923,0.184
28.535,-0.2835,0.0414,0.9981,-0.2836,0.0415,0.9987,2.934,0.187
28.54,-0.2834,0.0414,0.9981,-0.2834,0.0414,0.9985,2.944,0.19
28.545,-0.2834,0.0413,0.9981,-0.2834,0.0413,0.9989,2.955,0.193
28.55,-0.2833,0.0412,0.998,-0.2835,0.0412,0.9988,2.965,0.196
28.555,-0.2832,0.0412,0.998,-0.2833,0.0411,0.9989,2.975,0.2
28.56,-0.2831,0.0411,0.998,-0.2833,0.041,0.9991,2.984,0.204
28.565,-0.283,0.041,0.9979,-0.2828,0.0412,0.999,2.994,0.208
28.57,-0.2829,0.041,0.9979,-0.283,0.0411,0.999,3.003,0.212
28.575,-0.2829,0.0409,0.9978,-0.2829,0.0408,0.9989,3.012,0.217
28.58,-0.2828,0.0409,0.9978,-0.283,0.0409,0.9988,3.021,0.222
28.585,-0.2827,0.0408,0.9977,-0.2828,0.041,0.9987,3.029,0.227
28.59,-0.2826,0.0408,0.9977,-0.2827,0.041,0.9986,3.038,0.232
28.595,-0.2825,0.0407,0.9976,-0.2826,0.0408,0.9985,3.046,0.237
28.6,-0.2825,0.0407,0.9976,-0.2827,0.0408,0.9987,3.054,0.242
28.605,-0.2824,0.0407,0.9975,-0.2824,0.0407,0.9986,3.062,0.248
28.61,-0.2823,0.0406,0.9975,-0.2826,0.0406,0.9985,3.069,0.253
28.615,-0.2823,0.0406,0.9974,-0.2826,0.0407,0.9986,3.077,0.259
28.62,-0.2822,0.0405,0.9974,-0.2823,0.0407,0.9986,3.084,0.264
28.625,-0.2821,0.0405,0.9973,-0.2821,0.0407,0.9986,3.091,0.269
28.63,-0.282,0.0405,0.9973,-0.2819,0.0406,0.9986,3.097,0.275
28.635,-0.282,0.0405,0.9972,-0.2821,0.0403,0.9987,3.104,0.28
28.64,-0.2819,0.0404,0.9971,-0.2819,0.0403,0.9984,3.11,0.285
28.645,-0.2818,0.0404,0.9971,-0.2819,0.0405,0.9981,3.116,0.29
28.65,-0.2818,0.0404,0.9971,-0.2818,0.0403,0.9979,3.122,0.295
28.655,-0.2817,0.0404,0.997,-0.2818,0.0401,0.998,3.127,0.299
28.66,-0.2817,0.0403,0.997,-0.2817,0.0405,0.998,3.132,0.304
28.665,-0.2816,0.0403,0.9969,-0.2815,0.0403,0.9979,3.138,0.308
28.67,-0.2815,0.0403,0.9969,-0.2815,0.0403,0.9979,3.142,0.312
28.675,-0.2815,0.0403,0.9968,-0.2815,0.0403,0.9979,3.147,0.315
28.68,-0.2814,0.0403,0.9968,-0.2814,0.0402,0.9979,3.151,0.318
28.685,-0.2814,0.0403,0.9968,-0.2815,0.0402,0.9979,3.155,0.321
28.69,-0.2813,0.0403,0.9968,-0.2815,0.0402,0.998,3.159,0.324
28.695,-0.2813,0.0403,0.9967,-0.2813,0.0401,0.9978,3.163,0.326
28.7,-0.2812,0.0402,0.9967,-0.2813,0.0404,0.9977,3.166,0.327
28.705,-0.2812,0.0402,0.9967,-0.2812,0.0404,0.9978,3.169,0.329
28.71,-0.2811,0.0402,0.9967,-0.2811,0.0403,0.9977,3.172,0.33
28.715,-0.2811,0.0403,0.9967,-0.2811,0.0402,0.9976,3.175,0.33
28.72,-0.281,0.0403,0.9967,-0.2808,0.0402,0.9975,3.177,0.33
28.725,-0.281,0.0403,0.9967,-0.281,0.0403,0.9975,3.18,0.33
28.73,-0.281,0.0403,0.9967,-0.2809,0.0404,0.9977,3.181,0.329
28.735,-0.2809,0.0403,0.9967,-0.2809,0.0401,0.9979,3.183,0.327
28.74,-0.2809,0.0403,0.9967,-0.281,0.0401,0.9977,3.185,0.325
28.745,-0.2808,0.0403,0.9968,-0.2808,0.0403,0.9978,3.186,0.323
28.75,-0.2808,0.0403,0.9968,-0.2807,0.0403,0.9976,3.187,0.32
28.755,-0.2808,0.0403,0.9968,-0.2808,0.0404,0.9976,3.188,0.316
28.76,-0.2807,0.0404,0.9969,-0.2808,0.0403,0.9973,3.188,0.312
28.765,-0.2807,0.0404,0.9969,-0.2805,0.0405,0.9973,3.188,0.308
28.77,-0.2807,0.0404,0.997,-0.2806,0.0404,0.9975,3.189,0.303
28.775,-0.2806,0.0404,0.997,-0.2806,0.0404,0.9975,3.188,0.298
28.78,-0.2806,0.0405,0.9971,-0.2807,0.0405,0.9976,3.188,0.293
28.785,-0.2806,0.0405,0.9971,-0.2808,0.0405,0.9976,3.187,0.287
28.79,-0.2805,0.0405,0.9972,-0.2806,0.0402,0.9975,3.187,0.28
28.795,-0.2805,0.0406,0.9973,-0.2805,0.0405,0.9973,3.186,0.273
28.8,-0.2805,0.0406,0.9973,-0.2805,0.0406,0.9973,3.184,0.266
28.805,-0.2805,0.0406,0.9974,-0.2804,0.0406,0.9972,3.183,0.259
28.81,-0.2804,0.0407,0.9975,-0.2804,0.0408,0.997,3.181,0.251
28.815,-0.2804,0.0407,0.9976,-0.2803,0.0408,0.997,3.179,0.243
28.82,-0.2804,0.0408,0.9977,-0.2805,0.0407,0.997,3.177,0.235
28.825,-0.2804,0.0408,0.9977,-0.2803,0.0408,0.9974,3.175,0.226
28.83,-0.2804,0.0409,0.9978,-0.2804,0.0409,0.9977,3.172,0.217
28.835,-0.2803,0.0409,0.9979,-0.2803,0.0409,0.9978,3.169,0.208
28.84,-0.2803,0.041,0.998,-0.2802,0.0408,0.9978,3.167,0.198
28.845,-0.2803,0.041,0.9981,-0.2804,0.0408,0.9979,3.163,0.188
28.85,-0.2803,0.0411,0.9982,-0.2803,0.041,0.9982,3.16,0.178
28.855,-0.2803,0.0412,0.9983,-0.2802,0.041,0.9978,3.156,0.168
28.86,-0.2803,0.0412,0.9984,-0.2803,0.0411,0.9976,3.153,0.158
28.865,-0.2803,0.0413,0.9985,-0.2802,0.0412,0.9977,3.149,0.148
28.87,-0.2802,0.0413,0.9986,-0.2804,0.0414,0.9976,3.145,0.138
28.875,-0.2802,0.0414,0.9987,-0.2806,0.0413,0.9975,3.14,0.127
28.88,-0.2802,0.0415,0.9988,-0.2803,0.0415,0.9975,3.136,0.117
28.885,-0.2802,0.0415,0.9989,-0.2804,0.0415,0.9974,3.131,0.107
28.89,-0.2802,0.0416,0.999,-0.2803,0.0417,0.9975,3.126,0.096
28.895,-0.2802,0.0417,0.9991,-0.2804,0.0417,0.9976,3.121,0.086
28.9,-0.2802,0.0418,0.9992,-0.2803,0.0418,0.9977,3.116,0.076
28.905,-0.2802,0.0418,0.9993,-0.2802,0.0418,0.9978,3.111,0.066
28.91,-0.2802,0.0419,0.9994,-0.2802,0.0419,0.9979,3.105,0.056
28.915,-0.2802,0.042,0.9995,-0.2803,0.0422,0.998,3.099,0.046
28.92,-0.2802,0.0421,0.9996,-0.2801,0.0422,0.9979,3.093,0.036
28.925,-0.2802,0.0422,0.9997,-0.2802,0.0421,0.998,3.087,0.026
28.93,-0.2802,0.0423,0.9998,-0.2802,0.0423,0.9982,3.081,0.016
28.935,-0.2802,0.0423,0.9999,-0.28,0.0423,0.9982,3.074,0.006
28.94,-0.2802,0.0424,1.0,-0.2802,0.0425,0.9984,3.068,0.003
28.945,-0.2802,0.0425,1.0001,-0.2802,0.0426,0.9985,3.061,0.012
28.95,-0.2802,0.0426,1.0002,-0.2801,0.0425,0.999,3.054,0.021
28.955,-0.2802,0.0427,1.0003,-0.2803,0.0429,0.9994,3.046,0.03
28.96,-0.2802,0.0428,1.0004,-0.2801,0.0427,0.9996,3.039,0.039
28.965,-0.2802,0.0429,1.0005,-0.2802,0.0428,0.9996,3.031,0.047
28.97,-0.2802,0.043,1.0006,-0.2803,0.0429,0.9995,3.023,0.055
28.975,-0.2802,0.0431,1.0006,-0.2803,0.0429,0.9996,3.015,0.063
28.98,-0.2802,0.0432,1.0007,-0.2803,0.0432,0.9997,3.007,0.07
28.985,-0.2802,0.0433,1.0008,-0.2802,0.0433,0.9998,2.999,0.077
28.99,-0.2802,0.0435,1.0008,-0.2804,0.0434,0.9998,2.99,0.083
28.995,-0.2802,0.0436,1.0009,-0.2803,0.0435,1.0001,2.982,0.089
29.0,-0.2802,0.0437,1.0009,-0.2802,0.0435,1.0001,2.973,0.094
29.005,-0.2802,0.0438,1.001,-0.2803,0.0435,1.0002,2.964,0.099
29.01,-0.2802,0.0439,1.001,-0.2803,0.0437,1.0004,2.955,0.104
29.015,-0.2803,0.044,1.0011,-0.2805,0.0439,1.0005,2.946,0.108
29.02,-0.2803,0.0442,1.0011,-0.2804,0.044,1.0007,2.936,0.111
29.025,-0.2803,0.0443,1.0011,-0.2804,0.0442,1.0006,2.927,0.114
29.03,-0.2803,0.0444,1.0012,-0.2803,0.0444,1.001,2.917,0.116
29.035,-0.2803,0.0445,1.0012,-0.2803,0.0445,1.0012,2.907,0.118
29.04,-0.2803,0.0447,1.0012,-0.2803,0.0447,1.0014,2.897,0.12
29.045,-0.2803,0.0448,1.0012,-0.2803,0.0447,1.0014,2.887,0.12
29.05,-0.2803,0.0449,1.0012,-0.2805,0.0447,1.0012,2.877,0.121
29.055,-0.2804,0.045,1.0012,-0.2803,0.0449,1.0016,2.866,0.12
29.06,-0.2804,0.0452,1.0012,-0.2803,0.0453,1.0016,2.856,0.12
29.065,-0.2804,0.0453,1.0012,-0.2803,0.0454,1.0016,2.845,0.118
29.07,-0.2804,0.0455,1.0012,-0.2804,0.0454,1.0015,2.834,0.116
29.075,-0.2804,0.0456,1.0011,-0.2805,0.0457,1.0015,2.823,0.114
29.08,-0.2804,0.0457,1.0011,-0.2804,0.0459,1.0014,2.812,0.111
29.085,-0.2805,0.0459,1.0011,-0.2804,0.0458,1.0013,2.801,0.108
29.09,-0.2805,0.046,1.001,-0.2805,0.046,1.0011,2.79,0.104
29.095,-0.2805,0.0462,1.001,-0.2806,0.0462,1.0011,2.778,0.1
29.1,-0.2805,0.0463,1.001,-0.2806,0.0464,1.0012,2.767,0.095
29.105,-0.2806,0.0465,1.0009,-0.2806,0.0463,1.0011,2.755,0.091
29.11,-0.2806,0.0466,1.0009,-0.2807,0.0465,1.0012,2.743,0.086
29.115,-0.2806,0.0468,1.0008,-0.2805,0.0465,1.001,2.731,0.08
29.12,-0.2806,0.0469,1.0007,-0.2806,0.0467,1.001,2.719,0.075
29.125,-0.2806,0.0471,1.0007,-0.2807,0.047,1.001,2.707,0.069
29.13,-0.2807,0.0472,1.0006,-0.2807,0.0471,1.0009,2.694,0.063
29.135,-0.2807,0.0474,1.0006,-0.2806,0.0474,1.0011,2.682,0.057
29.14,-0.2807,0.0476,1.0005,-0.2806,0.0475,1.0012,2.669,0.051
29.145,-0.2808,0.0477,1.0005,-0.2808,0.0476,1.0012,2.656,0.045
29.15,-0.2808,0.0479,1.0004,-0.2807,0.0477,1.0012,2.644,0.039
29.155,-0.2808,0.048,1.0003,-0.2807,0.0479,1.001,2.631,0.033
29.16,-0.2808,0.0482,1.0003,-0.2808,0.0483,1.0012,2.618,0.027
29.165,-0.2809,0.0484,1.0002,-0.2808,0.0485,1.0013,2.604,0.021
29.17,-0.2809,0.0485,1.0002,-0.2808,0.0485,1.0011,2.591,0.015
29.175,-0.2809,0.0487,1.0001,-0.2811,0.0485,1.0012,2.578,0.009
29.18,-0.281,0.0489,1.0,-0.2811,0.0487,1.0014,2.564,0.003
29.185,-0.281,0.0491,1.0,-0.2811,0.0488,1.0009,2.551,0.002
29.19,-0.281,0.0492,0.9999,-0.2812,0.0492,1.0008,2.537,0.008
29.195,-0.2811,0.0494,0.9999,-0.2812,0.0492,1.0006,2.523,0.013
29.2,-0.2811,0.0496,0.9998,-0.2812,0.0495,1.0007,2.509,0.018
29.205,-0.2811,0.0498,0.9998,-0.2811,0.0496,1.0008,2.496,0.024
29.21,-0.2812,0.05,0.9997,-0.2813,0.0498,1.0008,2.481,0.028
29.215,-0.2812,0.0501,0.9997,-0.2812,0.0499,1.0005,2.467,0.033
29.22,-0.2813,0.0503,0.9996,-0.2812,0.0502,1.0004,2.453,0.038
29.225,-0.2813,0.0505,0.9996,-0.2813,0.0502,1.0003,2.439,0.042
29.23,-0.2813,0.0507,0.9995,-0.2813,0.0507,1.0004,2.424,0.046
29.235,-0.2814,0.0509,0.9995,-0.2813,0.0508,1.0004,2.41,0.049
29.24,-0.2814,0.0511,0.9995,-0.2813,0.051,1.0004,2.395,0.053
29.245,-0.2815,0.0513,0.9994,-0.2814,0.0511,1.0002,2.381,0.056
29.25,-0.2815,0.0514,0.9994,-0.2816,0.0514,1.0005,2.366,0.059
29.255,-0.2816,0.0516,0.9994,-0.2815,0.0517,1.0003,2.351,0.061
29.26,-0.2816,0.0518,0.9994,-0.2816,0.0518,1.0005,2.337,0.063
29.265,-0.2817,0.052,0.9994,-0.2816,0.052,1.0,2.322,0.065
29.27,-0.2817,0.0522,0.9993,-0.2818,0.0521,0.9997,2.307,0.066
29.275,-0.2818,0.0524,0.9993,-0.2819,0.0525,0.9994,2.292,0.067
29.28,-0.2818,0.0526,0.9993,-0.2818,0.0526,0.9996,2.277,0.068
29.285,-0.2819,0.0528,0.9993,-0.282,0.0528,0.9997,2.262,0.069
29.29,-0.2819,0.053,0.9993,-0.282,0.0531,0.9994,2.247,0.069
29.295,-0.282,0.0532,0.9993,-0.2817,0.0531,0.9992,2.231,0.069
29.3,-0.282,0.0534,0.9993,-0.282,0.0533,0.9993,2.216,0.068
29.305,-0.2821,0.0536,0.9993,-0.2821,0.0537,0.9991,2.201,0.067
29.31,-0.2821,0.0538,0.9993,-0.282,0.0539,0.9989,2.186,0.066
29.315,-0.2822,0.054,0.9994,-0.282,0.0541,0.9986,2.17,0.064
29.32,-0.2822,0.0542,0.9994,-0.2824,0.0545,0.9986,2.155,0.063
29.325,-0.2823,0.0544,0.9994,-0.2823,0.0543,0.9983,2.14,0.06
29.33,-0.2824,0.0546,0.9994,-0.2825,0.0545,0.9984,2.124,0.058
29.335,-0.2824,0.0548,0.9995,-0.2824,0.0546,0.9983,2.109,0.055
29.34,-0.2825,0.055,0.9995,-0.2825,0.0549,0.9982,2.094,0.051
29.345,-0.2825,0.0552,0.9995,-0.2825,0.0549,0.9983,2.078,0.048
29.35,-0.2826,0.0555,0.9996,-0.2828,0.0552,0.9982,2.063,0.044
29.355,-0.2827,0.0557,0.9996,-0.2827,0.0553,0.9982,2.047,0.039
29.36,-0.2827,0.0559,0.9997,-0.2827,0.0557,0.9983,2.032,0.034
29.365,-0.2828,0.0561,0.9997,-0.2828,0.0561,0.9984,2.016,0.029
29.37,-0.2829,0.0563,0.9998,-0.2829,0.0561,0.9983,2.001,0.024
29.375,-0.2829,0.0565,0.9998,-0.2829,0.0564,0.9983,1.986,0.018
29.38,-0.283,0.0567,0.9999,-0.2831,0.0566,0.9981,1.97,0.012
29.385,-0.2831,0.0569,0.9999,-0.2831,0.0569,0.9982,1.955,0.006
29.39,-0.2831,0.0572,1.0,-0.283,0.057,0.9984,1.94,0.001
29.395,-0.2832,0.0574,1.0001,-0.2832,0.0572,0.9984,1.924,0.008
29.4,-0.2833,0.0576,1.0001,-0.2833,0.0576,0.9985,1.909,0.015
29.405,-0.2834,0.0578,1.0002,-0.2833,0.0577,0.9985,1.894,0.022
29.41,-0.2834,0.058,1.0003,-0.2833,0.058,0.9987,1.879,0.029
29.415,-0.2835,0.0583,1.0004,-0.2835,0.0582,0.9987,1.864,0.037
29.42,-0.2836,0.0585,1.0004,-0.2834,0.0584,0.999,1.849,0.044
29.425,-0.2836,0.0587,1.0005,-0.2835,0.0585,0.999,1.834,0.052
29.43,-0.2837,0.0589,1.0006,-0.2838,0.0586,0.9989,1.819,0.06
29.435,-0.2838,0.0591,1.0007,-0.2838,0.059,0.9987,1.805,0.067
29.44,-0.2839,0.0594,1.0007,-0.2841,0.0591,0.9985,1.79,0.075
29.445,-0.284,0.0596,1.0008,-0.2841,0.0594,0.9985,1.776,0.082
29.45,-0.284,0.0598,1.0009,-0.2843,0.0595,0.9987,1.761,0.09
29.455,-0.2841,0.06,1.001,-0.2843,0.0599,0.9988,1.747,0.097
29.46,-0.2842,0.0602,1.001,-0.2842,0.06,0.9989,1.733,0.103
29.465,-0.2843,0.0605,1.0011,-0.2843,0.0603,0.999,1.719,0.11
29.47,-0.2844,0.0607,1.0012,-0.2845,0.0607,0.9994,1.705,0.116
29.475,-0.2844,0.0609,1.0012,-0.2844,0.0607,0.9997,1.692,0.122
29.48,-0.2845,0.0611,1.0013,-0.2845,0.061,1.0,1.678,0.128
29.485,-0.2846,0.0614,1.0013,-0.2846,0.0613,1.0002,1.665,0.133
29.49,-0.2847,0.0616,1.0014,-0.2847,0.0616,1.0002,1.652,0.138
29.495,-0.2848,0.0618,1.0014,-0.2849,0.0618,1.0001,1.639,0.143
29.5,-0.2849,0.062,1.0015,-0.285,0.062,1.0001,1.626,0.146
29.505,-0.2849,0.0623,1.0015,-0.2851,0.0622,1.0005,1.613,0.15
29.51,-0.285,0.0625,1.0015,-0.2852,0.0624,1.0007,1.601,0.152
29.515,-0.2851,0.0627,1.0015,-0.2852,0.0626,1.001,1.589,0.154
29.52,-0.2852,0.0629,1.0016,-0.2852,0.0629,1.0009,1.577,0.156
29.525,-0.2853,0.0632,1.0016,-0.2853,0.063,1.0009,1.565,0.156
29.53,-0.2854,0.0634,1.0016,-0.2853,0.0631,1.0008,1.554,0.156
29.535,-0.2855,0.0636,1.0016,-0.2856,0.0634,1.0009,1.543,0.156
29.54,-0.2856,0.0638,1.0015,-0.2857,0.0636,1.001,1.532,0.154
29.545,-0.2857,0.0641,1.0015,-0.2857,0.0638,1.001,1.521,0.152
29.55,-0.2857,0.0643,1.0015,-0.2857,0.0641,1.001,1.511,0.149
29.555,-0.2858,0.0645,1.0015,-0.2858,0.0644,1.001,1.5,0.145
29.56,-0.2859,0.0647,1.0014,-0.2862,0.0646,1.0009,1.49,0.141
29.565,-0.286,0.065,1.0014,-0.2858,0.0648,1.001,1.481,0.136
29.57,-0.2861,0.0652,1.0013,-0.2861,0.0651,1.001,1.471,0.13
29.575,-0.2862,0.0654,1.0012,-0.286,0.0653,1.001,1.462,0.124
29.58,-0.2863,0.0656,1.0012,-0.2864,0.0657,1.001,1.454,0.116
29.585,-0.2864,0.0659,1.0011,-0.2864,0.0659,1.001,1.445,0.109
29.59,-0.2865,0.0661,1.001,-0.2865,0.066,1.001,1.437,0.1
29.595,-0.2866,0.0663,1.0009,-0.2866,0.0661,1.0009,1.429,0.091
29.6,-0.2867,0.0665,1.0008,-0.2867,0.0664,1.001,1.421,0.082
29.605,-0.2868,0.0668,1.0007,-0.2869,0.0667,1.0011,1.414,0.072
29.61,-0.2869,0.067,1.0006,-0.2871,0.0668,1.0012,1.407,0.062
29.615,-0.287,0.0672,1.0005,-0.287,0.0671,1.0011,1.401,0.051
29.62,-0.2871,0.0674,1.0004,-0.2872,0.0674,1.0009,1.394,0.04
29.625,-0.2872,0.0677,1.0003,-0.2871,0.0676,1.0011,1.388,0.028
29.63,-0.2873,0.0679,1.0002,-0.2874,0.0677,1.0012,1.383,0.016
29.635,-0.2874,0.0681,1.0,-0.2874,0.068,1.0013,1.377,0.004
29.64,-0.2875,0.0683,0.9999,-0.2874,0.0682,1.0014,1.372,0.008
29.645,-0.2876,0.0685,0.9998,-0.2874,0.0684,1.0013,1.368,0.021
29.65,-0.2877,0.0688,0.9997,-0.2876,0.0687,1.0014,1.363,0.033
29.655,-0.2878,0.069,0.9995,-0.2878,0.069,1.0014,1.359,0.046
29.66,-0.2879,0.0692,0.9994,-0.2879,0.069,1.0017,1.356,0.06
29.665,-0.288,0.0694,0.9993,-0.2881,0.0694,1.0017,1.353,0.073
29.67,-0.2881,0.0696,0.9991,-0.288,0.0695,1.0017,1.35,0.086
29.675,-0.2882,0.0699,0.999,-0.2884,0.0698,1.0017,1.347,0.1
29.68,-0.2883,0.0701,0.9989,-0.2882,0.0702,1.0017,1.345,0.113
29.685,-0.2884,0.0703,0.9987,-0.2884,0.0702,1.0016,1.343,0.127
29.69,-0.2886,0.0705,0.9986,-0.2886,0.0706,1.0014,1.341,0.14
29.695,-0.2887,0.0707,0.9985,-0.2888,0.0707,1.0014,1.34,0.153
29.7,-0.2888,0.071,0.9983,-0.2889,0.0711,1.0012,1.339,0.167
29.705,-0.2889,0.0712,0.9982,-0.2888,0.071,1.0011,1.339,0.18
29.71,-0.289,0.0714,0.9981,-0.2891,0.0713,1.0009,1.339,0.194
29.715,-0.2891,0.0716,0.9979,-0.2893,0.0714,1.0007,1.339,0.207
29.72,-0.2892,0.0718,0.9978,-0.2893,0.0717,1.0006,1.339,0.22
29.725,-0.2894,0.072,0.9977,-0.2895,0.072,1.0003,1.34,0.233
29.73,-0.2895,0.0723,0.9975,-0.2895,0.072,1.0004,1.341,0.245
29.735,-0.2896,0.0725,0.9974,-0.2895,0.0724,1.0002,1.343,0.258
29.74,-0.2897,0.0727,0.9973,-0.2897,0.0725,1.0,1.345,0.27
29.745,-0.2898,0.0729,0.9972,-0.2899,0.0727,0.9995,1.347,0.281
29.75,-0.29,0.0731,0.9971,-0.2897,0.0729,0.9993,1.349,0.293
29.755,-0.2901,0.0733,0.997,-0.2901,0.0732,0.9991,1.352,0.304
29.76,-0.2902,0.0735,0.9969,-0.2902,0.0735,0.9991,1.355,0.315
29.765,-0.2903,0.0737,0.9967,-0.2904,0.0736,0.9989,1.359,0.325
29.77,-0.2905,0.0739,0.9967,-0.2902,0.0738,0.9988,1.362,0.335
29.775,-0.2906,0.0742,0.9966,-0.2905,0.0741,0.9987,1.366,0.344
29.78,-0.2907,0.0744,0.9965,-0.2906,0.0743,0.9986,1.371,0.353
29.785,-0.2909,0.0746,0.9964,-0.2908,0.0745,0.9984,1.375,0.361
29.79,-0.291,0.0748,0.9963,-0.2909,0.0747,0.9985,1.38,0.369
29.795,-0.2911,0.075,0.9962,-0.291,0.075,0.9984,1.386,0.376
29.8,-0.2912,0.0752,0.9962,-0.2911,0.0751,0.9985,1.391,0.382
29.805,-0.2914,0.0754,0.9961,-0.2913,0.0755,0.9987,1.397,0.388
29.81,-0.2915,0.0756,0.9961,-0.2914,0.0756,0.9985,1.403,0.393
29.815,-0.2917,0.0758,0.996,-0.2915,0.0757,0.9982,1.409,0.398
29.82,-0.2918,0.076,0.996,-0.2918,0.0759,0.9979,1.416,0.402
29.825,-0.2919,0.0762,0.9959,-0.2919,0.0762,0.9978,1.423,0.405
29.83,-0.2921,0.0764,0.9959,-0.2921,0.0762,0.9977,1.43,0.408
29.835,-0.2922,0.0766,0.9959,-0.2921,0.0767,0.9976,1.438,0.411
29.84,-0.2924,0.0768,0.9959,-0.2925,0.0767,0.9975,1.445,0.412
29.845,-0.2925,0.077,0.9959,-0.2924,0.0768,0.9973,1.453,0.413
29.85,-0.2926,0.0772,0.9959,-0.2926,0.0771,0.9972,1.461,0.413
29.855,-0.2928,0.0774,0.9959,-0.2928,0.0773,0.9972,1.47,0.413
29.86,-0.2929,0.0776,0.9959,-0.2928,0.0775,0.997,1.479,0.412
29.865,-0.2931,0.0778,0.9959,-0.2931,0.0777,0.997,1.488,0.411
29.87,-0.2932,0.078,0.9959,-0.2932,0.0778,0.9971,1.497,0.409
29.875,-0.2934,0.0782,0.9959,-0.2933,0.078,0.9969,1.506,0.406
29.88,-0.2935,0.0784,0.996,-0.2935,0.0782,0.997,1.516,0.403
29.885,-0.2937,0.0786,0.996,-0.2938,0.0785,0.9973,1.526,0.399
29.89,-0.2938,0.0788,0.9961,-0.2935,0.0786,0.9975,1.536,0.395
29.895,-0.294,0.079,0.9961,-0.2937,0.0787,0.9975,1.546,0.39
29.9,-0.2941,0.0791,0.9962,-0.2939,0.0788,0.9974,1.556,0.385
29.905,-0.2943,0.0793,0.9962,-0.2942,0.0792,0.9978,1.567,0.379
29.91,-0.2944,0.0795,0.9963,-0.2943,0.0792,0.998,1.578,0.373
29.915,-0.2946,0.0797,0.9963,-0.2944,0.0794,0.998,1.588,0.367
29.92,-0.2947,0.0799,0.9964,-0.2946,0.0797,0.9981,1.6,0.36
29.925,-0.2949,0.0801,0.9965,-0.295,0.0799,0.998,1.611,0.353
29.93,-0.295,0.0803,0.9965,-0.295,0.0802,0.9981,1.622,0.346
29.935,-0.2952,0.0804,0.9966,-0.295,0.0805,0.9981,1.634,0.339
29.94,-0.2953,0.0806,0.9967,-0.2954,0.0804,0.9982,1.645,0.332
29.945,-0.2955,0.0808,0.9968,-0.2955,0.0807,0.9981,1.657,0.325
29.95,-0.2957,0.081,0.9968,-0.2956,0.0812,0.9978,1.669,0.318
29.955,-0.2958,0.0812,0.9969,-0.2958,0.0812,0.9979,1.681,0.31
29.96,-0.296,0.0813,0.997,-0.296,0.0811,0.998,1.693,0.303
29.965,-0.2961,0.0815,0.997,-0.2961,0.0813,0.998,1.706,0.296
29.97,-0.2963,0.0817,0.9971,-0.2961,0.0814,0.9981,1.718,0.289
29.975,-0.2964,0.0818,0.9972,-0.2965,0.0815,0.9976,1.73,0.282
29.98,-0.2966,0.082,0.9973,-0.2964,0.0818,0.9976,1.743,0.275
29.985,-0.2968,0.0822,0.9973,-0.2968,0.0818,0.9974,1.756,0.268
29.99,-0.2969,0.0824,0.9974,-0.2969,0.0821,0.9973,1.768,0.261
29.995,-0.2971,0.0825,0.9975,-0.2969,0.0823,0.9972,1.781,0.255
30.0,-0.2972,0.0827,0.9975,-0.2972,0.0825,0.9973,1.794,0.248
30.005,-0.2974,0.0828,0.9976,-0.2972,0.0826,0.9974,1.807,0.242
30.01,-0.2975,0.083,0.9976,-0.2974,0.0827,0.9976,1.819,0.235
30.015,-0.2977,0.0832,0.9977,-0.2978,0.0829,0.9974,1.832,0.229
30.02,-0.2979,0.0833,0.9978,-0.2977,0.0833,0.9976,1.845,0.222
30.025,-0.298,0.0835,0.9978,-0.2981,0.0833,0.9979,1.858,0.216
30.03,-0.2982,0.0836,0.9979,-0.2979,0.0836,0.9978,1.871,0.209
30.035,-0.2983,0.0838,0.998,-0.2983,0.0836,0.9979,1.884,0.203
30.04,-0.2985,0.0839,0.998,-0.2985,0.0839,0.9978,1.897,0.197
30.045,-0.2986,0.0841,0.9981,-0.2986,0.0842,0.9978,1.909,0.191
30.05,-0.2988,0.0842,0.9982,-0.2989,0.0844,0.9978,1.922,0.184
30.055,-0.299,0.0844,0.9982,-0.2988,0.0844,0.9979,1.935,0.178
30.06,-0.2991,0.0845,0.9983,-0.2991,0.0844,0.9976,1.948,0.172
30.065,-0.2993,0.0847,0.9983,-0.2992,0.0847,0.9978,1.96,0.166
30.07,-0.2994,0.0848,0.9984,-0.2992,0.085,0.998,1.973,0.16
30.075,-0.2996,0.0849,0.9985,-0.2998,0.0849,0.9984,1.986,0.154
30.08,-0.2998,0.0851,0.9985,-0.2998,0.0851,0.9981,1.998,0.147
30.085,-0.2999,0.0852,0.9986,-0.3,0.0852,0.9984,2.011,0.141
30.09,-0.3001,0.0853,0.9986,-0.3001,0.0853,0.9983,2.023,0.135
30.095,-0.3002,0.0855,0.9987,-0.3004,0.0855,0.9984,2.036,0.13
30.1,-0.3004,0.0856,0.9988,-0.3004,0.0856,0.9982,2.048,0.124
30.105,-0.3006,0.0857,0.9988,-0.3003,0.0856,0.9984,2.06,0.118
30.11,-0.3007,0.0858,0.9989,-0.3005,0.0858,0.9986,2.073,0.113
30.115,-0.3009,0.086,0.9989,-0.3008,0.0858,0.999,2.085,0.107
30.12,-0.301,0.0861,0.999,-0.3008,0.0859,0.9992,2.097,0.102
30.125,-0.3012,0.0862,0.999,-0.301,0.0859,0.9992,2.109,0.097
30.13,-0.3014,0.0863,0.9991,-0.3015,0.0862,0.9992,2.121,0.092
30.135,-0.3015,0.0864,0.9991,-0.3013,0.0863,0.9993,2.133,0.088
30.14,-0.3017,0.0865,0.9992,-0.3017,0.0866,0.9994,2.144,0.084
30.145,-0.3018,0.0866,0.9992,-0.3016,0.0866,0.9996,2.156,0.08
30.15,-0.302,0.0868,0.9992,-0.302,0.0867,0.9996,2.167,0.076
30.155,-0.3021,0.0869,0.9993,-0.3023,0.0868,0.9996,2.179,0.073
30.16,-0.3023,0.087,0.9993,-0.3024,0.0872,0.9998,2.19,0.07
30.165,-0.3025,0.0871,0.9993,-0.3025,0.0873,1.0,2.202,0.067
30.17,-0.3026,0.0872,0.9994,-0.3027,0.0874,1.0002,2.213,0.065
30.175,-0.3028,0.0873,0.9994,-0.3027,0.0873,1.0002,2.224,0.063
30.18,-0.3029,0.0874,0.9994,-0.3029,0.0874,1.0005,2.235,0.061
30.185,-0.3031,0.0875,0.9994,-0.303,0.0875,1.0008,2.245,0.06
30.19,-0.3032,0.0875,0.9994,-0.3032,0.0877,1.0006,2.256,0.059
30.195,-0.3034,0.0876,0.9994,-0.3033,0.0878,1.001,2.267,0.059
30.2,-0.3036,0.0877,0.9994,-0.3034,0.0878,1.0009,2.277,0.06
30.205,-0.3037,0.0878,0.9994,-0.3036,0.088,1.0009,2.288,0.06
30.21,-0.3039,0.0879,0.9994,-0.3038,0.0879,1.0008,2.298,0.062
30.215,-0.304,0.088,0.9994,-0.3041,0.088,1.0008,2.308,0.063
30.22,-0.3042,0.0881,0.9993,-0.3039,0.0879,1.0009,2.319,0.066
30.225,-0.3043,0.0881,0.9993,-0.3043,0.0883,1.0009,2.329,0.068
30.23,-0.3045,0.0882,0.9993,-0.3043,0.0881,1.0008,2.339,0.072
30.235,-0.3046,0.0883,0.9992,-0.3045,0.0881,1.001,2.348,0.076
30.24,-0.3048,0.0884,0.9992,-0.3047,0.0883,1.0007,2.358,0.08
30.245,-0.3049,0.0884,0.9992,-0.3048,0.0883,1.0006,2.368,0.085
30.25,-0.3051,0.0885,0.9991,-0.3052,0.0885,1.0008,2.377,0.09
30.255,-0.3052,0.0886,0.999,-0.3052,0.0886,1.0008,2.387,0.096
30.26,-0.3054,0.0886,0.999,-0.3053,0.0886,1.0008,2.396,0.102
30.265,-0.3055,0.0887,0.9989,-0.3056,0.0887,1.0011,2.405,0.108
30.27,-0.3057,0.0888,0.9989,-0.3056,0.0889,1.0009,2.414,0.115
30.275,-0.3058,0.0888,0.9988,-0.3058,0.0888,1.0008,2.423,0.122
30.28,-0.306,0.0889,0.9987,-0.3059,0.0889,1.0007,2.432,0.129
30.285,-0.3061,0.0889,0.9986,-0.3059,0.089,1.0007,2.441,0.137
30.29,-0.3063,0.089,0.9985,-0.3064,0.0889,1.0007,2.45,0.145
30.295,-0.3064,0.089,0.9985,-0.3066,0.089,1.0007,2.458,0.153
30.3,-0.3066,0.0891,0.9984,-0.3065,0.0891,1.0006,2.467,0.162
30.305,-0.3067,0.0891,0.9983,-0.3068,0.0893,1.0009,2.475,0.171
30.31,-0.3069,0.0892,0.9982,-0.3068,0.0892,1.0008,2.483,0.18
30.315,-0.307,0.0892,0.9981,-0.3068,0.0894,1.0009,2.491,0.189
30.32,-0.3071,0.0893,0.998,-0.3071,0.0894,1.0009,2.499,0.198
30.325,-0.3073,0.0893,0.9979,-0.3073,0.0894,1.0008,2.507,0.207
30.33,-0.3074,0.0894,0.9978,-0.3075,0.0893,1.0005,2.515,0.217
30.335,-0.3076,0.0894,0.9977,-0.3076,0.0894,1.0005,2.522,0.227
30.34,-0.3077,0.0895,0.9976,-0.3076,0.0895,1.0004,2.53,0.236
30.345,-0.3079,0.0895,0.9975,-0.3077,0.0896,1.0003,2.537,0.246
30.35,-0.308,0.0895,0.9974,-0.308,0.0896,1.0004,2.544,0.256
30.355,-0.3081,0.0896,0.9973,-0.3082,0.0895,1.0002,2.551,0.265
30.36,-0.3083,0.0896,0.9972,-0.3083,0.0897,1.0001,2.558,0.275
30.365,-0.3084,0.0896,0.9972,-0.3086,0.0894,0.9999,2.565,0.285
30.37,-0.3085,0.0896,0.9971,-0.3084,0.0895,0.9997,2.572,0.294
30.375,-0.3087,0.0897,0.997,-0.3087,0.0896,0.9998,2.579,0.304
30.38,-0.3088,0.0897,0.9969,-0.3089,0.0899,0.9998,2.586,0.313
30.385,-0.3089,0.0897,0.9968,-0.3089,0.0897,0.9995,2.592,0.322
30.39,-0.3091,0.0897,0.9967,-0.3091,0.0897,0.9996,2.598,0.33
30.395,-0.3092,0.0898,0.9966,-0.3092,0.0897,0.9995,2.605,0.339
30.4,-0.3094,0.0898,0.9965,-0.3093,0.0898,0.9993,2.611,0.347
30.405,-0.3095,0.0898,0.9965,-0.3096,0.0899,0.9991,2.617,0.355
30.41,-0.3096,0.0898,0.9964,-0.3097,0.09,0.9992,2.623,0.362
30.415,-0.3098,0.0898,0.9963,-0.3096,0.0899,0.999,2.629,0.369
30.42,-0.3099,0.0898,0.9962,-0.3098,0.0898,0.9988,2.634,0.376
30.425,-0.31,0.0899,0.9962,-0.31,0.0899,0.9985,2.64,0.382
30.43,-0.3101,0.0899,0.9961,-0.3101,0.0898,0.9986,2.645,0.388
30.435,-0.3103,0.0899,0.9961,-0.3101,0.0898,0.9984,2.651,0.393
30.44,-0.3104,0.0899,0.996,-0.3103,0.0901,0.9982,2.656,0.398
30.445,-0.3105,0.0899,0.996,-0.3104,0.09,0.998,2.661,0.403
30.45,-0.3107,0.0899,0.9959,-0.3105,0.09,0.998,2.666,0.406
30.455,-0.3108,0.0899,0.9959,-0.3107,0.0898,0.9982,2.671,0.41
30.46,-0.3109,0.0899,0.9959,-0.3107,0.0898,0.9979,2.676,0.413
30.465,-0.3111,0.0899,0.9959,-0.3112,0.0899,0.9983,2.681,0.415
30.47,-0.3112,0.0899,0.9958,-0.3109,0.09,0.9983,2.685,0.417
30.475,-0.3113,0.0899,0.9958,-0.3111,0.0898,0.9983,2.69,0.418
30.48,-0.3114,0.0899,0.9958,-0.3114,0.09,0.9979,2.694,0.418
30.485,-0.3116,0.0899,0.9958,-0.3115,0.0901,0.998,2.699,0.418
30.49,-0.3117,0.0899,0.9958,-0.3117,0.09,0.9981,2.703,0.418
30.495,-0.3118,0.0899,0.9958,-0.3119,0.0901,0.9982,2.707,0.417
30.5,-0.3119,0.0898,0.9958,-0.3119,0.09,0.9982,2.711,0.416
30.505,-0.3121,0.0898,0.9959,-0.3123,0.0898,0.9982,2.715,0.414
30.51,-0.3122,0.0898,0.9959,-0.3123,0.0898,0.9983,2.719,0.412
30.515,-0.3123,0.0898,0.9959,-0.3122,0.0898,0.9982,2.722,0.409
30.52,-0.3124,0.0898,0.9959,-0.3123,0.0899,0.9979,2.726,0.406
30.525,-0.3126,0.0898,0.996,-0.3122,0.0897,0.9981,2.729,0.403
30.53,-0.3127,0.0897,0.996,-0.3125,0.0896,0.998,2.733,0.4
30.535,-0.3128,0.0897,0.996,-0.3126,0.0895,0.998,2.736,0.396
30.54,-0.3129,0.0897,0.9961,-0.3128,0.0896,0.9979,2.739,0.393
30.545,-0.313,0.0897,0.9961,-0.3131,0.0896,0.9979,2.742,0.389
30.55,-0.3131,0.0896,0.9962,-0.313,0.0898,0.9977,2.745,0.384
30.555,-0.3133,0.0896,0.9962,-0.3132,0.0894,0.9977,2.748,0.38
30.56,-0.3134,0.0896,0.9962,-0.3133,0.0895,0.9975,2.751,0.376
30.565,-0.3135,0.0896,0.9963,-0.3134,0.0895,0.9976,2.753,0.371
30.57,-0.3136,0.0895,0.9963,-0.3136,0.0896,0.9975,2.756,0.367
30.575,-0.3137,0.0895,0.9964,-0.3136,0.0895,0.9977,2.758,0.362
30.58,-0.3138,0.0895,0.9964,-0.3138,0.0896,0.9974,2.76,0.358
30.585,-0.3139,0.0894,0.9965,-0.3139,0.0894,0.9975,2.763,0.353
30.59,-0.314,0.0894,0.9965,-0.314,0.0892,0.9975,2.765,0.349
30.595,-0.3142,0.0894,0.9966,-0.3139,0.0895,0.9976,2.766,0.344
30.6,-0.3143,0.0893,0.9966,-0.3143,0.0892,0.9976,2.768,0.339
30.605,-0.3144,0.0893,0.9967,-0.3145,0.0894,0.9977,2.77,0.335
30.61,-0.3145,0.0892,0.9967,-0.3145,0.0895,0.9975,2.771,0.33
30.615,-0.3146,0.0892,0.9967,-0.3144,0.0893,0.9974,2.773,0.326
30.62,-0.3147,0.0891,0.9968,-0.3145,0.0892,0.9975,2.774,0.321
30.625,-0.3148,0.0891,0.9968,-0.3147,0.0893,0.9975,2.775,0.317
30.63,-0.3149,0.0891,0.9969,-0.3149,0.0892,0.9978,2.776,0.312
30.635,-0.315,0.089,0.9969,-0.3152,0.0891,0.9976,2.777,0.308
30.64,-0.3151,0.089,0.997,-0.3153,0.089,0.9977,2.778,0.304
30.645,-0.3152,0.0889,0.997,-0.3153,0.0888,0.998,2.778,0.3
30.65,-0.3153,0.0889,0.997,-0.3154,0.0887,0.9983,2.779,0.296
30.655,-0.3154,0.0888,0.9971,-0.3153,0.0887,0.9982,2.779,0.293
30.66,-0.3155,0.0887,0.9971,-0.3153,0.0886,0.9981,2.78,0.289
30.665,-0.3156,0.0887,0.9971,-0.3153,0.0888,0.9983,2.78,0.286
30.67,-0.3156,0.0886,0.9972,-0.3153,0.0885,0.9981,2.78,0.283
30.675,-0.3157,0.0886,0.9972,-0.3156,0.0886,0.9983,2.78,0.28
30.68,-0.3158,0.0885,0.9972,-0.3156,0.0886,0.9985,2.779,0.277
30.685,-0.3159,0.0885,0.9973,-0.3157,0.0885,0.9986,2.779,0.275
30.69,-0.316,0.0884,0.9973,-0.3159,0.0885,0.9986,2.779,0.273
30.695,-0.3161,0.0883,0.9973,-0.3159,0.0884,0.9986,2.778,0.271
30.7,-0.3162,0.0883,0.9973,-0.316,0.0885,0.9989,2.777,0.269
30.705,-0.3162,0.0882,0.9973,-0.3164,0.0883,0.9989,2.776,0.268
30.71,-0.3163,0.0881,0.9973,-0.3164,0.0882,0.9987,2.775,0.267
30.715,-0.3164,0.0881,0.9973,-0.3164,0.0882,0.9988,2.774,0.267
30.72,-0.3165,0.088,0.9973,-0.3165,0.0881,0.9988,2.773,0.266
30.725,-0.3166,0.0879,0.9973,-0.3167,0.088,0.9988,2.772,0.267
30.73,-0.3166,0.0879,0.9973,-0.3167,0.0878,0.9987,2.77,0.267
30.735,-0.3167,0.0878,0.9973,-0.3168,0.0878,0.9989,2.768,0.268
30.74,-0.3168,0.0877,0.9973,-0.3169,0.0875,0.9987,2.767,0.269
30.745,-0.3168,0.0876,0.9973,-0.3171,0.0876,0.9987,2.765,0.271
30.75,-0.3169,0.0876,0.9973,-0.317,0.0875,0.9988,2.763,0.273
30.755,-0.317,0.0875,0.9973,-0.3169,0.0873,0.9989,2.76,0.275
30.76,-0.317,0.0874,0.9972,-0.3169,0.0874,0.999,2.758,0.277
30.765,-0.3171,0.0873,0.9972,-0.317,0.0874,0.9992,2.756,0.28
30.77,-0.3172,0.0873,0.9972,-0.3169,0.0873,0.9991,2.753,0.283
30.775,-0.3172,0.0872,0.9971,-0.3173,0.0874,0.999,2.75,0.286
30.78,-0.3173,0.0871,0.9971,-0.3171,0.0873,0.9989,2.748,0.29
30.785,-0.3174,0.087,0.9971,-0.3174,0.0872,0.9989,2.745,0.294
30.79,-0.3174,0.0869,0.997,-0.3174,0.087,0.9988,2.742,0.298
30.795,-0.3175,0.0869,0.997,-0.3173,0.087,0.9989,2.738,0.302
30.8,-0.3175,0.0868,0.9969,-0.3175,0.0869,0.9989,2.735,0.306
30.805,-0.3176,0.0867,0.9969,-0.3177,0.0868,0.9989,2.731,0.311
30.81,-0.3176,0.0866,0.9968,-0.3176,0.0866,0.9986,2.728,0.315
30.815,-0.3177,0.0865,0.9968,-0.3177,0.0867,0.9988,2.724,0.32
30.82,-0.3177,0.0864,0.9968,-0.3179,0.0866,0.9986,2.72,0.325
30.825,-0.3178,0.0863,0.9967,-0.3177,0.0865,0.9987,2.716,0.33
30.83,-0.3178,0.0862,0.9967,-0.3178,0.0866,0.9987,2.712,0.334
30.835,-0.3179,0.0862,0.9966,-0.3178,0.0863,0.9986,2.708,0.339
30.84,-0.3179,0.0861,0.9966,-0.318,0.0859,0.9985,2.704,0.344
30.845,-0.318,0.086,0.9965,-0.3179,0.086,0.9985,2.699,0.349
30.85,-0.318,0.0859,0.9965,-0.3179,0.0858,0.9982,2.695,0.353
30.855,-0.318,0.0858,0.9964,-0.3182,0.0859,0.9981,2.69,0.358
30.86,-0.3181,0.0857,0.9964,-0.3181,0.0855,0.9978,2.685,0.362
30.865,-0.3181,0.0856,0.9963,-0.3182,0.0856,0.998,2.681,0.367
30.87,-0.3182,0.0855,0.9963,-0.3183,0.0856,0.9979,2.676,0.371
30.875,-0.3182,0.0854,0.9963,-0.3183,0.0856,0.9976,2.671,0.375
30.88,-0.3182,0.0853,0.9962,-0.3182,0.0856,0.9977,2.665,0.378
30.885,-0.3183,0.0852,0.9962,-0.3181,0.0853,0.9977,2.66,0.382
30.89,-0.3183,0.0851,0.9962,-0.3184,0.0851,0.9974,2.655,0.385
30.895,-0.3183,0.085,0.9961,-0.3183,0.0851,0.9972,2.649,0.388
30.9,-0.3183,0.0849,0.9961,-0.3184,0.0849,0.9973,2.644,0.39
30.905,-0.3184,0.0848,0.9961,-0.3184,0.085,0.9972,2.638,0.392
30.91,-0.3184,0.0847,0.9961,-0.3183,0.0848,0.9972,2.633,0.394
30.915,-0.3184,0.0846,0.996,-0.3183,0.0849,0.9972,2.627,0.395
30.92,-0.3184,0.0845,0.996,-0.3183,0.0846,0.9974,2.621,0.396
30.925,-0.3185,0.0844,0.996,-0.3183,0.0844,0.9975,2.615,0.397
30.93,-0.3185,0.0843,0.996,-0.3182,0.0843,0.9974,2.609,0.397
30.935,-0.3185,0.0842,0.996,-0.3184,0.0844,0.9972,2.603,0.396
30.94,-0.3185,0.0841,0.996,-0.3185,0.0843,0.9973,2.597,0.395
30.945,-0.3186,0.084,0.9961,-0.3185,0.0841,0.9975,2.591,0.394
30.95,-0.3186,0.0839,0.9961,-0.3187,0.0838,0.9976,2.584,0.392
30.955,-0.3186,0.0838,0.9961,-0.3187,0.0841,0.9977,2.578,0.389
30.96,-0.3186,0.0837,0.9961,-0.3188,0.0838,0.9979,2.571,0.387
30.965,-0.3186,0.0836,0.9962,-0.3187,0.0837,0.9978,2.565,0.384
30.97,-0.3186,0.0835,0.9962,-0.3188,0.0835,0.9975,2.558,0.38
30.975,-0.3186,0.0834,0.9962,-0.3188,0.0833,0.9977,2.552,0.377
30.98,-0.3187,0.0833,0.9963,-0.3187,0.0835,0.9973,2.545,0.373
30.985,-0.3187,0.0832,0.9963,-0.3187,0.0832,0.9973,2.538,0.368
30.99,-0.3187,0.0831,0.9964,-0.3185,0.0831,0.9974,2.531,0.364
30.995,-0.3187,0.083,0.9964,-0.3186,0.083,0.9973,2.524,0.359
31.0,-0.3187,0.0829,0.9965,-0.3187,0.0828,0.9973,2.517,0.354
31.005,-0.3187,0.0828,0.9965,-0.3185,0.0828,0.9973,2.51,0.349
31.01,-0.3187,0.0826,0.9966,-0.3186,0.0827,0.9971,2.503,0.344
31.015,-0.3187,0.0825,0.9966,-0.3188,0.0826,0.9972,2.496,0.338
31.02,-0.3187,0.0824,0.9967,-0.3188,0.0826,0.9978,2.489,0.332
31.025,-0.3187,0.0823,0.9967,-0.3187,0.0824,0.9978,2.481,0.326
31.03,-0.3187,0.0822,0.9968,-0.3188,0.0821,0.9977,2.474,0.32
31.035,-0.3187,0.0821,0.9969,-0.3187,0.0821,0.998,2.466,0.314
31.04,-0.3187,0.082,0.9969,-0.3187,0.082,0.998,2.459,0.308
31.045,-0.3187,0.0819,0.997,-0.3185,0.0819,0.9978,2.451,0.302
31.05,-0.3187,0.0818,0.997,-0.3187,0.0818,0.9981,2.443,0.296
31.055,-0.3187,0.0817,0.9971,-0.3185,0.0818,0.9984,2.436,0.29
31.06,-0.3187,0.0816,0.9972,-0.3185,0.082,0.9986,2.428,0.285
31.065,-0.3186,0.0815,0.9972,-0.3186,0.0817,0.9983,2.42,0.279
31.07,-0.3186,0.0814,0.9973,-0.3184,0.0816,0.9984,2.412,0.273
31.075,-0.3186,0.0813,0.9973,-0.3185,0.0813,0.9983,2.403,0.268
31.08,-0.3186,0.0812,0.9974,-0.3185,0.0813,0.9987,2.395,0.263
31.085,-0.3186,0.0811,0.9974,-0.3184,0.0813,0.9987,2.387,0.258
31.09,-0.3186,0.081,0.9975,-0.3186,0.081,0.9984,2.378,0.254
31.095,-0.3185,0.0809,0.9975,-0.3186,0.0808,0.9984,2.37,0.25
31.1,-0.3185,0.0807,0.9975,-0.3187,0.0809,0.9986,2.361,0.246
31.105,-0.3185,0.0806,0.9976,-0.3183,0.0808,0.9987,2.353,0.242
31.11,-0.3185,0.0805,0.9976,-0.3187,0.0804,0.9989,2.344,0.238
31.115,-0.3184,0.0804,0.9976,-0.3186,0.0803,0.9988,2.335,0.235
31.12,-0.3184,0.0803,0.9977,-0.3185,0.0803,0.9987,2.326,0.233
31.125,-0.3184,0.0802,0.9977,-0.3184,0.0802,0.9987,2.317,0.23
31.13,-0.3184,0.0801,0.9977,-0.3185,0.0799,0.9987,2.308,0.228
31.135,-0.3183,0.08,0.9977,-0.3185,0.0801,0.9988,2.299,0.226
31.14,-0.3183,0.0799,0.9978,-0.3185,0.0799,0.9987,2.289,0.224
31.145,-0.3183,0.0798,0.9978,-0.3184,0.0798,0.9988,2.28,0.223
31.15,-0.3182,0.0797,0.9978,-0.3185,0.0795,0.9988,2.27,0.222
31.155,-0.3182,0.0796,0.9978,-0.3185,0.0796,0.9987,2.261,0.221
31.16,-0.3181,0.0795,0.9978,-0.3182,0.0794,0.999,2.251,0.22
31.165,-0.3181,0.0794,0.9978,-0.3182,0.0795,0.9992,2.241,0.22
31.17,-0.3181,0.0793,0.9978,-0.318,0.0793,0.9991,2.231,0.219
31.175,-0.318,0.0792,0.9978,-0.318,0.0794,0.9991,2.222,0.219
31.18,-0.318,0.0791,0.9978,-0.3178,0.0791,0.9991,2.211,0.219
31.185,-0.3179,0.079,0.9978,-0.3179,0.079,0.9991,2.201,0.22
31.19,-0.3179,0.0789,0.9978,-0.3178,0.079,0.9992,2.191,0.22
31.195,-0.3178,0.0788,0.9978,-0.3179,0.0789,0.9994,2.181,0.221
31.2,-0.3178,0.0787,0.9978,-0.3177,0.0789,0.9993,2.171,0.221
31.205,-0.3177,0.0786,0.9978,-0.3178,0.0786,0.9991,2.16,0.222
31.21,-0.3177,0.0785,0.9978,-0.3176,0.0788,0.9991,2.15,0.223
31.215,-0.3176,0.0784,0.9978,-0.3178,0.0784,0.999,2.139,0.224
31.22,-0.3176,0.0783,0.9978,-0.3177,0.0783,0.9988,2.128,0.225
31.225,-0.3175,0.0782,0.9977,-0.3176,0.078,0.9986,2.118,0.226
31.23,-0.3174,0.0781,0.9977,-0.3174,0.0781,0.9986,2.107,0.227
31.235,-0.3174,0.078,0.9977,-0.3175,0.0777,0.9984,2.096,0.227
31.24,-0.3173,0.0779,0.9977,-0.3172,0.0778,0.9981,2.085,0.228
31.245,-0.3173,0.0778,0.9977,-0.3173,0.0776,0.9983,2.074,0.229
31.25,-0.3172,0.0777,0.9977,-0.3174,0.0777,0.9982,2.063,0.229
31.255,-0.3171,0.0776,0.9977,-0.3172,0.0776,0.9984,2.052,0.229
31.26,-0.3171,0.0775,0.9977,-0.3172,0.0772,0.9987,2.04,0.229
31.265,-0.317,0.0774,0.9977,-0.3169,0.0772,0.9987,2.029,0.229
31.27,-0.3169,0.0773,0.9977,-0.317,0.0771,0.9987,2.018,0.228
31.275,-0.3169,0.0772,0.9977,-0.317,0.0773,0.9986,2.006,0.228
31.28,-0.3168,0.0771,0.9977,-0.3169,0.0771,0.9985,1.994,0.226
31.285,-0.3167,0.077,0.9978,-0.3168,0.0772,0.9988,1.983,0.225
31.29,-0.3166,0.0769,0.9978,-0.3167,0.077,0.9989,1.971,0.223
31.295,-0.3166,0.0768,0.9978,-0.3167,0.0767,0.9986,1.959,0.221
31.3,-0.3165,0.0767,0.9978,-0.3167,0.0768,0.9983,1.947,0.219
31.305,-0.3164,0.0766,0.9978,-0.3165,0.0765,0.998,1.936,0.216
31.31,-0.3163,0.0765,0.9979,-0.3164,0.0767,0.998,1.924,0.214
31.315,-0.3163,0.0764,0.9979,-0.3164,0.0766,0.9982,1.912,0.21
31.32,-0.3162,0.0763,0.9979,-0.3162,0.0764,0.9982,1.9,0.207
31.325,-0.3161,0.0762,0.998,-0.3161,0.0762,0.9983,1.887,0.203
31.33,-0.316,0.0761,0.998,-0.3161,0.076,0.9984,1.875,0.199
31.335,-0.3159,0.076,0.9981,-0.3159,0.0761,0.9985,1.863,0.194
31.34,-0.3159,0.0759,0.9981,-0.3159,0.0757,0.9986,1.851,0.189
31.345,-0.3158,0.0758,0.9982,-0.3159,0.0758,0.9986,1.838,0.184
31.35,-0.3157,0.0757,0.9982,-0.3157,0.0758,0.9985,1.826,0.178
31.355,-0.3156,0.0756,0.9983,-0.3155,0.0756,0.9984,1.814,0.172
31.36,-0.3155,0.0755,0.9983,-0.3156,0.0754,0.9984,1.801,0.166
31.365,-0.3154,0.0754,0.9984,-0.3153,0.0754,0.9982,1.789,0.16
31.37,-0.3153,0.0753,0.9985,-0.3152,0.0754,0.998,1.776,0.153
31.375,-0.3153,0.0752,0.9985,-0.3152,0.0752,0.9981,1.763,0.146
31.38,-0.3152,0.0752,0.9986,-0.315,0.0754,0.9983,1.751,0.139
31.385,-0.3151,0.0751,0.9987,-0.315,0.075,0.9987,1.738,0.131
31.39,-0.315,0.075,0.9988,-0.315,0.0749,0.9989,1.725,0.123
31.395,-0.3149,0.0749,0.9989,-0.3151,0.0748,0.999,1.712,0.115
31.4,-0.3148,0.0748,0.9989,-0.3148,0.0749,0.9989,1.699,0.106
31.405,-0.3147,0.0747,0.999,-0.315,0.0749,0.999,1.686,0.098
31.41,-0.3146,0.0746,0.9991,-0.3146,0.0748,0.9989,1.673,0.089
31.415,-0.3145,0.0745,0.9992,-0.3144,0.0745,0.9989,1.66,0.08
31.42,-0.3144,0.0744,0.9993,-0.3144,0.0745,0.9987,1.647,0.07
31.425,-0.3143,0.0743,0.9994,-0.3144,0.0745,0.9991,1.634,0.061
31.43,-0.3142,0.0742,0.9995,-0.3144,0.0744,0.9994,1.62,0.051
31.435,-0.3141,0.0742,0.9996,-0.3144,0.0744,0.9993,1.607,0.042
31.44,-0.314,0.0741,0.9997,-0.3142,0.0743,0.9991,1.594,0.032
31.445,-0.3139,0.074,0.9998,-0.3139,0.074,0.999,1.58,0.022
31.45,-0.3138,0.0739,0.9999,-0.3137,0.0741,0.9991,1.567,0.012
31.455,-0.3137,0.0738,1.0,-0.3138,0.0739,0.9992,1.554,0.002
31.46,-0.3136,0.0737,1.0001,-0.3135,0.0738,0.9992,1.54,0.008
31.465,-0.3135,0.0736,1.0002,-0.3136,0.0738,0.999,1.527,0.018
31.47,-0.3134,0.0736,1.0003,-0.3136,0.0734,0.999,1.513,0.028
31.475,-0.3133,0.0735,1.0004,-0.3135,0.0736,0.9989,1.499,0.038
31.48,-0.3132,0.0734,1.0005,-0.3133,0.0736,0.9991,1.486,0.048
31.485,-0.3131,0.0733,1.0006,-0.313,0.0731,0.9993,1.472,0.058
31.49,-0.3129,0.0732,1.0007,-0.313,0.0733,0.9991,1.459,0.068
31.495,-0.3128,0.0732,1.0008,-0.3128,0.0731,0.9991,1.445,0.078
31.5,-0.3127,0.0731,1.0009,-0.3129,0.0731,0.9991,1.431,0.088
31.505,-0.3126,0.073,1.001,-0.3127,0.0729,0.9993,1.417,0.099
31.51,-0.3125,0.0729,1.0011,-0.3127,0.0728,0.9993,1.404,0.109
31.515,-0.3124,0.0728,1.0012,-0.3125,0.0727,0.9994,1.39,0.119
31.52,-0.3123,0.0728,1.0013,-0.3124,0.0727,0.9994,1.376,0.128
31.525,-0.3122,0.0727,1.0014,-0.3123,0.0726,0.9993,1.362,0.138
31.53,-0.312,0.0726,1.0015,-0.3121,0.0726,0.9994,1.348,0.148
31.535,-0.3119,0.0725,1.0016,-0.3121,0.0724,0.9994,1.334,0.158
31.54,-0.3118,0.0725,1.0017,-0.3121,0.0723,0.9995,1.32,0.168
31.545,-0.3117,0.0724,1.0018,-0.3118,0.0724,0.9997,1.307,0.178
31.55,-0.3116,0.0723,1.0019,-0.3117,0.0724,0.9999,1.293,0.187
31.555,-0.3114,0.0722,1.002,-0.3116,0.0723,0.9998,1.279,0.197
31.56,-0.3113,0.0722,1.0021,-0.3113,0.0722,0.9998,1.265,0.206
31.565,-0.3112,0.0721,1.0022,-0.3112,0.0722,0.9997,1.25,0.216
31.57,-0.3111,0.072,1.0023,-0.3111,0.0721,1.0001,1.236,0.225
31.575,-0.311,0.072,1.0023,-0.311,0.0721,1.0002,1.222,0.234
31.58,-0.3108,0.0719,1.0024,-0.3108,0.0719,1.0005,1.208,0.243
31.585,-0.3107,0.0718,1.0025,-0.3108,0.0719,1.0006,1.194,0.253
31.59,-0.3106,0.0718,1.0026,-0.3106,0.0718,1.001,1.18,0.261
31.595,-0.3105,0.0717,1.0027,-0.3104,0.0715,1.001,1.166,0.27
31.6,-0.3103,0.0716,1.0028,-0.3103,0.0716,1.0011,1.152,0.279
31.605,-0.3102,0.0716,1.0029,-0.3102,0.0715,1.0012,1.137,0.287
31.61,-0.3101,0.0715,1.003,-0.3101,0.0714,1.0014,1.123,0.295
31.615,-0.3099,0.0714,1.003,-0.31,0.0715,1.0017,1.109,0.303
31.62,-0.3098,0.0714,1.0031,-0.3099,0.0712,1.002,1.095,0.311
31.625,-0.3097,0.0713,1.0032,-0.3096,0.0712,1.0021,1.08,0.318
31.63,-0.3096,0.0712,1.0033,-0.3096,0.0711,1.002,1.066,0.325
31.635,-0.3094,0.0712,1.0033,-0.3096,0.0709,1.002,1.052,0.332
31.64,-0.3093,0.0711,1.0034,-0.3093,0.071,1.0021,1.037,0.339
31.645,-0.3092,0.071,1.0034,-0.3091,0.071,1.0024,1.023,0.345
31.65,-0.309,0.071,1.0035,-0.3093,0.071,1.0024,1.008,0.351
31.655,-0.3089,0.0709,1.0036,-0.3092,0.0708,1.0029,0.994,0.356
31.66,-0.3088,0.0709,1.0036,-0.3087,0.0709,1.0026,0.979,0.361
31.665,-0.3086,0.0708,1.0037,-0.3087,0.0707,1.0027,0.965,0.366
31.67,-0.3085,0.0707,1.0037,-0.3087,0.0706,1.003,0.95,0.371
31.675,-0.3083,0.0707,1.0037,-0.3084,0.0706,1.003,0.936,0.375
31.68,-0.3082,0.0706,1.0038,-0.3084,0.0706,1.0033,0.921,0.379
31.685,-0.3081,0.0706,1.0038,-0.3079,0.0704,1.0032,0.906,0.382
31.69,-0.3079,0.0705,1.0039,-0.3079,0.0705,1.0032,0.892,0.385
31.695,-0.3078,0.0704,1.0039,-0.3079,0.0704,1.0032,0.877,0.388
31.7,-0.3077,0.0704,1.0039,-0.3075,0.0706,1.003,0.863,0.39
31.705,-0.3075,0.0703,1.0039,-0.3075,0.0703,1.0031,0.848,0.392
31.71,-0.3074,0.0703,1.0039,-0.3074,0.0703,1.0032,0.833,0.394
31.715,-0.3072,0.0702,1.004,-0.3073,0.0704,1.0031,0.818,0.395
31.72,-0.3071,0.0702,1.004,-0.3072,0.0702,1.0033,0.804,0.396
31.725,-0.3069,0.0701,1.004,-0.3073,0.0701,1.0034,0.789,0.397
31.73,-0.3068,0.0701,1.004,-0.3069,0.07,1.0037,0.774,0.397
31.735,-0.3066,0.07,1.004,-0.3067,0.07,1.0035,0.76,0.397
31.74,-0.3065,0.0699,1.004,-0.3065,0.0699,1.0037,0.745,0.397
31.745,-0.3064,0.0699,1.004,-0.3065,0.0698,1.0038,0.731,0.397
31.75,-0.3062,0.0698,1.004,-0.3063,0.0698,1.0037,0.716,0.396
31.755,-0.3061,0.0698,1.004,-0.3061,0.0698,1.0036,0.701,0.395
31.76,-0.3059,0.0697,1.0039,-0.306,0.0695,1.0034,0.687,0.394
31.765,-0.3058,0.0697,1.0039,-0.3059,0.0696,1.0035,0.672,0.393
31.77,-0.3056,0.0696,1.0039,-0.3056,0.0697,1.0034,0.658,0.391
31.775,-0.3055,0.0696,1.0039,-0.3057,0.0696,1.0033,0.644,0.389
31.78,-0.3053,0.0695,1.0039,-0.3053,0.0696,1.0034,0.629,0.386
31.785,-0.3052,0.0695,1.0038,-0.3052,0.0695,1.0037,0.615,0.384
31.79,-0.305,0.0694,1.0038,-0.3049,0.0694,1.0038,0.601,0.381
31.795,-0.3049,0.0694,1.0038,-0.305,0.0696,1.0038,0.587,0.379
31.8,-0.3047,0.0693,1.0038,-0.3046,0.0696,1.0036,0.573,0.376
31.805,-0.3046,0.0693,1.0037,-0.3047,0.0692,1.0036,0.56,0.372
31.81,-0.3044,0.0692,1.0037,-0.3043,0.0692,1.0037,0.546,0.369
31.815,-0.3043,0.0692,1.0037,-0.3043,0.0693,1.0035,0.532,0.366
31.82,-0.3041,0.0691,1.0036,-0.304,0.0691,1.0035,0.519,0.362
31.825,-0.304,0.0691,1.0036,-0.304,0.0692,1.0035,0.506,0.359
31.83,-0.3038,0.069,1.0036,-0.3038,0.0691,1.0036,0.493,0.355
31.835,-0.3037,0.069,1.0035,-0.3036,0.0689,1.0034,0.48,0.352
31.84,-0.3035,0.0689,1.0035,-0.3033,0.0689,1.0034,0.467,0.348
31.845,-0.3033,0.0689,1.0034,-0.3033,0.0691,1.0032,0.455,0.344
31.85,-0.3032,0.0689,1.0034,-0.3033,0.069,1.0031,0.443,0.341
31.855,-0.303,0.0688,1.0034,-0.303,0.0689,1.003,0.431,0.337
31.86,-0.3029,0.0688,1.0033,-0.303,0.0687,1.0033,0.42,0.333
31.865,-0.3027,0.0687,1.0033,-0.3028,0.0687,1.0035,0.409,0.33
31.87,-0.3026,0.0687,1.0033,-0.3027,0.0685,1.0035,0.398,0.326
31.875,-0.3024,0.0686,1.0032,-0.3026,0.0686,1.0035,0.387,0.323
31.88,-0.3023,0.0686,1.0032,-0.3024,0.0687,1.0035,0.378,0.32
31.885,-0.3021,0.0686,1.0032,-0.3021,0.0685,1.0036,0.368,0.316
31.89,-0.302,0.0685,1.0031,-0.3021,0.0687,1.0035,0.359,0.313
31.895,-0.3018,0.0685,1.0031,-0.3018,0.0685,1.0034,0.351,0.31
31.9,-0.3016,0.0684,1.0031,-0.3016,0.0683,1.0033,0.343,0.307
31.905,-0.3015,0.0684,1.003,-0.3015,0.0684,1.0033,0.336,0.304
31.91,-0.3013,0.0684,1.003,-0.3013,0.0685,1.0029,0.329,0.301
31.915,-0.3012,0.0683,1.003,-0.3013,0.0685,1.0027,0.324,0.298
31.92,-0.301,0.0683,1.003,-0.301,0.0685,1.0024,0.319,0.296
31.925,-0.3009,0.0683,1.0029,-0.3009,0.0684,1.0022,0.314,0.293
31.93,-0.3007,0.0682,1.0029,-0.3009,0.0683,1.0024,0.311,0.291
31.935,-0.3006,0.0682,1.0029,-0.3007,0.0682,1.0025,0.308,0.289
31.94,-0.3004,0.0681,1.0029,-0.3004,0.0681,1.0026,0.307,0.287
31.945,-0.3002,0.0681,1.0029,-0.3001,0.0682,1.0023,0.306,0.286
31.95,-0.3001,0.0681,1.0028,-0.3003,0.068,1.0024,0.306,0.284
31.955,-0.2999,0.068,1.0028,-0.2999,0.068,1.0022,0.307,0.283
31.96,-0.2998,0.068,1.0028,-0.2999,0.068,1.0021,0.309,0.282
31.965,-0.2996,0.068,1.0028,-0.2998,0.0678,1.0019,0.311,0.282
31.97,-0.2995,0.068,1.0028,-0.2997,0.068,1.0019,0.315,0.281
31.975,-0.2993,0.0679,1.0028,-0.2993,0.068,1.0019,0.319,0.281
31.98,-0.2992,0.0679,1.0028,-0.299,0.0678,1.0019,0.324,0.282
31.985,-0.299,0.0679,1.0028,-0.299,0.068,1.0019,0.33,0.282
31.99,-0.2989,0.0678,1.0028,-0.2988,0.0678,1.0017,0.336,0.283
31.995,-0.2987,0.0678,1.0028,-0.2988,0.0677,1.0016,0.343,0.285
32.0,-0.2985,0.0678,1.0029,-0.2985,0.0677,1.0016,0.351,0.286
32.005,-0.2984,0.0677,1.0029,-0.2983,0.0677,1.0019,0.359,0.288
32.01,-0.2982,0.0677,1.0029,-0.2982,0.0676,1.0018,0.368,0.29
32.015,-0.2981,0.0677,1.0029,-0.2983,0.0677,1.0017,0.377,0.293
32.02,-0.2979,0.0677,1.003,-0.298,0.0678,1.0019,0.387,0.296
32.025,-0.2978,0.0676,1.003,-0.298,0.0677,1.0021,0.397,0.299
32.03,-0.2976,0.0676,1.003,-0.2978,0.0674,1.0022,0.407,0.302
32.035,-0.2975,0.0676,1.0031,-0.2975,0.0674,1.0022,0.418,0.306
32.04,-0.2973,0.0676,1.0031,-0.2974,0.0676,1.0025,0.429,0.31
32.045,-0.2972,0.0675,1.0031,-0.2974,0.0675,1.0026,0.44,0.314
32.05,-0.297,0.0675,1.0032,-0.2972,0.0676,1.0023,0.452,0.318
32.055,-0.2969,0.0675,1.0032,-0.2971,0.0677,1.0025,0.463,0.323
32.06,-0.2967,0.0675,1.0033,-0.2968,0.0676,1.0024,0.475,0.327
32.065,-0.2966,0.0675,1.0033,-0.2966,0.0675,1.0024,0.488,0.332
32.07,-0.2964,0.0674,1.0034,-0.2966,0.0675,1.0024,0.5,0.337
32.075,-0.2963,0.0674,1.0034,-0.2964,0.0675,1.0024,0.512,0.341
32.08,-0.2961,0.0674,1.0035,-0.2963,0.0674,1.0026,0.525,0.346
32.085,-0.296,0.0674,1.0035,-0.2962,0.0674,1.0026,0.538,0.351
32.09,-0.2958,0.0674,1.0036,-0.2958,0.0673,1.0028,0.551,0.356
32.095,-0.2957,0.0673,1.0036,-0.2957,0.0673,1.003,0.564,0.36
32.1,-0.2955,0.0673,1.0036,-0.2956,0.0674,1.0031,0.577,0.365
32.105,-0.2954,0.0673,1.0037,-0.2951,0.0673,1.0032,0.59,0.37
32.11,-0.2952,0.0673,1.0037,-0.2952,0.0672,1.0032,0.603,0.374
32.115,-0.2951,0.0673,1.0038,-0.2949,0.0673,1.0032,0.617,0.379
32.12,-0.2949,0.0673,1.0038,-0.2951,0.0673,1.0031,0.63,0.383
32.125,-0.2948,0.0673,1.0039,-0.2948,0.0671,1.0028,0.644,0.387
32.13,-0.2946,0.0672,1.0039,-0.2945,0.0669,1.0027,0.657,0.391
32.135,-0.2945,0.0672,1.004,-0.2946,0.067,1.0024,0.671,0.395
32.14,-0.2943,0.0672,1.004,-0.2943,0.067,1.0029,0.685,0.399
32.145,-0.2942,0.0672,1.004,-0.2943,0.0671,1.0026,0.698,0.403
32.15,-0.294,0.0672,1.0041,-0.2941,0.0672,1.0026,0.712,0.406
32.155,-0.2939,0.0672,1.0041,-0.2939,0.0673,1.0026,0.726,0.409
32.16,-0.2937,0.0672,1.0041,-0.2937,0.0672,1.0027,0.74,0.412
32.165,-0.2936,0.0672,1.0042,-0.2935,0.0673,1.0028,0.753,0.415
32.17,-0.2934,0.0672,1.0042,-0.2934,0.0672,1.003,0.767,0.418
32.175,-0.2933,0.0672,1.0042,-0.2934,0.0672,1.0028,0.781,0.421
32.18,-0.2931,0.0671,1.0042,-0.2932,0.0673,1.003,0.795,0.424
32.185,-0.293,0.0671,1.0043,-0.293,0.0671,1.0032,0.809,0.426
32.19,-0.2929,0.0671,1.0043,-0.2929,0.0671,1.0032,0.822,0.429
32.195,-0.2927,0.0671,1.0043,-0.2929,0.0671,1.0034,0.836,0.431
32.2,-0.2926,0.0671,1.0043,-0.2927,0.0669,1.0036,0.85,0.433
32.205,-0.2924,0.0671,1.0044,-0.2926,0.0668,1.0035,0.864,0.435
32.21,-0.2923,0.0671,1.0044,-0.2924,0.067,1.0036,0.878,0.437
32.215,-0.2921,0.0671,1.0044,-0.2925,0.067,1.0035,0.892,0.438
32.22,-0.292,0.0671,1.0044,-0.2923,0.0669,1.0037,0.905,0.44
32.225,-0.2919,0.0671,1.0044,-0.2921,0.0671,1.0039,0.919,0.441
32.23,-0.2917,0.0671,1.0044,-0.2918,0.0669,1.0039,0.933,0.442
32.235,-0.2916,0.0671,1.0044,-0.2915,0.0671,1.004,0.947,0.443
32.24,-0.2914,0.0671,1.0044,-0.2914,0.0671,1.004,0.961,0.443
32.245,-0.2913,0.0671,1.0044,-0.2913,0.0671,1.0043,0.974,0.444
32.25,-0.2911,0.0671,1.0044,-0.2911,0.067,1.0045,0.988,0.443
32.255,-0.291,0.0671,1.0044,-0.291,0.0672,1.0046,1.002,0.443
32.26,-0.2909,0.0671,1.0044,-0.2908,0.067,1.0047,1.015,0.442
32.265,-0.2907,0.0671,1.0044,-0.2909,0.067,1.0049,1.029,0.442
32.27,-0.2906,0.0671,1.0044,-0.2907,0.067,1.0048,1.043,0.44
32.275,-0.2904,0.0671,1.0044,-0.2905,0.067,1.005,1.056,0.439
32.28,-0.2903,0.0671,1.0044,-0.2903,0.067,1.0048,1.07,0.437
32.285,-0.2902,0.0671,1.0043,-0.2903,0.0671,1.0046,1.083,0.435
32.29,-0.29,0.0671,1.0043,-0.2901,0.0672,1.0048,1.097,0.432
32.295,-0.2899,0.0671,1.0043,-0.29,0.0673,1.0046,1.11,0.429
32.3,-0.2898,0.0671,1.0043,-0.2897,0.0672,1.0045,1.124,0.426
32.305,-0.2896,0.0671,1.0042,-0.2897,0.0672,1.0048,1.137,0.422
32.31,-0.2895,0.0671,1.0042,-0.2897,0.0671,1.0048,1.151,0.418
32.315,-0.2894,0.0671,1.0041,-0.2893,0.0671,1.0049,1.164,0.414
32.32,-0.2892,0.0671,1.0041,-0.2893,0.0672,1.0051,1.177,0.41
32.325,-0.2891,0.0671,1.0041,-0.289,0.0672,1.0052,1.191,0.405
32.33,-0.2889,0.0671,1.004,-0.2891,0.0672,1.0052,1.204,0.4
32.335,-0.2888,0.0671,1.004,-0.2888,0.0672,1.0053,1.217,0.395
32.34,-0.2887,0.0671,1.0039,-0.2888,0.0671,1.0052,1.231,0.39
32.345,-0.2885,0.0671,1.0038,-0.2889,0.067,1.005,1.244,0.384
32.35,-0.2884,0.0671,1.0038,-0.2886,0.0671,1.0046,1.257,0.378
32.355,-0.2883,0.0671,1.0037,-0.2883,0.0671,1.0047,1.27,0.372
32.36,-0.2882,0.0671,1.0037,-0.2883,0.0673,1.005,1.283,0.365
32.365,-0.288,0.0671,1.0036,-0.2881,0.0674,1.0047,1.296,0.359
32.37,-0.2879,0.0671,1.0035,-0.288,0.0671,1.0045,1.309,0.352
32.375,-0.2878,0.0671,1.0035,-0.2878,0.0673,1.0045,1.322,0.345
32.38,-0.2876,0.0671,1.0034,-0.2878,0.0672,1.0043,1.335,0.339
32.385,-0.2875,0.0671,1.0033,-0.2876,0.0672,1.004,1.347,0.332
32.39,-0.2874,0.0671,1.0032,-0.2873,0.0671,1.004,1.36,0.325
32.395,-0.2873,0.0671,1.0032,-0.2873,0.0672,1.0039,1.373,0.318
32.4,-0.2871,0.0672,1.0031,-0.2872,0.0674,1.0034,1.385,0.311
32.405,-0.287,0.0672,1.003,-0.2869,0.0672,1.0033,1.398,0.304
32.41,-0.2869,0.0672,1.003,-0.2869,0.0672,1.0032,1.411,0.297
32.415,-0.2868,0.0672,1.0029,-0.2867,0.0673,1.0029,1.423,0.29
32.42,-0.2866,0.0672,1.0028,-0.2865,0.0674,1.0027,1.435,0.284
32.425,-0.2865,0.0672,1.0028,-0.2865,0.0673,1.0028,1.448,0.278
32.43,-0.2864,0.0672,1.0027,-0.2865,0.0673,1.003,1.46,0.272
32.435,-0.2863,0.0672,1.0027,-0.2864,0.0671,1.0029,1.472,0.266
32.44,-0.2861,0.0673,1.0026,-0.2864,0.0673,1.0031,1.484,0.261
32.445,-0.286,0.0673,1.0026,-0.2862,0.0673,1.0031,1.496,0.256
32.45,-0.2859,0.0673,1.0025,-0.2858,0.0672,1.0029,1.508,0.251
32.455,-0.2858,0.0673,1.0025,-0.2858,0.0672,1.0027,1.52,0.247
32.46,-0.2857,0.0673,1.0024,-0.2857,0.0672,1.0026,1.532,0.243
32.465,-0.2856,0.0673,1.0024,-0.2855,0.0675,1.0025,1.543,0.24
32.47,-0.2854,0.0674,1.0024,-0.2855,0.0674,1.0024,1.555,0.236
32.475,-0.2853,0.0674,1.0023,-0.2853,0.0676,1.0022,1.567,0.234
32.48,-0.2852,0.0674,1.0023,-0.2853,0.0674,1.0024,1.578,0.231
32.485,-0.2851,0.0674,1.0023,-0.2852,0.0676,1.0023,1.589,0.229
32.49,-0.285,0.0674,1.0023,-0.2852,0.0675,1.0024,1.601,0.227
32.495,-0.2849,0.0675,1.0023,-0.2851,0.0676,1.0023,1.612,0.226
32.5,-0.2848,0.0675,1.0022,-0.2849,0.0678,1.0022,1.623,0.225
32.505,-0.2847,0.0675,1.0022,-0.2847,0.0675,1.0019,1.634,0.224
32.51,-0.2846,0.0675,1.0022,-0.2848,0.0674,1.0017,1.645,0.224
32.515,-0.2845,0.0676,1.0022,-0.2846,0.0676,1.0017,1.656,0.224
32.52,-0.2844,0.0676,1.0022,-0.2845,0.0676,1.0016,1.666,0.224
32.525,-0.2842,0.0676,1.0022,-0.2844,0.0676,1.0015,1.677,0.224
32.53,-0.2841,0.0676,1.0023,-0.2843,0.0676,1.0016,1.688,0.225
32.535,-0.284,0.0677,1.0023,-0.2839,0.0676,1.0016,1.698,0.226
32.54,-0.2839,0.0677,1.0023,-0.2841,0.0676,1.0017,1.708,0.228
32.545,-0.2838,0.0677,1.0023,-0.284,0.0676,1.0017,1.719,0.229
32.55,-0.2837,0.0678,1.0023,-0.2837,0.0677,1.002,1.729,0.231
32.555,-0.2836,0.0678,1.0023,-0.2839,0.0678,1.0022,1.739,0.233
32.56,-0.2836,0.0678,1.0024,-0.2836,0.0679,1.0023,1.749,0.236
32.565,-0.2835,0.0679,1.0024,-0.2836,0.0679,1.0023,1.759,0.238
32.57,-0.2834,0.0679,1.0024,-0.2834,0.068,1.0023,1.768,0.241
32.575,-0.2833,0.0679,1.0024,-0.2835,0.068,1.0022,1.778,0.244
32.58,-0.2832,0.068,1.0025,-0.2833,0.068,1.0024,1.788,0.247
32.585,-0.2831,0.068,1.0025,-0.2833,0.0679,1.0024,1.797,0.25
32.59,-0.283,0.068,1.0025,-0.283,0.0681,1.0024,1.806,0.253
32.595,-0.2829,0.0681,1.0026,-0.2831,0.0679,1.0023,1.815,0.255
32.6,-0.2828,0.0681,1.0026,-0.283,0.068,1.0024,1.825,0.258
32.605,-0.2827,0.0682,1.0026,-0.2827,0.0679,1.0026,1.834,0.261
32.61,-0.2827,0.0682,1.0026,-0.2826,0.0682,1.0025,1.843,0.264
32.615,-0.2826,0.0682,1.0027,-0.2828,0.0679,1.0025,1.851,0.266
32.62,-0.2825,0.0683,1.0027,-0.2825,0.068,1.0027,1.86,0.269
32.625,-0.2824,0.0683,1.0027,-0.2825,0.068,1.0024,1.869,0.271
32.63,-0.2823,0.0684,1.0027,-0.2824,0.0681,1.0025,1.877,0.273
32.635,-0.2823,0.0684,1.0028,-0.2824,0.0684,1.0026,1.886,0.275
32.64,-0.2822,0.0685,1.0028,-0.2822,0.0685,1.0022,1.894,0.277
32.645,-0.2821,0.0685,1.0028,-0.2822,0.0686,1.0021,1.902,0.279
32.65,-0.282,0.0685,1.0028,-0.2821,0.0685,1.0023,1.91,0.28
32.655,-0.282,0.0686,1.0028,-0.282,0.0685,1.0022,1.918,0.281
32.66,-0.2819,0.0686,1.0028,-0.2821,0.0688,1.0023,1.926,0.282
32.665,-0.2818,0.0687,1.0028,-0.282,0.0688,1.0026,1.934,0.283
32.67,-0.2818,0.0687,1.0028,-0.2818,0.0689,1.0025,1.942,0.283
32.675,-0.2817,0.0688,1.0028,-0.2819,0.0687,1.0026,1.949,0.283
32.68,-0.2816,0.0688,1.0028,-0.2819,0.0689,1.0025,1.957,0.284
32.685,-0.2816,0.0689,1.0028,-0.2816,0.0688,1.0026,1.964,0.283
32.69,-0.2815,0.0689,1.0028,-0.2816,0.0688,1.0029,1.971,0.283
32.695,-0.2814,0.069,1.0028,-0.2814,0.0689,1.0029,1.978,0.283
32.7,-0.2814,0.069,1.0028,-0.2814,0.0688,1.003,1.986,0.282
32.705,-0.2813,0.0691,1.0028,-0.2811,0.0689,1.0031,1.992,0.281
32.71,-0.2812,0.0691,1.0028,-0.2813,0.0691,1.0033,1.999,0.28
32.715,-0.2812,0.0692,1.0028,-0.281,0.069,1.0034,2.006,0.278
32.72,-0.2811,0.0692,1.0028,-0.281,0.0691,1.0032,2.013,0.277
32.725,-0.2811,0.0693,1.0027,-0.281,0.0691,1.0032,2.019,0.275
32.73,-0.281,0.0693,1.0027,-0.281,0.0693,1.0031,2.026,0.272
32.735,-0.281,0.0694,1.0027,-0.2811,0.0694,1.0032,2.032,0.27
32.74,-0.2809,0.0694,1.0027,-0.281,0.0693,1.0031,2.038,0.267
32.745,-0.2809,0.0695,1.0026,-0.2809,0.0695,1.0029,2.044,0.264
32.75,-0.2808,0.0696,1.0026,-0.2809,0.0697,1.0029,2.05,0.261
32.755,-0.2808,0.0696,1.0026,-0.281,0.0697,1.0031,2.056,0.257
32.76,-0.2807,0.0697,1.0025,-0.281,0.0697,1.0032,2.062,0.254
32.765,-0.2807,0.0697,1.0025,-0.2809,0.0699,1.0033,2.068,0.25
32.77,-0.2806,0.0698,1.0025,-0.2808,0.0697,1.0034,2.073,0.245
32.775,-0.2806,0.0698,1.0024,-0.2806,0.0697,1.0031,2.079,0.241
32.78,-0.2805,0.0699,1.0024,-0.2806,0.0698,1.0034,2.084,0.236
32.785,-0.2805,0.07,1.0023,-0.2806,0.0701,1.0034,2.09,0.231
32.79,-0.2805,0.07,1.0023,-0.2805,0.0699,1.0032,2.095,0.226
32.795,-0.2804,0.0701,1.0022,-0.2806,0.07,1.003,2.1,0.221
32.8,-0.2804,0.0701,1.0021,-0.2803,0.0701,1.0031,2.105,0.215
32.805,-0.2804,0.0702,1.0021,-0.2803,0.07,1.0029,2.11,0.209
32.81,-0.2803,0.0702,1.002,-0.2803,0.0701,1.0028,2.114,0.203
32.815,-0.2803,0.0703,1.002,-0.2802,0.0703,1.0026,2.119,0.196
32.82,-0.2803,0.0704,1.0019,-0.2802,0.0702,1.0027,2.123,0.19
32.825,-0.2802,0.0704,1.0018,-0.2801,0.0703,1.0026,2.128,0.183
32.83,-0.2802,0.0705,1.0018,-0.28,0.0706,1.0027,2.132,0.176
32.835,-0.2802,0.0706,1.0017,-0.2802,0.0705,1.0029,2.136,0.169
32.84,-0.2801,0.0706,1.0016,-0.28,0.0707,1.0029,2.14,0.162
32.845,-0.2801,0.0707,1.0016,-0.2802,0.0705,1.0026,2.144,0.155
32.85,-0.2801,0.0707,1.0015,-0.2803,0.0708,1.0027,2.148,0.148
32.855,-0.2801,0.0708,1.0014,-0.28,0.071,1.0026,2.152,0.141
32.86,-0.2801,0.0709,1.0013,-0.2803,0.071,1.0026,2.155,0.133
32.865,-0.28,0.0709,1.0013,-0.2801,0.0711,1.0024,2.159,0.126
32.87,-0.28,0.071,1.0012,-0.28,0.071,1.0025,2.162,0.119
32.875,-0.28,0.071,1.0011,-0.28,0.0712,1.0024,2.165,0.112
32.88,-0.28,0.0711,1.001,-0.28,0.0711,1.0022,2.168,0.104
32.885,-0.28,0.0712,1.001,-0.28,0.0712,1.0018,2.171,0.097
32.89,-0.28,0.0712,1.0009,-0.2799,0.0714,1.0017,2.174,0.09
32.895,-0.28,0.0713,1.0008,-0.2799,0.0711,1.0016,2.177,0.083
32.9,-0.28,0.0714,1.0008,-0.2802,0.0714,1.0015,2.179,0.076
32.905,-0.2799,0.0714,1.0007,-0.2801,0.0714,1.0017,2.182,0.07
32.91,-0.2799,0.0715,1.0006,-0.2799,0.0713,1.0015,2.184,0.063
32.915,-0.2799,0.0716,1.0006,-0.28,0.0715,1.0016,2.186,0.057
32.92,-0.2799,0.0716,1.0005,-0.2799,0.0715,1.0015,2.189,0.051
32.925,-0.2799,0.0717,1.0005,-0.2801,0.0716,1.0014,2.191,0.045
32.93,-0.2799,0.0718,1.0004,-0.2801,0.0715,1.0015,2.192,0.04
32.935,-0.2799,0.0718,1.0003,-0.2798,0.0717,1.0013,2.194,0.034
32.94,-0.2799,0.0719,1.0003,-0.28,0.0719,1.0013,2.196,0.03
32.945,-0.28,0.072,1.0003,-0.2799,0.0719,1.001,2.197,0.025
32.95,-0.28,0.072,1.0002,-0.28,0.0721,1.0011,2.198,0.021
32.955,-0.28,0.0721,1.0002,-0.28,0.0722,1.001,2.199,0.017
32.96,-0.28,0.0722,1.0001,-0.2799,0.0722,1.0011,2.2,0.014
32.965,-0.28,0.0722,1.0001,-0.2801,0.0722,1.0012,2.201,0.011
32.97,-0.28,0.0723,1.0001,-0.2802,0.0724,1.0008,2.202,0.009
32.975,-0.28,0.0724,1.0001,-0.2801,0.0724,1.001,2.203,0.007
32.98,-0.2801,0.0724,1.0001,-0.2802,0.0724,1.0009,2.203,0.005
32.985,-0.2801,0.0725,1.0,-0.2801,0.0725,1.0006,2.204,0.004
32.99,-0.2801,0.0726,1.0,-0.2801,0.0727,1.0002,2.204,0.004
32.995,-0.2801,0.0726,1.0,-0.2802,0.0726,0.9999,2.204,0.003
33.0,-0.2801,0.0727,1.0,-0.2803,0.0727,0.9999,2.204,0.004
33.005,-0.2802,0.0728,1.0,-0.2802,0.0727,1.0,2.204,0.004
33.01,-0.2802,0.0729,1.0001,-0.2802,0.0729,0.9996,2.203,0.005
33.015,-0.2802,0.0729,1.0001,-0.2803,0.073,0.9993,2.203,0.007
33.02,-0.2803,0.073,1.0001,-0.2804,0.0731,0.9993,2.203,0.009
33.025,-0.2803,0.0731,1.0001,-0.2803,0.073,0.9994,2.202,0.012
33.03,-0.2803,0.0732,1.0001,-0.2802,0.0731,0.9992,2.201,0.015
33.035,-0.2804,0.0732,1.0002,-0.2803,0.0732,0.9988,2.2,0.019
33.04,-0.2804,0.0733,1.0002,-0.2804,0.0732,0.9988,2.199,0.023
33.045,-0.2805,0.0734,1.0003,-0.2804,0.0733,0.9989,2.198,0.028
33.05,-0.2805,0.0735,1.0003,-0.2803,0.0734,0.9989,2.197,0.033
33.055,-0.2806,0.0735,1.0004,-0.2805,0.0735,0.9989,2.196,0.039
33.06,-0.2806,0.0736,1.0004,-0.2805,0.0735,0.999,2.194,0.045
33.065,-0.2807,0.0737,1.0005,-0.2808,0.0736,0.9991,2.193,0.052
33.07,-0.2807,0.0738,1.0006,-0.2809,0.0738,0.9992,2.191,0.059
33.075,-0.2808,0.0738,1.0007,-0.2808,0.0737,0.9993,2.189,0.067
33.08,-0.2808,0.0739,1.0008,-0.2809,0.0738,0.9992,2.187,0.075
33.085,-0.2809,0.074,1.0008,-0.281,0.0741,0.9994,2.185,0.084
33.09,-0.2809,0.0741,1.0009,-0.281,0.0742,0.9993,2.183,0.093
33.095,-0.281,0.0742,1.001,-0.2813,0.0743,0.9994,2.181,0.102
33.1,-0.281,0.0742,1.0011,-0.2812,0.0743,0.9998,2.178,0.112
33.105,-0.2811,0.0743,1.0012,-0.2811,0.0743,1.0001,2.176,0.122
33.11,-0.2812,0.0744,1.0013,-0.2812,0.0743,1.0,2.173,0.132
33.115,-0.2812,0.0745,1.0014,-0.2812,0.0744,0.9999,2.171,0.142
33.12,-0.2813,0.0745,1.0015,-0.2812,0.0743,1.0,2.168,0.153
33.125,-0.2814,0.0746,1.0016,-0.2813,0.0745,1.0,2.165,0.164
33.13,-0.2815,0.0747,1.0017,-0.2815,0.0747,1.0002,2.162,0.174
33.135,-0.2815,0.0748,1.0018,-0.2813,0.0746,1.0005,2.159,0.185
33.14,-0.2816,0.0749,1.002,-0.2817,0.0749,1.0007,2.156,0.195
33.145,-0.2817,0.075,1.0021,-0.2817,0.0749,1.0008,2.153,0.206
33.15,-0.2818,0.075,1.0022,-0.2817,0.0749,1.0009,2.15,0.216
33.155,-0.2818,0.0751,1.0023,-0.2817,0.0751,1.0012,2.147,0.227
33.16,-0.2819,0.0752,1.0024,-0.2818,0.0753,1.0015,2.143,0.237
33.165,-0.282,0.0753,1.0025,-0.282,0.0753,1.0018,2.14,0.247
33.17,-0.2821,0.0754,1.0026,-0.2821,0.0754,1.0018,2.137,0.256
33.175,-0.2822,0.0754,1.0027,-0.2822,0.0753,1.0022,2.133,0.265
33.18,-0.2823,0.0755,1.0027,-0.2823,0.0754,1.0025,2.13,0.274
33.185,-0.2823,0.0756,1.0028,-0.2822,0.0754,1.0026,2.126,0.282
33.19,-0.2824,0.0757,1.0029,-0.2825,0.0757,1.0029,2.123,0.29
33.195,-0.2825,0.0758,1.003,-0.2825,0.0758,1.0029,2.12,0.297
33.2,-0.2826,0.0759,1.003,-0.2826,0.0758,1.0032,2.116,0.304
33.205,-0.2827,0.076,1.0031,-0.2827,0.0759,1.0033,2.112,0.309
33.21,-0.2828,0.076,1.0031,-0.2829,0.0761,1.0034,2.109,0.314
33.215,-0.2829,0.0761,1.0032,-0.2829,0.0761,1.0034,2.105,0.318
33.22,-0.283,0.0762,1.0032,-0.2832,0.0762,1.0037,2.102,0.322
33.225,-0.2831,0.0763,1.0032,-0.283,0.0762,1.0039,2.098,0.324
33.23,-0.2832,0.0764,1.0033,-0.2832,0.0765,1.0042,2.095,0.326
33.235,-0.2833,0.0765,1.0033,-0.2832,0.0765,1.0042,2.091,0.327
33.24,-0.2834,0.0765,1.0033,-0.2833,0.0766,1.0042,2.088,0.326
33.245,-0.2835,0.0766,1.0033,-0.2835,0.0766,1.0044,2.084,0.325
33.25,-0.2836,0.0767,1.0032,-0.2836,0.0766,1.0044,2.081,0.323
33.255,-0.2837,0.0768,1.0032,-0.2835,0.0767,1.0046,2.077,0.32
33.26,-0.2838,0.0769,1.0032,-0.2837,0.0767,1.0046,2.074,0.317
33.265,-0.2839,0.077,1.0031,-0.2838,0.0769,1.0045,2.071,0.312
33.27,-0.284,0.0771,1.0031,-0.2838,0.0769,1.0044,2.067,0.306
33.275,-0.2841,0.0772,1.003,-0.284,0.077,1.0042,2.064,0.3
33.28,-0.2842,0.0772,1.0029,-0.284,0.0772,1.0043,2.061,0.292
33.285,-0.2843,0.0773,1.0028,-0.2842,0.0771,1.0044,2.057,0.284
33.29,-0.2844,0.0774,1.0027,-0.2842,0.0774,1.0043,2.054,0.275
33.295,-0.2845,0.0775,1.0027,-0.2844,0.0774,1.0045,2.051,0.265
33.3,-0.2846,0.0776,1.0025,-0.2845,0.0777,1.0046,2.048,0.255
33.305,-0.2847,0.0777,1.0024,-0.2846,0.0777,1.0047,2.045,0.243
33.31,-0.2848,0.0778,1.0023,-0.2848,0.0779,1.0047,2.042,0.231
33.315,-0.2849,0.0778,1.0022,-0.2847,0.0779,1.0048,2.038,0.219
33.32,-0.285,0.0779,1.0021,-0.2852,0.078,1.0046,2.035,0.206
33.325,-0.2851,0.078,1.0019,-0.2851,0.078,1.0045,2.032,0.192
33.33,-0.2852,0.0781,1.0018,-0.2853,0.078,1.0042,2.029,0.178
33.335,-0.2854,0.0782,1.0016,-0.2851,0.0782,1.0041,2.027,0.163
33.34,-0.2855,0.0783,1.0015,-0.2856,0.0784,1.0039,2.024,0.148
33.345,-0.2856,0.0784,1.0013,-0.2856,0.0782,1.0038,2.021,0.133
33.35,-0.2857,0.0785,1.0012,-0.2857,0.0784,1.0038,2.018,0.117
33.355,-0.2858,0.0785,1.001,-0.2859,0.0785,1.0036,2.016,0.101
33.36,-0.2859,0.0786,1.0008,-0.2861,0.0785,1.0037,2.013,0.085
33.365,-0.286,0.0787,1.0007,-0.286,0.0787,1.0039,2.01,0.069
33.37,-0.2861,0.0788,1.0005,-0.2862,0.0787,1.0036,2.008,0.053
33.375,-0.2863,0.0789,1.0004,-0.2861,0.0789,1.0034,2.005,0.037
33.38,-0.2864,0.079,1.0002,-0.2863,0.079,1.0031,2.003,0.021
33.385,-0.2865,0.0791,1.0001,-0.2863,0.0789,1.0028,2.0,0.005
33.39,-0.2866,0.0792,0.9999,-0.2866,0.079,1.0025,1.998,0.01
33.395,-0.2867,0.0792,0.9997,-0.2865,0.0794,1.0025,1.995,0.025
33.4,-0.2869,0.0793,0.9996,-0.2867,0.0793,1.0025,1.993,0.04
33.405,-0.287,0.0794,0.9995,-0.287,0.0796,1.0022,1.99,0.054
33.41,-0.2871,0.0795,0.9993,-0.287,0.0795,1.002,1.988,0.068
33.415,-0.2872,0.0796,0.9992,-0.2872,0.0793,1.0022,1.986,0.081
33.42,-0.2874,0.0797,0.9991,-0.2874,0.0795,1.002,1.983,0.093
33.425,-0.2875,0.0798,0.999,-0.2874,0.0798,1.0017,1.981,0.105
33.43,-0.2876,0.0798,0.9988,-0.2876,0.0799,1.0015,1.979,0.116
33.435,-0.2877,0.0799,0.9987,-0.2878,0.08,1.0013,1.977,0.126
33.44,-0.2879,0.08,0.9986,-0.2877,0.0798,1.0012,1.975,0.136
33.445,-0.288,0.0801,0.9986,-0.288,0.08,1.0011,1.972,0.144
33.45,-0.2881,0.0802,0.9985,-0.2881,0.0801,1.0011,1.97,0.152
33.455,-0.2883,0.0803,0.9984,-0.2883,0.0802,1.0008,1.968,0.159
33.46,-0.2884,0.0804,0.9984,-0.2884,0.0803,1.0007,1.966,0.165
33.465,-0.2885,0.0804,0.9983,-0.2884,0.0803,1.0005,1.964,0.17
33.47,-0.2887,0.0805,0.9983,-0.2886,0.0805,1.0004,1.962,0.174
33.475,-0.2888,0.0806,0.9982,-0.2885,0.0805,1.0004,1.96,0.178
33.48,-0.289,0.0807,0.9982,-0.2889,0.0806,1.0003,1.958,0.18
33.485,-0.2891,0.0808,0.9982,-0.2889,0.0809,1.0,1.957,0.181
33.49,-0.2892,0.0809,0.9982,-0.2894,0.0807,1.0,1.955,0.182
33.495,-0.2894,0.0809,0.9982,-0.2895,0.0807,0.9998,1.953,0.181
33.5,-0.2895,0.081,0.9982,-0.2897,0.0808,0.9997,1.951,0.179
33.505,-0.2897,0.0811,0.9982,-0.2897,0.0809,0.9995,1.95,0.177
33.51,-0.2898,0.0812,0.9983,-0.2898,0.081,0.9992,1.948,0.174
33.515,-0.29,0.0813,0.9983,-0.2901,0.0814,0.9992,1.946,0.169
33.52,-0.2901,0.0813,0.9984,-0.2901,0.0812,0.9993,1.945,0.164
33.525,-0.2903,0.0814,0.9984,-0.2902,0.0813,0.9992,1.943,0.158
33.53,-0.2904,0.0815,0.9985,-0.2903,0.0816,0.9989,1.942,0.151
33.535,-0.2906,0.0816,0.9986,-0.2905,0.0814,0.9989,1.94,0.143
33.54,-0.2907,0.0817,0.9987,-0.2903,0.0817,0.9989,1.939,0.134
33.545,-0.2909,0.0817,0.9988,-0.2907,0.0818,0.999,1.938,0.125
33.55,-0.291,0.0818,0.9989,-0.2908,0.082,0.9988,1.936,0.115
33.555,-0.2912,0.0819,0.999,-0.2909,0.082,0.9985,1.935,0.104
33.56,-0.2913,0.082,0.9991,-0.2911,0.082,0.9986,1.934,0.092
33.565,-0.2915,0.082,0.9992,-0.2914,0.0821,0.9986,1.933,0.08
33.57,-0.2917,0.0821,0.9993,-0.2915,0.0821,0.9982,1.932,0.067
33.575,-0.2918,0.0822,0.9995,-0.2915,0.0821,0.998,1.931,0.054
33.58,-0.292,0.0823,0.9996,-0.2918,0.0822,0.9982,1.931,0.04
33.585,-0.2921,0.0823,0.9997,-0.2922,0.0824,0.9987,1.93,0.026
33.59,-0.2923,0.0824,0.9999,-0.2923,0.0823,0.9986,1.929,0.011
33.595,-0.2924,0.0825,1.0,-0.2925,0.0825,0.999,1.929,0.004
33.6,-0.2926,0.0826,1.0002,-0.2926,0.0825,0.999,1.929,0.02
33.605,-0.2928,0.0826,1.0004,-0.2929,0.0826,0.9991,1.928,0.036
33.61,-0.2929,0.0827,1.0005,-0.293,0.0825,0.9991,1.928,0.052
33.615,-0.2931,0.0828,1.0007,-0.2931,0.0827,0.9991,1.928,0.068
33.62,-0.2932,0.0828,1.0008,-0.2934,0.0827,0.9993,1.928,0.084
33.625,-0.2934,0.0829,1.001,-0.2932,0.0828,0.9991,1.928,0.1
33.63,-0.2936,0.083,1.0012,-0.2936,0.0829,0.9989,1.929,0.116
33.635,-0.2937,0.083,1.0013,-0.2938,0.0828,0.9994,1.929,0.132
33.64,-0.2939,0.0831,1.0015,-0.294,0.0829,0.9992,1.93,0.148
33.645,-0.2941,0.0832,1.0016,-0.294,0.083,0.999,1.93,0.164
33.65,-0.2942,0.0833,1.0018,-0.294,0.0832,0.9991,1.931,0.18
33.655,-0.2944,0.0833,1.002,-0.2942,0.0833,0.9995,1.932,0.195
33.66,-0.2946,0.0834,1.0021,-0.2945,0.0833,0.9996,1.932,0.21
33.665,-0.2947,0.0835,1.0023,-0.2945,0.0834,0.9997,1.933,0.225
33.67,-0.2949,0.0835,1.0024,-0.2947,0.0835,1.0,1.934,0.24
33.675,-0.295,0.0836,1.0025,-0.2949,0.0836,0.9999,1.936,0.254
33.68,-0.2952,0.0836,1.0027,-0.295,0.0837,1.0,1.937,0.268
33.685,-0.2954,0.0837,1.0028,-0.2955,0.0837,1.0002,1.938,0.282
33.69,-0.2955,0.0838,1.0029,-0.2954,0.0839,1.0003,1.94,0.295
33.695,-0.2957,0.0838,1.0031,-0.2957,0.0837,1.0004,1.941,0.307
33.7,-0.2959,0.0839,1.0032,-0.296,0.0838,1.0006,1.943,0.319
33.705,-0.296,0.0839,1.0033,-0.2961,0.0838,1.0007,1.944,0.331
33.71,-0.2962,0.084,1.0034,-0.2962,0.084,1.0012,1.946,0.342
33.715,-0.2963,0.0841,1.0035,-0.2963,0.0841,1.0014,1.948,0.352
33.72,-0.2965,0.0841,1.0036,-0.2963,0.0841,1.0017,1.95,0.362
33.725,-0.2967,0.0842,1.0037,-0.2964,0.0842,1.0016,1.952,0.371
33.73,-0.2968,0.0842,1.0038,-0.2967,0.0843,1.0019,1.954,0.38
33.735,-0.297,0.0843,1.0039,-0.2968,0.0843,1.0018,1.956,0.388
33.74,-0.2971,0.0843,1.004,-0.2971,0.0844,1.0021,1.958,0.395
33.745,-0.2973,0.0844,1.004,-0.2973,0.0844,1.0022,1.961,0.402
33.75,-0.2975,0.0845,1.0041,-0.2975,0.0844,1.0025,1.963,0.407
33.755,-0.2976,0.0845,1.0041,-0.2976,0.0845,1.0025,1.966,0.412
33.76,-0.2978,0.0846,1.0042,-0.2978,0.0844,1.0025,1.968,0.417
33.765,-0.2979,0.0846,1.0042,-0.2977,0.0845,1.0025,1.971,0.42
33.77,-0.2981,0.0847,1.0042,-0.2979,0.0846,1.0025,1.973,0.423
33.775,-0.2983,0.0847,1.0043,-0.2982,0.0847,1.0027,1.976,0.425
33.78,-0.2984,0.0848,1.0043,-0.2985,0.0847,1.0029,1.979,0.427
33.785,-0.2986,0.0848,1.0043,-0.2986,0.0848,1.0031,1.982,0.428
33.79,-0.2987,0.0848,1.0043,-0.2989,0.0849,1.0033,1.985,0.428
33.795,-0.2989,0.0849,1.0043,-0.299,0.085,1.0036,1.988,0.427
33.8,-0.299,0.0849,1.0043,-0.299,0.0848,1.0038,1.991,0.426
33.805,-0.2992,0.085,1.0042,-0.2993,0.0851,1.0039,1.994,0.424
33.81,-0.2994,0.085,1.0042,-0.2995,0.0848,1.0039,1.997,0.422
33.815,-0.2995,0.0851,1.0042,-0.2994,0.085,1.0038,2.0,0.418
33.82,-0.2997,0.0851,1.0041,-0.2995,0.085,1.004,2.003,0.415
33.825,-0.2998,0.0851,1.0041,-0.2995,0.0852,1.0041,2.006,0.411
33.83,-0.3,0.0852,1.0041,-0.2998,0.0853,1.0045,2.01,0.406
33.835,-0.3001,0.0852,1.004,-0.2998,0.085,1.0045,2.013,0.4
33.84,-0.3003,0.0853,1.0039,-0.3001,0.0852,1.0043,2.016,0.395
33.845,-0.3004,0.0853,1.0039,-0.3004,0.0853,1.0043,2.02,0.388
33.85,-0.3006,0.0853,1.0038,-0.3002,0.0854,1.0041,2.023,0.382
33.855,-0.3007,0.0854,1.0037,-0.3009,0.0854,1.0038,2.026,0.375
33.86,-0.3009,0.0854,1.0037,-0.3008,0.0854,1.0039,2.03,0.368
33.865,-0.301,0.0854,1.0036,-0.301,0.0855,1.0042,2.033,0.36
33.87,-0.3012,0.0855,1.0035,-0.3012,0.0855,1.0042,2.036,0.352
33.875,-0.3013,0.0855,1.0034,-0.3012,0.0855,1.0041,2.04,0.344
33.88,-0.3015,0.0855,1.0034,-0.3015,0.0853,1.0038,2.043,0.336
33.885,-0.3016,0.0856,1.0033,-0.3017,0.0854,1.0037,2.046,0.328
33.89,-0.3018,0.0856,1.0032,-0.3017,0.0857,1.004,2.05,0.32
33.895,-0.3019,0.0856,1.0031,-0.3019,0.0856,1.0038,2.053,0.311
33.9,-0.3021,0.0856,1.003,-0.3019,0.0855,1.0036,2.057,0.303
33.905,-0.3022,0.0857,1.003,-0.3022,0.0857,1.0035,2.06,0.295
33.91,-0.3024,0.0857,1.0029,-0.3023,0.0855,1.0036,2.063,0.287
33.915,-0.3025,0.0857,1.0028,-0.3025,0.0856,1.0036,2.067,0.28
33.92,-0.3026,0.0857,1.0027,-0.3028,0.0857,1.0036,2.07,0.272
33.925,-0.3028,0.0857,1.0027,-0.3029,0.0857,1.0032,2.073,0.265
33.93,-0.3029,0.0858,1.0026,-0.303,0.0858,1.0033,2.076,0.258
33.935,-0.3031,0.0858,1.0025,-0.3031,0.0858,1.0032,2.08,0.252
33.94,-0.3032,0.0858,1.0025,-0.3033,0.0858,1.003,2.083,0.246
33.945,-0.3034,0.0858,1.0024,-0.3034,0.0859,1.0029,2.086,0.24
33.95,-0.3035,0.0858,1.0023,-0.3034,0.0861,1.0027,2.089,0.234
33.955,-0.3036,0.0858,1.0023,-0.3036,0.0859,1.0025,2.092,0.23
33.96,-0.3038,0.0859,1.0023,-0.3037,0.0859,1.0024,2.095,0.225
33.965,-0.3039,0.0859,1.0022,-0.3038,0.0857,1.0025,2.098,0.221
33.97,-0.3041,0.0859,1.0022,-0.3042,0.0859,1.0025,2.101,0.218
33.975,-0.3042,0.0859,1.0021,-0.3042,0.086,1.0027,2.104,0.215
33.98,-0.3043,0.0859,1.0021,-0.3044,0.0859,1.0027,2.107,0.212
33.985,-0.3045,0.0859,1.0021,-0.3044,0.086,1.0026,2.11,0.21
33.99,-0.3046,0.0859,1.0021,-0.3047,0.0857,1.0026,2.113,0.209
33.995,-0.3048,0.0859,1.0021,-0.3046,0.0858,1.0025,2.116,0.208
34.0,-0.3049,0.0859,1.0021,-0.3048,0.0857,1.0026,2.119,0.207
34.005,-0.305,0.0859,1.0021,-0.305,0.0859,1.0026,2.121,0.207
34.01,-0.3052,0.0859,1.0021,-0.305,0.086,1.0027,2.124,0.207
34.015,-0.3053,0.0859,1.0021,-0.3053,0.086,1.0025,2.127,0.208
34.02,-0.3054,0.0859,1.0021,-0.3053,0.0859,1.0025,2.129,0.209
34.025,-0.3056,0.0859,1.0021,-0.3056,0.0862,1.0023,2.132,0.21
34.03,-0.3057,0.0859,1.0021,-0.3057,0.0859,1.0022,2.135,0.212
34.035,-0.3058,0.0859,1.0021,-0.3059,0.0861,1.0018,2.137,0.214
34.04,-0.306,0.0859,1.0022,-0.3059,0.0859,1.0018,2.14,0.216
34.045,-0.3061,0.0859,1.0022,-0.3061,0.086,1.002,2.142,0.219
34.05,-0.3062,0.0859,1.0022,-0.3064,0.0858,1.002,2.144,0.222
34.055,-0.3064,0.0859,1.0022,-0.3065,0.0858,1.0019,2.147,0.225
34.06,-0.3065,0.0858,1.0023,-0.3065,0.0859,1.0018,2.149,0.228
34.065,-0.3066,0.0858,1.0023,-0.3065,0.0858,1.0019,2.151,0.232
34.07,-0.3068,0.0858,1.0024,-0.3069,0.0858,1.0019,2.154,0.236
34.075,-0.3069,0.0858,1.0024,-0.3069,0.0858,1.0021,2.156,0.24
34.08,-0.307,0.0858,1.0024,-0.3069,0.0857,1.0019,2.158,0.244
34.085,-0.3071,0.0858,1.0025,-0.3069,0.0855,1.0017,2.16,0.248
34.09,-0.3073,0.0858,1.0025,-0.307,0.0856,1.0018,2.162,0.253
34.095,-0.3074,0.0857,1.0026,-0.3071,0.0854,1.0018,2.164,0.258
34.1,-0.3075,0.0857,1.0026,-0.3074,0.0854,1.0017,2.166,0.262
34.105,-0.3076,0.0857,1.0027,-0.3073,0.0856,1.0019,2.168,0.267
34.11,-0.3078,0.0857,1.0027,-0.3077,0.0855,1.0023,2.17,0.272
34.115,-0.3079,0.0857,1.0028,-0.3078,0.0856,1.0022,2.172,0.277
34.12,-0.308,0.0856,1.0028,-0.308,0.0857,1.0021,2.174,0.282
34.125,-0.3081,0.0856,1.0029,-0.3082,0.0856,1.002,2.175,0.287
34.13,-0.3082,0.0856,1.0029,-0.3082,0.0855,1.002,2.177,0.292
34.135,-0.3084,0.0855,1.003,-0.3084,0.0857,1.002,2.178,0.297
34.14,-0.3085,0.0855,1.003,-0.3085,0.0856,1.002,2.179,0.302
34.145,-0.3086,0.0855,1.0031,-0.3086,0.0853,1.0021,2.181,0.306
34.15,-0.3087,0.0855,1.0031,-0.3087,0.0856,1.0023,2.182,0.311
34.155,-0.3088,0.0854,1.0032,-0.3088,0.0853,1.0024,2.183,0.315
34.16,-0.3089,0.0854,1.0032,-0.309,0.0854,1.0023,2.184,0.32
34.165,-0.309,0.0854,1.0032,-0.309,0.0854,1.0023,2.185,0.324
34.17,-0.3091,0.0853,1.0033,-0.3092,0.0853,1.0024,2.186,0.328
34.175,-0.3093,0.0853,1.0033,-0.3092,0.0853,1.0025,2.186,0.331
34.18,-0.3094,0.0852,1.0033,-0.3094,0.0852,1.0029,2.187,0.335
34.185,-0.3095,0.0852,1.0034,-0.3094,0.0852,1.0031,2.188,0.338
34.19,-0.3096,0.0852,1.0034,-0.3094,0.085,1.0033,2.188,0.341
34.195,-0.3097,0.0851,1.0034,-0.3095,0.0851,1.0034,2.188,0.343
34.2,-0.3098,0.0851,1.0035,-0.3097,0.085,1.0035,2.189,0.345
34.205,-0.3099,0.085,1.0035,-0.3099,0.085,1.0037,2.189,0.347
34.21,-0.31,0.085,1.0035,-0.3098,0.085,1.0036,2.189,0.349
34.215,-0.3101,0.0849,1.0035,-0.3099,0.085,1.0039,2.189,0.35
34.22,-0.3102,0.0849,1.0035,-0.3101,0.0848,1.004,2.188,0.35
34.225,-0.3103,0.0849,1.0035,-0.3102,0.0849,1.0038,2.188,0.351
34.23,-0.3104,0.0848,1.0035,-0.3103,0.0847,1.004,2.188,0.351
34.235,-0.3105,0.0847,1.0035,-0.3105,0.0848,1.0036,2.187,0.35
34.24,-0.3105,0.0847,1.0035,-0.3107,0.0847,1.0036,2.186,0.349
34.245,-0.3106,0.0846,1.0035,-0.3109,0.0844,1.0037,2.186,0.348
34.25,-0.3107,0.0846,1.0035,-0.3109,0.0848,1.0037,2.185,0.346
34.255,-0.3108,0.0845,1.0034,-0.3109,0.0848,1.0036,2.183,0.344
34.26,-0.3109,0.0845,1.0034,-0.3111,0.0847,1.0035,2.182,0.342
34.265,-0.311,0.0844,1.0034,-0.311,0.0845,1.0035,2.181,0.339
34.27,-0.3111,0.0844,1.0034,-0.3113,0.0845,1.0033,2.18,0.336
34.275,-0.3111,0.0843,1.0033,-0.3112,0.0841,1.0034,2.178,0.333
34.28,-0.3112,0.0842,1.0033,-0.3112,0.0841,1.003,2.176,0.329
34.285,-0.3113,0.0842,1.0033,-0.3113,0.0841,1.003,2.174,0.326
34.29,-0.3114,0.0841,1.0032,-0.3113,0.0839,1.0031,2.173,0.322
34.295,-0.3115,0.084,1.0032,-0.3115,0.0839,1.0029,2.171,0.318
34.3,-0.3115,0.084,1.0031,-0.3113,0.084,1.003,2.168,0.313
34.305,-0.3116,0.0839,1.0031,-0.3114,0.084,1.0028,2.166,0.309
34.31,-0.3117,0.0838,1.003,-0.3116,0.0839,1.0027,2.164,0.305
34.315,-0.3117,0.0838,1.003,-0.3118,0.0837,1.0027,2.161,0.3
34.32,-0.3118,0.0837,1.003,-0.3117,0.0838,1.0026,2.158,0.296
34.325,-0.3119,0.0836,1.0029,-0.3116,0.0837,1.0026,2.155,0.292
34.33,-0.3119,0.0835,1.0029,-0.312,0.0837,1.0026,2.153,0.288
34.335,-0.312,0.0835,1.0028,-0.3121,0.0837,1.0023,2.149,0.284
34.34,-0.3121,0.0834,1.0028,-0.3121,0.0836,1.0023,2.146,0.28
34.345,-0.3121,0.0833,1.0028,-0.3121,0.0834,1.0022,2.143,0.276
34.35,-0.3122,0.0832,1.0027,-0.3121,0.0834,1.0021,2.139,0.272
34.355,-0.3122,0.0832,1.0027,-0.3123,0.0832,1.002,2.136,0.269
34.36,-0.3123,0.0831,1.0027,-0.3123,0.0831,1.002,2.132,0.266
34.365,-0.3124,0.083,1.0026,-0.3126,0.0829,1.0018,2.128,0.264
34.37,-0.3124,0.0829,1.0026,-0.3125,0.0828,1.0017,2.124,0.261
34.375,-0.3125,0.0828,1.0026,-0.3124,0.0828,1.0019,2.12,0.259
34.38,-0.3125,0.0827,1.0026,-0.3125,0.0828,1.002,2.116,0.258
34.385,-0.3126,0.0827,1.0026,-0.3127,0.0825,1.0022,2.111,0.257
34.39,-0.3126,0.0826,1.0026,-0.3124,0.0827,1.0023,2.107,0.256
34.395,-0.3127,0.0825,1.0026,-0.3125,0.0827,1.0022,2.102,0.256
34.4,-0.3127,0.0824,1.0026,-0.3125,0.0827,1.0022,2.098,0.256
34.405,-0.3128,0.0823,1.0026,-0.3129,0.0824,1.0021,2.093,0.257
34.41,-0.3128,0.0822,1.0026,-0.3128,0.0823,1.002,2.088,0.258
34.415,-0.3129,0.0821,1.0026,-0.313,0.0824,1.0016,2.083,0.259
34.42,-0.3129,0.082,1.0026,-0.3127,0.082,1.0016,2.078,0.261
34.425,-0.3129,0.0819,1.0026,-0.3129,0.0818,1.0015,2.072,0.263
34.43,-0.313,0.0818,1.0027,-0.3129,0.0819,1.0016,2.067,0.265
34.435,-0.313,0.0817,1.0027,-0.3129,0.0817,1.0017,2.061,0.268
34.44,-0.3131,0.0816,1.0027,-0.3129,0.0817,1.0017,2.056,0.271
34.445,-0.3131,0.0815,1.0027,-0.313,0.0814,1.0017,2.05,0.274
34.45,-0.3131,0.0814,1.0028,-0.3129,0.0815,1.002,2.044,0.278
34.455,-0.3132,0.0813,1.0028,-0.313,0.0814,1.0019,2.038,0.282
34.46,-0.3132,0.0812,1.0029,-0.3131,0.0811,1.0021,2.032,0.287
34.465,-0.3132,0.0811,1.0029,-0.3131,0.0811,1.0021,2.025,0.291
34.47,-0.3133,0.081,1.003,-0.3131,0.0811,1.0022,2.019,0.296
34.475,-0.3133,0.0809,1.003,-0.3131,0.0808,1.0022,2.013,0.301
34.48,-0.3133,0.0808,1.0031,-0.3132,0.0809,1.0021,2.006,0.307
34.485,-0.3133,0.0807,1.0031,-0.3133,0.0809,1.0019,1.999,0.312
34.49,-0.3134,0.0806,1.0032,-0.3136,0.0805,1.0019,1.992,0.317
34.495,-0.3134,0.0805,1.0032,-0.3135,0.0806,1.002,1.985,0.323
34.5,-0.3134,0.0804,1.0033,-0.3136,0.0807,1.0021,1.978,0.329
34.505,-0.3134,0.0803,1.0033,-0.3134,0.0804,1.0019,1.971,0.335
34.51,-0.3134,0.0802,1.0034,-0.3134,0.0803,1.0018,1.964,0.341
34.515,-0.3134,0.0801,1.0035,-0.3134,0.0802,1.0017,1.956,0.347
34.52,-0.3135,0.08,1.0035,-0.3133,0.08,1.0017,1.949,0.352
34.525,-0.3135,0.0798,1.0036,-0.3134,0.0797,1.0016,1.941,0.358
34.53,-0.3135,0.0797,1.0036,-0.3133,0.0798,1.0013,1.933,0.364
34.535,-0.3135,0.0796,1.0037,-0.3133,0.0796,1.0017,1.925,0.37
34.54,-0.3135,0.0795,1.0038,-0.3133,0.0796,1.0018,1.917,0.376
34.545,-0.3135,0.0794,1.0038,-0.3136,0.0793,1.0019,1.909,0.382
34.55,-0.3135,0.0793,1.0039,-0.3135,0.0794,1.0021,1.901,0.388
34.555,-0.3135,0.0792,1.0039,-0.3136,0.0794,1.0022,1.892,0.393
34.56,-0.3135,0.079,1.004,-0.3135,0.0793,1.0021,1.884,0.399
34.565,-0.3135,0.0789,1.004,-0.3135,0.079,1.002,1.875,0.405
34.57,-0.3135,0.0788,1.0041,-0.3135,0.0788,1.0021,1.866,0.41
34.575,-0.3135,0.0787,1.0042,-0.3136,0.0785,1.0025,1.858,0.415
34.58,-0.3135,0.0786,1.0042,-0.3135,0.0785,1.0026,1.849,0.421
34.585,-0.3135,0.0785,1.0043,-0.3134,0.0785,1.0027,1.84,0.426
34.59,-0.3135,0.0783,1.0043,-0.3134,0.0783,1.0027,1.83,0.431
34.595,-0.3135,0.0782,1.0044,-0.3135,0.0781,1.0026,1.821,0.436
34.6,-0.3135,0.0781,1.0044,-0.3135,0.0782,1.0028,1.812,0.44
34.605,-0.3134,0.078,1.0044,-0.3135,0.0779,1.0026,1.802,0.445
34.61,-0.3134,0.0779,1.0045,-0.3134,0.0779,1.0025,1.793,0.449
34.615,-0.3134,0.0777,1.0045,-0.3133,0.0778,1.0026,1.783,0.453
34.62,-0.3134,0.0776,1.0046,-0.3134,0.0778,1.0026,1.773,0.457
34.625,-0.3134,0.0775,1.0046,-0.3134,0.0777,1.0026,1.763,0.461
34.63,-0.3133,0.0774,1.0046,-0.3132,0.0774,1.0026,1.753,0.464
34.635,-0.3133,0.0773,1.0047,-0.3132,0.0772,1.0027,1.743,0.467
34.64,-0.3133,0.0771,1.0047,-0.3131,0.0771,1.0028,1.733,0.471
34.645,-0.3133,0.077,1.0047,-0.3133,0.077,1.0029,1.722,0.473
34.65,-0.3132,0.0769,1.0048,-0.3131,0.0771,1.0028,1.712,0.476
34.655,-0.3132,0.0768,1.0048,-0.3134,0.0769,1.0027,1.701,0.479
34.66,-0.3132,0.0766,1.0048,-0.3134,0.0767,1.0026,1.69,0.481
34.665,-0.3132,0.0765,1.0048,-0.3132,0.0767,1.0027,1.679,0.483
34.67,-0.3131,0.0764,1.0049,-0.3132,0.0766,1.0027,1.668,0.485
34.675,-0.3131,0.0763,1.0049,-0.3134,0.0764,1.0026,1.657,0.487
34.68,-0.313,0.0761,1.0049,-0.3131,0.0764,1.0029,1.646,0.489
34.685,-0.313,0.076,1.0049,-0.3133,0.0761,1.0029,1.635,0.49
34.69,-0.313,0.0759,1.0049,-0.3133,0.076,1.0029,1.623,0.492
34.695,-0.3129,0.0758,1.0049,-0.3131,0.076,1.003,1.612,0.493
34.7,-0.3129,0.0756,1.0049,-0.313,0.0755,1.003,1.6,0.494
34.705,-0.3128,0.0755,1.005,-0.3128,0.0755,1.003,1.589,0.495
34.71,-0.3128,0.0754,1.005,-0.313,0.0754,1.0026,1.577,0.496
34.715,-0.3127,0.0753,1.005,-0.3129,0.0752,1.0024,1.565,0.497
34.72,-0.3127,0.0751,1.005,-0.3127,0.0751,1.0027,1.553,0.498
34.725,-0.3126,0.075,1.005,-0.3125,0.075,1.0028,1.541,0.498
34.73,-0.3126,0.0749,1.005,-0.3126,0.0749,1.0028,1.529,0.499
34.735,-0.3125,0.0748,1.005,-0.3124,0.0748,1.0028,1.517,0.499
34.74,-0.3125,0.0746,1.005,-0.3124,0.0746,1.0028,1.505,0.5
34.745,-0.3124,0.0745,1.005,-0.3124,0.0745,1.003,1.493,0.5
34.75,-0.3124,0.0744,1.005,-0.3123,0.0746,1.0031,1.48,0.501
34.755,-0.3123,0.0743,1.005,-0.3123,0.0743,1.0032,1.468,0.502
34.76,-0.3123,0.0741,1.005,-0.3123,0.0741,1.0033,1.455,0.502
34.765,-0.3122,0.074,1.005,-0.3122,0.074,1.0034,1.443,0.502
34.77,-0.3121,0.0739,1.005,-0.312,0.074,1.0036,1.43,0.503
34.775,-0.3121,0.0737,1.005,-0.3121,0.0738,1.0039,1.417,0.503
34.78,-0.312,0.0736,1.005,-0.3121,0.0737,1.0042,1.404,0.504
34.785,-0.3119,0.0735,1.005,-0.3121,0.0735,1.0039,1.391,0.504
34.79,-0.3119,0.0734,1.005,-0.3119,0.0734,1.0041,1.378,0.504
34.795,-0.3118,0.0732,1.005,-0.3122,0.0734,1.0042,1.365,0.504
34.8,-0.3117,0.0731,1.005,-0.3119,0.0732,1.0039,1.352,0.504
34.805,-0.3117,0.073,1.005,-0.3118,0.073,1.004,1.339,0.504
34.81,-0.3116,0.0728,1.005,-0.3118,0.0731,1.004,1.325,0.504
34.815,-0.3115,0.0727,1.005,-0.3115,0.0727,1.0041,1.312,0.504
34.82,-0.3114,0.0726,1.005,-0.3114,0.0725,1.0043,1.298,0.503
34.825,-0.3114,0.0725,1.005,-0.3113,0.0725,1.0046,1.285,0.503
34.83,-0.3113,0.0723,1.005,-0.3114,0.0724,1.0049,1.271,0.503
34.835,-0.3112,0.0722,1.005,-0.3114,0.0722,1.0046,1.257,0.502
34.84,-0.3111,0.0721,1.005,-0.3111,0.0721,1.0045,1.244,0.501
34.845,-0.3111,0.0719,1.005,-0.311,0.0719,1.0044,1.23,0.501
34.85,-0.311,0.0718,1.005,-0.311,0.0717,1.0045,1.216,0.5
34.855,-0.3109,0.0717,1.005,-0.3109,0.0716,1.0047,1.202,0.499
34.86,-0.3108,0.0715,1.005,-0.3108,0.0716,1.0049,1.188,0.498
34.865,-0.3107,0.0714,1.005,-0.3108,0.0716,1.0047,1.173,0.497
34.87,-0.3106,0.0713,1.005,-0.3106,0.0713,1.0047,1.159,0.496
34.875,-0.3105,0.0712,1.0049,-0.3107,0.0712,1.0048,1.145,0.495
34.88,-0.3105,0.071,1.0049,-0.3104,0.071,1.0047,1.131,0.493
34.885,-0.3104,0.0709,1.0049,-0.3102,0.0709,1.0045,1.116,0.492
34.89,-0.3103,0.0708,1.0049,-0.3102,0.0708,1.0044,1.102,0.49
34.895,-0.3102,0.0706,1.0049,-0.3102,0.0706,1.0045,1.087,0.489
34.9,-0.3101,0.0705,1.0049,-0.3102,0.0707,1.0047,1.072,0.487
34.905,-0.31,0.0704,1.0049,-0.31,0.0705,1.005,1.058,0.485
34.91,-0.3099,0.0703,1.0048,-0.31,0.0704,1.0049,1.043,0.484
34.915,-0.3098,0.0701,1.0048,-0.31,0.0703,1.0047,1.028,0.482
34.92,-0.3097,0.07,1.0048,-0.3099,0.0702,1.0045,1.013,0.48
34.925,-0.3096,0.0699,1.0048,-0.3097,0.0702,1.0043,0.998,0.478
34.93,-0.3095,0.0697,1.0048,-0.3094,0.0698,1.0041,0.983,0.476
34.935,-0.3094,0.0696,1.0047,-0.3094,0.0699,1.0039,0.968,0.474
34.94,-0.3093,0.0695,1.0047,-0.3093,0.0697,1.0037,0.953,0.472
34.945,-0.3092,0.0694,1.0047,-0.3093,0.0695,1.0037,0.937,0.471
34.95,-0.3091,0.0692,1.0047,-0.3091,0.0693,1.0036,0.922,0.469
34.955,-0.309,0.0691,1.0047,-0.3089,0.0692,1.0039,0.907,0.467
34.96,-0.3089,0.069,1.0047,-0.309,0.0691,1.0036,0.892,0.466
34.965,-0.3088,0.0688,1.0046,-0.3088,0.0689,1.0037,0.876,0.465
34.97,-0.3086,0.0687,1.0046,-0.3087,0.0689,1.0034,0.861,0.464
34.975,-0.3085,0.0686,1.0046,-0.3087,0.0687,1.0032,0.846,0.463
34.98,-0.3084,0.0685,1.0046,-0.3084,0.0686,1.003,0.83,0.462
34.985,-0.3083,0.0683,1.0046,-0.3083,0.0685,1.003,0.815,0.462
34.99,-0.3082,0.0682,1.0046,-0.3082,0.0683,1.003,0.8,0.462
34.995,-0.3081,0.0681,1.0046,-0.3082,0.068,1.0031,0.784,0.462
35.0,-0.308,0.068,1.0046,-0.3079,0.068,1.0034,0.769,0.462
35.005,-0.3078,0.0679,1.0046,-0.3078,0.068,1.0032,0.753,0.463
35.01,-0.3077,0.0677,1.0046,-0.3077,0.068,1.0032,0.738,0.464
35.015,-0.3076,0.0676,1.0047,-0.3076,0.0677,1.0034,0.723,0.466
35.02,-0.3075,0.0675,1.0047,-0.3076,0.0676,1.0034,0.707,0.467
35.025,-0.3074,0.0674,1.0047,-0.3073,0.0677,1.0035,0.692,0.469
35.03,-0.3072,0.0673,1.0047,-0.3074,0.0675,1.0037,0.676,0.472
35.035,-0.3071,0.0671,1.0047,-0.3072,0.0672,1.0038,0.661,0.474
35.04,-0.307,0.067,1.0048,-0.3071,0.0673,1.0036,0.646,0.477
35.045,-0.3069,0.0669,1.0048,-0.3071,0.067,1.0036,0.63,0.48
35.05,-0.3067,0.0668,1.0048,-0.3069,0.0671,1.0035,0.615,0.483
35.055,-0.3066,0.0667,1.0049,-0.3067,0.0669,1.0034,0.6,0.487
35.06,-0.3065,0.0666,1.0049,-0.3065,0.0668,1.0031,0.584,0.49
35.065,-0.3064,0.0664,1.0049,-0.3064,0.0666,1.003,0.569,0.494
35.07,-0.3062,0.0663,1.005,-0.3062,0.0664,1.0032,0.554,0.498
35.075,-0.3061,0.0662,1.005,-0.3062,0.0664,1.0034,0.539,0.502
35.08,-0.306,0.0661,1.0051,-0.3061,0.0662,1.0035,0.524,0.506
35.085,-0.3058,0.066,1.0051,-0.306,0.066,1.0036,0.509,0.511
35.09,-0.3057,0.0659,1.0052,-0.3057,0.066,1.0037,0.494,0.515
35.095,-0.3056,0.0658,1.0052,-0.3054,0.0657,1.0036,0.479,0.52
35.1,-0.3054,0.0657,1.0052,-0.3053,0.0658,1.0037,0.465,0.524
35.105,-0.3053,0.0656,1.0053,-0.3053,0.0656,1.0037,0.45,0.529
35.11,-0.3052,0.0655,1.0053,-0.3049,0.0656,1.0037,0.435,0.533
35.115,-0.305,0.0654,1.0054,-0.3048,0.0653,1.004,0.421,0.538
35.12,-0.3049,0.0653,1.0054,-0.3049,0.0652,1.0041,0.407,0.542
35.125,-0.3048,0.0652,1.0055,-0.3047,0.065,1.0041,0.393,0.546
35.13,-0.3046,0.0651,1.0055,-0.3046,0.0651,1.0042,0.378,0.55
35.135,-0.3045,0.065,1.0055,-0.3044,0.065,1.0043,0.365,0.555
35.14,-0.3043,0.0649,1.0056,-0.3042,0.0651,1.0042,0.351,0.558
35.145,-0.3042,0.0648,1.0056,-0.3043,0.0649,1.0043,0.337,0.562
35.15,-0.304,0.0647,1.0057,-0.3041,0.0648,1.0044,0.324,0.566
35.155,-0.3039,0.0646,1.0057,-0.3041,0.0648,1.0046,0.311,0.569
35.16,-0.3037,0.0645,1.0057,-0.304,0.0646,1.0045,0.299,0.572
35.165,-0.3036,0.0644,1.0057,-0.3038,0.0644,1.0043,0.286,0.574
35.17,-0.3035,0.0643,1.0058,-0.3036,0.0644,1.0044,0.275,0.577
35.175,-0.3033,0.0642,1.0058,-0.3034,0.0642,1.0044,0.263,0.579
35.18,-0.3031,0.0641,1.0058,-0.3034,0.0642,1.0046,0.252,0.581
35.185,-0.303,0.064,1.0058,-0.3031,0.0642,1.0046,0.242,0.582
35.19,-0.3028,0.0639,1.0058,-0.303,0.0638,1.0047,0.233,0.583
35.195,-0.3027,0.0639,1.0058,-0.3025,0.0638,1.0051,0.224,0.584
35.2,-0.3025,0.0638,1.0058,-0.3025,0.0638,1.0049,0.217,0.585
35.205,-0.3024,0.0637,1.0059,-0.3024,0.0637,1.005,0.21,0.585
35.21,-0.3022,0.0636,1.0059,-0.3021,0.0635,1.0052,0.205,0.585
35.215,-0.3021,0.0635,1.0058,-0.3019,0.0634,1.0053,0.201,0.585
35.22,-0.3019,0.0634,1.0058,-0.3019,0.0634,1.0054,0.198,0.584
35.225,-0.3017,0.0634,1.0058,-0.3018,0.0633,1.0054,0.197,0.583
35.23,-0.3016,0.0633,1.0058,-0.3016,0.0633,1.0053,0.197,0.581
35.235,-0.3014,0.0632,1.0058,-0.3014,0.0631,1.0053,0.198,0.579
35.24,-0.3013,0.0631,1.0058,-0.3013,0.0631,1.0055,0.201,0.577
35.245,-0.3011,0.0631,1.0057,-0.301,0.0632,1.0053,0.206,0.574
35.25,-0.3009,0.063,1.0057,-0.3011,0.0631,1.0052,0.212,0.571
35.255,-0.3008,0.0629,1.0057,-0.301,0.0631,1.0054,0.218,0.568
35.26,-0.3006,0.0629,1.0056,-0.3008,0.0629,1.0054,0.227,0.564
35.265,-0.3004,0.0628,1.0056,-0.3005,0.0629,1.0056,0.236,0.56
35.27,-0.3003,0.0627,1.0056,-0.3004,0.0627,1.0057,0.246,0.555
35.275,-0.3001,0.0627,1.0055,-0.3002,0.0629,1.0055,0.256,0.55
35.28,-0.2999,0.0626,1.0054,-0.2999,0.0627,1.0054,0.268,0.545
35.285,-0.2998,0.0625,1.0054,-0.3,0.0627,1.0055,0.28,0.539
35.29,-0.2996,0.0625,1.0053,-0.2997,0.0624,1.0058,0.292,0.533
35.295,-0.2994,0.0624,1.0053,-0.2996,0.0623,1.006,0.306,0.526
35.3,-0.2992,0.0623,1.0052,-0.2996,0.0624,1.0062,0.319,0.52
35.305,-0.2991,0.0623,1.0051,-0.2992,0.0624,1.0062,0.333,0.513
35.31,-0.2989,0.0622,1.0051,-0.2991,0.0622,1.0064,0.347,0.505
35.315,-0.2987,0.0622,1.005,-0.2989,0.062,1.0064,0.362,0.497
35.32,-0.2985,0.0621,1.0049,-0.2986,0.0621,1.0062,0.377,0.489
35.325,-0.2984,0.0621,1.0048,-0.2983,0.062,1.0061,0.392,0.48
35.33,-0.2982,0.062,1.0047,-0.2983,0.0619,1.0059,0.407,0.471
35.335,-0.298,0.0619,1.0046,-0.2981,0.0618,1.0058,0.423,0.462
35.34,-0.2978,0.0619,1.0045,-0.298,0.0619,1.0059,0.439,0.453
35.345,-0.2977,0.0618,1.0044,-0.2978,0.0618,1.0058,0.454,0.443
35.35,-0.2975,0.0618,1.0043,-0.2977,0.0617,1.0057,0.47,0.433
35.355,-0.2973,0.0618,1.0042,-0.2974,0.0618,1.0055,0.487,0.422
35.36,-0.2971,0.0617,1.0041,-0.2972,0.0616,1.005,0.503,0.412
35.365,-0.297,0.0617,1.004,-0.2969,0.0618,1.0048,0.519,0.401
35.37,-0.2968,0.0616,1.0039,-0.297,0.0619,1.0046,0.536,0.39
35.375,-0.2966,0.0616,1.0038,-0.2967,0.0617,1.0048,0.552,0.38
35.38,-0.2964,0.0615,1.0037,-0.2964,0.0616,1.0048,0.569,0.369
35.385,-0.2962,0.0615,1.0036,-0.2962,0.0615,1.0044,0.585,0.358
35.39,-0.2961,0.0614,1.0035,-0.2961,0.0616,1.0044,0.602,0.347
35.395,-0.2959,0.0614,1.0034,-0.2957,0.0616,1.0043,0.619,0.336
35.4,-0.2957,0.0614,1.0033,-0.296,0.0612,1.004,0.636,0.326
35.405,-0.2955,0.0613,1.0032,-0.2955,0.0614,1.0039,0.652,0.315
35.41,-0.2953,0.0613,1.003,-0.2953,0.0615,1.0035,0.669,0.305
35.415,-0.2951,0.0613,1.0029,-0.2952,0.0613,1.0034,0.686,0.295
35.42,-0.295,0.0612,1.0028,-0.295,0.0613,1.0032,0.703,0.285
35.425,-0.2948,0.0612,1.0028,-0.2947,0.0612,1.003,0.72,0.275
35.43,-0.2946,0.0612,1.0027,-0.2946,0.0612,1.0033,0.737,0.266
35.435,-0.2944,0.0611,1.0026,-0.2944,0.061,1.0031,0.754,0.257
35.44,-0.2942,0.0611,1.0025,-0.2943,0.0613,1.0031,0.771,0.249
35.445,-0.2941,0.0611,1.0024,-0.2941,0.0612,1.0028,0.788,0.24
35.45,-0.2939,0.0611,1.0023,-0.2941,0.0611,1.0025,0.805,0.233
35.455,-0.2937,0.061,1.0023,-0.294,0.0609,1.0024,0.822,0.225
35.46,-0.2935,0.061,1.0022,-0.2938,0.0608,1.0021,0.838,0.218
35.465,-0.2933,0.061,1.0021,-0.2936,0.061,1.0019,0.855,0.212
35.47,-0.2932,0.061,1.0021,-0.2934,0.061,1.0018,0.872,0.206
35.475,-0.293,0.0609,1.002,-0.2931,0.0609,1.0018,0.889,0.2
35.48,-0.2928,0.0609,1.002,-0.2927,0.0611,1.0018,0.906,0.195
35.485,-0.2926,0.0609,1.0019,-0.2926,0.061,1.0018,0.923,0.191
35.49,-0.2924,0.0609,1.0019,-0.2924,0.061,1.0019,0.94,0.187
35.495,-0.2922,0.0609,1.0018,-0.2923,0.0608,1.0017,0.957,0.184
35.5,-0.2921,0.0609,1.0018,-0.2921,0.0608,1.0015,0.973,0.181
35.505,-0.2919,0.0609,1.0018,-0.2917,0.0609,1.0015,0.99,0.178
35.51,-0.2917,0.0608,1.0018,-0.2918,0.0608,1.0013,1.007,0.176
35.515,-0.2915,0.0608,1.0017,-0.2916,0.0607,1.0012,1.024,0.175
35.52,-0.2913,0.0608,1.0017,-0.2916,0.0608,1.0011,1.04,0.174
35.525,-0.2912,0.0608,1.0017,-0.2914,0.0607,1.001,1.057,0.173
35.53,-0.291,0.0608,1.0017,-0.2912,0.0606,1.001,1.074,0.173
35.535,-0.2908,0.0608,1.0017,-0.2908,0.0608,1.0008,1.09,0.174
35.54,-0.2906,0.0608,1.0017,-0.2907,0.0607,1.0007,1.107,0.175
35.545,-0.2905,0.0608,1.0018,-0.2904,0.0608,1.0005,1.123,0.176
35.55,-0.2903,0.0608,1.0018,-0.2905,0.0608,1.0005,1.14,0.178
35.555,-0.2901,0.0608,1.0018,-0.2903,0.0607,1.0007,1.156,0.18
35.56,-0.2899,0.0608,1.0018,-0.2902,0.0608,1.0008,1.173,0.183
35.565,-0.2897,0.0608,1.0019,-0.29,0.0609,1.0008,1.189,0.185
35.57,-0.2896,0.0608,1.0019,-0.2899,0.0608,1.0008,1.206,0.188
35.575,-0.2894,0.0608,1.0019,-0.2897,0.0608,1.0009,1.222,0.192
35.58,-0.2892,0.0608,1.002,-0.2895,0.0607,1.0009,1.238,0.196
35.585,-0.289,0.0608,1.002,-0.2893,0.0609,1.0009,1.255,0.199
35.59,-0.2889,0.0608,1.002,-0.2892,0.0608,1.0013,1.271,0.203
35.595,-0.2887,0.0608,1.0021,-0.2888,0.0608,1.0015,1.287,0.208
35.6,-0.2885,0.0608,1.0021,-0.2887,0.0607,1.0017,1.303,0.212
35.605,-0.2883,0.0608,1.0022,-0.2886,0.0608,1.0021,1.319,0.216
35.61,-0.2882,0.0608,1.0022,-0.2882,0.0608,1.0019,1.335,0.22
35.615,-0.288,0.0609,1.0022,-0.2879,0.0608,1.0021,1.351,0.225
35.62,-0.2878,0.0609,1.0023,-0.2879,0.0611,1.002,1.367,0.229
35.625,-0.2877,0.0609,1.0023,-0.2875,0.0607,1.0018,1.383,0.233
35.63,-0.2875,0.0609,1.0024,-0.2875,0.0608,1.0019,1.399,0.237
35.635,-0.2873,0.0609,1.0024,-0.2873,0.0609,1.002,1.415,0.24
35.64,-0.2872,0.0609,1.0024,-0.2873,0.0608,1.0019,1.43,0.244
35.645,-0.287,0.0609,1.0025,-0.2871,0.0609,1.0017,1.446,0.247
35.65,-0.2868,0.061,1.0025,-0.287,0.0611,1.0017,1.462,0.25
35.655,-0.2866,0.061,1.0025,-0.2866,0.0611,1.0019,1.477,0.253
35.66,-0.2865,0.061,1.0025,-0.2868,0.0611,1.0019,1.493,0.255
35.665,-0.2863,0.061,1.0026,-0.2865,0.0611,1.002,1.508,0.257
35.67,-0.2861,0.061,1.0026,-0.2863,0.0612,1.0019,1.524,0.259
35.675,-0.286,0.0611,1.0026,-0.2862,0.0611,1.0021,1.539,0.26
35.68,-0.2858,0.0611,1.0026,-0.286,0.0612,1.0022,1.554,0.261
35.685,-0.2857,0.0611,1.0026,-0.2857,0.0612,1.0025,1.57,0.261
35.69,-0.2855,0.0611,1.0026,-0.2858,0.0612,1.0024,1.585,0.262
35.695,-0.2853,0.0612,1.0026,-0.2856,0.0611,1.0025,1.6,0.261
35.7,-0.2852,0.0612,1.0026,-0.2854,0.0611,1.0023,1.615,0.261
35.705,-0.285,0.0612,1.0026,-0.2852,0.0613,1.0023,1.63,0.26
35.71,-0.2848,0.0612,1.0026,-0.285,0.061,1.0024,1.645,0.258
35.715,-0.2847,0.0613,1.0026,-0.2848,0.0612,1.0027,1.66,0.256
35.72,-0.2845,0.0613,1.0025,-0.2846,0.0611,1.0026,1.674,0.254
35.725,-0.2844,0.0613,1.0025,-0.2845,0.0612,1.0028,1.689,0.251
35.73,-0.2842,0.0614,1.0025,-0.2843,0.0611,1.0027,1.704,0.248
35.735,-0.2841,0.0614,1.0024,-0.2841,0.0612,1.0024,1.718,0.244
35.74,-0.2839,0.0614,1.0024,-0.2837,0.0612,1.0022,1.732,0.24
35.745,-0.2837,0.0615,1.0024,-0.2838,0.0614,1.0022,1.747,0.236
35.75,-0.2836,0.0615,1.0023,-0.2834,0.0612,1.0021,1.761,0.231
35.755,-0.2834,0.0615,1.0023,-0.2834,0.0614,1.0023,1.775,0.226
35.76,-0.2833,0.0616,1.0022,-0.2832,0.0617,1.0024,1.789,0.22
35.765,-0.2831,0.0616,1.0021,-0.2831,0.0616,1.002,1.803,0.214
35.77,-0.283,0.0617,1.0021,-0.2832,0.0618,1.0018,1.817,0.208
35.775,-0.2828,0.0617,1.002,-0.2831,0.0618,1.0018,1.831,0.202
35.78,-0.2827,0.0617,1.002,-0.2827,0.062,1.0021,1.844,0.195
35.785,-0.2826,0.0618,1.0019,-0.2827,0.0619,1.0021,1.858,0.188
35.79,-0.2824,0.0618,1.0018,-0.2826,0.0619,1.0019,1.871,0.181
35.795,-0.2823,0.0619,1.0017,-0.2823,0.0619,1.0017,1.885,0.174
35.8,-0.2821,0.0619,1.0017,-0.2822,0.0619,1.0016,1.898,0.167
35.805,-0.282,0.062,1.0016,-0.2819,0.0621,1.0018,1.911,0.159
35.81,-0.2818,0.062,1.0015,-0.2819,0.062,1.0018,1.924,0.152
35.815,-0.2817,0.062,1.0014,-0.2817,0.0619,1.0018,1.937,0.144
35.82,-0.2816,0.0621,1.0014,-0.2816,0.0621,1.0017,1.95,0.136
35.825,-0.2814,0.0621,1.0013,-0.2815,0.0621,1.0017,1.963,0.128
35.83,-0.2813,0.0622,1.0012,-0.2812,0.062,1.0015,1.976,0.12
35.835,-0.2812,0.0622,1.0011,-0.2814,0.0622,1.0015,1.988,0.112
35.84,-0.281,0.0623,1.001,-0.2811,0.0621,1.0014,2.001,0.105
35.845,-0.2809,0.0624,1.001,-0.2809,0.0622,1.0016,2.013,0.097
35.85,-0.2808,0.0624,1.0009,-0.2807,0.0624,1.0015,2.025,0.089
35.855,-0.2806,0.0625,1.0008,-0.2809,0.0624,1.0016,2.037,0.081
35.86,-0.2805,0.0625,1.0007,-0.2806,0.0625,1.0015,2.049,0.074
35.865,-0.2804,0.0626,1.0007,-0.2805,0.0626,1.0018,2.061,0.066
35.87,-0.2802,0.0626,1.0006,-0.2802,0.0626,1.0018,2.073,0.058
35.875,-0.2801,0.0627,1.0005,-0.2803,0.0628,1.0018,2.084,0.051
35.88,-0.28,0.0628,1.0004,-0.2803,0.0627,1.0018,2.096,0.044
35.885,-0.2799,0.0628,1.0004,-0.2801,0.0628,1.0016,2.107,0.036
35.89,-0.2798,0.0629,1.0003,-0.2798,0.0627,1.0014,2.119,0.029
35.895,-0.2796,0.0629,1.0002,-0.2797,0.0629,1.001,2.13,0.022
35.9,-0.2795,0.063,1.0002,-0.2795,0.0629,1.0009,2.141,0.015
35.905,-0.2794,0.0631,1.0001,-0.2793,0.0628,1.0008,2.151,0.008
35.91,-0.2793,0.0631,1.0,-0.2794,0.063,1.001,2.162,0.001
35.915,-0.2792,0.0632,0.9999,-0.2792,0.0631,1.001,2.173,0.005
35.92,-0.2791,0.0633,0.9999,-0.2788,0.0633,1.001,2.183,0.012
35.925,-0.279,0.0633,0.9998,-0.2791,0.0631,1.0009,2.194,0.018
35.93,-0.2789,0.0634,0.9998,-0.2787,0.0632,1.0011,2.204,0.024
35.935,-0.2788,0.0635,0.9997,-0.2789,0.0633,1.0011,2.214,0.03
35.94,-0.2786,0.0635,0.9996,-0.2787,0.0635,1.0012,2.224,0.036
35.945,-0.2785,0.0636,0.9996,-0.2784,0.0636,1.0008,2.234,0.042
35.95,-0.2784,0.0637,0.9995,-0.2786,0.0638,1.0008,2.243,0.047
35.955,-0.2783,0.0637,0.9995,-0.2784,0.0636,1.0007,2.253,0.052
35.96,-0.2782,0.0638,0.9994,-0.2783,0.0639,1.0002,2.262,0.058
35.965,-0.2781,0.0639,0.9994,-0.278,0.0638,1.0001,2.272,0.062
35.97,-0.2781,0.064,0.9993,-0.278,0.0638,1.0004,2.281,0.067
35.975,-0.278,0.064,0.9993,-0.2782,0.064,1.0003,2.29,0.071
35.98,-0.2779,0.0641,0.9992,-0.2779,0.0642,1.0002,2.299,0.075
35.985,-0.2778,0.0642,0.9992,-0.2778,0.0642,1.0001,2.308,0.079
35.99,-0.2777,0.0643,0.9992,-0.2778,0.0642,1.0,2.316,0.083
35.995,-0.2776,0.0643,0.9991,-0.2776,0.0644,0.9999,2.325,0.086
36.0,-0.2775,0.0644,0.9991,-0.2775,0.0644,0.9998,2.333,0.089
36.005,-0.2774,0.0645,0.9991,-0.2775,0.0644,0.9998,2.341,0.091
36.01,-0.2773,0.0646,0.9991,-0.2774,0.0647,0.9998,2.349,0.093
36.015,-0.2773,0.0646,0.999,-0.2774,0.0645,1.0002,2.357,0.095
36.02,-0.2772,0.0647,0.999,-0.2773,0.0646,1.0,2.365,0.096
36.025,-0.2771,0.0648,0.999,-0.2772,0.0647,0.9999,2.373,0.098
36.03,-0.277,0.0649,0.999,-0.2771,0.0648,0.9997,2.38,0.098
36.035,-0.277,0.065,0.999,-0.277,0.0649,0.9997,2.388,0.099
36.04,-0.2769,0.065,0.999,-0.2769,0.0649,0.9999,2.395,0.099
36.045,-0.2768,0.0651,0.999,-0.2769,0.0652,0.9998,2.402,0.099
36.05,-0.2767,0.0652,0.999,-0.2767,0.0653,0.9996,2.409,0.098
36.055,-0.2767,0.0653,0.999,-0.2767,0.0651,0.9996,2.416,0.098
36.06,-0.2766,0.0654,0.999,-0.2766,0.0654,1.0001,2.422,0.097
36.065,-0.2765,0.0654,0.999,-0.2765,0.0653,1.0002,2.429,0.095
36.07,-0.2765,0.0655,0.9991,-0.2767,0.0654,1.0001,2.435,0.094
36.075,-0.2764,0.0656,0.9991,-0.2764,0.0655,1.0,2.441,0.092
36.08,-0.2764,0.0657,0.9991,-0.2767,0.0657,0.9998,2.447,0.09
36.085,-0.2763,0.0658,0.9991,-0.2763,0.0658,0.9997,2.453,0.088
36.09,-0.2762,0.0659,0.9991,-0.2763,0.0659,0.9996,2.459,0.086
36.095,-0.2762,0.0659,0.9992,-0.2763,0.0658,0.9995,2.465,0.084
36.1,-0.2761,0.066,0.9992,-0.2761,0.0659,0.9995,2.47,0.081
36.105,-0.2761,0.0661,0.9992,-0.2762,0.0661,0.9994,2.476,0.078
36.11,-0.276,0.0662,0.9993,-0.2761,0.0662,0.9994,2.481,0.075
36.115,-0.276,0.0663,0.9993,-0.276,0.0661,0.9994,2.486,0.072
36.12,-0.276,0.0664,0.9993,-0.276,0.0663,0.9995,2.491,0.068
36.125,-0.2759,0.0665,0.9994,-0.2758,0.0664,0.9995,2.496,0.065
36.13,-0.2759,0.0666,0.9994,-0.2757,0.0665,0.9995,2.501,0.061
36.135,-0.2758,0.0666,0.9994,-0.2758,0.0667,0.9997,2.505,0.057
36.14,-0.2758,0.0667,0.9995,-0.2758,0.0668,0.9998,2.51,0.053
36.145,-0.2757,0.0668,0.9995,-0.2758,0.067,1.0,2.514,0.049
36.15,-0.2757,0.0669,0.9996,-0.2758,0.067,1.0002,2.518,0.045
36.155,-0.2757,0.067,0.9996,-0.2755,0.0668,1.0002,2.522,0.04
36.16,-0.2756,0.0671,0.9996,-0.2755,0.067,1.0002,2.526,0.036
36.165,-0.2756,0.0672,0.9997,-0.2756,0.0671,1.0003,2.53,0.032
36.17,-0.2756,0.0673,0.9997,-0.2757,0.0672,1.0004,2.533,0.027
36.175,-0.2756,0.0673,0.9998,-0.2757,0.0674,1.0003,2.537,0.023
36.18,-0.2755,0.0674,0.9998,-0.2757,0.0675,1.0003,2.54,0.018
36.185,-0.2755,0.0675,0.9999,-0.2756,0.0675,1.0003,2.544,0.014
36.19,-0.2755,0.0676,0.9999,-0.2755,0.0676,1.0002,2.547,0.01
36.195,-0.2755,0.0677,0.9999,-0.2756,0.0677,1.0001,2.55,0.006
36.2,-0.2754,0.0678,1.0,-0.2753,0.0677,1.0,2.553,0.002
36.205,-0.2754,0.0679,1.0,-0.2755,0.0678,1.0,2.555,0.002
36.21,-0.2754,0.068,1.0001,-0.2755,0.0677,1.0002,2.558,0.005
36.215,-0.2754,0.0681,1.0001,-0.2754,0.068,1.0004,2.561,0.009
36.22,-0.2754,0.0682,1.0001,-0.2756,0.0681,1.0003,2.563,0.012
36.225,-0.2754,0.0682,1.0002,-0.2753,0.0682,1.0004,2.565,0.016
36.23,-0.2754,0.0683,1.0002,-0.2754,0.0685,1.0006,2.568,0.019
36.235,-0.2753,0.0684,1.0002,-0.2754,0.0684,1.0006,2.57,0.022
36.24,-0.2753,0.0685,1.0002,-0.2755,0.0685,1.0005,2.572,0.025
36.245,-0.2753,0.0686,1.0003,-0.2753,0.0686,1.0004,2.573,0.027
36.25,-0.2753,0.0687,1.0003,-0.2753,0.0686,1.0003,2.575,0.03
36.255,-0.2753,0.0688,1.0003,-0.2752,0.0686,1.0004,2.577,0.032
36.26,-0.2753,0.0689,1.0003,-0.2752,0.0686,1.0005,2.578,0.034
36.265,-0.2753,0.069,1.0004,-0.2752,0.0687,1.0005,2.58,0.036
36.27,-0.2753,0.0691,1.0004,-0.2753,0.0688,1.0002,2.581,0.038
36.275,-0.2753,0.0692,1.0004,-0.2752,0.0689,0.9999,2.582,0.039
36.28,-0.2753,0.0692,1.0004,-0.2751,0.0692,1.0,2.583,0.041
36.285,-0.2753,0.0693,1.0004,-0.2753,0.0692,0.9999,2.584,0.042
36.29,-0.2753,0.0694,1.0004,-0.2754,0.0694,0.9998,2.585,0.043
36.295,-0.2753,0.0695,1.0004,-0.2754,0.0697,0.9998,2.586,0.044
36.3,-0.2754,0.0696,1.0005,-0.2754,0.0695,0.9997,2.587,0.045
36.305,-0.2754,0.0697,1.0005,-0.2755,0.0698,0.9996,2.587,0.046
36.31,-0.2754,0.0698,1.0005,-0.2755,0.0697,0.9996,2.588,0.047
36.315,-0.2754,0.0699,1.0005,-0.2754,0.0698,0.9999,2.588,0.048
36.32,-0.2754,0.07,1.0005,-0.2757,0.07,1.0,2.588,0.049
36.325,-0.2754,0.0701,1.0005,-0.2757,0.0699,0.9999,2.589,0.05
36.33,-0.2754,0.0701,1.0005,-0.2754,0.0699,1.0002,2.589,0.051
36.335,-0.2755,0.0702,1.0005,-0.2755,0.0702,1.0002,2.589,0.052
36.34,-0.2755,0.0703,1.0005,-0.2754,0.0701,1.0004,2.588,0.053
36.345,-0.2755,0.0704,1.0005,-0.2753,0.0704,1.0005,2.588,0.054
36.35,-0.2755,0.0705,1.0005,-0.2754,0.0704,1.0003,2.588,0.055
36.355,-0.2755,0.0706,1.0006,-0.2753,0.0704,1.0002,2.587,0.056
36.36,-0.2756,0.0707,1.0006,-0.2757,0.0708,1.0003,2.586,0.057
36.365,-0.2756,0.0708,1.0006,-0.2756,0.0707,1.0004,2.586,0.058
36.37,-0.2756,0.0708,1.0006,-0.2756,0.0709,1.0006,2.585,0.059
36.375,-0.2757,0.0709,1.0006,-0.2757,0.071,1.0007,2.584,0.06
36.38,-0.2757,0.071,1.0006,-0.2757,0.0709,1.0004,2.583,0.061
36.385,-0.2757,0.0711,1.0006,-0.2758,0.0709,1.0004,2.582,0.062
36.39,-0.2758,0.0712,1.0006,-0.2758,0.0712,1.0005,2.58,0.063
36.395,-0.2758,0.0713,1.0006,-0.2759,0.0712,1.0004,2.579,0.064
36.4,-0.2758,0.0714,1.0007,-0.276,0.0712,1.0004,2.577,0.065
36.405,-0.2759,0.0714,1.0007,-0.2758,0.0713,1.0003,2.576,0.066
36.41,-0.2759,0.0715,1.0007,-0.276,0.0715,1.0003,2.574,0.067
36.415,-0.2759,0.0716,1.0007,-0.2759,0.0717,1.0004,2.572,0.068
36.42,-0.276,0.0717,1.0007,-0.2761,0.0716,1.0007,2.57,0.069
36.425,-0.276,0.0718,1.0007,-0.276,0.0717,1.0008,2.568,0.07
36.43,-0.2761,0.0718,1.0007,-0.276,0.0718,1.0009,2.566,0.071
36.435,-0.2761,0.0719,1.0007,-0.2761,0.0717,1.0008,2.563,0.071
36.44,-0.2762,0.072,1.0007,-0.2761,0.072,1.0009,2.561,0.072
36.445,-0.2762,0.0721,1.0007,-0.2761,0.072,1.001,2.558,0.073
36.45,-0.2763,0.0722,1.0007,-0.2763,0.0722,1.0007,2.555,0.073
36.455,-0.2763,0.0722,1.0007,-0.2764,0.0723,1.0008,2.553,0.074
36.46,-0.2764,0.0723,1.0007,-0.2763,0.0722,1.0005,2.55,0.074
36.465,-0.2764,0.0724,1.0007,-0.2763,0.0724,1.0004,2.547,0.074
36.47,-0.2765,0.0725,1.0007,-0.2764,0.0726,1.0005,2.543,0.074
36.475,-0.2765,0.0726,1.0007,-0.2764,0.0727,1.0004,2.54,0.074
36.48,-0.2766,0.0726,1.0007,-0.2767,0.0728,1.0003,2.537,0.074
36.485,-0.2767,0.0727,1.0007,-0.2767,0.0726,1.0005,2.533,0.074
36.49,-0.2767,0.0728,1.0007,-0.2768,0.0729,1.0006,2.53,0.074
36.495,-0.2768,0.0729,1.0007,-0.2768,0.0728,1.0006,2.526,0.073
36.5,-0.2768,0.0729,1.0007,-0.2771,0.0728,1.0008,2.522,0.073
36.505,-0.2769,0.073,1.0007,-0.2771,0.0729,1.0009,2.518,0.073
36.51,-0.277,0.0731,1.0007,-0.277,0.0732,1.0008,2.514,0.072
36.515,-0.277,0.0731,1.0007,-0.277,0.0733,1.0006,2.51,0.071
36.52,-0.2771,0.0732,1.0007,-0.2771,0.0731,1.0004,2.506,0.071
36.525,-0.2772,0.0733,1.0007,-0.2772,0.0733,1.0006,2.502,0.07
36.53,-0.2773,0.0734,1.0007,-0.2773,0.0734,1.0007,2.497,0.069
36.535,-0.2773,0.0734,1.0007,-0.2773,0.0733,1.0009,2.492,0.069
36.54,-0.2774,0.0735,1.0007,-0.2772,0.0735,1.001,2.488,0.068
36.545,-0.2775,0.0736,1.0007,-0.2775,0.0736,1.001,2.483,0.067
36.55,-0.2776,0.0736,1.0007,-0.2775,0.0736,1.0008,2.478,0.067
36.555,-0.2776,0.0737,1.0007,-0.2776,0.0737,1.0007,2.473,0.066
36.56,-0.2777,0.0738,1.0007,-0.2778,0.0736,1.0006,2.468,0.066
36.565,-0.2778,0.0738,1.0007,-0.2777,0.0739,1.0006,2.463,0.065
36.57,-0.2779,0.0739,1.0006,-0.2777,0.0739,1.0006,2.457,0.065
36.575,-0.278,0.074,1.0006,-0.2779,0.0737,1.0006,2.452,0.065
36.58,-0.278,0.074,1.0006,-0.2782,0.0739,1.0007,2.446,0.064
36.585,-0.2781,0.0741,1.0006,-0.2781,0.0741,1.0006,2.441,0.064
36.59,-0.2782,0.0742,1.0006,-0.2781,0.0741,1.0003,2.435,0.064
36.595,-0.2783,0.0742,1.0006,-0.2783,0.0742,1.0003,2.429,0.064
36.6,-0.2784,0.0743,1.0006,-0.2785,0.074,1.0004,2.423,0.064
36.605,-0.2785,0.0743,1.0006,-0.2785,0.0743,1.0003,2.417,0.064
36.61,-0.2786,0.0744,1.0006,-0.2786,0.0743,1.0,2.411,0.064
36.615,-0.2787,0.0745,1.0006,-0.2789,0.0742,0.9999,2.405,0.065
36.62,-0.2788,0.0745,1.0006,-0.2791,0.0744,1.0001,2.398,0.065
36.625,-0.2789,0.0746,1.0007,-0.2789,0.0746,1.0002,2.392,0.065
36.63,-0.279,0.0746,1.0007,-0.279,0.0746,1.0002,2.385,0.066
36.635,-0.2791,0.0747,1.0007,-0.2791,0.0746,1.0002,2.379,0.067
36.64,-0.2792,0.0748,1.0007,-0.2791,0.0747,1.0001,2.372,0.067
36.645,-0.2793,0.0748,1.0007,-0.2791,0.0747,0.9997,2.365,0.068
36.65,-0.2794,0.0749,1.0007,-0.2792,0.0748,0.9998,2.358,0.069
36.655,-0.2795,0.0749,1.0007,-0.2794,0.0748,1.0,2.351,0.07
36.66,-0.2796,0.075,1.0007,-0.2794,0.0748,1.0,2.344,0.071
36.665,-0.2797,0.075,1.0007,-0.2795,0.075,0.9999,2.336,0.073
36.67,-0.2798,0.0751,1.0007,-0.2796,0.075,0.9999,2.329,0.074
36.675,-0.2799,0.0751,1.0008,-0.2798,0.0751,0.9999,2.321,0.075
36.68,-0.28,0.0752,1.0008,-0.2799,0.0751,0.9999,2.314,0.077
36.685,-0.2801,0.0752,1.0008,-0.2801,0.0752,1.0,2.306,0.079
36.69,-0.2802,0.0753,1.0008,-0.2802,0.0753,1.0,2.298,0.08
36.695,-0.2803,0.0753,1.0008,-0.2803,0.0753,1.0003,2.29,0.082
36.7,-0.2804,0.0753,1.0008,-0.2805,0.0754,1.0003,2.282,0.084
36.705,-0.2805,0.0754,1.0009,-0.2804,0.0753,1.0004,2.274,0.086
36.71,-0.2807,0.0754,1.0009,-0.2809,0.0753,1.0004,2.266,0.088
36.715,-0.2808,0.0755,1.0009,-0.2809,0.0753,1.0003,2.257,0.09
36.72,-0.2809,0.0755,1.0009,-0.2807,0.0754,1.0004,2.249,0.092
36.725,-0.281,0.0756,1.0009,-0.281,0.0755,1.0004,2.241,0.094
36.73,-0.2811,0.0756,1.001,-0.2812,0.0753,1.0002,2.232,0.095
36.735,-0.2812,0.0756,1.001,-0.2812,0.0756,1.0004,2.223,0.097
36.74,-0.2814,0.0757,1.001,-0.2813,0.0756,1.0004,2.215,0.098
36.745,-0.2815,0.0757,1.001,-0.2815,0.0756,1.0005,2.206,0.1
36.75,-0.2816,0.0757,1.001,-0.2815,0.0756,1.0004,2.197,0.101
36.755,-0.2817,0.0758,1.001,-0.2816,0.0757,1.0004,2.188,0.102
36.76,-0.2818,0.0758,1.001,-0.2817,0.0756,1.0004,2.179,0.103
36.765,-0.282,0.0758,1.001,-0.282,0.0758,1.0007,2.17,0.104
36.77,-0.2821,0.0759,1.001,-0.2821,0.0755,1.0009,2.16,0.105
36.775,-0.2822,0.0759,1.0011,-0.2823,0.0757,1.0011,2.151,0.105
36.78,-0.2823,0.0759,1.0011,-0.2821,0.076,1.001,2.142,0.106
36.785,-0.2825,0.0759,1.0011,-0.2823,0.0761,1.001,2.132,0.106
36.79,-0.2826,0.076,1.0011,-0.2824,0.076,1.0013,2.123,0.106
36.795,-0.2827,0.076,1.0011,-0.2826,0.0761,1.0014,2.113,0.106
36.8,-0.2828,0.076,1.0011,-0.2827,0.0761,1.0017,2.103,0.105
36.805,-0.283,0.076,1.001,-0.2828,0.0761,1.0014,2.093,0.105
36.81,-0.2831,0.0761,1.001,-0.2829,0.0761,1.0011,2.084,0.104
36.815,-0.2832,0.0761,1.001,-0.2832,0.0761,1.0011,2.074,0.102
36.82,-0.2834,0.0761,1.001,-0.2834,0.0761,1.001,2.064,0.101
36.825,-0.2835,0.0761,1.001,-0.2835,0.0761,1.0008,2.054,0.099
36.83,-0.2836,0.0761,1.001,-0.2837,0.0761,1.001,2.043,0.097
36.835,-0.2838,0.0761,1.0009,-0.2839,0.0762,1.0011,2.033,0.095
36.84,-0.2839,0.0762,1.0009,-0.284,0.0761,1.0009,2.023,0.092
36.845,-0.284,0.0762,1.0009,-0.2841,0.0763,1.0006,2.013,0.09
36.85,-0.2841,0.0762,1.0009,-0.2841,0.0762,1.0005,2.002,0.087
36.855,-0.2843,0.0762,1.0008,-0.2844,0.0761,1.0003,1.992,0.084
36.86,-0.2844,0.0762,1.0008,-0.2843,0.0762,1.0002,1.981,0.08
36.865,-0.2845,0.0762,1.0008,-0.2845,0.076,1.0003,1.971,0.077
36.87,-0.2847,0.0762,1.0007,-0.2846,0.0762,1.0002,1.96,0.073
36.875,-0.2848,0.0762,1.0007,-0.2847,0.0762,0.9997,1.949,0.07
36.88,-0.2849,0.0762,1.0007,-0.2849,0.076,0.9997,1.938,0.066
36.885,-0.2851,0.0762,1.0006,-0.2851,0.0763,0.9996,1.928,0.063
36.89,-0.2852,0.0762,1.0006,-0.285,0.0761,0.9993,1.917,0.059
36.895,-0.2854,0.0762,1.0006,-0.2854,0.0763,0.9993,1.906,0.056
36.9,-0.2855,0.0762,1.0005,-0.2854,0.0763,0.9994,1.895,0.052
36.905,-0.2856,0.0762,1.0005,-0.2856,0.0763,0.9992,1.883,0.049
36.91,-0.2858,0.0762,1.0005,-0.2857,0.0762,0.9992,1.872,0.046
36.915,-0.2859,0.0762,1.0004,-0.2861,0.0762,0.9992,1.861,0.043
36.92,-0.286,0.0762,1.0004,-0.2862,0.0764,0.9991,1.849,0.04
36.925,-0.2862,0.0762,1.0004,-0.2861,0.0762,0.9994,1.838,0.038
36.93,-0.2863,0.0762,1.0004,-0.2864,0.0762,0.9992,1.826,0.036
36.935,-0.2865,0.0762,1.0003,-0.2867,0.0763,0.9992,1.815,0.034
36.94,-0.2866,0.0762,1.0003,-0.2867,0.0765,0.9993,1.803,0.033
36.945,-0.2868,0.0762,1.0003,-0.2869,0.0764,0.9994,1.791,0.032
36.95,-0.2869,0.0762,1.0003,-0.287,0.0762,0.9996,1.779,0.031
36.955,-0.287,0.0762,1.0003,-0.2871,0.0763,0.9996,1.767,0.031
36.96,-0.2872,0.0762,1.0003,-0.2873,0.0759,0.9996,1.755,0.03
36.965,-0.2873,0.0761,1.0003,-0.2872,0.0762,0.9997,1.743,0.031
36.97,-0.2875,0.0761,1.0003,-0.2875,0.0762,0.9999,1.731,0.031
36.975,-0.2876,0.0761,1.0003,-0.2876,0.076,0.9996,1.718,0.032
36.98,-0.2878,0.0761,1.0003,-0.2878,0.0761,0.9996,1.706,0.032
36.985,-0.2879,0.0761,1.0003,-0.2879,0.0763,0.9999,1.694,0.033
36.99,-0.2881,0.0761,1.0003,-0.2881,0.0761,0.9998,1.681,0.035
36.995,-0.2882,0.0761,1.0004,-0.2881,0.076,0.9999,1.669,0.036
37.0,-0.2884,0.076,1.0004,-0.2884,0.0761,1.0001,1.656,0.038
37.005,-0.2885,0.076,1.0004,-0.2885,0.0761,1.0005,1.643,0.04
37.01,-0.2887,0.076,1.0004,-0.2887,0.0759,1.0003,1.631,0.042
37.015,-0.2888,0.076,1.0004,-0.2889,0.0759,1.0004,1.618,0.044
37.02,-0.289,0.076,1.0005,-0.2888,0.076,1.0003,1.605,0.046
37.025,-0.2892,0.0759,1.0005,-0.2892,0.0759,1.0005,1.592,0.048
37.03,-0.2893,0.0759,1.0005,-0.2891,0.0759,1.0007,1.579,0.05
37.035,-0.2895,0.0759,1.0005,-0.2892,0.0759,1.0006,1.566,0.053
37.04,-0.2896,0.0759,1.0005,-0.2895,0.0759,1.0007,1.553,0.055
37.045,-0.2898,0.0758,1.0006,-0.2897,0.0758,1.0005,1.54,0.057
37.05,-0.2899,0.0758,1.0006,-0.2897,0.0757,1.0004,1.527,0.059
37.055,-0.2901,0.0758,1.0006,-0.2901,0.0759,1.0001,1.514,0.062
37.06,-0.2902,0.0758,1.0006,-0.2902,0.0757,0.9999,1.501,0.064
37.065,-0.2904,0.0757,1.0007,-0.2906,0.0759,1.0,1.488,0.066
37.07,-0.2906,0.0757,1.0007,-0.2905,0.0757,1.0,1.475,0.068
37.075,-0.2907,0.0757,1.0007,-0.2907,0.0757,1.0001,1.461,0.07
37.08,-0.2909,0.0756,1.0007,-0.2908,0.0757,1.0001,1.448,0.072
37.085,-0.291,0.0756,1.0007,-0.2909,0.0757,1.0,1.435,0.075
37.09,-0.2912,0.0756,1.0008,-0.2911,0.0755,0.9998,1.422,0.077
37.095,-0.2914,0.0755,1.0008,-0.2913,0.0754,0.9997,1.409,0.079
37.1,-0.2915,0.0755,1.0008,-0.2915,0.0754,0.9998,1.395,0.082
37.105,-0.2917,0.0755,1.0008,-0.2915,0.0754,0.9998,1.382,0.084
37.11,-0.2918,0.0754,1.0009,-0.2918,0.0754,0.9997,1.369,0.087
37.115,-0.292,0.0754,1.0009,-0.2918,0.0754,0.9995,1.356,0.09
37.12,-0.2922,0.0754,1.0009,-0.292,0.0753,0.9994,1.343,0.092
37.125,-0.2923,0.0753,1.001,-0.2922,0.0754,0.9996,1.329,0.095
37.13,-0.2925,0.0753,1.001,-0.2925,0.0754,0.9996,1.316,0.098
37.135,-0.2926,0.0752,1.001,-0.2927,0.0752,0.9998,1.303,0.102
37.14,-0.2928,0.0752,1.0011,-0.2928,0.0752,1.0,1.29,0.105
37.145,-0.293,0.0752,1.0011,-0.2931,0.0752,1.0002,1.277,0.109
37.15,-0.2931,0.0751,1.0011,-0.2932,0.0751,1.0,1.264,0.112
37.155,-0.2933,0.0751,1.0012,-0.2932,0.0752,0.9998,1.251,0.116
37.16,-0.2935,0.075,1.0012,-0.2934,0.075,0.9996,1.238,0.12
37.165,-0.2936,0.075,1.0012,-0.2936,0.0751,0.9995,1.224,0.124
37.17,-0.2938,0.075,1.0013,-0.2938,0.0751,0.9991,1.212,0.129
37.175,-0.2939,0.0749,1.0013,-0.2938,0.0749,0.9992,1.199,0.133
37.18,-0.2941,0.0749,1.0014,-0.2941,0.075,0.9996,1.186,0.138
37.185,-0.2943,0.0748,1.0014,-0.2943,0.0748,0.9995,1.173,0.142
37.19,-0.2944,0.0748,1.0015,-0.2943,0.0748,0.9996,1.16,0.147
37.195,-0.2946,0.0747,1.0015,-0.2946,0.0747,0.9996,1.147,0.152
37.2,-0.2948,0.0747,1.0016,-0.2948,0.0746,0.9996,1.134,0.158
37.205,-0.2949,0.0746,1.0016,-0.2949,0.0748,0.9996,1.122,0.163
37.21,-0.2951,0.0746,1.0017,-0.2952,0.0747,0.9996,1.109,0.169
37.215,-0.2953,0.0746,1.0017,-0.2952,0.0746,0.9994,1.096,0.174
37.22,-0.2954,0.0745,1.0018,-0.2954,0.0747,0.9994,1.084,0.18
37.225,-0.2956,0.0745,1.0019,-0.2955,0.0743,0.9995,1.072,0.186
37.23,-0.2958,0.0744,1.0019,-0.2958,0.0745,0.9992,1.059,0.192
37.235,-0.2959,0.0744,1.002,-0.2958,0.0744,0.9993,1.047,0.199
37.24,-0.2961,0.0743,1.0021,-0.2959,0.0745,0.9992,1.035,0.205
37.245,-0.2963,0.0743,1.0021,-0.2962,0.0744,0.9992,1.023,0.211
37.25,-0.2964,0.0742,1.0022,-0.2964,0.0742,0.9991,1.011,0.218
37.255,-0.2966,0.0742,1.0022,-0.2965,0.0741,0.9994,0.999,0.225
37.26,-0.2967,0.0741,1.0023,-0.2966,0.074,0.9994,0.987,0.232
37.265,-0.2969,0.074,1.0024,-0.2969,0.0741,0.9994,0.976,0.238
37.27,-0.2971,0.074,1.0025,-0.297,0.074,0.9993,0.964,0.245
37.275,-0.2972,0.0739,1.0025,-0.2972,0.074,0.9994,0.953,0.253
37.28,-0.2974,0.0739,1.0026,-0.2974,0.0739,0.9994,0.942,0.26
37.285,-0.2976,0.0738,1.0027,-0.2975,0.0738,0.9993,0.93,0.267
37.29,-0.2977,0.0738,1.0027,-0.2976,0.0739,0.9992,0.92,0.274
37.295,-0.2979,0.0737,1.0028,-0.298,0.0737,0.9995,0.909,0.282
37.3,-0.2981,0.0737,1.0029,-0.2981,0.0736,0.9998,0.898,0.289
37.305,-0.2982,0.0736,1.003,-0.2983,0.0737,1.0,0.888,0.297
37.31,-0.2984,0.0735,1.003,-0.2983,0.0735,1.0003,0.878,0.304
37.315,-0.2986,0.0735,1.0031,-0.2985,0.0733,1.0006,0.868,0.312
37.32,-0.2987,0.0734,1.0032,-0.2986,0.0736,1.0008,0.858,0.32
37.325,-0.2989,0.0734,1.0033,-0.299,0.0735,1.0009,0.848,0.327
37.33,-0.2991,0.0733,1.0033,-0.299,0.0734,1.0009,0.839,0.335
37.335,-0.2992,0.0733,1.0034,-0.2992,0.0733,1.0007,0.83,0.342
37.34,-0.2994,0.0732,1.0035,-0.2994,0.0732,1.001,0.821,0.35
37.345,-0.2996,0.0731,1.0036,-0.2995,0.0731,1.001,0.813,0.357
37.35,-0.2997,0.0731,1.0036,-0.2997,0.0734,1.0011,0.804,0.364
37.355,-0.2999,0.073,1.0037,-0.3,0.073,1.0013,0.796,0.371
37.36,-0.3001,0.073,1.0038,-0.3,0.0729,1.0014,0.788,0.377
37.365,-0.3002,0.0729,1.0038,-0.3002,0.0731,1.0016,0.781,0.383
37.37,-0.3004,0.0728,1.0039,-0.3004,0.0728,1.0016,0.774,0.389
37.375,-0.3006,0.0728,1.0039,-0.3006,0.0728,1.0018,0.767,0.395
37.38,-0.3007,0.0727,1.004,-0.3006,0.0728,1.0021,0.76,0.4
37.385,-0.3009,0.0726,1.004,-0.3009,0.0726,1.0021,0.754,0.405
37.39,-0.3011,0.0726,1.0041,-0.3011,0.0725,1.0023,0.748,0.409
37.395,-0.3012,0.0725,1.0041,-0.3012,0.0725,1.0024,0.742,0.413
37.4,-0.3014,0.0725,1.0042,-0.3014,0.0724,1.0025,0.737,0.417
37.405,-0.3015,0.0724,1.0042,-0.3014,0.0724,1.0025,0.732,0.42
37.41,-0.3017,0.0723,1.0042,-0.3015,0.0725,1.0026,0.727,0.422
37.415,-0.3019,0.0723,1.0042,-0.302,0.0723,1.0028,0.723,0.424
37.42,-0.302,0.0722,1.0043,-0.3018,0.0723,1.0029,0.719,0.425
37.425,-0.3022,0.0721,1.0043,-0.302,0.0721,1.0028,0.715,0.426
37.43,-0.3023,0.0721,1.0043,-0.3023,0.0721,1.003,0.712,0.427
37.435,-0.3025,0.072,1.0043,-0.3023,0.0721,1.003,0.709,0.426
37.44,-0.3027,0.0719,1.0043,-0.3028,0.072,1.0031,0.706,0.425
37.445,-0.3028,0.0719,1.0042,-0.3027,0.0719,1.0032,0.704,0.424
37.45,-0.303,0.0718,1.0042,-0.3029,0.0718,1.0032,0.702,0.422
37.455,-0.3031,0.0717,1.0042,-0.3032,0.0717,1.0036,0.701,0.419
37.46,-0.3033,0.0717,1.0042,-0.3031,0.0716,1.0035,0.7,0.416
37.465,-0.3034,0.0716,1.0041,-0.3033,0.0716,1.0036,0.699,0.412
37.47,-0.3036,0.0715,1.0041,-0.3035,0.0714,1.0037,0.698,0.408
37.475,-0.3037,0.0715,1.004,-0.3036,0.0715,1.0037,0.698,0.403
37.48,-0.3039,0.0714,1.004,-0.3037,0.0712,1.0038,0.699,0.398
37.485,-0.304,0.0713,1.0039,-0.3039,0.0712,1.0038,0.699,0.392
37.49,-0.3042,0.0713,1.0039,-0.304,0.0711,1.0037,0.7,0.386
37.495,-0.3043,0.0712,1.0038,-0.3043,0.0711,1.0039,0.701,0.379
37.5,-0.3045,0.0711,1.0037,-0.3043,0.0712,1.0037,0.703,0.372
37.505,-0.3046,0.071,1.0036,-0.3045,0.0711,1.0035,0.705,0.364
37.51,-0.3048,0.071,1.0036,-0.3047,0.071,1.0033,0.707,0.355
37.515,-0.3049,0.0709,1.0035,-0.3047,0.0709,1.0035,0.71,0.347
37.52,-0.3051,0.0708,1.0034,-0.3051,0.0709,1.0033,0.712,0.338
37.525,-0.3052,0.0708,1.0033,-0.3052,0.0709,1.0031,0.715,0.328
37.53,-0.3054,0.0707,1.0032,-0.3053,0.0706,1.0032,0.719,0.319
37.535,-0.3055,0.0706,1.0031,-0.3056,0.0707,1.0031,0.722,0.309
37.54,-0.3056,0.0705,1.003,-0.3056,0.0704,1.0031,0.726,0.299
37.545,-0.3058,0.0705,1.0029,-0.3058,0.0705,1.0031,0.73,0.289
37.55,-0.3059,0.0704,1.0028,-0.3056,0.0705,1.0034,0.734,0.278
37.555,-0.3061,0.0703,1.0027,-0.3059,0.0705,1.0032,0.739,0.268
37.56,-0.3062,0.0703,1.0026,-0.3061,0.0703,1.0031,0.744,0.257
37.565,-0.3063,0.0702,1.0025,-0.3062,0.0703,1.0028,0.749,0.246
37.57,-0.3065,0.0701,1.0024,-0.3065,0.07,1.0025,0.754,0.235
37.575,-0.3066,0.07,1.0022,-0.3066,0.07,1.0025,0.759,0.224
37.58,-0.3067,0.07,1.0021,-0.3068,0.07,1.0023,0.765,0.213
37.585,-0.3069,0.0699,1.002,-0.3069,0.0701,1.0024,0.771,0.203
37.59,-0.307,0.0698,1.0019,-0.3071,0.0698,1.0021,0.776,0.192
37.595,-0.3071,0.0697,1.0018,-0.3073,0.0697,1.0022,0.782,0.181
37.6,-0.3073,0.0697,1.0017,-0.3075,0.0696,1.0019,0.789,0.171
37.605,-0.3074,0.0696,1.0016,-0.3076,0.0695,1.0019,0.795,0.161
37.61,-0.3075,0.0695,1.0015,-0.3076,0.0694,1.0017,0.802,0.151
37.615,-0.3077,0.0694,1.0014,-0.3078,0.0694,1.0014,0.808,0.141
37.62,-0.3078,0.0694,1.0013,-0.3081,0.0692,1.0013,0.815,0.132
37.625,-0.3079,0.0693,1.0012,-0.3079,0.0693,1.0012,0.822,0.123
37.63,-0.308,0.0692,1.0011,-0.3081,0.0692,1.0009,0.829,0.114
37.635,-0.3082,0.0691,1.0011,-0.3083,0.0691,1.0009,0.836,0.106
37.64,-0.3083,0.0691,1.001,-0.3083,0.0692,1.0008,0.843,0.098
37.645,-0.3084,0.069,1.0009,-0.3085,0.0691,1.0009,0.851,0.09
37.65,-0.3085,0.0689,1.0008,-0.3084,0.0689,1.0008,0.858,0.083
37.655,-0.3086,0.0688,1.0008,-0.3086,0.0691,1.0007,0.866,0.077
37.66,-0.3088,0.0688,1.0007,-0.3086,0.069,1.0007,0.873,0.071
37.665,-0.3089,0.0687,1.0007,-0.3088,0.0688,1.0007,0.881,0.065
37.67,-0.309,0.0686,1.0006,-0.3089,0.0688,1.0005,0.889,0.06
37.675,-0.3091,0.0685,1.0006,-0.3091,0.0687,1.0005,0.897,0.056
37.68,-0.3092,0.0684,1.0005,-0.3092,0.0685,1.0006,0.905,0.052
37.685,-0.3094,0.0684,1.0005,-0.3093,0.0684,1.0005,0.913,0.048
37.69,-0.3095,0.0683,1.0005,-0.3093,0.0682,1.0003,0.921,0.045
37.695,-0.3096,0.0682,1.0004,-0.3097,0.0681,1.0004,0.93,0.042
37.7,-0.3097,0.0681,1.0004,-0.3097,0.0681,1.0002,0.938,0.04
37.705,-0.3098,0.0681,1.0004,-0.3098,0.068,0.9998,0.946,0.039
37.71,-0.3099,0.068,1.0004,-0.3099,0.068,0.9995,0.955,0.037
37.715,-0.31,0.0679,1.0004,-0.3101,0.0679,0.9997,0.963,0.037
37.72,-0.3102,0.0678,1.0004,-0.31,0.0677,0.9997,0.972,0.036
37.725,-0.3103,0.0678,1.0004,-0.3102,0.0677,0.9995,0.98,0.036
37.73,-0.3104,0.0677,1.0004,-0.3103,0.0677,0.9994,0.989,0.037
37.735,-0.3105,0.0676,1.0004,-0.3103,0.0674,0.9994,0.997,0.038
37.74,-0.3106,0.0675,1.0004,-0.3106,0.0675,0.9995,1.006,0.039
37.745,-0.3107,0.0675,1.0004,-0.3107,0.0674,0.9993,1.014,0.041
37.75,-0.3108,0.0674,1.0004,-0.311,0.0673,0.9993,1.023,0.043
37.755,-0.3109,0.0673,1.0005,-0.3109,0.0673,0.9991,1.032,0.045
37.76,-0.311,0.0672,1.0005,-0.3111,0.0675,0.9991,1.04,0.048
37.765,-0.3111,0.0671,1.0005,-0.3111,0.0672,0.9991,1.049,0.051
37.77,-0.3112,0.0671,1.0005,-0.3113,0.0672,0.9992,1.057,0.054
37.775,-0.3113,0.067,1.0006,-0.3115,0.0671,0.9995,1.066,0.058
37.78,-0.3114,0.0669,1.0006,-0.3114,0.0672,0.9996,1.074,0.062
37.785,-0.3115,0.0668,1.0007,-0.3114,0.0669,0.9998,1.083,0.066
37.79,-0.3116,0.0668,1.0007,-0.3117,0.0668,0.9998,1.092,0.071
37.795,-0.3117,0.0667,1.0008,-0.3118,0.0669,1.0,1.1,0.076
37.8,-0.3118,0.0666,1.0008,-0.3119,0.0668,1.0002,1.109,0.08
37.805,-0.3119,0.0665,1.0009,-0.3118,0.0667,1.0002,1.117,0.085
37.81,-0.312,0.0665,1.0009,-0.3118,0.0665,1.0002,1.126,0.09
37.815,-0.3121,0.0664,1.001,-0.3119,0.0664,1.0001,1.134,0.096
37.82,-0.3122,0.0663,1.001,-0.3121,0.0662,1.0004,1.142,0.101
37.825,-0.3123,0.0662,1.0011,-0.3122,0.0663,1.0007,1.151,0.106
37.83,-0.3124,0.0662,1.0011,-0.3121,0.0661,1.001,1.159,0.111
37.835,-0.3125,0.0661,1.0012,-0.3123,0.0659,1.0009,1.167,0.116
37.84,-0.3126,0.066,1.0012,-0.3125,0.0658,1.0008,1.176,0.121
37.845,-0.3126,0.0659,1.0013,-0.3126,0.0659,1.0007,1.184,0.125
37.85,-0.3127,0.0659,1.0013,-0.3127,0.0659,1.0009,1.192,0.13
37.855,-0.3128,0.0658,1.0013,-0.3129,0.0659,1.0011,1.2,0.134
37.86,-0.3129,0.0657,1.0014,-0.313,0.0657,1.0013,1.208,0.138
37.865,-0.313,0.0656,1.0014,-0.3131,0.0657,1.0014,1.216,0.141
37.87,-0.3131,0.0656,1.0014,-0.3134,0.0655,1.0015,1.223,0.144
37.875,-0.3131,0.0655,1.0015,-0.3132,0.0656,1.0012,1.231,0.147
37.88,-0.3132,0.0654,1.0015,-0.3132,0.0655,1.0011,1.239,0.15
37.885,-0.3133,0.0653,1.0015,-0.3132,0.0654,1.0013,1.246,0.152
37.89,-0.3134,0.0653,1.0015,-0.3135,0.0653,1.0012,1.254,0.154
37.895,-0.3134,0.0652,1.0015,-0.3135,0.0653,1.0014,1.261,0.155
37.9,-0.3135,0.0651,1.0016,-0.3134,0.065,1.0017,1.269,0.156
37.905,-0.3136,0.065,1.0016,-0.3135,0.0649,1.0017,1.276,0.156
37.91,-0.3137,0.065,1.0016,-0.3137,0.0651,1.0016,1.283,0.156
37.915,-0.3137,0.0649,1.0016,-0.3135,0.0647,1.0019,1.29,0.156
37.92,-0.3138,0.0648,1.0016,-0.3137,0.0648,1.0017,1.297,0.155
37.925,-0.3139,0.0647,1.0015,-0.3137,0.0647,1.0017,1.304,0.154
37.93,-0.3139,0.0647,1.0015,-0.314,0.0646,1.0017,1.311,0.153
37.935,-0.314,0.0646,1.0015,-0.314,0.0645,1.0017,1.318,0.15
37.94,-0.3141,0.0645,1.0015,-0.3139,0.0643,1.0017,1.325,0.148
37.945,-0.3141,0.0644,1.0015,-0.314,0.0646,1.0017,1.332,0.145
37.95,-0.3142,0.0643,1.0014,-0.3143,0.0645,1.0017,1.338,0.142
37.955,-0.3143,0.0643,1.0014,-0.3141,0.0643,1.0018,1.345,0.138
37.96,-0.3143,0.0642,1.0013,-0.3142,0.0642,1.0019,1.351,0.134
37.965,-0.3144,0.0641,1.0013,-0.3145,0.0644,1.0019,1.358,0.13
37.97,-0.3144,0.064,1.0013,-0.3144,0.0642,1.002,1.364,0.125
37.975,-0.3145,0.064,1.0012,-0.3144,0.064,1.0018,1.37,0.12
37.98,-0.3145,0.0639,1.0012,-0.3146,0.0639,1.0018,1.376,0.115
37.985,-0.3146,0.0638,1.0011,-0.3146,0.0639,1.0018,1.382,0.11
37.99,-0.3146,0.0637,1.001,-0.3144,0.064,1.0018,1.388,0.104
37.995,-0.3147,0.0637,1.001,-0.3148,0.064,1.0016,1.394,0.098
38.0,-0.3147,0.0636,1.0009,-0.3147,0.0636,1.0015,1.4,0.092
38.005,-0.3148,0.0635,1.0009,-0.3148,0.0635,1.0017,1.405,0.086
38.01,-0.3148,0.0634,1.0008,-0.3148,0.0635,1.0015,1.411,0.079
38.015,-0.3149,0.0634,1.0007,-0.3148,0.0634,1.0015,1.416,0.073
38.02,-0.3149,0.0633,1.0007,-0.3148,0.0631,1.0015,1.422,0.066
38.025,-0.315,0.0632,1.0006,-0.3148,0.063,1.0015,1.427,0.059
38.03,-0.315,0.0631,1.0005,-0.315,0.063,1.0017,1.432,0.053
38.035,-0.3151,0.063,1.0005,-0.3151,0.0629,1.0016,1.438,0.046
38.04,-0.3151,0.063,1.0004,-0.3151,0.0629,1.0016,1.443,0.039
38.045,-0.3151,0.0629,1.0003,-0.3153,0.0629,1.0016,1.448,0.032
38.05,-0.3152,0.0628,1.0003,-0.3152,0.0629,1.0014,1.453,0.025
38.055,-0.3152,0.0627,1.0002,-0.315,0.0628,1.0014,1.458,0.018
38.06,-0.3152,0.0627,1.0001,-0.3153,0.0627,1.0013,1.463,0.011
38.065,-0.3153,0.0626,1.0,-0.3152,0.0629,1.0012,1.467,0.005
38.07,-0.3153,0.0625,1.0,-0.3155,0.0626,1.0011,1.472,0.002
38.075,-0.3154,0.0624,0.9999,-0.3153,0.0626,1.0011,1.477,0.009
38.08,-0.3154,0.0624,0.9998,-0.3154,0.0624,1.001,1.481,0.015
38.085,-0.3154,0.0623,0.9998,-0.3154,0.0624,1.0009,1.486,0.022
38.09,-0.3154,0.0622,0.9997,-0.3154,0.0623,1.0009,1.49,0.028
38.095,-0.3155,0.0621,0.9997,-0.3155,0.0622,1.0007,1.495,0.034
38.1,-0.3155,0.062,0.9996,-0.3155,0.0621,1.0008,1.499,0.04
38.105,-0.3155,0.062,0.9995,-0.3154,0.062,1.0005,1.503,0.046
38.11,-0.3156,0.0619,0.9995,-0.3157,0.0618,1.0003,1.508,0.052
38.115,-0.3156,0.0618,0.9994,-0.3154,0.0618,1.0,1.512,0.058
38.12,-0.3156,0.0617,0.9994,-0.3154,0.0618,0.9998,1.516,0.063
38.125,-0.3156,0.0617,0.9993,-0.3158,0.0616,0.9999,1.52,0.068
38.13,-0.3157,0.0616,0.9993,-0.3157,0.0617,1.0,1.524,0.073
38.135,-0.3157,0.0615,0.9992,-0.3155,0.0614,0.9999,1.528,0.078
38.14,-0.3157,0.0614,0.9992,-0.3154,0.0614,0.9998,1.532,0.082
38.145,-0.3157,0.0613,0.9991,-0.3157,0.0614,0.9996,1.535,0.086
38.15,-0.3157,0.0613,0.9991,-0.3156,0.0612,0.9997,1.539,0.09
38.155,-0.3158,0.0612,0.9991,-0.3157,0.0612,0.9995,1.543,0.093
38.16,-0.3158,0.0611,0.999,-0.3155,0.0611,0.9994,1.546,0.096
38.165,-0.3158,0.061,0.999,-0.3158,0.0611,0.9991,1.55,0.099
38.17,-0.3158,0.061,0.999,-0.3157,0.061,0.9992,1.553,0.101
38.175,-0.3158,0.0609,0.999,-0.3158,0.0609,0.999,1.556,0.103
38.18,-0.3158,0.0608,0.999,-0.3159,0.061,0.999,1.56,0.105
38.185,-0.3158,0.0607,0.9989,-0.3159,0.0608,0.9991,1.563,0.106
38.19,-0.3158,0.0607,0.9989,-0.3159,0.0607,0.9993,1.566,0.107
38.195,-0.3159,0.0606,0.9989,-0.3159,0.0608,0.9992,1.569,0.107
38.2,-0.3159,0.0605,0.9989,-0.3159,0.0606,0.9992,1.572,0.107
38.205,-0.3159,0.0604,0.9989,-0.3159,0.0606,0.999,1.574,0.107
38.21,-0.3159,0.0604,0.9989,-0.316,0.0606,0.9988,1.577,0.106
38.215,-0.3159,0.0603,0.999,-0.3159,0.0604,0.9988,1.58,0.105
38.22,-0.3159,0.0602,0.999,-0.3161,0.0603,0.999,1.582,0.103
38.225,-0.3159,0.0601,0.999,-0.3162,0.0603,0.9992,1.585,0.101
38.23,-0.3159,0.0601,0.999,-0.3159,0.0602,0.9992,1.587,0.099
38.235,-0.3159,0.06,0.999,-0.3159,0.0601,0.999,1.59,0.097
38.24,-0.3159,0.0599,0.9991,-0.3158,0.0599,0.999,1.592,0.094
38.245,-0.3159,0.0598,0.9991,-0.3159,0.0598,0.9989,1.594,0.09
38.25,-0.3159,0.0598,0.9991,-0.3159,0.0597,0.999,1.596,0.087
38.255,-0.3159,0.0597,0.9992,-0.3158,0.0597,0.9989,1.598,0.083
38.26,-0.3159,0.0596,0.9992,-0.3158,0.0596,0.9989,1.6,0.078
38.265,-0.3159,0.0596,0.9993,-0.316,0.0594,0.9988,1.602,0.074
38.27,-0.3159,0.0595,0.9993,-0.316,0.0594,0.9986,1.604,0.069
38.275,-0.3158,0.0594,0.9994,-0.3158,0.0595,0.9986,1.606,0.064
38.28,-0.3158,0.0593,0.9994,-0.3158,0.0597,0.9985,1.608,0.059
38.285,-0.3158,0.0593,0.9995,-0.3159,0.0595,0.9984,1.609,0.053
38.29,-0.3158,0.0592,0.9995,-0.3159,0.0592,0.9987,1.611,0.047
38.295,-0.3158,0.0591,0.9996,-0.3159,0.0593,0.9989,1.613,0.041
38.3,-0.3158,0.0591,0.9996,-0.3159,0.0591,0.999,1.614,0.035
38.305,-0.3158,0.059,0.9997,-0.3158,0.059,0.9988,1.615,0.029
38.31,-0.3158,0.0589,0.9998,-0.316,0.059,0.9987,1.617,0.022
38.315,-0.3158,0.0589,0.9998,-0.3159,0.0588,0.9988,1.618,0.015
38.32,-0.3157,0.0588,0.9999,-0.3159,0.0589,0.9989,1.619,0.009
38.325,-0.3157,0.0587,1.0,-0.3158,0.0587,0.999,1.62,0.002
38.33,-0.3157,0.0587,1.0001,-0.3157,0.0588,0.999,1.621,0.005
38.335,-0.3157,0.0586,1.0001,-0.3157,0.0586,0.9989,1.622,0.013
38.34,-0.3157,0.0585,1.0002,-0.3157,0.0585,0.9989,1.623,0.02
38.345,-0.3156,0.0585,1.0003,-0.3157,0.0587,0.9987,1.624,0.027
38.35,-0.3156,0.0584,1.0003,-0.3154,0.0587,0.9989,1.625,0.034
38.355,-0.3156,0.0583,1.0004,-0.3155,0.0586,0.9991,1.626,0.041
38.36,-0.3156,0.0583,1.0005,-0.3156,0.0586,0.9991,1.627,0.048
38.365,-0.3156,0.0582,1.0006,-0.3155,0.0583,0.999,1.627,0.055
38.37,-0.3155,0.0581,1.0006,-0.3155,0.0583,0.9992,1.628,0.062
38.375,-0.3155,0.0581,1.0007,-0.3155,0.0581,0.9993,1.628,0.069
38.38,-0.3155,0.058,1.0008,-0.3155,0.058,0.9995,1.629,0.076
38.385,-0.3155,0.058,1.0008,-0.3154,0.0579,0.9997,1.629,0.082
38.39,-0.3154,0.0579,1.0009,-0.3155,0.0579,0.9998,1.629,0.089
38.395,-0.3154,0.0578,1.0009,-0.3154,0.0577,1.0,1.629,0.095
38.4,-0.3154,0.0578,1.001,-0.3152,0.0579,1.0001,1.629,0.101
38.405,-0.3153,0.0577,1.0011,-0.3154,0.0576,1.0003,1.629,0.106
38.41,-0.3153,0.0577,1.0011,-0.3153,0.0577,1.0002,1.629,0.112
38.415,-0.3153,0.0576,1.0012,-0.3151,0.0577,1.0004,1.629,0.117
38.42,-0.3153,0.0576,1.0012,-0.3152,0.0574,1.0003,1.628,0.122
38.425,-0.3152,0.0575,1.0013,-0.3151,0.0573,1.0006,1.628,0.126
38.43,-0.3152,0.0574,1.0013,-0.315,0.0574,1.0006,1.627,0.13
38.435,-0.3151,0.0574,1.0013,-0.315,0.0574,1.0005,1.626,0.134
38.44,-0.3151,0.0573,1.0014,-0.3152,0.0575,1.0007,1.626,0.137
38.445,-0.3151,0.0573,1.0014,-0.3151,0.0575,1.001,1.625,0.14
38.45,-0.315,0.0572,1.0014,-0.3149,0.0573,1.0011,1.624,0.142
38.455,-0.315,0.0572,1.0014,-0.3148,0.0574,1.001,1.623,0.144
38.46,-0.3149,0.0571,1.0014,-0.315,0.0571,1.0011,1.621,0.145
38.465,-0.3149,0.0571,1.0015,-0.3151,0.0572,1.0016,1.62,0.146
38.47,-0.3149,0.057,1.0015,-0.3149,0.0571,1.0015,1.618,0.146
38.475,-0.3148,0.057,1.0015,-0.3149,0.0572,1.0016,1.617,0.146
38.48,-0.3148,0.0569,1.0015,-0.3149,0.057,1.0019,1.615,0.145
38.485,-0.3147,0.0569,1.0014,-0.3149,0.0568,1.002,1.613,0.144
38.49,-0.3147,0.0568,1.0014,-0.3145,0.0569,1.0019,1.611,0.142
38.495,-0.3146,0.0568,1.0014,-0.3146,0.0568,1.0019,1.609,0.14
38.5,-0.3146,0.0568,1.0014,-0.3145,0.057,1.0017,1.607,0.137
38.505,-0.3145,0.0567,1.0013,-0.3144,0.0568,1.0016,1.605,0.134
38.51,-0.3145,0.0567,1.0013,-0.3145,0.0568,1.0013,1.602,0.13
38.515,-0.3144,0.0566,1.0013,-0.3142,0.0567,1.0009,1.6,0.126
38.52,-0.3143,0.0566,1.0012,-0.3143,0.0566,1.001,1.597,0.121
38.525,-0.3143,0.0565,1.0012,-0.3141,0.0567,1.001,1.595,0.116
38.53,-0.3142,0.0565,1.0011,-0.3142,0.0566,1.001,1.592,0.111
38.535,-0.3142,0.0565,1.001,-0.3142,0.0566,1.001,1.589,0.105
38.54,-0.3141,0.0564,1.001,-0.3141,0.0564,1.0013,1.586,0.099
38.545,-0.314,0.0564,1.0009,-0.3141,0.0565,1.001,1.582,0.093
38.55,-0.314,0.0564,1.0009,-0.3141,0.0565,1.0012,1.579,0.086
38.555,-0.3139,0.0563,1.0008,-0.3141,0.0562,1.0012,1.576,0.08
38.56,-0.3138,0.0563,1.0007,-0.3141,0.0562,1.0012,1.572,0.073
38.565,-0.3138,0.0562,1.0007,-0.314,0.0563,1.0012,1.568,0.066
38.57,-0.3137,0.0562,1.0006,-0.3139,0.0562,1.001,1.565,0.059
38.575,-0.3136,0.0562,1.0005,-0.3138,0.0563,1.0009,1.561,0.052
38.58,-0.3136,0.0562,1.0005,-0.3137,0.0564,1.0008,1.557,0.045
38.585,-0.3135,0.0561,1.0004,-0.3137,0.0563,1.0007,1.553,0.038
38.59,-0.3134,0.0561,1.0003,-0.3134,0.0561,1.0007,1.549,0.031
38.595,-0.3133,0.0561,1.0002,-0.3136,0.0561,1.0009,1.545,0.024
38.6,-0.3133,0.056,1.0002,-0.3133,0.056,1.0006,1.54,0.017
38.605,-0.3132,0.056,1.0001,-0.3133,0.0562,1.0005,1.536,0.01
38.61,-0.3131,0.056,1.0,-0.3133,0.056,1.0005,1.531,0.003
38.615,-0.313,0.0559,1.0,-0.3132,0.0559,1.0004,1.527,0.003
38.62,-0.313,0.0559,0.9999,-0.3131,0.0561,1.0001,1.522,0.01
38.625,-0.3129,0.0559,0.9998,-0.313,0.0558,0.9999,1.518,0.016
38.63,-0.3128,0.0559,0.9998,-0.3129,0.056,0.9999,1.513,0.022
38.635,-0.3127,0.0559,0.9997,-0.3127,0.0557,0.9997,1.508,0.027
38.64,-0.3127,0.0558,0.9997,-0.3127,0.0559,0.9998,1.503,0.033
38.645,-0.3126,0.0558,0.9996,-0.3127,0.0558,0.9997,1.498,0.038
38.65,-0.3125,0.0558,0.9996,-0.3125,0.0557,0.9997,1.493,0.043
38.655,-0.3124,0.0558,0.9995,-0.3125,0.0557,0.9997,1.488,0.047
38.66,-0.3123,0.0558,0.9995,-0.3123,0.0559,0.9995,1.483,0.051
38.665,-0.3123,0.0557,0.9994,-0.3123,0.0557,0.9991,1.478,0.055
38.67,-0.3122,0.0557,0.9994,-0.3122,0.0557,0.9991,1.473,0.059
38.675,-0.3121,0.0557,0.9994,-0.3123,0.0558,0.9989,1.467,0.061
38.68,-0.312,0.0557,0.9994,-0.3122,0.0557,0.9988,1.462,0.064
38.685,-0.3119,0.0557,0.9993,-0.3121,0.0559,0.9988,1.456,0.066
38.69,-0.3118,0.0557,0.9993,-0.312,0.0558,0.9987,1.451,0.067
38.695,-0.3118,0.0557,0.9993,-0.3118,0.0556,0.9988,1.445,0.068
38.7,-0.3117,0.0556,0.9993,-0.3118,0.0558,0.9986,1.44,0.069
38.705,-0.3116,0.0556,0.9993,-0.3115,0.0556,0.9986,1.434,0.069
38.71,-0.3115,0.0556,0.9993,-0.3114,0.0556,0.9989,1.428,0.068
38.715,-0.3114,0.0556,0.9993,-0.3115,0.0556,0.999,1.422,0.067
38.72,-0.3113,0.0556,0.9993,-0.3112,0.0556,0.9988,1.417,0.066
38.725,-0.3113,0.0556,0.9994,-0.3113,0.0554,0.9986,1.411,0.063
38.73,-0.3112,0.0556,0.9994,-0.3112,0.0556,0.9986,1.405,0.061
38.735,-0.3111,0.0556,0.9994,-0.3112,0.0554,0.9986,1.399,0.058
38.74,-0.311,0.0556,0.9995,-0.3111,0.0554,0.9984,1.393,0.054
38.745,-0.3109,0.0556,0.9995,-0.311,0.0555,0.9985,1.386,0.051
38.75,-0.3108,0.0556,0.9995,-0.311,0.0553,0.9985,1.38,0.046
38.755,-0.3107,0.0556,0.9996,-0.3108,0.0555,0.9987,1.374,0.042
38.76,-0.3107,0.0556,0.9996,-0.3105,0.0556,0.9989,1.368,0.037
38.765,-0.3106,0.0556,0.9997,-0.3107,0.0557,0.9989,1.362,0.031
38.77,-0.3105,0.0556,0.9997,-0.3105,0.0557,0.9988,1.355,0.025
38.775,-0.3104,0.0556,0.9998,-0.3103,0.0556,0.9989,1.349,0.02
38.78,-0.3103,0.0556,0.9999,-0.3103,0.0557,0.9993,1.342,0.013
38.785,-0.3102,0.0556,0.9999,-0.3103,0.0557,0.9992,1.336,0.007
38.79,-0.3101,0.0556,1.0,-0.3102,0.0558,0.9993,1.329,0.001
38.795,-0.3101,0.0556,1.0001,-0.31,0.0559,0.9993,1.323,0.006
38.8,-0.31,0.0556,1.0001,-0.31,0.0557,0.9994,1.316,0.013
38.805,-0.3099,0.0556,1.0002,-0.3098,0.0556,0.9995,1.309,0.02
38.81,-0.3098,0.0556,1.0003,-0.3097,0.0557,0.9993,1.303,0.027
38.815,-0.3097,0.0557,1.0003,-0.3095,0.0555,0.9997,1.296,0.033
38.82,-0.3096,0.0557,1.0004,-0.3096,0.0554,0.9994,1.289,0.04
38.825,-0.3095,0.0557,1.0005,-0.3096,0.0556,0.9994,1.282,0.047
38.83,-0.3094,0.0557,1.0005,-0.3095,0.0555,0.9991,1.275,0.053
38.835,-0.3093,0.0557,1.0006,-0.3093,0.0555,0.9994,1.268,0.06
38.84,-0.3092,0.0557,1.0007,-0.3093,0.0557,0.9995,1.261,0.066
38.845,-0.3091,0.0557,1.0007,-0.3092,0.0556,0.9995,1.254,0.072
38.85,-0.3091,0.0557,1.0008,-0.309,0.0556,0.9996,1.246,0.078
38.855,-0.309,0.0558,1.0008,-0.3091,0.0558,0.9998,1.239,0.084
38.86,-0.3089,0.0558,1.0009,-0.309,0.0558,1.0,1.232,0.09
38.865,-0.3088,0.0558,1.0009,-0.3087,0.0557,1.0,1.224,0.095
38.87,-0.3087,0.0558,1.001,-0.3086,0.0559,0.9999,1.217,0.1
38.875,-0.3086,0.0558,1.001,-0.3086,0.056,0.9999,1.209,0.105
38.88,-0.3085,0.0558,1.0011,-0.3087,0.0559,0.9998,1.202,0.109
38.885,-0.3084,0.0559,1.0011,-0.3083,0.0558,0.9999,1.194,0.113
38.89,-0.3083,0.0559,1.0012,-0.3083,0.0561,1.0005,1.187,0.117
38.895,-0.3082,0.0559,1.0012,-0.3082,0.0559,1.0006,1.179,0.12
38.9,-0.3081,0.0559,1.0012,-0.3081,0.0559,1.0006,1.171,0.123
38.905,-0.308,0.0559,1.0013,-0.308,0.0558,1.0008,1.164,0.126
38.91,-0.3079,0.056,1.0013,-0.308,0.056,1.0007,1.156,0.128
38.915,-0.3078,0.056,1.0013,-0.308,0.0558,1.0005,1.148,0.13
38.92,-0.3077,0.056,1.0013,-0.3079,0.0562,1.0007,1.14,0.131
38.925,-0.3076,0.056,1.0013,-0.3079,0.056,1.0007,1.132,0.132
38.93,-0.3075,0.0561,1.0013,-0.3075,0.056,1.0006,1.124,0.132
38.935,-0.3074,0.0561,1.0013,-0.3074,0.056,1.001,1.116,0.132
38.94,-0.3073,0.0561,1.0013,-0.3073,0.0562,1.0012,1.108,0.131
38.945,-0.3072,0.0561,1.0013,-0.3074,0.0561,1.0014,1.1,0.13
38.95,-0.3071,0.0562,1.0013,-0.307,0.0563,1.0015,1.092,0.128
38.955,-0.307,0.0562,1.0013,-0.307,0.0562,1.0013,1.084,0.126
38.96,-0.3069,0.0562,1.0012,-0.3068,0.0561,1.0015,1.075,0.123
38.965,-0.3068,0.0563,1.0012,-0.3067,0.0561,1.0015,1.067,0.119
38.97,-0.3067,0.0563,1.0012,-0.3066,0.0563,1.0013,1.059,0.115
38.975,-0.3066,0.0563,1.0011,-0.3064,0.0562,1.0012,1.051,0.111
38.98,-0.3065,0.0563,1.0011,-0.3064,0.0564,1.0011,1.042,0.106
38.985,-0.3064,0.0564,1.001,-0.3063,0.0562,1.0012,1.034,0.101
38.99,-0.3063,0.0564,1.0009,-0.3062,0.0563,1.0013,1.026,0.095
38.995,-0.3061,0.0564,1.0009,-0.306,0.0565,1.0014,1.017,0.088
39.0,-0.306,0.0565,1.0008,-0.306,0.0566,1.0017,1.009,0.081
39.005,-0.3059,0.0565,1.0007,-0.3059,0.0564,1.0017,1.0,0.074
39.01,-0.3058,0.0565,1.0007,-0.3061,0.0565,1.0017,0.992,0.067
39.015,-0.3057,0.0566,1.0006,-0.3057,0.0566,1.0014,0.983,0.059
39.02,-0.3056,0.0566,1.0005,-0.3057,0.0567,1.0012,0.975,0.05
39.025,-0.3055,0.0566,1.0004,-0.3056,0.0566,1.0013,0.966,0.041
39.03,-0.3054,0.0567,1.0003,-0.3057,0.0566,1.0011,0.958,0.032
39.035,-0.3053,0.0567,1.0002,-0.3052,0.0568,1.0011,0.949,0.023
39.04,-0.3052,0.0568,1.0001,-0.3052,0.0568,1.0012,0.941,0.013
39.045,-0.3051,0.0568,1.0,-0.3051,0.0568,1.0013,0.932,0.003
39.05,-0.3049,0.0568,0.9999,-0.3049,0.0566,1.0011,0.924,0.007
39.055,-0.3048,0.0569,0.9998,-0.3048,0.0567,1.0009,0.916,0.018
39.06,-0.3047,0.0569,0.9997,-0.3045,0.0567,1.0007,0.907,0.028
39.065,-0.3046,0.057,0.9996,-0.3046,0.0568,1.0006,0.899,0.039
39.07,-0.3045,0.057,0.9995,-0.3043,0.0569,1.0002,0.89,0.049
39.075,-0.3044,0.057,0.9994,-0.3044,0.057,1.0,0.882,0.06
39.08,-0.3043,0.0571,0.9993,-0.3043,0.0573,1.0,0.874,0.07
39.085,-0.3041,0.0571,0.9992,-0.3042,0.057,1.0,0.865,0.081
39.09,-0.304,0.0572,0.9991,-0.3038,0.057,0.9996,0.857,0.091
39.095,-0.3039,0.0572,0.999,-0.3041,0.0571,0.9994,0.849,0.102
39.1,-0.3038,0.0572,0.9989,-0.3037,0.0572,0.9993,0.841,0.112
39.105,-0.3037,0.0573,0.9988,-0.3037,0.0572,0.9992,0.833,0.121
39.11,-0.3036,0.0573,0.9987,-0.3037,0.0572,0.999,0.825,0.131
39.115,-0.3035,0.0574,0.9986,-0.3034,0.0571,0.999,0.817,0.14
39.12,-0.3033,0.0574,0.9985,-0.3034,0.0574,0.9986,0.809,0.149
39.125,-0.3032,0.0575,0.9984,-0.3033,0.0574,0.9984,0.802,0.157
39.13,-0.3031,0.0575,0.9983,-0.3032,0.0575,0.9983,0.794,0.165
39.135,-0.303,0.0575,0.9983,-0.303,0.0575,0.9984,0.786,0.173
39.14,-0.3029,0.0576,0.9982,-0.3031,0.0575,0.9986,0.779,0.18
39.145,-0.3028,0.0576,0.9981,-0.3029,0.0576,0.9985,0.772,0.186
39.15,-0.3026,0.0577,0.9981,-0.3027,0.0576,0.9983,0.765,0.192
39.155,-0.3025,0.0577,0.998,-0.3027,0.0578,0.9984,0.758,0.197
39.16,-0.3024,0.0578,0.998,-0.3024,0.0577,0.9982,0.751,0.202
39.165,-0.3023,0.0578,0.9979,-0.3023,0.0579,0.9983,0.744,0.206
39.17,-0.3022,0.0579,0.9979,-0.3022,0.0578,0.9982,0.737,0.21
39.175,-0.3021,0.0579,0.9979,-0.3019,0.0579,0.998,0.731,0.213
39.18,-0.3019,0.058,0.9978,-0.3019,0.0579,0.9976,0.724,0.215
39.185,-0.3018,0.058,0.9978,-0.3016,0.0579,0.9978,0.718,0.217
39.19,-0.3017,0.058,0.9978,-0.3016,0.0577,0.998,0.712,0.218
39.195,-0.3016,0.0581,0.9978,-0.3016,0.0581,0.998,0.706,0.219
39.2,-0.3015,0.0581,0.9978,-0.3014,0.0581,0.9981,0.7,0.219
39.205,-0.3014,0.0582,0.9978,-0.3012,0.0582,0.998,0.695,0.219
39.21,-0.3012,0.0582,0.9978,-0.3013,0.0581,0.9978,0.689,0.218
39.215,-0.3011,0.0583,0.9978,-0.3011,0.0583,0.9978,0.684,0.217
39.22,-0.301,0.0583,0.9978,-0.3009,0.0583,0.9977,0.679,0.216
39.225,-0.3009,0.0584,0.9979,-0.301,0.0583,0.9977,0.674,0.214
39.23,-0.3008,0.0584,0.9979,-0.301,0.0583,0.9978,0.67,0.211
39.235,-0.3006,0.0585,0.9979,-0.3007,0.0583,0.998,0.665,0.208
39.24,-0.3005,0.0585,0.998,-0.3007,0.0585,0.998,0.661,0.205
39.245,-0.3004,0.0586,0.998,-0.3005,0.0586,0.9982,0.657,0.201
39.25,-0.3003,0.0586,0.998,-0.3005,0.0586,0.9984,0.653,0.198
39.255,-0.3002,0.0586,0.9981,-0.3003,0.0587,0.9985,0.65,0.193
39.26,-0.3001,0.0587,0.9981,-0.3001,0.0587,0.9987,0.646,0.189
39.265,-0.2999,0.0587,0.9982,-0.3,0.0588,0.9986,0.643,0.184
39.27,-0.2998,0.0588,0.9982,-0.3,0.0589,0.9987,0.64,0.18
39.275,-0.2997,0.0588,0.9983,-0.3,0.0587,0.9986,0.638,0.175
39.28,-0.2996,0.0589,0.9983,-0.2997,0.0588,0.9988,0.635,0.17
39.285,-0.2995,0.0589,0.9983,-0.2997,0.0589,0.9988,0.633,0.165
39.29,-0.2993,0.059,0.9984,-0.2995,0.059,0.9988,0.632,0.161
39.295,-0.2992,0.059,0.9984,-0.2994,0.059,0.9986,0.63,0.156
39.3,-0.2991,0.0591,0.9985,-0.2992,0.0591,0.9986,0.629,0.151
39.305,-0.299,0.0591,0.9985,-0.2994,0.0591,0.9987,0.628,0.147
39.31,-0.2989,0.0592,0.9986,-0.299,0.0591,0.9988,0.627,0.142
39.315,-0.2987,0.0592,0.9986,-0.299,0.0592,0.9986,0.626,0.138
39.32,-0.2986,0.0593,0.9987,-0.2987,0.0594,0.9986,0.626,0.134
39.325,-0.2985,0.0593,0.9987,-0.2986,0.0594,0.9987,0.626,0.13
39.33,-0.2984,0.0593,0.9987,-0.2985,0.0594,0.9985,0.627,0.127
39.335,-0.2983,0.0594,0.9988,-0.2984,0.0593,0.9986,0.627,0.123
39.34,-0.2981,0.0594,0.9988,-0.2983,0.0595,0.9986,0.628,0.12
39.345,-0.298,0.0595,0.9988,-0.2982,0.0595,0.9985,0.629,0.117
39.35,-0.2979,0.0595,0.9989,-0.2979,0.0596,0.9986,0.631,0.114
39.355,-0.2978,0.0596,0.9989,-0.2979,0.0597,0.9985,0.632,0.111
39.36,-0.2977,0.0596,0.9989,-0.2977,0.0598,0.9985,0.634,0.109
39.365,-0.2975,0.0597,0.9989,-0.2975,0.0595,0.9982,0.636,0.106
39.37,-0.2974,0.0597,0.999,-0.2974,0.0595,0.9982,0.639,0.104
39.375,-0.2973,0.0598,0.999,-0.2975,0.0598,0.9983,0.641,0.102
39.38,-0.2972,0.0598,0.999,-0.2972,0.0597,0.9983,0.644,0.1
39.385,-0.2971,0.0598,0.999,-0.2971,0.0599,0.9982,0.647,0.098
39.39,-0.2969,0.0599,0.999,-0.2968,0.06,0.9981,0.651,0.097
39.395,-0.2968,0.0599,0.9991,-0.2969,0.0598,0.9981,0.654,0.095
39.4,-0.2967,0.06,0.9991,-0.2965,0.0598,0.998,0.658,0.093
39.405,-0.2966,0.06,0.9991,-0.2966,0.0598,0.9979,0.662,0.091
39.41,-0.2965,0.0601,0.9991,-0.2965,0.0599,0.9977,0.666,0.09
39.415,-0.2964,0.0601,0.9991,-0.2962,0.06,0.9982,0.671,0.088
39.42,-0.2962,0.0602,0.9991,-0.2963,0.0599,0.9982,0.675,0.086
39.425,-0.2961,0.0602,0.9992,-0.2963,0.0601,0.9984,0.68,0.085
39.43,-0.296,0.0602,0.9992,-0.2962,0.0602,0.9984,0.685,0.083
39.435,-0.2959,0.0603,0.9992,-0.2961,0.0603,0.9986,0.69,0.081
39.44,-0.2958,0.0603,0.9992,-0.2959,0.0604,0.9987,0.696,0.079
39.445,-0.2957,0.0604,0.9992,-0.2959,0.0604,0.9988,0.701,0.077
39.45,-0.2955,0.0604,0.9993,-0.2957,0.0605,0.999,0.707,0.074
39.455,-0.2954,0.0605,0.9993,-0.296,0.0605,0.9989,0.713,0.072
39.46,-0.2953,0.0605,0.9993,-0.2955,0.0605,0.999,0.719,0.07
39.465,-0.2952,0.0606,0.9993,-0.2953,0.0605,0.9993,0.725,0.068
39.47,-0.2951,0.0606,0.9993,-0.2952,0.0605,0.9992,0.731,0.065
39.475,-0.295,0.0606,0.9994,-0.2947,0.0604,0.9993,0.737,0.063
39.48,-0.2949,0.0607,0.9994,-0.295,0.0608,0.9995,0.743,0.061
39.485,-0.2947,0.0607,0.9994,-0.2945,0.0608,0.9991,0.75,0.059
39.49,-0.2946,0.0608,0.9994,-0.2944,0.0607,0.999,0.757,0.057
39.495,-0.2945,0.0608,0.9995,-0.2944,0.0608,0.999,0.763,0.055
39.5,-0.2944,0.0609,0.9995,-0.2942,0.0608,0.999,0.77,0.053
39.505,-0.2943,0.0609,0.9995,-0.294,0.061,0.9988,0.777,0.051
39.51,-0.2942,0.0609,0.9995,-0.2942,0.061,0.9987,0.784,0.049
39.515,-0.2941,0.061,0.9995,-0.294,0.0609,0.9987,0.791,0.048
39.52,-0.294,0.061,0.9995,-0.2941,0.0609,0.9987,0.798,0.046
39.525,-0.2939,0.0611,0.9996,-0.2939,0.061,0.9987,0.805,0.044
39.53,-0.2938,0.0611,0.9996,-0.2938,0.0609,0.9988,0.812,0.043
39.535,-0.2937,0.0612,0.9996,-0.2937,0.0611,0.9989,0.82,0.042
39.54,-0.2935,0.0612,0.9996,-0.2936,0.0611,0.9987,0.827,0.04
39.545,-0.2934,0.0612,0.9996,-0.2936,0.0612,0.9989,0.835,0.039
39.55,-0.2933,0.0613,0.9996,-0.2934,0.0612,0.9987,0.842,0.038
39.555,-0.2932,0.0613,0.9996,-0.2934,0.0614,0.9989,0.85,0.036
39.56,-0.2931,0.0614,0.9996,-0.2931,0.0612,0.999,0.857,0.035
39.565,-0.293,0.0614,0.9997,-0.293,0.0614,0.9989,0.865,0.034
39.57,-0.2929,0.0614,0.9997,-0.2928,0.0613,0.9991,0.873,0.033
39.575,-0.2928,0.0615,0.9997,-0.293,0.0617,0.9992,0.881,0.031
39.58,-0.2927,0.0615,0.9997,-0.2927,0.0615,0.9993,0.888,0.03
39.585,-0.2926,0.0616,0.9997,-0.2927,0.0616,0.9992,0.896,0.029
39.59,-0.2925,0.0616,0.9997,-0.2924,0.0618,0.9994,0.904,0.028
39.595,-0.2924,0.0616,0.9997,-0.2925,0.0615,0.9997,0.912,0.027
39.6,-0.2923,0.0617,0.9997,-0.2923,0.0617,0.9997,0.92,0.026
39.605,-0.2922,0.0617,0.9998,-0.2922,0.0616,0.9999,0.928,0.025
39.61,-0.2921,0.0617,0.9998,-0.2921,0.0617,1.0,0.936,0.024
39.615,-0.292,0.0618,0.9998,-0.292,0.0619,1.0,0.944,0.023
39.62,-0.2919,0.0618,0.9998,-0.292,0.0617,1.0002,0.952,0.022
39.625,-0.2918,0.0619,0.9998,-0.292,0.0618,1.0,0.96,0.022
39.63,-0.2917,0.0619,0.9998,-0.2916,0.0618,1.0002,0.968,0.021
39.635,-0.2916,0.0619,0.9998,-0.2918,0.0619,1.0002,0.976,0.021
39.64,-0.2915,0.062,0.9998,-0.2915,0.0618,1.0002,0.984,0.021
39.645,-0.2914,0.062,0.9998,-0.2915,0.0621,1.0006,0.992,0.021
39.65,-0.2913,0.062,0.9998,-0.2915,0.0619,1.0009,1.0,0.021
39.655,-0.2912,0.0621,0.9998,-0.2914,0.0622,1.0009,1.008,0.021
39.66,-0.2911,0.0621,0.9998,-0.2912,0.0621,1.0009,1.016,0.022
39.665,-0.291,0.0621,0.9998,-0.291,0.0621,1.001,1.025,0.022
39.67,-0.2909,0.0622,0.9998,-0.2908,0.0623,1.0008,1.033,0.023
39.675,-0.2908,0.0622,0.9998,-0.2909,0.0624,1.0007,1.041,0.024
39.68,-0.2907,0.0622,0.9997,-0.2909,0.0625,1.0007,1.049,0.026
39.685,-0.2907,0.0623,0.9997,-0.2908,0.0623,1.0011,1.057,0.027
39.69,-0.2906,0.0623,0.9997,-0.2905,0.0625,1.0009,1.064,0.029
39.695,-0.2905,0.0623,0.9997,-0.2907,0.0623,1.0008,1.072,0.031
39.7,-0.2904,0.0624,0.9997,-0.2905,0.0625,1.0008,1.08,0.033
39.705,-0.2903,0.0624,0.9996,-0.2903,0.0624,1.0009,1.088,0.035
39.71,-0.2902,0.0624,0.9996,-0.2903,0.0624,1.0008,1.096,0.038
39.715,-0.2901,0.0625,0.9996,-0.2902,0.0626,1.0008,1.104,0.041
39.72,-0.29,0.0625,0.9996,-0.2901,0.0625,1.0006,1.112,0.043
39.725,-0.2899,0.0625,0.9995,-0.2899,0.0625,1.0005,1.119,0.047
39.73,-0.2899,0.0626,0.9995,-0.2898,0.0625,1.0007,1.127,0.05
39.735,-0.2898,0.0626,0.9995,-0.29,0.0624,1.0007,1.135,0.053
39.74,-0.2897,0.0626,0.9994,-0.2897,0.0625,1.0009,1.142,0.057
39.745,-0.2896,0.0627,0.9994,-0.2898,0.0626,1.0009,1.15,0.06
39.75,-0.2895,0.0627,0.9994,-0.2895,0.0625,1.0008,1.158,0.064
39.755,-0.2894,0.0627,0.9993,-0.2895,0.0628,1.0008,1.165,0.067
39.76,-0.2893,0.0627,0.9993,-0.2895,0.0628,1.0006,1.173,0.071
39.765,-0.2893,0.0628,0.9993,-0.2893,0.0628,1.0007,1.18,0.075
39.77,-0.2892,0.0628,0.9992,-0.2893,0.0627,1.0007,1.187,0.078
39.775,-0.2891,0.0628,0.9992,-0.2893,0.0627,1.0004,1.195,0.082
39.78,-0.289,0.0629,0.9991,-0.289,0.0627,1.0001,1.202,0.085
39.785,-0.2889,0.0629,0.9991,-0.289,0.0628,0.9999,1.209,0.089
39.79,-0.2889,0.0629,0.9991,-0.2889,0.0629,0.9998,1.216,0.093
39.795,-0.2888,0.0629,0.999,-0.2889,0.0631,0.9996,1.223,0.096
39.8,-0.2887,0.063,0.999,-0.2886,0.0629,0.9994,1.23,0.099
39.805,-0.2886,0.063,0.999,-0.2886,0.0631,0.9995,1.237,0.102
39.81,-0.2886,0.063,0.999,-0.2885,0.063,0.9994,1.244,0.105
39.815,-0.2885,0.0631,0.9989,-0.2884,0.0632,0.9995,1.251,0.107
39.82,-0.2884,0.0631,0.9989,-0.2885,0.063,0.9998,1.257,0.109
39.825,-0.2884,0.0631,0.9989,-0.2883,0.063,0.9998,1.264,0.111
39.83,-0.2883,0.0631,0.9989,-0.2883,0.0632,0.9994,1.27,0.113
39.835,-0.2882,0.0632,0.9989,-0.2884,0.0631,0.9994,1.277,0.114
39.84,-0.2881,0.0632,0.9988,-0.2882,0.0633,0.999,1.283,0.115
39.845,-0.2881,0.0632,0.9988,-0.2881,0.0631,0.9991,1.289,0.116
39.85,-0.288,0.0632,0.9988,-0.2879,0.0631,0.9992,1.295,0.116
39.855,-0.2879,0.0633,0.9988,-0.2879,0.0633,0.999,1.302,0.116
39.86,-0.2879,0.0633,0.9988,-0.288,0.0632,0.9991,1.307,0.116
39.865,-0.2878,0.0633,0.9989,-0.2877,0.0632,0.999,1.313,0.115
39.87,-0.2878,0.0633,0.9989,-0.2877,0.0633,0.999,1.319,0.114
39.875,-0.2877,0.0634,0.9989,-0.2879,0.0634,0.9991,1.325,0.113
39.88,-0.2876,0.0634,0.9989,-0.2877,0.0633,0.9991,1.33,0.111
39.885,-0.2876,0.0634,0.9989,-0.2876,0.0634,0.9989,1.336,0.109
39.89,-0.2875,0.0634,0.9989,-0.2876,0.0633,0.9988,1.341,0.106
39.895,-0.2875,0.0634,0.999,-0.2874,0.0632,0.9987,1.347,0.104
39.9,-0.2874,0.0635,0.999,-0.2874,0.0633,0.9987,1.352,0.101
39.905,-0.2874,0.0635,0.999,-0.2872,0.0636,0.9989,1.357,0.097
39.91,-0.2873,0.0635,0.9991,-0.2872,0.0634,0.999,1.362,0.094
39.915,-0.2873,0.0635,0.9991,-0.2874,0.0634,0.9992,1.367,0.09
39.92,-0.2872,0.0636,0.9991,-0.2873,0.0634,0.9991,1.372,0.086
39.925,-0.2871,0.0636,0.9992,-0.2873,0.0637,0.9992,1.377,0.081
39.93,-0.2871,0.0636,0.9992,-0.2871,0.0636,0.9993,1.381,0.077
39.935,-0.2871,0.0636,0.9993,-0.2872,0.0637,0.9992,1.386,0.072
39.94,-0.287,0.0636,0.9993,-0.287,0.0637,0.9992,1.39,0.067
39.945,-0.287,0.0637,0.9994,-0.2871,0.0639,0.9993,1.395,0.063
39.95,-0.2869,0.0637,0.9994,-0.2871,0.0635,0.9994,1.399,0.058
39.955,-0.2869,0.0637,0.9995,-0.2867,0.0637,0.9995,1.403,0.053
39.96,-0.2868,0.0637,0.9995,-0.2868,0.0638,0.9995,1.407,0.047
39.965,-0.2868,0.0637,0.9996,-0.2867,0.0637,0.9993,1.411,0.042
39.97,-0.2867,0.0637,0.9996,-0.2867,0.0637,0.9993,1.415,0.037
39.975,-0.2867,0.0638,0.9997,-0.2871,0.0638,0.9993,1.419,0.033
39.98,-0.2867,0.0638,0.9997,-0.2868,0.0639,0.9999,1.422,0.028
39.985,-0.2866,0.0638,0.9998,-0.2867,0.0638,1.0,1.426,0.023
39.99,-0.2866,0.0638,0.9998,-0.2867,0.0638,1.0002,1.43,0.019
39.995,-0.2866,0.0638,0.9999,-0.2867,0.0638,1.0006,1.433,0.014
