soc_pct,hover_throttle_frac,hover_pwm,v_term_V,v_factor
100,0.536582,1536,4.1072,0.956319
90,0.559736,1559,3.9844,0.899962
80,0.584401,1584,3.8613,0.845235
70,0.610735,1610,3.7381,0.792136
60,0.63892,1638,3.6146,0.740667
50,0.669162,1669,3.4909,0.690825
40,0.701704,1701,3.3668,0.642612
30,0.736829,1736,3.2425,0.596024
20,0.77487,1774,3.1178,0.551062
