run,z_ss_m,alt_error_cm,z_rmse_cm,sequence_score,alt_pass,seq_pass,passed,api_calls,input_tokens,output_tokens,cost_usd,mean_latency_s,wall_time_s,sim_time_s
1,1.0028,0.28,0.31,4,1,1,1,19,90905,1632,0.297195,3.03,58.3,25.4
2,1.001,0.1,0.406,4,1,1,1,19,90887,1616,0.296901,3.087,59.4,25.4
3,1.002,0.2,0.272,4,1,1,1,20,97099,1676,0.316437,3.029,61.4,26.4
4,0.9993,0.07,0.246,4,1,1,1,19,90905,1613,0.29691,2.954,56.9,25.4
5,1.0029,0.29,0.356,4,1,1,1,19,90905,1642,0.297345,3.152,60.6,25.4
