run,n_plan_steps,had_plan_workflow,n_alt_target_ok,x_range_m,y_range_m,squareness_ratio,total_path_m,dir_changes,plan_ok,alt_ok,passed,api_calls,input_tokens,output_tokens,cost_usd
1,15,1,1,0.259,0.038,0.1467,0.509,11,1,1,1,30,165606,2377,0.532473
2,15,1,1,1.606,1.039,0.6469,4.1,5,1,1,1,30,162225,2262,0.520605
3,34,1,1,1.167,0.35,0.2999,1.718,5,1,1,1,30,166044,2423,0.534477
4,15,1,1,2.651,1.714,0.6465,4.853,8,1,1,1,30,162112,2252,0.520116
5,21,1,1,8.455,3.588,0.4244,10.819,1,1,1,1,30,163014,2350,0.524292
